BUDREM Sp. z o.o.;(56)6230319;;
BUDREM Sp. z o.o.;(56)6694386;;
Firma Inżynierska JACEK Sp. z o.o.;(22)7225624;;
Firma Inżynierska JACEK Sp. z o.o.;(22)7225625;;
Agencja Anticorr Wrocław Sp. z o.o.;(71)3527930;;
AKA-LAK;(12)4151557;;
Brennpol Sp. z o.o.;(22)7245806;;
Brennpol Sp. z o.o.;(22)7245807;;
Centrum Antykorozji RESIN;(12)2751727;;
Centrum Antykorozji RESIN;(12)2751746;;
P.C.Systems Sp. z o.o.;(22)7377262;;
P.H.U. GOLDPLAST;(33)8742162;;
P.H.U. GOLDPLAST;501645374;;
Simstal Bernadeta Janik;(62)7850203;;
Simstal Bernadeta Janik;692497106;;
ADDIT Sp. z o.o.;(25)7920700;;
ADDIT Sp. z o.o.;(25)7923553;;
Centrum Lakiernictwa Przemysłowego Ślązok;512183777;;
Centrum Lakiernictwa Przemysłowego Ślązok;691856243;;
Elb-Silk Ewa Bednarz;(18)4411658;;
Elb-Silk Ewa Bednarz;602321785;;
ELSTER Zakład Technik Sterowania;601448007;;
ELSTER Zakład Technik Sterowania;(34)3289979;;
Firma SKRZYPIEC;(25)7983747;;
Firma SKRZYPIEC;502166744;;
GALWMET;(71)3584360;;
GALWMET;(71)3584419;;
PUT WAGNER-SERVICE P.S.W.Wilczek Sp.j.;(32)3463700;;
PUT WAGNER-SERVICE P.S.W.Wilczek Sp.j.;(32)3463720;;
VENT-EX Sp. z o.o.;519167794;;
Zakład Urządzeń Elektronicznych ULTRON;(89)5119161;;
Zakład Urządzeń Elektronicznych ULTRON;512127723;;
SPRAY Adam Borodo - GRACO;601613550;;
SPRAY Adam Borodo - GRACO;530613550;;
COLOR TECHNIC Mirosław Szafirowski;(76)8506228;;
COLOR TECHNIC Mirosław Szafirowski;(76)8507295;;
PPHU DORPLAST;(42)6520809;;
BATO Jelenia Góra;691898102;;
BATO Jelenia Góra;601791983;;
Eco-Projekt;608073644;;
GAS-ELECTRONIC Samulski;(61)8280006;;
GAS-ELECTRONIC Samulski;(61)8280070;;
K-SYSTEM Sp.j.;(32)3162564;;
K-SYSTEM Sp.j.;602590829;;
Malowanielinii.pl - Hale, Parkingi, Drogi;795466885;;
Malowanielinii.pl - Hale, Parkingi, Drogi;(71)7220677;;
Prim Jet Color;694485805;;
Prim Jet Color;(58)7191458;;
BUD-KOR Sp. z o.o.;507059353;;
BUD-KOR Sp. z o.o.;(77)4060173;;
EKO-BHL Sp. z o.o.;(22)6645402;;
EKO-BHL Sp. z o.o.;(22)6645424;;
F.D.H. Hydro-Flow;(94)3722816;;
F.D.H. Hydro-Flow;692815171;;
Fart Malarnia Proszkowa;600980926;;
Fart Malarnia Proszkowa;602282436;;
IMPUREX;(22)5602666;;
IMPUREX;(22)6634312;;
KOZŁOWSKI-PĘDZLE Sp.j.;(81)5030900;;
KOZŁOWSKI-PĘDZLE Sp.j.;(81)5030901;;
SZATKOWSKI S.c.;(52)3223161;;
SZATKOWSKI S.c.;(52)5524260;;
TKM Więckowski Sp.j. Salon Podłogi Świata;(81)5321550;;
ZUGIL S.A.;(43)8426200;;
ZUGIL S.A.;(43)8431554;;
ADAL Sp. z o.o.;(22)7673400;;
ADAL Sp. z o.o.;(22)7673404;;
Andrzej Lisiecki Z.P.U.H. OLDEX;(34)3628684;;
Andrzej Lisiecki Z.P.U.H. OLDEX;606105394;;
Auto-Adamczak Marek Adamczak;(41)3022243;;
Auto-Adamczak Marek Adamczak;(41)3022242;;
Autoryzowane Centrum Napraw Powypadkowych Marimex Auto S.c.;(22)8537027;;
Autoryzowane Centrum Napraw Powypadkowych Marimex Auto S.c.;(22)8432831;;
BOBSTYL;(34)3230861;;
BOBSTYL;509255862;;
DREWBUD BIS Producent parkietów;600356835;;
DREWBUD BIS Producent parkietów;608123047;;
DUDEX S.c. Łasocha Bogdan, Niemczuk Piotr;(84)6385574;;
DUDEX S.c. Łasocha Bogdan, Niemczuk Piotr;605061152;;
ECCO FINISHING POLSKA Sp. z o.o.;(56)4931611;;
MIXMANN;(56)6746555;;
MIXMANN;509279994;;
MIXTUM Sp.j. Robert Górecki & Piotr Janeczek;(43)8246880;;
MIXTUM Sp.j. Robert Górecki & Piotr Janeczek;(43)8810990;;
MONI-TRANS Monika Czaplińska (Mark-System);517369430;;
MONI-TRANS Monika Czaplińska (Mark-System);511515719;;
P.P.U.H. Wajax S.c.;(34)3280086;;
PI-BETA PETROCHEMIE;(22)6358829;;
PI-BETA PETROCHEMIE;(22)6355259;;
Piaskowanie Malowanie Zabezpieczenia Antykorozyjne Stanisław Żelasko;(18)4417922;;
Piaskowanie Malowanie Zabezpieczenia Antykorozyjne Stanisław Żelasko;502146617;;
REXTON;(17)7711277;;
REXTON;(17)7711278;;
Stan-Met Stanisław Szymkowiak;(61)8103895;;
Stan-Met Stanisław Szymkowiak;508361102;;
Warsztat Mechaniki Pojazdowej Białk Marek;(58)6941286;;
Warsztat Mechaniki Pojazdowej Białk Marek;604261948;;
Zakład Kowalstwa Artystycznego AUSTENIT Tadeusz Walczyk;(15)8650744;;
Zakład Kowalstwa Artystycznego AUSTENIT Tadeusz Walczyk;(15)8651655;;
Paint Coat Consulting;(52)3240099;;
CePoChron.pl;881688568;;
4CR Polska;(42)6510451;;
4CR Polska;(42)7121062;;
AAGAARD-FINNROSE Polska;(77)4204800;;
AAGAARD-FINNROSE Polska;601409017;;
ABAR Techniki Malarskie;(58)5327900;;
ABAR Techniki Malarskie;(58)5301454;;
AEROMEXIM Barbara Skrobisz;(22)7591260;;
AEROMEXIM Barbara Skrobisz;502596396;;
AeroSklep Aerografia;(71)7258898;;
AeroSklep Aerografia;601533009;;
AGMAL;508114808;;
AGMAL;508114807;;
AgregatyMalarskie.pl S.c.;733990770;;
ARACAR Sp. z o.o.;(81)4466001;;
ARACAR Sp. z o.o.;(81)4466005;;
Artech S.c.;(58)6646453;;
Artech S.c.;516065672-73;;
ASTECO Polska;(32)4237014;;
Astherm Sp. z o.o;(022)7177402;;
Astherm Sp. z o.o;601227632;;
AUTOCOLOR;(89)5341505;;
AUTOCOLOR;602584142;;
AUTOKABINA - Bensis;(61)8146072;;
AUTOKABINA - Bensis;(61)8146073;;
Autokolor ZIĘBA;(89)7524995;;
BOMAG;(85)6628848;;
BOMAG;506141087;;
Bracia Wąsiołek;(12)2766513;;
Bracia Wąsiołek;500044918;;
CARPATIA Sp.j.;(12)2746200;;
CARROZZERIA Naprawy Powypadkowe;(81)5341000;;
CARROZZERIA Naprawy Powypadkowe;(81)5341004;;
Centrum Technik Malarskich TECHMAL;(32)7709450;;
COLORON Marcin Szwabe;884888019;;
COLORON Marcin Szwabe;668263620;;
DACAR Lakiery;501627111;;
Damex Ryszard Madej;530511530;;
Damex Ryszard Madej;796899996;;
Domain Sp. z o.o.;(71)7183305;;
Domain Sp. z o.o.;506195434;;
DREW-MET-PLAST;500021565;;
DREW-MET-PLAST;500021566;;
ECOMAL Lakierowanie Proszkowe;601338409;;
Ekko-Line D.Sotek;506136789;;
EKOSERV Sp. z o.o.;(42)6762645;;
EKOSERV Sp. z o.o.;(42)6744920;;
ELMAL Sp. z o.o.;(33)8530407;;
ELMAL Sp. z o.o.;(33)8578679;;
Elwar;(12)2850999;;
Elwar;504298439;;
Estatic Sp. z o.o.;(22)8430530;;
Estatic Sp. z o.o.;(22)8430533;;
EUROKABINA;(22)7272487;;
EUROKABINA;(22)7191019;;
F.H.U. Aerograf;(55)2353485;;
F.H.U. Aerograf;604220967;;
F.H.U. Kris Color Krzysztof Piela;604146907;;
F.U. REMBO;501561853;;
F&F Canada Bogdan Fabisiak-Chojnacki;604852708;;
F&F Canada Bogdan Fabisiak-Chojnacki;(22)8495589;;
FIBOR Sp.j.;(22)7989417;;
FIBOR Sp.j.;(22)7277233;;
Firma Handlowa IMPORT-EXPORT;(12)6505055;;
Firma Produkcyjno-Handlowa ROMAL;(12)4132713;;
Firma Produkcyjno-Handlowa ROMAL;(12)4137863;;
Firma STANLAK Stanisław Lazar;(33)8544009;;
Firma STANLAK Stanisław Lazar;693993416;;
Firma Usługowa Pasat;517303571;;
Firma Usługowo-Handlowa MARSAL Jagoda Sałak;(59)8224400;;
Firma Usługowo-Handlowa MARSAL Jagoda Sałak;888151329;;
Foltape S.c.;(22)7544585;;
Foltape S.c.;500188152;;
FOXLAK S.c.;(32)4690015SklepŻory;;
FOXLAK S.c.;(32)2105041SklepPszczyna;;
FSL-POLSKA;606203618;;
FSL-POLSKA;602525160;;
Galwanex Andrzej Rumiński;(54)2824775;;
GAMBRINUS Maria Przybylska;(61)8223145;;
GAMBRINUS Maria Przybylska;(61)8337903;;
GIPSTYNK Bogusław Telecki;(81)7485106;;
GIPSTYNK Bogusław Telecki;602723621;;
GODMI-LACK S.c. Elżbieta Olejniczak, Małgorzata Olejniczak;(89)5264302;;
GODMI-LACK S.c. Elżbieta Olejniczak, Małgorzata Olejniczak;519114641;;
Harry S.c.;(17)8540665;;
Harry S.c.;509850102;;
Home-Art;(56)6489010;;
Home-Art;500515930;;
iNEO-tech;(71)7278414;;
iNEO-tech;(71)7889537;;
JPJ Aerograf;(071)3198757;;
JPJ Aerograf;692622422;;
JSM Protection Poland;507242161;;
JSM Protection Poland;604733146;;
KACZYŃSKI SERVICE;605451540;;
KACZYŃSKI SERVICE;519629990;;
KOMATZ Polska;505429949;;
KOMATZ Polska;(81)4411228;;
KORCHEM K & W Sp. z o.o.;(44)7353035;;
Kormax Piotr Sosnowski;509104579;;
Kremlin Rexson Polska Sp. z o.o.;(22)5103850;;
Kremlin Rexson Polska Sp. z o.o.;(22)5103877;;
KST Krzysztof Stanek;601324179;;
KST Krzysztof Stanek;(18)4429779;;
Lakiernictwo Pojazdowe Roman Walich;(61)8143576;;
Lakiernictwo Pojazdowe Roman Walich;605098665;;
Lakierniczy.pl;(74)8100100;;
Lakiery Samochodowe i Przemysłowe firmy De Beer;(18)4430554;;
Lapena Nagorka Sp.j.;(22)5699191;;
LIKE Studio;507767873;;
LKKL KONDOR;(33)8171923;;
LKKL KONDOR;607793963;;
LUMINA SAICO POLSKA Sp.j.;(22)6158651;;
LUMINA SAICO POLSKA Sp.j.;(22)6158652;;
Malarnia Klasyczna;600256473;;
Malarnia Klasyczna;(61)4360268;;
Malarnia Proszkowo-Elektrostatyczna Perfect inż. Marek Bęzel;(95)7225339;;
Malarnia Proszkowo-Elektrostatyczna Perfect inż. Marek Bęzel;601525339;;
Mieszalnia Lakierów Samochodowych;(23)6626826;;
MIKRO-KOR;503074555;;
MN Trading Co.;(32)6721659;;
MN Trading Co.;(32)6702428;;
MOTO-PERFEKT;601223665;;
NAT Natalia Madejska;(71)3411608;;
NAT Natalia Madejska;502341006;;
NTS-Radom;504040239;;
OSTAL-MET L.Lasek Z.Pawłowski S.c.;660525807;;
P.H.U. BART-LAK;500253248;;
P.H.U. BART-LAK;794513671;;
P.P.H.U. LASK-MAL S.c.;693714554;;
P.P.H.U. LASK-MAL S.c.;693552322;;
P.P.H.U. Rego Sp. z o.o.;503581278;;
P.P.H.U. Rego Sp. z o.o.;503323501;;
PAGAT;(91)4340081;;
PERFEKT-KOLOR PHU;516344354;;
PHU FORNO;(22)7871127;;
PHU FORNO;601827752;;
PHU GOTAR;(48)3312836;;
PHU GOTAR;601244120;;
PHUP AUTO-LAKIER Maciej Schulz;(94)3434897;;
PHUP AUTO-LAKIER Maciej Schulz;504270704;;
POL-MER Sp. z o.o. Techniki Nanoszenia Powlok WALTHER-PILOT WIWA GRACO, Techniki Dozowania i Mieszania HuK DOPAG;(81)7403314-15;;
POL-MER Sp. z o.o. Techniki Nanoszenia Powlok WALTHER-PILOT WIWA GRACO, Techniki Dozowania i Mieszania HuK DOPAG;(81)7466666;;
POLTECH S.c.;(43)8427996;;
POLTECH S.c.;(43)8433744;;
POMP SERWIS S.c.;508222476;;
POMP SERWIS S.c.;504867387;;
PPH NOSTER;(22)6645404;;
PPH NOSTER;(22)6645242;;
PRAGMA PLUS;(12)6530477;;
PRAGMA PLUS;668466280;;
PRO-LAK;506076644;;
PRO-WEST Sp. z o.o.;(052)3235010;;
PRO-WEST Sp. z o.o.;(052)3235020;;
PROFI-TECH;796110309;;
PROFI-TECH;531993309;;
PROFMAL S.c.;(22)8740238;;
PROFMAL S.c.;(22)3551238;;
Przedsiębiorstwo Handlowo Usługowe EKOLAKIERNIE Mateusz Suchcicki;(75)7365220;;
Przedsiębiorstwo Handlowo Usługowe EKOLAKIERNIE Mateusz Suchcicki;509268269;;
Przedsiębiorstwo PROMIX S.c.;(22)7226036;;
Przedsiębiorstwo PROMIX S.c.;(22)7226211;;
Przedstawiciel SATA na Polskę FAMA Bernard Kołodziej;(42)2152951;;
Przedstawiciel SATA na Polskę FAMA Bernard Kołodziej;(42)2157055;;
PUH BOMA;(32)7385002;;
QNC;(12)3975100;;
QNC;(12)3975101;;
RAMCO Sp. z o.o.;(58)6290660;;
RAMCO Sp. z o.o.;(58)6290413;;
RENAKAT Sławomir Hasiak;792288282;;
ROCAR;(34)3658168;;
ROCAR;501721176;;
Serwis Urządzeń do Malowania Proszkowego DARO;505870798;;
Serwis Urządzeń do Malowania Proszkowego DARO;(22)4981036;;
Seth P.H.;(61)6700151;;
Seth P.H.;662362328;;
Specjalista Lakiernictwa Proszkowego Jarosław Daroszewski;(54)4132471;;
Specjalista Lakiernictwa Proszkowego Jarosław Daroszewski;697543547;;
Stratus Lack;(85)7414240;;
Stratus Lack;501633003;;
STUDIO AEROGRAFU Robert Padowski;504838074;;
STUDIO AEROGRAFU Robert Padowski;738151377;;
Studio Aerografu Wiesław Ścisłek;(89)5305344;;
Studio Aerografu Wiesław Ścisłek;600383060;;
TANGRA;(61)6491174;;
TANGRA;606571834;;
Techniki Antykorozyjne Marek Tyrybon;(71)7903099;;
Techniki Antykorozyjne Marek Tyrybon;(71)7351897;;
Techniki Lakiernicze Sołtysiak Sp.j.;(32)2190905;;
Techniki Lakiernicze Sołtysiak Sp.j.;(32)2190906;;
TechniLAK;518674687;;
TechniLAK;(33)4871189;;
TENSOR CONSULTING Andrzej Jelonek;(22)8120950;;
TENSOR CONSULTING Andrzej Jelonek;(22)8154279;;
Towarzystwo Handlowe SILAND Sp.j.;(32)2165008;;
Towarzystwo Handlowe SILAND Sp.j.;(32)2165210;;
TPM Sp. z o.o.;(12)2563000;;
TPM Sp. z o.o.;(12)2563001;;
Tranzyt Spray;601180144;;
ULVEDAL Polska;(33)8733538;;
Unicolor Plus Lakierowanie Profili PCV;501721159;;
Usługi Ogólno-Budowlane Władysław Gabryszak;501551740;;
VECTOR;(22)7989242;;
VECTOR;(22)7299345;;
WEIMART Zbigniew Tryc;(22)4243958;;
WEIMART Zbigniew Tryc;506871903;;
WIKRO Andrzej Wiśniewski;(62)7215894;;
WOMAL Sp. z o.o.;697333774;;
Wytwórnia Aparatów Natryskowych CHS;(22)8452219;;
Wytwórnia Aparatów Natryskowych CHS;(22)6469100;;
Z.W.S.E. VISMONT;(56)6785013;;
Z.W.S.E. VISMONT;(56)6756001;;
Zakład Produkcyjno-Handlowy SPINMET;(14)6722125;;
Zakład Urządzeń Lakierniczych i Budownictwa Technicznego TECH-MAL Sp. z o.o.;(34)3608836;;
Zakład Urządzeń Lakierniczych i Budownictwa Technicznego TECH-MAL Sp. z o.o.;693466438;;
ZUWH inż Piotr Przeczewski;510722488;;
Dimcars Garage Grist;577284423;;
Dimcars Garage Grist;660186741;;
RUT-MAL Lakiernia Proszkowa;787992218;;
ACO-TEC;(033)8117729;;
ACO-TEC;(033)8117731;;
Adrian Filipek Auto Serwis;514842210;;
AK TECHNOLAK - Chemia przemysłowa i kosmetyki samochodowe;(12)2715445;;
AK TECHNOLAK - Chemia przemysłowa i kosmetyki samochodowe;(12)2715640;;
Aluminium Profilsystem;(42)6518996;;
Aluminium Profilsystem;(42)6407357;;
AMP Jerzy Mazurczak;(22)7544752;;
AMP Jerzy Mazurczak;502138190;;
antykorozja DOMIKOR;(58)6828654;;
antykorozja DOMIKOR;697626551;;
APEX;(22)6654164;;
APEX;(22)6655829;;
Art-chrome;506946020;;
Auto Naprawa Jan Rudzki;(95)7523703;;
Auto Naprawa Jan Rudzki;(95)7523546;;
Auto Pokrowce Serwisowe Chemopak Bis Wojciech Bytów;(22)7292340;;
Auto Pokrowce Serwisowe Chemopak Bis Wojciech Bytów;(22)7292341;;
AUTO-HIT S.A. Maków Mazowiecki;(29)7170830;;
AUTO-REMONT-LIPERT inż.Krzysztof Lipert;(081)5278203;;
AUTO-REMONT-LIPERT inż.Krzysztof Lipert;(081)5278041;;
Auto-Sebtom Makowski;(32)3952380;;
Auto-Sebtom Makowski;(32)2824655;;
AUTOIMEX Sp. z o.o.;(22)7714458;;
AUTOIMEX Sp. z o.o.;692428654;;
Autokolor-Ukleja Sp. z o.o. Sp.komandytowa;(67)2830530;;
Autokolor-Ukleja Sp. z o.o. Sp.komandytowa;507048990;;
AUTOROMEX;601542918;;
AUTOROMEX;(91)3176507;;
Bagmar;515325348;;
BIO-TECH Sp. z o.o. Sp.komandytowa;(12)3953940;;
Biuro Handlowe Pernak Maria;(12)2623083;;
Biuro Handlowe Pernak Maria;606444307;;
Blowtherm Polska Sp. z o.o.;(32)3634601;;
Blowtherm Polska Sp. z o.o.;(32)3634806;;
ChangeYourCar S.c.;536494948;;
ChangeYourCar S.c.;604559935;;
DAR-SPAW Dariusz Cieślak;513162141;;
DEGA-PLUS Sp. z o.o. Izolacja Rur Przewodowych;(32)2487225;;
DEGA-PLUS Sp. z o.o. Izolacja Rur Przewodowych;(32)2486900;;
DOBRE MASZYNY S.c.;883342544;;
DOBRE MASZYNY S.c.;883342453;;
DOR Przedsiębiorstwo Produkcyjno Handlowo Usługowe Export-Import Andrzej Dorywała;(071)3678901;;
DOR Przedsiębiorstwo Produkcyjno Handlowo Usługowe Export-Import Andrzej Dorywała;601550775;;
EKO-GEMINI Sp. z o.o.;(32)6702047;;
EKO-GEMINI Sp. z o.o.;515236888;;
ELEKTROMAL;697029964;;
ELEKTROMAL;605823155;;
EuroMobil;502911724;;
EuroMobil;502323698;;
F.H.U. MIXMIR Hurt & Detal Mirosław Kałduński;(58)6784735;;
F.H.U. MIXMIR Hurt & Detal Mirosław Kałduński;(58)6781985;;
F.H.U.P. GAZPAL Sp.j.;(34)3282258;;
F.H.U.P. GAZPAL Sp.j.;(34)3283973;;
FAR-BUD;502101409;;
FAR-BUD;513147999;;
Farba&Mix;(75)7842853;;
GIL Adam Gilewski Malarnia Proszkowa;728505505;;
GUDOJĆ;603072602;;
GUDOJĆ;603330199;;
HAN-KED Grzegorz Kędziora;512675526;;
HANYANG ZAS Sp. z o.o.;(55)2307750;;
HANYANG ZAS Sp. z o.o.;(55)2307865;;
INFOTECH Jarosław K i N;695416684;;
INFOTECH Jarosław K i N;781857229;;
INVEST-REM S.A.;(58)3072403;;
INVEST-REM S.A.;(58)3071232;;
KAEM Sp. z o.o. sp. komandytowa;(61)8163000;;
KAEM Sp. z o.o. sp. komandytowa;(61)8163050;;
Kompresor Centrum P.P.U.H. S.c.;(91)4691637;;
Kompresor Centrum P.P.U.H. S.c.;(91)4693669;;
KRAUTZBERGER;(55)6404600;;
KRAUTZBERGER;(55)6404550;;
LAKICARS;503407997;;
Lakiernia Proszkowa i Łóżka Metalowe Lak System;692232414;;
Lakiernia Proszkowa i Łóżka Metalowe Lak System;730777125;;
Lenart & Synowie Sp.j.;604075537;;
Lenart & Synowie Sp.j.;(12)2711749;;
MAL-BUD J.Ratajczak;(61)8943477;;
MAL-BUD J.Ratajczak;602719511;;
Markas Motorsport;(42)6801908;;
Markas Motorsport;501230036;;
Max-Lack;780070700;;
MIWA;(91)4395184;;
MPS Marcin Smętek;603715333;;
Nexter Color-System Sp. z o.o. Lakiernia Natryskowa;(32)3220437;;
Nexter Color-System Sp. z o.o. Lakiernia Natryskowa;501474497;;
NTS Sp. z o.o.;(22)7520600;;
NTS Sp. z o.o.;(22)7520592;;
P.H.P.U. POSITIVE;(54)2372836;;
P.H.P.U. POSITIVE;602797382;;
P.H.U. IV-POL;(12)2623641;;
P.H.U. IV-POL;512230838;;
P.H.U. LAK-SERWIS Krzysztof Strzałek;502029901;;
P.H.U. TOP-CAR;695056015;;
P.H.U. TOP-CAR;609266550;;
P.P.H.U. TERES;(71)3965123;;
P.P.H.U. TERES;(71)3965124;;
P.P.U.H. PANEJKO;(71)3493980;;
P.P.U.H. PANEJKO;(71)3494143;;
P.P.U.H. ROMEX;(52)3452079;;
P.P.U.H. ROMEX;606780103;;
PHU Parkiety Odyniec;(34)3682723;;
PHU Sarex meble na zamówienie;602671764;;
PK CONECT Sp. z o.o.;(58)6202231;;
PK CONECT Sp. z o.o.;501969325;;
Pomorska Lakiernia KOLOR;(59)8475173;;
POZart Sp. z o.o. - Specjalistyczna Drukarnia Etykiet z Roli i Opakowań;(61)8209287;;
POZart Sp. z o.o. - Specjalistyczna Drukarnia Etykiet z Roli i Opakowań;(61)8257777;;
PPH KROTON PROTOTYPE Przemysław Krotoski;(61)8677288;;
PPH KROTON PROTOTYPE Przemysław Krotoski;517431001;;
PPUH TECHSTAL;(32)2841555;;
PPUH TECHSTAL;(32)2840176;;
PRODMOREX Sp. z o.o.;(58)3462111;;
PRODMOREX Sp. z o.o.;(58)3053694;;
PROFIKON;500391500;;
PROFIKON;(34)3176472;;
Promal Sp.j.;(62)7841647;;
Promal Sp.j.;(62)7831887;;
PRONET-COLOR Sp. z o.o.;(58)6250999;;
PRONET-COLOR Sp. z o.o.;(58)6653999;;
PROSTER Andrzej Koch;(43)8427554;;
PROSTER Andrzej Koch;(43)8427660;;
Przedsiębiorstwo Produkcyjno-Handlowe Romuald MACEK, Wojciech WICHARY Sp. z o.o.;(33)8110200;;
Przedsiębiorstwo Produkcyjno-Handlowe Romuald MACEK, Wojciech WICHARY Sp. z o.o.;(33)4982525;;
Sapro System;(34)3176624;;
Sapro System;695423252;;
Silpol S.c.;(22)8341246;;
Silpol S.c.;(22)6398921;;
Spółdzielnia Pracy Transportowo-Motoryzacyjna im. 1 Maja;(18)4438381;;
Spółdzielnia Pracy Transportowo-Motoryzacyjna im. 1 Maja;(18)4141312;;
TAMA Farby Lakiery Sp. z o.o.;(87)4235972;;
TAMA Farby Lakiery Sp. z o.o.;(87)4251207;;
Techcontrol-Polska Sp. z o.o.;515750048;;
Teleskop Sp. z o.o.;(95)7210815;;
Teleskop Sp. z o.o.;(95)7525006;;
TRIO Północne Fabryki Okien Sp.j.;(59)8427081;;
TRIO Północne Fabryki Okien Sp.j.;(59)8420805;;
WEGE Parkiety i Systemy Podłogowe;(68)3256682;;
Wido Profil Sp. z o.o.;(12)2741715;;
Wido Profil Sp. z o.o.;(12)2744081;;
Z.P.H.U. Różycki Władysław;(76)8322847;;
Z.P.H.U. Różycki Władysław;502251860;;
Zakład Projektowania i Realizacji Dostaw Malarni i Galwanizerni ZUGIL-Projekt Sp. z o.o.;607336449;;
Zakład Projektowania i Realizacji Dostaw Malarni i Galwanizerni ZUGIL-Projekt Sp. z o.o.;605212912;;
Zakład Projektowo-Produkcyjny GWO-MAL;(43)8430989;;
Zakład Projektowo-Produkcyjny GWO-MAL;(43)8430990;;
Zakład Remontowo-Budowlany Piaskowanie Konstrukcji Stalowych Wacław Socha;(16)6217661;;
Zakład Remontowo-Budowlany Piaskowanie Konstrukcji Stalowych Wacław Socha;604798629;;
Zakład Usługowo-Produkcyjny MAX-MONT S.c.;(41)3667112;;
ZasCar Piotr Zasada;665110313;;
ZPU BRONCZEK;(34)3288225;;
ZPU BRONCZEK;509279965;;
ZUTE Jan Kosiba;(32)3266013;;
ZUTE Jan Kosiba;604822546;;
