ARCHIV CUT;(22)7815950;;
ARCHIV CUT;(22)6799951;;
PHU UTAL-MAK;(22)8110852;;
PHU UTAL-MAK;692192393;;
Przedsiębiorstwo Projektowo Wykonawcze EKOTECHNIKA-NORD Sp. z o.o.;(94)3430309;;
Przedsiębiorstwo Projektowo Wykonawcze EKOTECHNIKA-NORD Sp. z o.o.;(94)3416033;;
DISONI Trade House Sp. z o.o.;(22)7752392;;
DISONI Trade House Sp. z o.o.;(22)7757975;;
ARCH-INFO Zakład Usług Archiwalnych Roszuk;(22)6183721;;
ARCH-INFO Zakład Usług Archiwalnych Roszuk;608425348;;
Iron Mountain Polska Sp. z o.o.;0801800802;;
Iron Mountain Polska Sp. z o.o.;(22)7536141;;
KING-Trans S.c. Przeprowadzki;(12)4117301;;
KING-Trans S.c. Przeprowadzki;724821262;;
Archiwum-Digitalizacja TERRA Sp. z o.o.;(61)8106673;;
Archiwum-Digitalizacja TERRA Sp. z o.o.;(61)8105920;;
DataBank Sp. z o.o.;(22)7599660;;
DataBank Sp. z o.o.;(22)7289342;;
Eko-Partner Bogusław Popko;(85)7402131;;
Eko-Partner Bogusław Popko;725724725(wymianakontenera);;
FAMMA Archiwizacja;(12)2691048;;
FAMMA Archiwizacja;(12)2691048;;
P.H. HALIM Sp.j. A.Bakir, I. i G.Słabosz;(34)3681727;;
P.H. HALIM Sp.j. A.Bakir, I. i G.Słabosz;(34)3614579;;
Przedsiębiorstwo Usługowe ARCHIWUM JP;(61)8528389;;
Przedsiębiorstwo Usługowe ARCHIWUM JP;(61)8522171;;
ARCHEON Składnica Akt Pracowniczych Sp. z o.o.;(61)8150761;;
ARCHEON Składnica Akt Pracowniczych Sp. z o.o.;(61)8789755;;
DOKARCH Usługi Archiwizacyjne Paweł Szymonik;(34)3680954;;
DOKARCH Usługi Archiwizacyjne Paweł Szymonik;605548455;;
KOM-PAP Office Partners;(42)6898079;;
KOM-PAP Office Partners;533533023;;
Medien Partner Recykling Dariusz Bogdański;(22)7256256;;
Medien Partner Recykling Dariusz Bogdański;885858884;;
Pika Sp. z o.o.;0801080890;;
Pika Sp. z o.o.;0801080890;;
Pika Sp. z o.o.;0801080890;;
Pika Sp. z o.o.;0801080890;;
Pika Sp. z o.o.;(58)7326715;;
Pika Sp. z o.o.;(58)7326709;;
Primet;(56)6785120;;
Primet;(56)6785343;;
Usługi Archiwistyczne POK-KOM;601717046;;
Usługi Archiwistyczne POK-KOM;(32)2182790;;
AKTAPLUS Sp. z o.o.;(12)2939099;;
AKTAPLUS Sp. z o.o.;(12)2939090;;
Data Fox Sp. z o.o.;(32)7205111;;
Data Fox Sp. z o.o.;(32)7205112;;
DATA Professional Grzegorz Wrona;(12)2650033;;
DATA Professional Grzegorz Wrona;668887752;;
DELEO PPHU Tomasz Chlastawa NISZCZENIE DOKUMENTÓW;506145376;;
Destroy & Recycling Niszczenie Dokumentów;(71)3493755;;
Destroy & Recycling Niszczenie Dokumentów;511101011;;
DESTRUKT;(41)3629287;;
DESTRUKT;603935715;;
Eco-nord Recykling;(55)2370990;;
EKO-DOK Consulting;(17)7712750;;
EKO-DOK Consulting;603600240;;
Eko-Gaja;(22)2036355;;
Eko-Gaja;(22)2035356;;
EKO-MAR;(81)7469758;;
EKO-MAR;(81)4418305;;
EKO-PAPIER;(81)5037605;;
EKO-PAPIER;603644872;;
EKOAKTA Sp. z o.o. Oddział Kraków;(12)4300966;;
EKOAKTA Sp. z o.o. Oddział Kraków;607801606;;
Ekoakta.pl;(32)7727000;;
Ekoakta.pl;(32)7727010;;
EKOSIMPOL;(22)3744020;;
EKOSIMPOL;608208023;;
ESSI;(22)8621985-86;;
ESSI;(22)6322694;;
Franet Sp. z o.o.;(58)7680020;;
Franet Sp. z o.o.;(58)7680100-01;;
HEMIRO Sp. z o.o.;(89)5332508;;
HEMIRO Sp. z o.o.;(89)5390339;;
Niszczenie Dokumentów;(95)7356330;;
Niszczenie Dokumentów;(95)7356329;;
P.H.U. HANNA;605238954;;
PHU BAWI S.A.;600257902;;
PSM Robert Smarczewski;695672571;;
Recyclinic S.A. (dawniej Buhck Recycling Sp. z o.o.);(61)6676600;;
Recyclinic S.A. (dawniej Buhck Recycling Sp. z o.o.);(61)6676619;;
RHENUS Data Office Polska Sp. z o.o. Archiwum;(22)3924800;;
RHENUS Data Office Polska Sp. z o.o. Archiwum;(22)3924801;;
RHENUS Data Office Polska Sp. z o.o. Biuro Handlowe Kraków;(12)6341027;;
RHENUS Data Office Polska Sp. z o.o. Oddział Południe;(32)7683131;;
RHENUS Data Office Polska Sp. z o.o. Oddział Północ;(91)4310807;;
RHENUS Data Office Polska Sp. z o.o. Oddział Zachód;(61)6440698;;
Rotex Ełk;501645630;;
RPP-EKO;607916454;;
SEGREGA;785222111;;
SYSTEM RECYCLING - niszczenie dokumentów, skup surowców wtórnych;(22)8707272;;
SYSTEM RECYCLING - niszczenie dokumentów, skup surowców wtórnych;501262887;;
UND Usługowe Niszczenie Dokumentów;(77)4537202;;
UND Usługowe Niszczenie Dokumentów;783527967;;
VEXAR S.c.;(12)6864383;;
Victoria-Recycling;(22)7848595;;
Victoria-Recycling;604913993;;
WASTECH Recycling Sp. z o.o.;(22)4255300;;
WASTECH Recycling Sp. z o.o.;(22)4355345;;
ZET-MAT;517133837;;
ZIELONY PUNKT;502083904;;
AGRO-FILM;(81)7460138;;
AGRO-FILM;792525305;;
Akta Archiwa Sp. z o.o.;(58)5551089;;
Akta Archiwa Sp. z o.o.;691220940;;
ALBA Przedsiębiorstwo Gospodarki Komunalnej Czeladź Sp. z o.o.;(32)2651289;;
ALBA Przedsiębiorstwo Gospodarki Komunalnej Czeladź Sp. z o.o.;(32)7638116;;
ALBA S.A.;(71)3375100;;
ALBA S.A.;(71)3375116;;
ARCH-DOK Sp. z o.o.;(33)8114645;;
ARCH-DOK Sp. z o.o.;606383041;;
ARCHI-ZET Sp. z o.o.;502789170;;
ARCHI-ZET Sp. z o.o.;(12)4447939;;
ARCHIWA Ziółkowski Robert;608787196;;
Archiwum Depozytowe Sp. z o.o.;(81)7489218;;
ARCHIWUM Sp. z o.o.;(85)6612817;;
ARCHIWUM Sp. z o.o.;606314433;;
ARCHUS;(32)2016565;;
ARCHUS;(32)2016264;;
AVANTEX PUH;604480321;;
AWEN Sp. z o.o.;(77)4033970;;
AWEN Sp. z o.o.;512644172;;
Baj-Pros Eko Sp. z o.o.;(22)4634683;;
Baj-Pros Eko Sp. z o.o.;(22)4634697;;
BAJ-PROS Sp. z o.o.;(22)4634680;;
BAJ-PROS Sp. z o.o.;(22)4634522;;
Becker Polska Sp. z o.o.;(76)7486370;;
Becker Polska Sp. z o.o.;666827488;;
BUSINESS ARCHIV Sp. z o.o.;(22)8465111;;
BUSINESS ARCHIV Sp. z o.o.;(22)8465633;;
CEL-MET S.c.;(048)3622381;;
Centralna Składnica Akt-CSA Sp. z o.o.;(24)3552272;;
Centralna Składnica Akt-CSA Sp. z o.o.;(24)2541582;;
DOKUMENTA Radom;(48)3332796;;
DOKUMENTA Słupsk;(59)8402681;;
DOKUMENTA Słupsk;(59)8428279;;
Dora Plus;602229558;;
EKO-7 RECYCLING Bogdan Grzywacz;(022)6201256;;
EKO-7 RECYCLING Bogdan Grzywacz;601806237;;
EKO-UTIL;(61)8677021;;
EKOTECHNIKA;(22)3748762;;
EKOTECHNIKA;(22)4357948;;
EL-Teka Usługi Archiwizacyjne;(32)2271439;;
EL-Teka Usługi Archiwizacyjne;601699073;;
ELPOL Zarządzanie dokumentami;(58)6614874;;
ELPOL Zarządzanie dokumentami;(58)6614064;;
ERMET RECYKLING;602404439;;
ERMET RECYKLING;604103004;;
ESBUD Stachurski Marek;(61)8160013;;
ESBUD Stachurski Marek;604523810;;
ESOD Sp. z o.o. Sp.komandytowa;(61)8125414;;
F.U.H. DANA;(22)8464151;;
F.U.H. DANA;(22)8684024-25;;
Firma Handlowa NAWIGATOR;(89)5330145;;
FOLTOM Recykling;505055576;;
Fox Recykling Sp. z o.o.;(58)6672197;;
Fox Recykling Sp. z o.o.;(58)6637869;;
FUH EKO-UTIL;694308606;;
FUH EKO-UTIL;698304741;;
Gradient Usługi Archiwistyczne;(52)3401781;;
GREEN DATA Sp. z o.o.;(22)3934215;;
GREEN DATA Sp. z o.o.;600200247;;
IndexData;514686919;;
JARMET;(13)4489096;;
Klimbart;(77)4048670;;
Klimbart;504094377;;
Klimbart II;607553220;;
Klimbart II;783872493;;
LRG RETURPAPPER Sp. z o.o.;(91)4072435;;
Magellan Software Polska S.A.;(61)8403601;;
Magellan Software Polska S.A.;(61)8499396;;
Mak Składnica Makulatury;(89)5343744;;
Mak Składnica Makulatury;(89)6789880;;
MERIDIAN International;(58)7327957;;
MERIDIAN International;(58)7327958;;
Odbiór Elektrośmieci KOTECH;694410980;;
Ośrodek Archiwizacji i Usług Ekonomicznych AUDIATOR Sp. z o.o.;(67)3517855;;
Ośrodek Archiwizacji i Usług Ekonomicznych AUDIATOR Sp. z o.o.;510601364;;
P.P.U.H KRAWERENDA;601392967;;
PHU Janex Janusz Bruszko;609186491;;
PHU Janex Janusz Bruszko;(95)7511361;;
PHU MAREKS;(61)6543740-41;;
PHU MAREKS;(61)6543696;;
Przedsiębiorstwo Produkcyjno-Handlowe RYZA Sp.j.;(56)6590831;;
Przedsiębiorstwo Produkcyjno-Handlowe RYZA Sp.j.;(56)6599728;;
RHENUS Data Office Polska Sp. z o.o.;(22)3312332;;
RHENUS Data Office Polska Sp. z o.o.;(22)7150717;;
Rodan Sp. z o.o.;(61)6679800;;
Rodan Sp. z o.o.;(61)6679801;;
Rodan Sp. z o.o.;(59)8487210;;
Rodan Sp. z o.o.;(59)8487211;;
Scan Centre Oddział Częstochowa;(58)3802507;;
Scan Centre Oddział Częstochowa;506547513;;
Scroll-Robert Gawron;506150002;;
Scroll-Robert Gawron;(25)7491349;;
SIGNUM Sp. z o.o. Inteligentne Systemy Archiwizacyjne;(33)8756379-80;;
SIGNUM Sp. z o.o. Inteligentne Systemy Archiwizacyjne;(33)8756328;;
Skup Makulatury;(77)4546683;;
Skup Makulatury;(77)4552289;;
SPAAR Sp. z o.o.;(22)8625155-56;;
SPAAR Sp. z o.o.;(22)8622365;;
Stoof Breda Przeprowadzki Sp. z o.o.;602218771;;
Surdramet Sp. z o.o.;(61)3067660;;
Surdramet Sp. z o.o.;(61)3067667-68;;
Surpap Recycling;(18)4420100;;
SYSTEM Iwona Łupij;(22)6187377;;
SYSTEM Iwona Łupij;609470617;;
Śląskie Centrum Utylizacji;801000625;;
Śląskie Centrum Utylizacji;(32)2022734;;
Tyranik;(77)4661399;;
Tyranik;(77)4665034;;
Ulmex Sp. z o.o. Spółka Doradztwa Podatkowego;(62)7360036;;
Ulmex Sp. z o.o. Spółka Doradztwa Podatkowego;(62)7361120;;
Z.H.U. ALMA SERWIS Sp.j.;(33)8221469;;
Z.H.U. ALMA SERWIS Sp.j.;605665433;;
Zakład Aktywności Zawodowej PROMYK;(62)7402050-54;;
Zakład Aktywności Zawodowej PROMYK;(62)7403299;;
