Rulmeca Poland Sp. z o.o.;(74)8320822;;
Rulmeca Poland Sp. z o.o.;(74)8320821;;
CONTROL;(32)7380804;;
CONTROL;(32)7381024;;
F.H.U KOMO;667638400;;
F.H.U KOMO;667638200;;
AMA-DAR BIURO TECHNICZNE Dariusz Malicki;(32)2264482;;
AMA-DAR BIURO TECHNICZNE Dariusz Malicki;605035048;;
CNCArt;609713005;;
Ekomet Mirosław Jagocha;(12)2863920;;
Ekomet Mirosław Jagocha;(12)2863430;;
Galika Sp. z o.o.;(22)8482446;;
Galika Sp. z o.o.;(22)8498757;;
IGO Sp. z o.o. Technology Partner;(12)6362183;;
IGO Sp. z o.o. Technology Partner;(12)3767120;;
INTE-Maszyny Sp. z o.o.;(17)7800712;;
INTE-Maszyny Sp. z o.o.;601498430;;
ISKRA Zakład Maszyn i Łożysk Specjalnych Sp. z o.o.;(41)3670300;;
ISKRA Zakład Maszyn i Łożysk Specjalnych Sp. z o.o.;(41)3663274;;
Jarocińska Fabryka Obrabiarek S.A.;(62)7472601;;
Jarocińska Fabryka Obrabiarek S.A.;(62)7472602-04;;
MARBAD Sp. z o.o. Zakład Techniki Obróbki Powierzchni;(22)6442945;;
MARBAD Sp. z o.o. Zakład Techniki Obróbki Powierzchni;(22)6410811;;
Maszyny do Obróbki Rur i Drutu TARGA Sp. z o.o.;(22)8381400;;
Maszyny do Obróbki Rur i Drutu TARGA Sp. z o.o.;602511497;;
MATT;(22)4879603;;
MATT;(22)4869711;;
MEGURO Sp. z o.o.;(22)8448996;;
MEGURO Sp. z o.o.;(22)8449878;;
PLASMET Przedsiębiorstwo Produkcji Maszyn i Urządzeń Sp. z o.o.;(16)6784529;;
PLASMET Przedsiębiorstwo Produkcji Maszyn i Urządzeń Sp. z o.o.;(16)6784423;;
SciTeeX Sp. z o.o.;(22)8640724;;
SciTeeX Sp. z o.o.;(22)8640730;;
SECO/WARWICK Europe Sp. z o.o.;(68)3819800;;
SECO/WARWICK Europe Sp. z o.o.;(68)3819805;;
AUTMEX;(22)2906101;;
BROMAZ Robert Mazur;(12)3885466;;
BROMAZ Robert Mazur;607557913;;
DAWIN Plus;(61)8773730;;
DAWIN Plus;(61)8772501;;
MULTI-elektro;602174340;;
PILEX Producent Przecinarek do Metalu;(91)4832617;;
PILEX Producent Przecinarek do Metalu;(91)4832474;;
PLASTMET Sp. z o.o.;(77)4052220-21;;
PLASTMET Sp. z o.o.;(77)4052223;;
Przedsiębiorstwo Usługowo-Handlowe MAZANEK Sp. z o.o.;(89)6162086;;
SODITRONIK Leszek Kowalski;(22)8100297;;
AVIA S.A. Fabryka Obrabiarek Precyzyjnych;(22)8186211;;
AVIA S.A. Fabryka Obrabiarek Precyzyjnych;(22)6199464;;
GEPARD MASZYNY CNC S.c.;665807775;;
GEPARD MASZYNY CNC S.c.;(32)2702116;;
GREYFIN Adam Szarafiński;660420773;;
HARD Sp. z o.o.;(12)2643543;;
HARD Sp. z o.o.;(12)2660372;;
ICBS Sp. z o.o.;(62)7301111;;
ICBS Sp. z o.o.;(62)7302227;;
MASTER Ltd. Sp. z o.o.;(34)3621521-22;;
MASTER Ltd. Sp. z o.o.;(34)3621523;;
Mechanika Maszyn Władysław Kluska;(22)7818723;;
Mechanika Maszyn Władysław Kluska;606698245;;
METAL-SYSTEM Sp. z o.o.;(15)8134114;;
METAL-SYSTEM Sp. z o.o.;(15)8136362;;
P.P.U. SUKURS Sp. z o.o.;516146750;;
Przedsiębiorstwo Handlowe JARMET Alojzy Jaroń;(32)3841003;;
Przedsiębiorstwo Handlowe JARMET Alojzy Jaroń;(32)3817071;;
Przedsiębiorstwo Handlowo Usługowe MAS;(55)2722289;;
Przedsiębiorstwo Handlowo Usługowe MAS;501632590;;
STILER;602747945;;
STILER;(25)7872526;;
Sudeckie Centrum Spawalnictwa;516548909;;
Sudeckie Centrum Spawalnictwa;501358614;;
Tomaco Intro Sp. z o.o.;(44)6821600;;
Tomaco Intro Sp. z o.o.;(44)6850860;;
UNI-KAT Sp. z o.o.;(56)4779312;;
UNI-KAT Sp. z o.o.;(56)6745181;;
Zakład Maszyn i Urządzeń Precyzyjnych KRAMET;(22)8911019;;
Zakład Maszyn i Urządzeń Precyzyjnych KRAMET;(22)6510688;;
ZPHU BLACHMIX Piotr Małucha;(18)3301566;;
ZPHU BLACHMIX Piotr Małucha;606731488;;
MEX-HANDEL Sp. z o.o.;(22)8413723;;
WELD technologia zgrzewania Sp. z o.o.;515632327;;
WELD technologia zgrzewania Sp. z o.o.;511311299;;
BUD-MASZ Maciej Stachlewski;(43)6776021;;
BUD-MASZ Maciej Stachlewski;(43)6776417;;
Hurtownia Narzędzi SEGER;(14)6803950;;
Hurtownia Narzędzi SEGER;(14)6803953;;
MILL;(22)7577784;;
RHEINZINK Polska Sp. z o.o.;(22)7899191;;
RHEINZINK Polska Sp. z o.o.;(22)7899199;;
WEGA MIKOŁÓW Sp. z o.o. Sp.komandytowa;(32)7384328;;
WEGA MIKOŁÓW Sp. z o.o. Sp.komandytowa;(32)7384329;;
Zakład Automatyki Przemysłowej PID Dariusz Petliński;602693562;;
Abplanalp Sp. z o.o.;(22)3794444;;
Abplanalp Sp. z o.o.;(22)3794400;;
ASPA Sp. z o.o. Przedsiębiorstwo Aparatury Spajalniczej;(71)3273100;;
ASPA Sp. z o.o. Przedsiębiorstwo Aparatury Spajalniczej;(71)3273127;;
Davide Sala - Diego Sala S.c.;(22)3981854;;
Davide Sala - Diego Sala S.c.;(22)3000026;;
DIAMOS Liliana Lewandowska i Wspólnicy Sp.j.;(32)4416990;;
DIAMOS Liliana Lewandowska i Wspólnicy Sp.j.;(32)7202696;;
DROZDOWSKI Zakład Metalowy;(17)5815595;;
DROZDOWSKI Zakład Metalowy;(17)5815330;;
ELEKTRO-STER Sp. z o.o.;(32)4152296;;
ELEKTRO-STER Sp. z o.o.;(32)4154796;;
ELKAR;(44)6330971;;
ELKAR;(44)7890630;;
F.H.U. HAX-INOX;(32)2700726;;
F.H.U. HAX-INOX;790768300;;
FPHU VENTA Krzysztof Kołbuc;(32)7575088;;
FPHU VENTA Krzysztof Kołbuc;(32)7575099;;
JP TECH;(95)7576651;;
JP TECH;516175267;;
Kammar Zaopatrzenie Techniczne Sklep Internetowy KAMMAR24.pl Marek Kuberski;792780343;;
Kammar Zaopatrzenie Techniczne Sklep Internetowy KAMMAR24.pl Marek Kuberski;608481534;;
KMT Waterjet Systems;(22)5450660;;
MAJET Sp.j.;(33)8183720;;
MAJET Sp.j.;(33)4998919;;
MEGA-REM Sp. z o.o.;(81)4613772;;
MEGA-REM Sp. z o.o.;(81)4613714;;
METALEX Jarosław Kucharski;607363997;;
METALEX Jarosław Kucharski;601660855;;
NEW-TECH;(71)3400900;;
NEW-TECH;509234949;;
SPIDER;509339346;;
SPIDER;503581410;;
Transport Technologiczny TranspoTech Sp. z o.o.;(48)3605132;;
Transport Technologiczny TranspoTech Sp. z o.o.;609923344;;
TREZOR Mechaniczne Systemy Zabezpieczeń;(81)7478887;;
TREZOR Mechaniczne Systemy Zabezpieczeń;501211961;;
Z.P.H.U JULWIK Wiktor Czaban;(52)3871807;;
Agencja Anticorr Wrocław Sp. z o.o.;(71)3527930;;
Balkar Technology Sp. z o.o.;(15)8642379;;
Balkar Technology Sp. z o.o.;509680312;;
Bydgoska Hurtownia Narzędzi VISŁA Sp. z o.o.;(52)3278227;;
Centrum Doradztwa i Kształcenia Kadr P.W. ZBRYK;(77)4181953;;
Centrum Doradztwa i Kształcenia Kadr P.W. ZBRYK;604170541;;
Chemadin Export Sp. z o.o.;(41)3680391;;
Chemadin Export Sp. z o.o.;(41)3446513;;
CNC-PROJEKT Janusz Zagórski;(58)7657272;;
CNC-PROJEKT Janusz Zagórski;(58)7657273;;
Distek-LTT Sp. z o.o.;(22)8465650;;
Distek-LTT Sp. z o.o.;(22)8465956;;
Fabryka Pił i Narzędzi WAPIENICA Sp. z o.o.;(33)8280800;;
Fabryka Pił i Narzędzi WAPIENICA Sp. z o.o.;(33)4871501;;
GEEM;(22)7763363;;
GEEM;603917402;;
Grupa HMS K.Młodożeniec, K.Stachowiak Spółka Jawna;(61)8720817;;
Grupa HMS K.Młodożeniec, K.Stachowiak Spółka Jawna;(61)6570555w.361;;
INSTA-LUX Śruby i Narzędzia;(68)4535414;;
INSTA-LUX Śruby i Narzędzia;(68)4535495;;
Luna Polska Sp. z o.o.;(32)2203378;;
M.A.T. PROFESSIONAL Sp. z o.o.;512190913;;
MAR-MASZ Henryk Pioch;601166404;;
MAR-MASZ Henryk Pioch;691483397;;
P.P.H.U. PROFIL W. MOMOT, E. MOMOT Sp.j.;(71)3164957;;
P.P.H.U. TokFrez Dariusz Zduleczny;(14)6101355;;
P.P.H.U. TokFrez Dariusz Zduleczny;784692849;;
PowerTech S.c.;(33)4871447;;
PowerTech S.c.;(33)4871307;;
REDO Systemy Przemysłowe;(91)8348828;;
REDO Systemy Przemysłowe;(91)8348829;;
SIEROSŁAWSKI GROUP Jan Sierosławski;(17)7449200;;
SIEROSŁAWSKI GROUP Jan Sierosławski;(17)5818589;;
TEKOpro Sp. z o.o.;(22)4688060;;
TEKOpro Sp. z o.o.;515600505;;
TORMET Spółka z o.o. Spółka komandytowa;(56)6571200;;
TORMET Spółka z o.o. Spółka komandytowa;(56)6571225-26;;
ALLES;(12)2851768;;
ALLES;(12)2853463;;
APX Technologie Sp. z o.o.;(22)7596200;;
APX Technologie Sp. z o.o.;(22)7596201;;
DACHPOLL Sp. z o.o.;(41)3943688;;
DACHPOLL Sp. z o.o.;(41)3941201;;
DKV-SERVICE Sp. z o.o.;(71)3185519;;
DKV-SERVICE Sp. z o.o.;(71)3185194;;
ELEKTRO-MET Wojciech Morzyński;(52)3840022;;
ELEKTRO-MET Wojciech Morzyński;534709809;;
Elken - Systemy Pomiarowe, Sterowania i Pozycjonowania Krystyna Tafelska;692450289;;
ELMAT-BUD Tomasz Rzepka;(22)8101720;;
ELMAT-BUD Tomasz Rzepka;606478700;;
F.H.U. KRIW Krzysztof Blabuś;509052256;;
F.H.U. KRIW Krzysztof Blabuś;513023956(LanguageEnglish);;
Fabryka Łożysk Tocznych-Kraśnik S.A.;(81)8257155;;
Fabryka Łożysk Tocznych-Kraśnik S.A.;(81)8257060;;
Firma MAZUR;602157929;;
GAPPA PPH;(41)3538052;;
GAPPA PPH;605980198;;
GROWINAR Sp. z o.o.;(12)6530077;;
GROWINAR Sp. z o.o.;(12)6530062;;
HAFEN;(25)6440822;;
HAFEN;692101112;;
Instytut Technologii Eksploatacji - Państwowy Instytut Badawczy;(48)3644241;;
Instytut Technologii Eksploatacji - Państwowy Instytut Badawczy;(48)3644760;;
JURIMP Sp. z o.o.;(81)7441875;;
JURIMP Sp. z o.o.;(81)7442868;;
MAKRUM Project Management Sp. z o.o.;(52)5612330;;
MAKRUM Project Management Sp. z o.o.;(52)3210078;;
Metal-Technika Rafał Cygan;(44)7812090;;
MetalMaster;(62)7272252;;
MetalMaster;(62)7272251;;
P.H.U. EURO-KOMPLEX;(15)6420260;;
P.H.U. EURO-KOMPLEX;535980435;;
P.H.U. KELSO Piotr Marciniak;(22)8104745;;
P.H.U. KELSO Piotr Marciniak;(22)8700922;;
P.W. MEGASEF Sylwia Jaworska-Roch;518875945;;
Plasma Point Polska;(32)7801891;;
Plasma Point Polska;(32)7801893;;
Przedsiębiorstwo SWORD Piły Taśmowe Roman Wójcik;(58)6686688;;
Przedsiębiorstwo SWORD Piły Taśmowe Roman Wójcik;(58)6616600;;
Przedsiębiorstwo Wielobranżowe INTER-PLAST Andrzej Bodziachowski;(34)3627904;;
Przedsiębiorstwo Wielobranżowe INTER-PLAST Andrzej Bodziachowski;(34)3627667;;
REMY Sp. z o.o.;(76)7576647;;
REMY Sp. z o.o.;(76)7577664;;
SAV Polska Sp. z o.o.;(52)3219140;;
SAV Polska Sp. z o.o.;(52)3219141;;
TECH-MAR Firma Handlowa Mariusz Burdaś;(32)4565737;;
TECH-MAR Firma Handlowa Mariusz Burdaś;603943272;;
Technika Spawalnicza Sp. z o.o.;(61)8628161;;
Technika Spawalnicza Sp. z o.o.;(61)6618711;;
TRANSTOOLS Sp. z o.o.;(81)4443108;;
TRANSTOOLS Sp. z o.o.;(81)7465031;;
WIBROSZCZEL W.J.;(86)2710801;;
WIBROSZCZEL W.J.;(22)7714687BiuroMarki;;
Zakład Usługowo Handlowy MADPOL Wojciech Madeja;(77)4635019;;
Zakład Usługowo Handlowy MADPOL Wojciech Madeja;609786500;;
ARTVINYL-POL Sp. z o.o.;(33)8709714;;
ARTVINYL-POL Sp. z o.o.;(33)8763695;;
MEDIANA S.c.;(71)3390980;;
MEDIANA S.c.;(71)3609570;;
ITT-Technika Technologie CNC;627409042;;
Metal-Trade.pl;667895185;;
Metal-Trade.pl;797236419;;
A&M PROFIL;(48)3314660;;
A&M PROFIL;607295834;;
ABH Trześniewski;(22)8635980;;
ABH Trześniewski;(22)8635989;;
ACONEXIM Sp.j.;(22)8635934-35;;
ACONEXIM Sp.j.;(22)8638357;;
ADMET Sp. z o.o.;(22)7810708;;
ADMET Sp. z o.o.;(22)7718836;;
AEP®Ajan Engineering Polska;(74)6606477;;
AEP®Ajan Engineering Polska;(74)8543319;;
Agie Charmilles Sp. z o.o.;(22)3265099;;
Agie Charmilles Sp. z o.o.;(22)3265050;;
ALZET Żmij Zbigniew;(32)7386936;;
AMP Sp. z o.o.;(68)3822644;;
AMP Sp. z o.o.;(68)3822648;;
APEX części do obrabiarek;(62)7829200;;
APEX części do obrabiarek;(62)7811150;;
APIS Profesjonalny Serwis Maszyn do Szkła i Metalu;(46)8558594;;
APIS Profesjonalny Serwis Maszyn do Szkła i Metalu;604649564;;
Aquamatix Cięcie Strumieniem Wodnym;(55)2338105;;
Aquamatix Cięcie Strumieniem Wodnym;(55)2338632;;
Arttech Stanisław Gurniewicz;(058)3488050;;
Arttech Stanisław Gurniewicz;509172465;;
AUER Polska Sp. z o.o. Śrutownice, Oczyszczarki, Myjnie;(22)7859810;;
AUER Polska Sp. z o.o. Śrutownice, Oczyszczarki, Myjnie;(22)7859811;;
Aurora;693846599;;
AWEXIM Sp. z o.o.;(22)7507807;;
BELPOL j.v. Sp. z o.o.;(42)7166120;;
Best Metal Sp. z o.o.;(81)7471620;;
BH DMT Maszyny;(41)3738304;;
BH DMT Maszyny;603609323;;
Biuro Handlowe MASZ;(32)2761154;;
Biuro Handlowe MASZ;(32)7426075;;
Biuro Handlowe TECHMA;607695414;;
Biuro Techniczno-Handlowe Conweld;(32)2386090;;
Biuro Techniczno-Handlowe Conweld;792035192;;
BS System Sp.j.;(58)6684760;;
BS System Sp.j.;(58)6684762;;
BULMACH Sp. z o.o.;(22)8406568;;
BULMACH Sp. z o.o.;(22)1121223;;
Bystronic Polska Sp. z o.o.;(22)3313770;;
Bystronic Polska Sp. z o.o.;(22)3313771;;
Centrala Handlu Maszynami Sp. z o.o.;(22)3905542;;
Centrala Handlu Maszynami Sp. z o.o.;607030800;;
Centrum Obróbki Metali i Wyrobów Drewnopochodnych;(33)8631800;;
Centrum Obróbki Metali i Wyrobów Drewnopochodnych;535822425;;
CNC MASZYNY S.c.;(71)7230026;;
CNC MASZYNY S.c.;696970920;;
CNC MECHATRONIKA Marek Twardykus;693010409;;
CNC Projektowanie i Budowa Maszyn;500561614;;
Concept Stal Sp.j.;(82)5640066;;
Concept Stal Sp.j.;(82)5640077;;
DARMET Sp. z o.o.;(85)6647533-35;;
DARMET Sp. z o.o.;(85)6538670;;
DEMATEC POLSKA Sp. z o.o.;(12)6531172;;
DEMATEC POLSKA Sp. z o.o.;(12)6590056;;
Design Technologies International D.T.I. Sp. z o.o.;(32)4154780;;
Design Technologies International D.T.I. Sp. z o.o.;(32)4158814;;
DIG Świtała Sp. z o.o.;(32)7203540;;
DIG Świtała Sp. z o.o.;(32)7203541;;
Ecometal Sp. z o.o.;(89)5339952;;
EiMa Maszyny Polska;(22)8223377;;
EiMa Maszyny Polska;601222904;;
ELEKTRON;(22)7570252;;
ELZAM-ZAMECH Sp. z o.o.;(055)2391394;;
ELZAM-ZAMECH Sp. z o.o.;(055)2391467;;
EMTECH - DYSTRYBUTOR TAPCO;(22)8890423;;
EMTECH - DYSTRYBUTOR TAPCO;602191588;;
Epple Maschinen GmbH;+490733592430;;
ERALL;(22)3927322;;
ERALL;(22)3927324;;
ESO Sp. z o.o.;(22)8513696;;
ESO Sp. z o.o.;(22)8415161;;
Eurometal Sp. z o.o.;(58)6802530;;
Eurometal Sp. z o.o.;(58)5500820;;
EXPRES Zakład Produkcyjno-Usługowo-Handlowy Wojciech Kowalczyk;502334606;;
EXPRES Zakład Produkcyjno-Usługowo-Handlowy Wojciech Kowalczyk;(12)2746365;;
F.H.P.U. ZAK Włodzimierz Okraska;(32)6702118;;
F.H.P.U. ZAK Włodzimierz Okraska;602624077;;
F.H.U. BITOP Michał Niedojadło;501145256;;
F.H.U. BITOP Michał Niedojadło;535998551;;
F.H.U. DAREX Dariusz Walicki;607714660;;
F.H.U. DAREX Dariusz Walicki;(12)2643170;;
F.H.U. IMAK;(12)3994333;;
F.H.U. IMAK;(12)6317212;;
F.H.U. Symet;504506598;;
F.U.H. PNIACZEK Eugeniusz Pniaczek;(18)2634565;;
F.U.H. PNIACZEK Eugeniusz Pniaczek;663226480;;
Fabryka Automatów Tokarskich we Wrocławiu S.A.;(71)3609100;;
Fabryka Automatów Tokarskich we Wrocławiu S.A.;(71)3609121;;
Fabryka Maszyn Tarnów S.c.;(14)3070541;;
Fabryka Maszyn Tarnów S.c.;534175445;;
Fabryka Szlifierek Fas Głowno Sp. z o.o.;(42)7191066;;
Fabryka Szlifierek Fas Głowno Sp. z o.o.;(42)7191303;;
FERO-POL;(42)6764886;;
FERO-POL;501046473;;
Firma Chmieliński;(74)8869260;;
Firma Chmieliński;(74)8869261;;
Firma G-KUCHARCZYK IMPORT-EXPORT Eugeniusz Kucharczyk;(75)7131043;;
Firma Handlowa NOX;601546386;;
Firma Handlowa NOX;(58)7395830;;
Firma WOISCH;(77)5506144;;
Firma WOISCH;(77)4367285;;
FREZAMET-BIS Sp. z o.o.;(32)3262960;;
FREZAMET-BIS Sp. z o.o.;(32)3262963;;
GiGaMET Zakład Wielobranżowy;723569090;;
GiGaMET Zakład Wielobranżowy;669293548;;
GOMEX P.P.H.U.;(48)3621439;;
GOMEX P.P.H.U.;503159440;;
GORBREX Machinery Trade Sp. z o.o.;(34)3668166;;
GORBREX Machinery Trade Sp. z o.o.;(34)3201202;;
GP PARTNER Piotr Gąsiorek;505508800;;
GP PARTNER Piotr Gąsiorek;502425939;;
GRILEX Sp. z o.o.;(32)4592890;;
GRILEX Sp. z o.o.;(32)4532189;;
GTJ Tomasz Jabłoński;(91)4616776;;
GUMET;(52)3629403;;
H&J Maschinentechnik Sp. z o.o. Sp.komandytowa;(32)2032543;;
H&J Maschinentechnik Sp. z o.o. Sp.komandytowa;(32)2025517;;
HARDER Sp. z o.o.;(61)8206443;;
HARDER Sp. z o.o.;(61)8422128;;
HELIOTECH;(12)6563087;;
HELIOTECH;502449843;;
Hepeka-Poland Sp. z o.o.;(32)2901070;;
Hepeka-Poland Sp. z o.o.;(32)2901079;;
High Technology Machines Sp. z o.o.;(32)3321499;;
High Technology Machines Sp. z o.o.;(32)3321627;;
HIZMET;508370495;;
IDAL UMDS Sp. z o.o.;(58)6610390;;
IDAL UMDS Sp. z o.o.;(58)6610391;;
INOTECH;(91)4358757;;
INOTECH;(91)4358754;;
INSAW;728957652;;
INSAW;(12)3462553;;
INTEGRA;(61)6241575;;
INTEGRA;601624695;;
IPP Przegląd Przemysłowy;(58)3403907;;
IPP Przegląd Przemysłowy;(58)3403908;;
J.G. FIX TOOL;515678164;;
J.G. FIX TOOL;516578933;;
JACK POL;(42)2141176;;
JACK POL;(42)2278324;;
JARO Ślusarski Zakład Produkcyjno-Handlowy Tadeusz Jarończyk;(18)2657656;;
JARO Ślusarski Zakład Produkcyjno-Handlowy Tadeusz Jarończyk;(18)2657485;;
KABAN Polska;(22)7518934;;
KABAN Polska;(22)7519034;;
KAJAMA S.c.;(58)7350271;;
KAJAMA S.c.;(58)7350272;;
KBR POLAND Sp. z o.o.;(55)2798729;;
KBR POLAND Sp. z o.o.;(55)2798111;;
KOMPLEKSREM;(22)7718204;;
KOMPLEKSREM;501574728;;
KOMPLEX-PROJEKT 2 Sp. z o.o.;(32)2999217;;
KOMPLEX-PROJEKT 2 Sp. z o.o.;(32)2995614;;
L. M. ZALEWSKI Technika Obróbki Powierzchniowej;(58)7128155;;
L. M. ZALEWSKI Technika Obróbki Powierzchniowej;(58)7128154;;
LAKFAM Sp.j. J.Zakrzewski, A.Zakrzewski;(75)7182242;;
LAKFAM Sp.j. J.Zakrzewski, A.Zakrzewski;(75)7182474;;
LASER PARTS;501676186;;
LASER PARTS;(54)2882029;;
LASER SPEC S.c.;519053111;;
LASER SPEC S.c.;512101835;;
Lokhill Sp. z o.o.;(52)5193869;;
Lokhill Sp. z o.o.;570700560;;
Machine Tools International Sp. z o.o.;(32)4243219;;
Maqstock Dessarollos y Expansion S.L. Oddział w Polsce Sp. z o.o.;(55)6203915;;
Maqstock Dessarollos y Expansion S.L. Oddział w Polsce Sp. z o.o.;(55)6203916;;
MASZYNERIA.PL Eksport-Import Maszyn;(75)6480030;;
MASZYNERIA.PL Eksport-Import Maszyn;889742382;;
MASZYNOHURT;533777999;;
MATEC Maszyny i Technika;512332743;;
MAXIMA POLSKA;601983521;;
MECHANIKA MASZYN Adam Mering;(58)6877420;;
MECHANIKA MASZYN Adam Mering;602637118;;
Mechanika Maszyn Janusz Kliś;(33)8453251;;
Mechanika Maszyn Janusz Kliś;508875986;;
Mechanika Maszyn KOLBER;(33)8457730;;
Mechanika Precyzyjna Józef Kondziela;(52)3468318;;
Mechanika Precyzyjna Józef Kondziela;602385325;;
MEGA-TECH Sławomir Trojanowski;(67)3488227;;
MEGA-TECH Sławomir Trojanowski;512095200;;
METAL PARTNER Obrabiarki do Metalu;(71)3931383;;
METAL PARTNER Obrabiarki do Metalu;692057750;;
Metal Technics Polska S.c.;(25)7816151;;
Metal Technics Polska S.c.;508987555;;
Metalimpex S.c.;(32)6771768;;
Metalotechnika;(12)2623526;;
Metalotechnika;508379275;;
Metalwerk;(17)7881406;;
Metalwerk;(17)7881408;;
MetPartner Tomasz Pacia;691291400;;
MetPartner Tomasz Pacia;(22)3492835;;
MEXIM Sp. z o.o.;(71)3117338;;
MEXIM Sp. z o.o.;(71)3136991;;
MG Systems;501533149;;
MG Systems;501492795;;
MINOWA-METAL Sp. z o.o.;(68)4705287;;
MINOWA-METAL Sp. z o.o.;(68)4141477;;
MultiMasz Sp. z o.o. Sp.komandytowa;(62)7915100;;
MultiMasz Sp. z o.o. Sp.komandytowa;(62)7915155;;
MWM Machinery Sp. z o.o.;602516835;;
NIKOR Sp. z o.o.;(41)2756190;;
NIKOR Sp. z o.o.;(41)2756191;;
NOMAT Nowak Aleksander;537177337;;
Novocon Poland S.A.;(12)2852154;;
Novocon Poland S.A.;(12)2852157;;
P.H.U AUTO-GLOB;(054)2822507;;
P.H.U AUTO-GLOB;605219883;;
P.H.U HAAD exp.imp Porada Adam;(58)3099637;;
P.H.U HAAD exp.imp Porada Adam;(58)3099652;;
P.H.U. DANSERWIS Daniel Wisz;(12)2513421;;
P.H.U. DANSERWIS Daniel Wisz;601742044;;
P.H.U. Diamantech;(61)8131078;;
P.H.U. Diamantech;784920575;;
P.H.U. MAGNUM Edward Cuper;693135685;;
P.H.U. MAGNUM Edward Cuper;(76)8355839;;
P.H.U. PAX;(91)4358434;;
P.H.U. PAX;(91)4894456;;
P.H.U. VITO Michał Cybulski;(58)3430023;;
P.H.U. VITO Michał Cybulski;502453229;;
P.H.U.P. Stolmett;(32)3635000;;
P.H.U.P. Stolmett;(32)2633925;;
P.H.U.WIMEX S.c.;(33)8100693;;
P.H.U.WIMEX S.c.;(33)8100694;;
P.P.H. Dziedzic Pruszyński Sp. z o.o.;(85)7157562;;
P.P.H. Stalplast S.c.;(43)6772275;;
P.P.H. Stalplast S.c.;(43)6772917;;
P.P.H.U. Pel-Gór Aleksander Pelewicz;(32)2765753;;
P.P.H.U. Pel-Gór Aleksander Pelewicz;602338162;;
P.P.H.U. TERMIKO zgrzewarki polifuzyjne;(32)2458369;;
P.P.H.U. TERMIKO zgrzewarki polifuzyjne;602139046;;
P.P.U. PEKWOL Krzysztof Piechota;(43)6713131;;
P.P.U. PEKWOL Krzysztof Piechota;603654178;;
P.W.TECH-PLAST;343685550;;
P.W.TECH-PLAST;343614375;;
PHPU PONAR-REMOX;(71)3366400;;
PHPU PONAR-REMOX;500210350;;
PHU Effect;(034)3629013;;
PHU Hemasz;(41)2715270;;
PHU Hemasz;601547992;;
PHU PAX;(91)4358434;;
PHU PAX;(91)4894456;;
PHU POLMET;(18)3310177;;
PHU POLMET;(18)3312241;;
PLAZMAR METANGA Mariusz Janiec;693337695;;
POL-SVER Sp. z o.o.;(22)5695190;;
POL-SVER Sp. z o.o.;(22)8179517;;
POLCOM Przemysław Kimla;(34)3658885;;
POLCOM Przemysław Kimla;(34)3608611;;
PONAR KORONOWO A.Bogucki, F.Kochański S.c.;(52)3822261;;
PONAR KORONOWO A.Bogucki, F.Kochański S.c.;(52)3820220;;
PPHU BALLAS;506046525;;
PPHU BALLAS;509737844;;
PPHU ORSTAL Jakub Rudewicz;660063704;;
PPHU ORSTAL Jakub Rudewicz;(55)2421193;;
PPHU Rafał Trauth REMO PONAR;(42)2502628;;
PPHU Rafał Trauth REMO PONAR;605573570;;
PPUH BAFAL;(33)8730295;;
PPUH BAFAL;608387743;;
Precyzyjna Obrobka Metali TEST Włodzimierz Wesołek;(91)4358014;;
Precyzyjna Obrobka Metali TEST Włodzimierz Wesołek;(91)4853792;;
PREMO Radosław Wiącek;(25)7985335;;
PREMO Radosław Wiącek;(25)7407190;;
Prodmet S.c.;(62)7347717;;
Prodmet S.c.;501531786;;
Producent Maszyn Dekarskich P.H.U.P. MAAD;(52)3342085;;
Producent Maszyn Dekarskich P.H.U.P. MAAD;607572799;;
PROMA Polska Sp. z o.o.;(71)3580520;;
PROMA Polska Sp. z o.o.;(71)3580545;;
Przedsiębiorstwo Handlowo Usługowe CARMEN;604143988;;
Przedsiębiorstwo Produkcyjno Handlowo Usługowe OLMET;662266011;;
Przedsiębiorstwo Produkcyjno-Handlowe JOWISZ Sp. z o.o.;(42)2502464;;
Przedsiębiorstwo Produkcyjno-Handlowe JOWISZ Sp. z o.o.;724617440;;
Przedsiębiorstwo Produkcyjno-Handlowo-Usługowe SUMECH;(52)3822884;;
Przedsiębiorstwo Produkcyjno-Handlowo-Usługowe SUMECH;(52)3822256;;
Przedsiębiorstwo Produkcyjno-Handlowo-Usługowe ZAG-SYSTEM Kamila Dorsz;607967799;;
Przedsiębiorstwo Produkcyjno-Usługowe ERODA;(42)6783418;;
Przedsiębiorstwo Produkcyjno-Usługowe ERODA;601298363;;
Przedsiębiorstwo Projektowo-Montażowe BiTech Sp. z o.o.;(32)2826503;;
Przedsiębiorstwo Projektowo-Montażowe BiTech Sp. z o.o.;(32)2896013;;
Przedsiębiorstwo Przemysłowo-Handlowe PROBUS Leszek Pietryka;(017)5841227;;
Przedsiębiorstwo Przemysłowo-Handlowe PROBUS Leszek Pietryka;(017)5840310;;
Przedsiębiorstwo Zaopatrzenia Inwestycyjnego INTECH;(56)6551118;;
Przedsiębiorstwo Zaopatrzenia Inwestycyjnego INTECH;606184375;;
PULA Sternicki, Stokłosa Sp.j.;(22)7226372;;
PULA Sternicki, Stokłosa Sp.j.;601243730;;
PULI-METAL;608380109;;
R&D Tech Sp. z o.o.;(68)4557101;;
R&D Tech Sp. z o.o.;(68)4557102;;
REDDEN;507175752;;
Remfrez;(62)7209237;;
Remfrez;606554151;;
Remonty Maszyn i Urządzeń Technicznych Ryszard Ostrowski;502659672;;
Remonty Maszyn i Urządzeń Technicznych Ryszard Ostrowski;(61)8173455;;
REMTER;724341378;;
RIVA Sp. z o.o.;(95)7411422;;
RIVA Sp. z o.o.;(95)7420264;;
Rodent Narzędzia Złotnicze T.Bugała;(22)7289767;;
Rodent Narzędzia Złotnicze T.Bugała;(22)7588356;;
Sandmet;(89)5265011;;
Sandmet;(89)5264996;;
SANDVIK Polska Sp. z o.o.;(22)6473880;;
SANDVIK Polska Sp. z o.o.;(22)3346991;;
Serwis Mechanika Maszyn i Obrabiarek Seweryn Muskała;606491984;;
SHOT BLASTING Sp. z o.o. Sp.komandytowa;501145302;;
SHOT BLASTING Sp. z o.o. Sp.komandytowa;509033460;;
SKRAWTECH Zbigniew Cieślik;(56)6742308;;
SKRAWTECH Zbigniew Cieślik;(56)6786740;;
Slawmet;(22)7873181;;
Slawmet;(22)7871879;;
Soldream Polska Sp. z o.o.;(22)7253382;;
Soldream Polska Sp. z o.o.;(22)7317224;;
STALRENT;(52)3406667;;
STALRENT;(52)3487015;;
START DOBROWOLSKI Sp.j.;(22)8367405;;
START DOBROWOLSKI Sp.j.;602312998;;
STR-Faktor;(22)8152795;;
STR-Faktor;(22)8152697;;
STROJIMPORT S.A. Przedstawicielstwo Firmy w Polsce;(71)7887620;;
STROJIMPORT S.A. Przedstawicielstwo Firmy w Polsce;(71)7887621;;
TCM Polska Sp. z o.o.;(76)7464661;;
TCM Polska Sp. z o.o.;(76)7464670;;
TECHINWEST Sp. z o.o.;(58)7339622;;
Tenaco Sp. z o.o.;(52)3213333;;
Tenaco Sp. z o.o.;(52)3213830;;
TEPARK;(77)4162221;;
TEPARK;(77)4163128;;
TOS Polska;(22)8519515;;
TOS Polska;(22)8519516;;
TRUMPF Polska Sp. z o.o. Sp.komandytowa;(22)5753900;;
TRUMPF Polska Sp. z o.o. Sp.komandytowa;(22)5753901;;
Tvareci stroje Sp. z o.o.;+420257216213;;
Tvareci stroje Sp. z o.o.;+420257212235;;
ULGREG Grzegorz Kugler;(52)3538838;;
ULGREG Grzegorz Kugler;663750527;;
W.N.J. EUROPE S.c.;506077535;;
W.N.J. EUROPE S.c.;502397572;;
WALDEX International;(068)4774380;;
WALDEX International;604186752;;
Wemax Sp. z o.o.;(85)7431938;;
Wemax Sp. z o.o.;(85)7431095;;
WEMET S.c. Ilona Naskręt Wiesław Naskręt;(65)5727880;;
WEMET S.c. Ilona Naskręt Wiesław Naskręt;601838119;;
WERIKO części zamienne do obrabiarek;(76)8459629;;
WERIKO części zamienne do obrabiarek;(76)7434051;;
Wiepofama S.A.;(61)8493150;;
Wiepofama S.A.;(61)8473047;;
XAP Andrzej Ordon;798525253;;
Ying Lin Machine & Service Sp. z o.o.;(22)7220509;;
Ying Lin Machine & Service Sp. z o.o.;(22)7220047;;
Z.P.H.U. KABA;(52)3723700;;
Z.P.H.U. KABA;(52)3723701;;
Z.P.H.U. METAL-WORK Kazimierz Mołodyński;(76)8185403;;
Z.P.H.U. METAL-WORK Kazimierz Mołodyński;(76)8185404;;
Z.P.U.H. LUCJAN DUDZIAK;(62)7396570;;
Z.P.U.H. LUCJAN DUDZIAK;(62)7396873;;
Z.P.U.H. METROBUD;(12)2734538;;
Z.P.U.H. METROBUD;603707737;;
Zakład Doradztwa Technicznego i Marketingu TOP;(32)6774130;;
Zakład Doradztwa Technicznego i Marketingu TOP;(32)6774139;;
ZAKŁAD NARZĘDZIOWY JELCZ Sp. z o.o.;(71)3811222;;
ZAKŁAD NARZĘDZIOWY JELCZ Sp. z o.o.;(71)3188282;;
Zakład Remontowo-Usługowo-Handlowy Waldemar Łukasiński;604425859;;
Zakład Remontowo-Usługowo-Handlowy Waldemar Łukasiński;(71)3456628;;
Zakład Ślusarsko-Mechaniczny;(22)7542265;;
Zakład Ślusarsko-Mechaniczny;608346952;;
Zakład Usługowo-Handlowy ELTREX;(65)5454300;;
Zakład Usługowo-Produkcyjny Zygmunt Badura;(32)2168034;;
Zakład Wielobranżowy SARMASZ;(52)3342951;;
Zakład Wielobranżowy SARMASZ;503858253;;
ZBM BUD-MASZ Janusz Duraj;(33)8671021;;
ZBM BUD-MASZ Janusz Duraj;(33)8652716;;
ZUW Milikowice;(74)8588495;;
Faber-CNC Marcin Winnicki;601288557;;
Faber-CNC Marcin Winnicki;(54)2355809;;
M-tech;881089464;;
Z.P.U. Zdzisław Wal;605051658;;
ABiTech;660304324;;
ABiTech;602880596;;
Activart Marcin Szeliga;506340629;;
AES TECHNIK;506483696;;
AES TECHNIK;535236363;;
AGEM Andrzej Grabowski;697982936;;
Alibud Maszyny Budowlane i Części;(22)6634791;;
Alibud Maszyny Budowlane i Części;(22)6634800;;
ALTRON Cięcie Laserowe;604895799;;
AMKOVO;(22)8423929;;
AMKOVO;(22)8422740;;
ANGSTREM Mariusz Kufel;503342862;;
ARTECH Sp. z o.o.;(91)4837740;;
ARTECH Sp. z o.o.;695587134;;
Artykuły Techniczne W.Bielecki;519115625;;
Artykuły Techniczne W.Bielecki;(22)6787069;;
ASPAT;(032)2168051;;
ASPAT;(032)2168603;;
ASPOL-GAZ Gazy Techniczne;(34)3430024;;
ASPOL-GAZ Gazy Techniczne;(34)3430018;;
AVANTI-TOOLS Sp. z o.o.;(61)8755302;;
AVANTI-TOOLS Sp. z o.o.;(61)8720321;;
AVION CENTRAL EUROPE Sp. z o.o.;(61)6250713;;
AVION CENTRAL EUROPE Sp. z o.o.;(68)4145437;;
Azet-flex;(32)2301918;;
Azet-flex;(32)2305883;;
B&K S.c.;(33)8600202;;
BAAN Narzędzia, Pneumatyka, Elektronarzędzia;665083101;;
BAAN Narzędzia, Pneumatyka, Elektronarzędzia;785932294;;
BAAN Narzędzia, Pneumatyka, Elektronarzędzia;665083101;;
BAAN Narzędzia, Pneumatyka, Elektronarzędzia;785932294;;
BALLUFF Sp. z o.o.;(71)3384929;;
BALLUFF Sp. z o.o.;(71)3384930;;
Betomet Sp. z o.o.;(77)4140213;;
Betomet Sp. z o.o.;(77)4189906;;
BICCO;606707430;;
Biprotrans - Kuliński Sp. z o.o.;(34)3605675;;
Biprotrans - Kuliński Sp. z o.o.;(34)3614825;;
Bonus Specto Sp. z o.o.;(67)2622201;;
Bonus Specto Sp. z o.o.;(67)2622203;;
BOTAR Elektronarzędzia;(71)7913994;;
BOTAR Elektronarzędzia;(71)3453214;;
BramStal;(41)3314962;;
BramStal;(41)3626471;;
BRENZER POLSKA S.c.;(32)4449109;;
BRENZER POLSKA S.c.;519423903;;
BUDIMPEKS F S.c.;(61)2960849;;
BUDIMPEKS F S.c.;602152580;;
Budrad Polska Sp. z o.o.;(85)6747726;;
Budrad Polska Sp. z o.o.;(85)8745135;;
CENTIMA Marek Gembal;(71)3529007;;
CENTIMA Marek Gembal;603296916;;
Centrala Zaopatrzenia Technicznego STEM Sp. z o.o.;(91)8101101-02;;
Centrala Zaopatrzenia Technicznego STEM Sp. z o.o.;(91)8101111;;
Centrala Zaopatrzenia Technicznego STEM Sp. z o.o. Oddział w Barlinku;(95)7461808;;
Centrala Zaopatrzenia Technicznego STEM Sp. z o.o. Oddział w Barlinku;(95)7463447;;
Centrum Techniki Pneumatycznej i Antykorozji S.c.;(71)3260263;;
Centrum Techniki Pneumatycznej i Antykorozji S.c.;(71)3251712;;
Centrum Usługowo-Handlowe Budownictwa RAMPA Sp. z o.o. Sklep Internetowy zamurowany.pl;(32)2255543;;
Centrum Usługowo-Handlowe Budownictwa RAMPA Sp. z o.o. Sklep Internetowy zamurowany.pl;(32)2255638;;
CHEMOSERVIS-DWORY S.A.;(33)4802000;;
CHEMOSERVIS-DWORY S.A.;(33)4446059;;
CNC Wieczorek Sławomir Wieczorek;605630946;;
CNC Wieczorek Sławomir Wieczorek;(34)3470785;;
Contral Projects;793741463;;
CutMet;606455536;;
CutMet;(12)6387733;;
Dar Jan Orzeszko;(85)7402402;;
Dar Jan Orzeszko;508060608;;
Dener Polska Sp.j.;(58)7463356;;
DOM TECHNICZNY Janusz Wieczorek;(12)4294030;;
DOM TECHNICZNY Janusz Wieczorek;(12)4222661;;
DROTECH;(61)6519171;;
DROTECH;696011290;;
EHT Polska Sp. z o.o.;(58)6646461-62;;
EHT Polska Sp. z o.o.;(58)6648957;;
EKOCAD;795112860;;
ELEKTRO-MET S.c.;(17)8539049;;
ELMET Bis Jan Harapiuk Wrocławskie Przedsiębiorstwo Handlu i Usług;(71)3422082;;
ELMET Bis Jan Harapiuk Wrocławskie Przedsiębiorstwo Handlu i Usług;602635870;;
ELPOL Centrum Elektronarzędzi Andrzej Matejek;502104443;;
Ergo-Tech Rafał Stasiaczek;605534714;;
Ergo-Tech Rafał Stasiaczek;(32)2300085;;
EuroCeMa;(65)5340986;;
Europejskie Centrum Innowacyjne;(77)4183985;;
Europejskie Centrum Innowacyjne;(77)4187697;;
EUROTRADES;(71)7164488;;
EUROTRADES;518731766;;
F.H. FLEWER S.c.;(56)6553617;;
Fabryka Narzędzi GLOB Sp. z o.o.;(33)8165724;;
Fabryka Narzędzi GLOB Sp. z o.o.;(33)8210922;;
FANUM;(17)2214880;;
FANUM;(17)2214445;;
Ferbid Industrial Auctions;(41)3724817;;
Ferbid Industrial Auctions;516057729;;
FERROPLAST Z.E.D. Rybiccy Sp.j.;(94)3652456;;
FERROPLAST Z.E.D. Rybiccy Sp.j.;(94)3656095;;
FHU WIMABROK;(89)5338271;;
FHU WIMABROK;602304432;;
FIMBES Wawrzycki i Syn;(62)7301640;;
FIMBES Wawrzycki i Syn;(62)7302238;;
Firma Handlowo Usługowa TOM-KOR;(42)6417938;;
Firma Handlowo Usługowa TOM-KOR;515235935;;
Firma MONTERM;(018)3526988;;
Firma MONTERM;(018)3530850;;
Firma Produkcyjno-Usługowo-Handlowa METEX-C.K. Sp.j.;(52)3723931;;
Firma Produkcyjno-Usługowo-Handlowa METEX-C.K. Sp.j.;(52)3723947;;
FOREKO;(85)7392288;;
FOREKO;(85)6743325;;
Formako S.c.;605490990;;
Formako S.c.;667722559;;
FORMET S.c.;(43)6772740;;
FORN;(22)7806971;;
FORN;663912980;;
Głuchowski Enterprise;602105173;;
GMG TOOLS;(32)7209456;;
GMG TOOLS;602108685;;
GREEN;508388656;;
HEG Mariusz Myśliwiec;(091)4358757;;
HEG Mariusz Myśliwiec;(091)4358754;;
HIPAX Sp. z o. o. www.marek-sklep.com.pl;509628273;;
HMT Materiały Ścierne SAIT POLSKA;(89)7410019;;
HMT Materiały Ścierne SAIT POLSKA;(89)7413747;;
HurtowniaPrzemyslowa.pl;795617517;;
Hutnicze Przedsiębiorstwo Remontowe BUDOPOL-1 Sp. z o.o.;(32)2347483;;
Hutnicze Przedsiębiorstwo Remontowe BUDOPOL-1 Sp. z o.o.;(32)2347395;;
HUTPOL - kompleksowe zaopatrzenie przemysłu;887850870;;
HUTPOL - kompleksowe zaopatrzenie przemysłu;(32)2733090;;
HYDRAPRES S.A.;(52)3239200;;
HYDRAPRES S.A.;(52)3239201;;
IceTech Polska;(76)8456721;;
IceTech Polska;603491998;;
InfoTEC GROUP Sp. z o.o.;(61)8333999;;
InfoTEC GROUP Sp. z o.o.;(61)6242552;;
INTER-BIS;(18)5474420;;
INTER-BIS;(18)4444744;;
ISOTEK Sp. z o.o.;(61)8350850;;
ISOTEK Sp. z o.o.;(61)8350851;;
JAKOL Jakub Łastowski;725557882;;
JAKOL Jakub Łastowski;(52)5893485;;
JAKUBOWSKI mechanika precyzyjna;(42)6559318;;
JAZON Sp. z o.o.;(85)6761977;;
JAZON Sp. z o.o.;(85)6544620;;
JR TECHNOLOGY S.c. Piotr Rybiński, Dariusz Jeżowski;604757678;;
JR TECHNOLOGY S.c. Piotr Rybiński, Dariusz Jeżowski;508378470;;
JUNGET Sp. z o.o.;(052)3870600;;
JUNGET Sp. z o.o.;(052)3870673;;
K&K TOOLS Karol Karmoliński;889863034;;
Kamir-DMK Sp. z o.o.;(59)8481500;;
Kamir-DMK Sp. z o.o.;(59)8481501;;
KARBA B.Karczewski i Wspólnicy Sp.j.;(71)7242465;;
KARBA B.Karczewski i Wspólnicy Sp.j.;(71)7242468;;
KINPOL S.c.;(22)7405077;;
KINPOL S.c.;(22)5141255;;
KMA-MASZYNY S.c.;500213393;;
KMA-MASZYNY S.c.;(95)7206619;;
KMP Plastics;(22)7471865;;
KMP Plastics;(22)7471866;;
König Metall Polska;(77)4801210;;
König Metall Polska;(77)4801212;;
KOSSAKOWSKI CONSULTING;(22)4903726;;
KOSSAKOWSKI CONSULTING;(22)6482814;;
Lakiernia Proszkowa i Łóżka Metalowe Lak System;692232414;;
Lakiernia Proszkowa i Łóżka Metalowe Lak System;730777125;;
LONZAPET Sp. z o.o.;(58)3023432;;
LONZAPET Sp. z o.o.;(58)3029693;;
LOPKA P.P.H.U. Katarzyna Szynal;512725465;;
M Group Engineering Maciej Hałas, Marcin Miłek S.c.;507281649;;
M Group Engineering Maciej Hałas, Marcin Miłek S.c.;782651661;;
MAKTEK Jerzy Zalewski;(25)6310027;;
MAKTEK Jerzy Zalewski;(25)6310028;;
MAR-TOOLS Marcin Mosiagin;783416161;;
Maszyny-Budowlane.pl (Zi-Co Sp. z o.o.);(71)3634580;;
Maszyny-Budowlane.pl (Zi-Co Sp. z o.o.);(71)3634580w.24;;
Mathias Machines Trading & Service Poland Sp. z o.o.;(32)2388040;;
Mathias Machines Trading & Service Poland Sp. z o.o.;(32)4011630;;
MAXBOT Ł.Leńczuk & M.Kuliga;785107504;;
MAXBOT Ł.Leńczuk & M.Kuliga;785107505;;
Mechanika Maszyn J.NOWAKOWSKI Sp.j.;(22)6684638;;
Mechanika Maszyn J.NOWAKOWSKI Sp.j.;(22)8678829;;
Mechanika Maszyn Jan Mróz;(33)8764289;;
MECHANIKA MASZYN Radosław Biesiadecki;(22)7879087;;
MECHANIKA MASZYN Radosław Biesiadecki;604480750;;
METAD;600627174;;
METAD;660904683;;
Metal Market Sp.j. G.Kupczyńska, J.Cycoń;(32)2988881-83;;
Metal Market Sp.j. G.Kupczyńska, J.Cycoń;694472844;;
METAL-HANDEL Sp.j. Jacek Galas i Piotr Galas;(41)3727970;;
METAL-HANDEL Sp.j. Jacek Galas i Piotr Galas;662032056;;
METAL-LASER-SERWIS;(68)4594104;;
METAL-LASER-SERWIS;(68)4594105;;
METALMEX-Instal Marek Majorek;(54)2314660;;
METALMEX-Instal Marek Majorek;(54)2314659;;
MILTA - Maszyny i Technologie Znakowania;(58)3249056;;
MILTA - Maszyny i Technologie Znakowania;508185820;;
MISTA Sp. z o.o.;(15)8440352;;
MISTA Sp. z o.o.;(15)8134930;;
MORGANS Metal Plast;791234024;;
MTJ;(34)3270799;;
MTJ;601410448;;
NESTER-SERWIS;(74)8670417;;
NTPRO Biuro Konstrukcyjne;600519753;;
Odlewnia Białystok S.A.;(85)7413170;;
Odlewnia Białystok S.A.;508693423;;
OLMATECH Maciej Witkowski;509525131;;
P.H. Mark;(52)3979178;;
P.H. Mark;601959621;;
P.H. Skiff Technik;(24)2628000;;
P.H. Skiff Technik;505138131;;
P.H.P.U. AZBI;605997902;;
P.H.U. Artur Klein;(22)7819523;;
P.H.U. Artur Klein;606119641;;
P.H.U. Bomis;509172805;;
P.H.U. Bomis;501241199;;
P.H.U. DINSTAL S.c. K.Lenarczyk, J.Lenarczyk-Przekwas;(46)8629651;;
P.H.U. DINSTAL S.c. K.Lenarczyk, J.Lenarczyk-Przekwas;(46)8623577;;
P.H.U. Komplex;(61)8470427;;
P.H.U. Komplex;502091427;;
P.H.U. PRESS;(77)4832055;;
P.H.U. PRESS;605442318;;
P.H.Z. VENTURE Sp. z o.o.;(71)3112467;;
P.H.Z. VENTURE Sp. z o.o.;(71)3112537;;
P.P.H. ZAMEL Jacek Lipertowicz;(44)6335018;;
P.P.H. ZAMEL Jacek Lipertowicz;(44)6350347;;
P.P.H.U. BORAN;(25)6441800;;
P.P.H.U. BORAN;(25)6327254;;
P.P.H.U. El-Metex-2;(63)2785371;;
P.P.H.U. Migomax S.c. K.Chrzanowski, W.Pietralski;(48)3623970;;
P.P.H.U. MTT Sp. z o.o.;(34)3235362;;
P.P.H.U. MTT Sp. z o.o.;(34)3751213;;
P.P.H.U. PIM-STAL Michał Wawrzonowski;(22)3561420;;
P.P.H.U. PIM-STAL Michał Wawrzonowski;(22)3561418;;
P.P.H.U. PROD-MASZ;607102855;;
P.P.H.U. PROD-MASZ;(52)3341456;;
P.P.U. TECHMET Andrzej Borgul;(43)8866805;;
P.P.U.H. YardSystem;(61)8175107;;
P.P.U.H. YardSystem;504244291;;
P.W. Adam Kocikowski;608627190;;
P.W. Adam Kocikowski;(52)3865395;;
P.W. Almont;502505504;;
P.W.U.H KAMAT S.c.;(65)5120242;;
P.W.U.H KAMAT S.c.;501173170;;
PACLER JERZY Zakład Usługowo-Produkcyjny Ślusarstwo;(46)8385992;;
PACLER JERZY Zakład Usługowo-Produkcyjny Ślusarstwo;(46)8385945;;
PHU BETA;(062)5914810;;
PHU BETA;(062)5914812;;
PHU LRTECH Rafał Liberski;(71)7506055;;
PHU LRTECH Rafał Liberski;(71)7181722;;
POL-MER Sp. z o.o. Techniki Nanoszenia Powlok WALTHER-PILOT WIWA GRACO, Techniki Dozowania i Mieszania HuK DOPAG;(81)7403314-15;;
POL-MER Sp. z o.o. Techniki Nanoszenia Powlok WALTHER-PILOT WIWA GRACO, Techniki Dozowania i Mieszania HuK DOPAG;(81)7466666;;
PONAR ROGOWSKI Fabryka Maszyn i Urządzeń;(62)7822142;;
PONAR ROGOWSKI Fabryka Maszyn i Urządzeń;(62)7820136;;
Ponar Sp. z o.o.;(33)8612403;;
Ponar Sp. z o.o.;(33)8612406;;
POWER-TECH Janusz Marcin Ejma;(67)3070274;;
POWER-TECH Janusz Marcin Ejma;(67)3070074;;
PPH REDAS;(59)8412333;;
PPH REDAS;(59)8465011;;
PPHU ASTER;(42)2131195;;
PPHU ASTER;501146881;;
PPHU HIK Janina Oleksy;(68)4782829;;
PPHU HIK Janina Oleksy;(68)4443526;;
PPHU KENT S.c.;(63)2891912;;
PPHU KENT S.c.;601083321;;
PPHU STAL-SERWIS S.c.;784642792;;
PPHU STAL-SERWIS S.c.;(89)5413631;;
PPHU TECHMET;(41)3626797;;
PPHU TECHMET;503055492;;
PREMAR Sp. z o.o.;(22)7522049;;
Pressta Eisele Polska Sp. z o.o.;(55)2307960;;
Pressta Eisele Polska Sp. z o.o.;(55)2307961;;
PROD-MACH;519086588;;
PROD-MACH;519709333;;
PROFIPOL S.c.;(32)2162431;;
PROFIPOL S.c.;502305025;;
PROGRES S.c.;609548821;;
PROJEKT KROSNO S.c.;(13)4365018;;
PROJEKT KROSNO S.c.;604778208;;
Proto Center;728347134;;
Proto Center;662887226;;
Przedsiębiorstwo DANEK Andrzej Pilch;(71)3336556;;
Przedsiębiorstwo DANEK Andrzej Pilch;(71)3336557;;
Przedsiębiorstwo Handlowo-Usługowe FANTON;(59)8404298;;
Przedsiębiorstwo Handlowo-Usługowe FANTON;504270447;;
Przedsiębiorstwo Produkcyjno-Handlowe PROMASZ S.c.;(71)3441513;;
Przedsiębiorstwo Produkcyjno-Handlowe PROMASZ S.c.;(71)3446528;;
Przedsiębiorstwo Produkcyjno-Usługowo-Handlowe DUDPOL;(32)2668211;;
Przedsiębiorstwo Produkcyjno-Usługowo-Handlowe DUDPOL;503387158;;
Przedsiębiorstwo Techniczno-Handlowe STAMAR;(48)3817211;;
PRZEDSIĘBIORSTWO TECHNICZNO-HANDLOWE TEX Sp. z o.o.;(32)2168561;;
PRZEDSIĘBIORSTWO TECHNICZNO-HANDLOWE TEX Sp. z o.o.;(32)2168575;;
Przedsiębiorstwo Wielobranżowe FERKUT;(091)4829325;;
Przedsiębiorstwo Wielobranżowe FERKUT;502631327;;
Przedsiębiorstwo Wielobranżowe WEGA BETA Sp. z o.o.;602613940;;
Quedex;(61)8963802;;
Quedex;(61)8963900;;
Reichenbacher Hamuel Polska;(22)8223377;;
Reichenbacher Hamuel Polska;601222904;;
Rem-Tech Remigiusz Mądrowski Sp.j.;(22)8371614;;
Rem-Tech Remigiusz Mądrowski Sp.j.;(22)8371497;;
REMEKS Sp. z o.o.;(32)6772783;;
Reszform;(22)7298374;;
Reszform;502620729;;
RICHO Polska;(58)3509043;;
RICHO Polska;(58)3509043;;
Rojax CNC Machining Sp. z o.o.;(91)4167113;;
Rojax CNC Machining Sp. z o.o.;(91)4158916;;
S&S Industrial Marketing;(71)7104625;;
S&S Industrial Marketing;(71)3988138;;
SANET J.A.Szostak Sp.j.;(58)6634105;;
SANET J.A.Szostak Sp.j.;(58)6231096;;
Schachermayer Polska Sp. z o.o.;(12)2583170-72;;
Schachermayer Polska Sp. z o.o.;(12)2583199;;
Serwotech;601661369;;
Serwotech;606610007;;
Sklep Metalowo-Narzędziowy MECHANICZNA ŚLIWKA Łukasz Łuczański;(71)7220229;;
Sklep Metalowo-Narzędziowy MECHANICZNA ŚLIWKA Łukasz Łuczański;(75)6126614;;
SKRAWBAST Warsztat Obróbki Metalu Sebastian Janerka;663681569;;
SMOLTECH Technika Zgrzewalnicza;(71)7234992;;
SMOLTECH Technika Zgrzewalnicza;(71)7234843;;
Spin;(12)4173721;;
Spin;501442653;;
StalBud-Spiralski Sp.j.;(61)8142114;;
STALINVEST Maszyny Przemysłowe;(59)8425555;;
STAN-DREW Stanisław Pioch;607614625;;
STAN-DREW Stanisław Pioch;605997939;;
STEFAND Sp. z o.o.;(17)8523306;;
STEFAND Sp. z o.o.;(17)8529803;;
STIGAL;(76)7217105;;
STIGAL;(76)7213527;;
System-Barosz Gwimet Sp. z o.o;(32)4556159;;
System-Barosz Gwimet Sp. z o.o;(32)4556268;;
ŚLU-MECH Zakład Ślusarsko-Mechaniczny Zbigniew Szewczyk;(95)7523276;;
ŚLU-MECH Zakład Ślusarsko-Mechaniczny Zbigniew Szewczyk;604176227;;
Tar-G narzędzia skrawające hurt i detal;605300157;;
Technar Sp. z o.o.;(32)4281150;;
Technar Sp. z o.o.;(32)4281169;;
Technika Skrawania Sklep internetowy itechnika.pl;500322444;;
Technika Skrawania Sklep internetowy itechnika.pl;601313388;;
TECHSPEED Bendkowski, Mazur Sp.j.;(32)3636600;;
TECHSPEED Bendkowski, Mazur Sp.j.;(32)7202094;;
Tessa Wolff i Synowie Sp.j.;(12)6328141;;
Tessa Wolff i Synowie Sp.j.;602659682;;
Toolsprofi S.c.;791764040;;
Toolsprofi S.c.;791751100;;
Urdiamant Sp. z o.o.;(33)8212130;;
Urdiamant Sp. z o.o.;506044489;;
VAG-TECH;535535812;;
Vericon Sp. z o.o.;696497689;;
Vericon Sp. z o.o.;696495728;;
Vitomet;(32)3604543;;
Vitomet;602702211;;
WEGOMA;(18)3312241;;
WEGOMA;(18)3310177;;
WEGOMA Polska;(65)5123134;;
WEGOMA Polska;(65)5125362;;
WERG - Obróbka Skrawaniem;(25)7560878;;
WERG - Obróbka Skrawaniem;(25)7583922;;
WHEELABRATOR SCHLICK Sp. z o.o.;(22)6517091;;
WHEELABRATOR SCHLICK Sp. z o.o.;(22)6517092;;
Wytwórnia Sprzętu Komunikacyjnego Poznań Sp. z o.o.;(61)8783200;;
Wytwórnia Sprzętu Komunikacyjnego Poznań Sp. z o.o.;(61)8793301;;
Z.H. ROLSTAL;(22)3718281;;
Z.H. ROLSTAL;(22)7200246;;
Zakład Konstrukcji Stalowych Budochem;(14)6295082;;
Zakład Konstrukcji Stalowych Budochem;(14)6295062;;
Zakład Mechaniczny Lech Podgórski;(63)2688946;;
Zakład Mechaniczny Lech Podgórski;(63)2703843;;
Zakład Naprawczy Mechanizacji Rolnictwa Sp. z o.o.;(89)6462291;;
Zakład Naprawczy Mechanizacji Rolnictwa Sp. z o.o.;(89)6462889;;
Zakład Produkcyjno-Usługowy CLIP Jacek Bochenek;605356766;;
Zakład Produkcyjno-Usługowy CLIP Jacek Bochenek;609554332;;
Zakład Remontowy REKOM Sp. z o.o.;(77)4812090;;
Zakład Remontowy REKOM Sp. z o.o.;(77)4812928;;
Zakład Stolarsko Tapicerski Janusz Malicki;(17)2262524;;
Zakład Stolarsko Tapicerski Janusz Malicki;(17)2250404;;
Zakład Ślusarsko-Mechaniczny i Wytwarzanie Artykułów z Tworzyw Sztucznych Mariusz Sobański;(41)2532176;;
Zakład Ślusarsko-Mechaniczny i Wytwarzanie Artykułów z Tworzyw Sztucznych Mariusz Sobański;507157259;;
Zakład Ślusarsko-Mechaniczny Jerzy Kucybała;(41)2532214;;
Zakład Ślusarsko-Mechaniczny Jerzy Kucybała;508147477;;
Zakład Ślusarstwa Produkcyjnego Auto-Sprzęt Mirosław Przybył;(12)2851424;;
Zakład Ślusarstwa Produkcyjnego Auto-Sprzęt Mirosław Przybył;(12)6370124;;
Zakład Urządzeń Metalowych METAL-CHEM Sp.j. Zakład Pracy Chronionej;(41)3177258;;
Zakład Urządzeń Metalowych METAL-CHEM Sp.j. Zakład Pracy Chronionej;(41)3177002;;
Zakład Urządzeń Technicznych GRUPA TECHNICZNA;(22)7275871;;
Zakład Urządzeń Technicznych GRUPA TECHNICZNA;(22)7275895;;
Zakład Usług Technicznych GLINIK Sp. z o.o.;(18)3528649;;
ZAKMET S.c.;(75)7216622;;
ZALCO Sp. z o.o.;(22)8945500;;
ZALCO Sp. z o.o.;(22)6446552;;
ZK-REM;(77)4841248;;
ZK-REM;(77)4842210;;
ZPUH JA-MECH;(43)6771855;;
ZPUH JA-MECH;697618812;;
ZUP WIBRAMET inż. Stefan Maksymiuk;(094)3457500;;
ZUP WIBRAMET inż. Stefan Maksymiuk;(094)3405325;;
ZUPH ELEKTRO-MECH Marzena Krawczyk;(61)4451151;;
ZUPH ELEKTRO-MECH Marzena Krawczyk;509401008;;
