AGRO WOJCIECH;723605901;;
AGRO WOJCIECH;(85)7336183;;
ELTOM;691485781;;
OLIMET Dariusz Bieganek;604407206;;
OLIMET Dariusz Bieganek;604425149;;
PHU ROLPLON;(32)4723673;;
Produkcja Maszyn Rolniczych i Części Zamiennych KOWALSCY Sp.j.;(61)4360566;;
Produkcja Maszyn Rolniczych i Części Zamiennych KOWALSCY Sp.j.;(61)6222586;;
STOMIL Agro;(77)4635564;;
Złoty Kłos Adam Tęsny;(81)8211585;;
Złoty Kłos Adam Tęsny;(81)8211016;;
ABC ROL Sp. z o.o.;(91)5793128;;
ABC ROL Sp. z o.o.;(91)8872164;;
Agro-Las Maszyny Rolnicze i Leśne;(67)2168158;;
Agro-Las Maszyny Rolnicze i Leśne;782958961;;
AGROMASZ Zakład Metalowy Gruszczewski Janusz;(89)7412192;;
ARON PHU;(43)6758631;;
ARON PHU;(43)6759806;;
BALTIPOL Sp. z o.o.;(22)7804312;;
BALTIPOL Sp. z o.o.;(22)2128007;;
BARTNIK Techniczne Wyposażenie Rolnictwa;(24)2617022;;
BARTNIK Techniczne Wyposażenie Rolnictwa;(24)2612587;;
FHU PIOMAR AGRO-TECH Piotr Morawski;(48)6703027;;
FHU PIOMAR AGRO-TECH Piotr Morawski;(48)6703721;;
GMN Techmet Sp. z o.o.;(24)2750505-06;;
GMN Techmet Sp. z o.o.;(24)2757771;;
HANROL CZEMPIŃ Przedsiębiorstwo Produkcyjno-Handlowe Sp. z o.o.;(61)2826278;;
KAROL Sp. z o.o.;(54)2823584;;
KAROL Sp. z o.o.;509203059;;
OMEGA Motławscy;(62)7215288;;
P.P.H. AGRO-FACTORY;(24)7217571;;
P.P.H. AGRO-FACTORY;(24)7212695;;
POLTECH Michał Piotrowski;(22)7737111;;
POLTECH Michał Piotrowski;602746024;;
PPHU EKIW Sp. z o.o.;(14)6830870;;
PPHU EKIW Sp. z o.o.;604585583;;
PRONAR Sp. z o.o.;(85)6827100;;
PRONAR Sp. z o.o.;(85)6816383;;
Przedsiębiorstwo Handlowo-Usługowo-Produkcyjne AMAROL;(44)6326266;;
Przedsiębiorstwo Handlowo-Usługowo-Produkcyjne AMAROL;600048441;;
Przedsiębiorstwo Produkcyjno-Handlowe MET-POL Sp. z o.o.;(43)8232915;;
Przedsiębiorstwo ROLMECH Sp. z o.o.;(23)6627291;;
Przedsiębiorstwo ROLMECH Sp. z o.o.;(23)6627290;;
ROL-MECH Sp. z o.o.;(16)6282266;;
ROL-MECH Sp. z o.o.;(16)6281032;;
Rolmet S.c.;(62)7305393;;
Rolmet S.c.;(62)7303507;;
SANROL Sp. z o.o.;(15)8413887;;
SANROL Sp. z o.o.;(15)8413886;;
URSON;(33)8755129;;
URSON;(33)8701661;;
Zakład Wytwórczo Usługowy ROLMET;(54)2825636;;
Zakład Wytwórczo Usługowy ROLMET;(54)2828567;;
AGJAT PPHU Sp.j.;(34)3557284;;
AGJAT PPHU Sp.j.;(34)3557118;;
Agro-Masz Anna Smyk i Janusz Smyk Sp.j.;(77)4331167;;
AGRO-URSUS;(52)3975442;;
AGRO-URSUS;(52)5543130;;
AGROJANEX;(46)8157650;;
AGROJANEX;695610544;;
Agroland Sp. z o.o.;(22)1885077;;
Agroland Sp. z o.o.;(22)2050498;;
AGROM Przemysław Pruchniewski;(61)4275239;;
AGROM Przemysław Pruchniewski;(61)4275593;;
AGROMEX Krystochowicz Sp.j.;(56)4743727;;
AGROMEX Krystochowicz Sp.j.;(56)4724409;;
Amrol Sp. z o.o.;(56)6891230;;
Amrol Sp. z o.o.;(56)6891186;;
ANKUS Import-Export;(76)8708805;;
ANKUS Import-Export;(76)8718749;;
ANT-ROL Antoni Mieczkowski;691536903;;
ANT-ROL Antoni Mieczkowski;605663995;;
ATW S.A.;(13)4689333;;
ATW S.A.;(13)4689368;;
EURO-MASZ Usługi Rolnicze i Produkcja Maszyn Rolniczych;509729524;;
EURO-MASZ Usługi Rolnicze i Produkcja Maszyn Rolniczych;512081781;;
EXPOM Sp. z o.o.;(24)2523003;;
EXPOM Sp. z o.o.;(24)2524306;;
F.H.U. Składnica Maszyn i Artukułów Rolniczych oraz Handel Obwoźny Zbigniew Kiedrowski;(58)6808231;;
F.H.U. Składnica Maszyn i Artukułów Rolniczych oraz Handel Obwoźny Zbigniew Kiedrowski;(58)6800841;;
FRICKE Maszyny Rolnicze Sp. z o.o.;(89)7412974;;
FRICKE Maszyny Rolnicze Sp. z o.o.;(89)7415345;;
HARDI POLSKA;509282298;;
HARDI POLSKA;516017632;;
MASZPOL Jan Dobroniecki;(67)2687251;;
MASZPOL Jan Dobroniecki;602707174;;
Maszyny Rolnicze Mariusz Zdunek;(81)5810940;;
Maszyny Rolnicze Mariusz Zdunek;795464153;;
Mesko-Rol Sp. z o.o.;(41)2534120;;
Mesko-Rol Sp. z o.o.;(41)2533309;;
MOTOAGRO;604400020;;
P.H.U. ROL-MECH Sp.j.;(81)5853098;;
P.H.U. ROL-MECH Sp.j.;(81)5852424;;
P.P.U. MAGROTEX Sp. z o.o.;(76)8188329;;
P.P.U. MAGROTEX Sp. z o.o.;(76)8191668;;
Perkoz-BIS Sp. z o.o.;882105332;;
Perkoz-BIS Sp. z o.o.;882120152;;
Raitech Raiffeisen Agro-Technika Sp. z o.o.;(52)3810415;;
Raitech Raiffeisen Agro-Technika Sp. z o.o.;(52)3810609;;
REMPRODEX Sp. z o.o.;(59)8342288;;
REMPRODEX Sp. z o.o.;(59)8342280;;
REWERA Zbigniew Rewera;(15)8327623;;
REWERA Zbigniew Rewera;602756034;;
STS Sp. z o.o.;501540509;;
ZHUP POLMARK;(29)6449123;;
ZHUP POLMARK;602690392;;
AGRI-SERWIS;507137790;;
AGRO MACHINES Marek Zbigniew Wiśniewski;501385555;;
AGRO MACHINES Marek Zbigniew Wiśniewski;(23)6765869;;
AGRO-KOMPLEKS S.c.;(58)5622329;;
AGRO-KOMPLEKS S.c.;(58)56210177;;
ALPO Sasuła S.c.;695998803;;
ALPO Sasuła S.c.;601419115;;
BOGART;(52)5256256;;
BOGART;506038319;;
CALGAR EXPORT-IMPORT;(89)7511091;;
CALGAR EXPORT-IMPORT;609716644;;
DOM-ROL Jarosław Szczublewski;602814423;;
Firma Handlowa LUPUS Export-Import;(23)6732604;;
Firma Handlowa LUPUS Export-Import;(23)6737688;;
Firma KOŁASZEWSKI;(59)8223488-89;;
Firma KOŁASZEWSKI;(59)8222475;;
GENEU Beata Jerczyńska;(52)3810277;;
GENEU Beata Jerczyńska;(52)3810278;;
HBT Roltrac Sp. z o.o. Oddział w Kroczycach;(34)3152100;;
HBT Roltrac Sp. z o.o. Oddział w Kroczycach;609236105;;
HEDEM Małgorzata Łaszewska;(62)7302932;;
HEDEM Małgorzata Łaszewska;(62)5860101;;
Import Export Maszyn Rolniczych i Budowlanych;(76)8871436;;
Import Export Maszyn Rolniczych i Budowlanych;664123599;;
LASEL Sp. z o.o.;(32)4228306;;
LASEL Sp. z o.o.;(32)4237712;;
LESZ-ROL;601655776;;
M.I.H.G. Polska Sp. z o.o.;(91)5703801;;
M.I.H.G. Polska Sp. z o.o.;(91)5703804;;
Maszyny Rolnicze i Części Zamienne;(23)6794272;;
Maszyny Rolnicze i Części Zamienne;508550393;;
MCP Mechanizacja Centrum Polska Sp. z o.o.;(59)8484100;;
MCP Mechanizacja Centrum Polska Sp. z o.o.;(59)8115427;;
Mega Zborowski Mirosław, Gajowy Piotr Sp.j.;(25)7983198;;
Mega Zborowski Mirosław, Gajowy Piotr Sp.j.;691140013;;
P.H.P.U. AGROVOL Sp. z o.o.;(68)4555055;;
P.H.P.U. AGROVOL Sp. z o.o.;(68)4555056;;
P.H.U. AGRO-MASZ;(29)7721418;;
P.H.U. Agromasz Sp. z o.o.;(29)7617539;;
P.H.U. Agromasz Sp. z o.o.;(29)7617540;;
P.P.U.H. AGRO-REM;(15)8365665;;
P.P.U.H. AGRO-REM;608370134;;
Pamira Agrotechnic Sp. z o.o.;(94)3643616;;
Pamira Agrotechnic Sp. z o.o.;501454835;;
PHU ROLGWAR;(91)5783020;;
PPHU Marian KISIEL;(41)3023210;;
PPHU Marian KISIEL;(41)3023210;;
PPHU WACHOWSKI Producent Maszyn Sadowniczych;609360794;;
PPHU WACHOWSKI Producent Maszyn Sadowniczych;695117641;;
Przedsiębiorstwo Wielobranżowe AGRO-EKO Grzegorz Pilch;(77)4711765-67;;
Przedsiębiorstwo Wielobranżowe AGRO-EKO Grzegorz Pilch;(77)4855089;;
Przedsiębiorstwo Wielobranżowe CHRUSTOWSKI;(67)2667309;;
Przedsiębiorstwo Wielobranżowe CHRUSTOWSKI;604633216;;
ROL-MASZ Brzozowscy;(87)6153886;;
ROL-MASZ Brzozowscy;605575834;;
ROLMA Marian Pasoń;(41)3942543;;
ROLMA Marian Pasoń;604128665;;
ROLTECH Tadeusz Skonieczny;(77)4335677w.21;;
ROLTECH Tadeusz Skonieczny;(77)4330308w.26;;
ROLTOP Sp. z o.o.;(58)6836115;;
SKŁADNICA S.c.;(91)3922421;;
TOMKOR Z.Tomaszewski i Wspólnicy Sp.j.;(22)4782054-55;;
WEREMCZUK FMR Sp. z o.o.;(81)5171561;;
WEREMCZUK FMR Sp. z o.o.;(81)5171560;;
Zakład Handlowy KOLACERIS Eryk Cieślak;(34)3575645;;
Zakład Technicznej Obsługi Rolnictwa S.c. Jamroziński Roman i Krystyna;(77)4107110;;
Zakład Technicznej Obsługi Rolnictwa S.c. Jamroziński Roman i Krystyna;604215976;;
ZPU HESZ;697883489;;
Eksport-Import FREJUS Polska;(67)2167913;;
Eksport-Import FREJUS Polska;600102606;;
OGROLMET Przedsiębiorstwo Produkcyjno Handlowe Jerzy Mroczek;(61)8677773;;
OGROLMET Przedsiębiorstwo Produkcyjno Handlowe Jerzy Mroczek;(61)8677772;;
Przedsiębiorstwo ROLMECH Sp. z o.o. Oddział Błonie;(22)7963340;;
Przedsiębiorstwo ROLMECH Sp. z o.o. Oddział Błonie;(22)7254630;;
Przedsiębiorstwo ROLMECH Sp. z o.o. Oddział Węgrów;(25)7925927;;
Przedsiębiorstwo ROLMECH Sp. z o.o. Oddział Węgrów;(23)6613989;;
Przedsiębiorstwo ROLMECH Sp. z o.o. Oddział Winnica;(23)6914444;;
Przedsiębiorstwo ROLMECH Sp. z o.o. Oddział Winnica;(23)6914445;;
Przedsiębiorstwo ROLMECH Sp. z o.o. Oddział Żakowola;(83)3722114;;
Przedsiębiorstwo ROLMECH Sp. z o.o. Oddział Żakowola;600836256;;
JAR-MET Sp.j.;(25)7922525;;
JAR-MET Sp.j.;(25)7922675;;
SaMASZ Sp. z o.o.;(85)6544582;;
SaMASZ Sp. z o.o.;(85)6544584;;
FUH ROLMASZ Sp. z o.o. Sp.komandytowa;(17)2216181;;
FUH ROLMASZ Sp. z o.o. Sp.komandytowa;(17)2233053;;
ZPUH KOMFORT Zakład Pracy Chronionej;(67)2844422;;
ZPUH KOMFORT Zakład Pracy Chronionej;(67)2843483;;
Górnicza Fabryka Narzędzi Sp. z o.o.;(83)3528701-03;;
Górnicza Fabryka Narzędzi Sp. z o.o.;(83)3528708;;
INTERHANDLER Sp. z o.o.;(56)6102820;;
INTERHANDLER Sp. z o.o.;(56)6480400;;
NDS Grzegorz Michałek;(61)8140398;;
NDS Grzegorz Michałek;(61)8947952;;
P.H. Agroskład Sp.j.;(44)7192488;;
P.H. Agroskład Sp.j.;(44)7193149;;
POLIMERC Sp. z o.o.;(12)3728910Centrala;;
POLIMERC Sp. z o.o.;(12)3728901;;
POLSAD Jacek Korczak;(24)2547958;;
POLSAD Jacek Korczak;(24)2541416;;
AutoBudziszewski Usługi Samochodowe Marian Budziszewski;(54)2333549;;
AutoBudziszewski Usługi Samochodowe Marian Budziszewski;600314876;;
KOTŁO-POL;(62)7617500;;
KOTŁO-POL;(62)7617600;;
Zakład Produkcyjno-Handlowy Janusz Pogoda;(17)7887897;;
Zakład Produkcyjno-Handlowy Janusz Pogoda;602457403;;
Agro-Partner Zakład Techniki Komunalnej i Rolniczej;692053139;;
BENTLEY FARM;(22)8639013;;
BENTLEY FARM;(22)8639042;;
MARCOR Zakład Usług Techniczno-Handlowych Maszyn Górniczych i Budowlanych;(12)2924018;;
MARCOR Zakład Usług Techniczno-Handlowych Maszyn Górniczych i Budowlanych;601470978;;
MP Service S.c.;601441347;;
MP Service S.c.;697668607;;
P.U.R. TECHROL;(52)3511728;;
POL-MOT Holding S.A.;(22)8315898;;
POL-MOT Holding S.A.;(22)8310890;;
SEK-BUD Sebastian Śmierciak;(18)5474014;;
SEK-BUD Sebastian Śmierciak;603679273;;
SFAMASZ Skierniewicka Fabryka Maszyn Urządzeń i Konstrukcji Jan Dziedzic;(46)8386666;;
SFAMASZ Skierniewicka Fabryka Maszyn Urządzeń i Konstrukcji Jan Dziedzic;(46)8386781;;
STALMECH;(24)3671008;;
STALMECH;(24)3673300;;
TECHMASZ Sp. z o.o.;(23)6545040;;
Zakład Usługowo-Handlowy MOTO-DIESEL- SKLEP Michalak Leszek;(95)7475681;;
Zakład Usługowo-Handlowy MOTO-DIESEL- SKLEP Michalak Leszek;(95)7470207;;
JFC Polska Sp. z o.o.;(29)7578377;;
JFC Polska Sp. z o.o.;(29)7578201;;
AGROROLNIK Wiesław Banach;501482005;;
AGROROLNIK Wiesław Banach;509798411;;
Csort Polska;793123623;;
PTGU Sp. z o.o.;693324551;;
Zakład Zaopatrzenia Usług i Produkcji Sp. z o.o.;(85)6632988;;
Zakład Zaopatrzenia Usług i Produkcji Sp. z o.o.;(85)6632216;;
ADIAGRO;(86)4721073;;
ADIAGRO;(86)4720807;;
Adler Agro Sp. z o.o.;(85)7418650;;
Adler Agro Sp. z o.o.;(85)7418863;;
ADROL;(86)2700146;;
ADROL;(86)2238333;;
AGERPOL Sp. z o.o.;(14)6440170;;
AGERPOL Sp. z o.o.;(14)6440171;;
AGRARADA Sp. z o.o.;(71)3922194;;
AGRARADA Sp. z o.o.;(71)3947026;;
AGRI-CONSULT;691401914;;
AGRI-CONSULT;603941378;;
AGRI-MAL Jakub Maliczenko;660167503;;
AGRI-MAL Jakub Maliczenko;728585330;;
AGRI-PLANT Cichocki;666312312;;
AGRI-PLANT Cichocki;(74)8190460;;
Agric-Service Serwis Maszyn Rolniczych;586768524;;
AGRIKOM S.c.;885011111;;
AGRIKOM S.c.;603678371;;
AGRIPAK Sp. z o.o. Sp.komandytowa;(46)8921717;;
AGRO BIS Sklep Internetowy agrobis.eu;607211855;;
AGRO BIS Sklep Internetowy agrobis.eu;512344158;;
Agro Centrum;(68)3529347;;
AGRO CENTRUM Olesno;(34)3583786;;
AGRO CENTRUM Olesno;608662553;;
AGRO Chłopecki S.c.;(54)2894245;;
AGRO Chłopecki S.c.;505185399;;
AGRO HANDEL Szymula Aurelia Szymula;(75)7301751;;
AGRO HANDEL Szymula Aurelia Szymula;609535299;;
AGRO LIDER;600895839;;
AGRO LIDER;604250240;;
AGRO MAGDA Wojciech Magda;(67)2582093;;
AGRO MAGDA Wojciech Magda;(67)2580787;;
Agro MIREX Sp. z o.o.;(81)7441921;;
Agro MIREX Sp. z o.o.;(81)7456287;;
Agro Speed;606189308;;
Agro Usługi Leszczyński;(62)7253868;;
Agro Usługi Leszczyński;609835969;;
AGRO-AN;605161139;;
AGRO-BAZAR;888711713;;
Agro-Centrum Pośrednictwo Handlowe Ewa i Jan Kucharczyk;510234224;;
Agro-Handel;(65)5402522;;
Agro-Handel;608627456;;
AGRO-HANDEL Szabuniewicz;(65)5432466;;
AGRO-HANDEL Szabuniewicz;512363485;;
AGRO-INSTAL Paweł Chudy;(65)5711284;;
AGRO-INSTAL Paweł Chudy;602806421;;
Agro-Jan S.c.;(12)2114444;;
Agro-Jan S.c.;(12)2114445;;
Agro-Leliwa Mariusz Bundz;(15)8228010;;
Agro-Leliwa Mariusz Bundz;535761223;;
Agro-Lift;(81)8654880;;
Agro-Lift;605430868;;
AGRO-MAR;798307900;;
AGRO-MAR;(33)8589249;;
Agro-Market;(41)2646443;;
Agro-Market;502512618;;
AGRO-MASZ Paweł Nowak;(44)7874924;;
AGRO-MASZ Paweł Nowak;(44)7871202;;
AGRO-MASZYNY;(61)4258309;;
AGRO-MASZYNY;696264730;;
Agro-Mechanika;501832246;;
AGRO-MIG Sp.j.;(63)2893430;;
AGRO-MIG Sp.j.;(63)2892810;;
AGRO-MIL;505420807;;
AGRO-MIL;564688463;;
AGRO-MOTORS Sp. z o.o.;(42)7194207;;
AGRO-MOTORS Sp. z o.o.;794568858;;
AGRO-PARTS;604909502;;
Agro-Perfekt;(61)6416917;;
Agro-Perfekt;508801104;;
AGRO-RAMI Raniś i Wspólnicy S.c.;(62)7616215-17;;
AGRO-RAMI Raniś i Wspólnicy S.c.;(62)7616214;;
AGRO-RENT;783007777;;
AGRO-SERWIS;696326843;;
AGRO-SERWIS DS Sp. z o.o. Sp.komandytowa;(86)2703099;;
AGRO-SERWIS DS Sp. z o.o. Sp.komandytowa;(86)2760205;;
AGRO-SON;500480684;;
AGRO-SON;503400893;;
AGRO-STAN Adriana Staniszewska;501519439;;
AGRO-STAN Adriana Staniszewska;504221855;;
AGRO-STANEK;(12)3869637;;
AGRO-TECH;(84)6891021;;
AGRO-TECH;603114962;;
AGRO-TECH-MILK S.c. Eugeniusz Wolski i Tomasz Matuszak;601245420;;
AGRO-TECH-MILK S.c. Eugeniusz Wolski i Tomasz Matuszak;605440860;;
Agro-Terreco Polska Sp. z o.o.;(61)2851222;;
Agro-Terreco Polska Sp. z o.o.;515185700;;
AGRO-TUR J.Adaszak, N.Moździerz Sp.j.;(62)7415272;;
AGRO-TUR J.Adaszak, N.Moździerz Sp.j.;660616099;;
Agro-Zet S.c.;(62)7687106;;
Agro-Zet S.c.;(62)7687104;;
AGRO//SELNET;(61)4476917;;
AGRO//SELNET;(61)6232481;;
AGROBARD Sp.j.;(48)6180910;;
AGROBARD Sp.j.;(48)6180638;;
AGROCAR;(77)4854051;;
AGROCAR;697992411;;
AgroD S.c.;(18)5478132-33;;
Agrofarm24.pl;796139676;;
AGROFART;668675345;;
AGROFART;668823675;;
AGROFOR S.c.;(14)6721041;;
AGROGAMA II;(77)4124160;;
AGROGAMA II;(77)4124172;;
AGROGRUPA AMP PROJECT;(61)6222631;;
AGROGRUPA AMP PROJECT;519584123;;
AGROHANDEL Kutno;(24)3627303;;
AGROHANDEL Kutno;(24)3627302;;
AGROHANDEL S.c.;(68)3670567;;
Agrohandel Sp.j.;768506112;;
Agrohandel Sp.j.;(76)8506449;;
AGROHES;603059945;;
AGROHES;(65)5711711;;
AgroImport S.c.;695228411;;
AgroImport S.c.;509917990;;
AgroJet;(22)6489742;;
AgroJet;(22)6440368;;
AGROKOM;(14)6118484;;
AGROKOM;602517684;;
AGROL S.c.;501363951;;
AGROL S.c.;502363951;;
AGROLA Zakład Handlowo-Produkcyjny Zdzisław Niegowski;(25)6760130-31;;
AGROLA Zakład Handlowo-Produkcyjny Zdzisław Niegowski;606936583;;
AGROLMET;(52)3558062;;
AGROLMET;508189400;;
AGROLTECH;(61)8301000;;
AGROŁAD Szcześniak-Łada Michał;518574156;;
Agroma Kielce Sp. z o.o.;(41)3000101;;
Agroma OLSZTYN Grupa Sznajder Sp. z o.o.;(89)5375300;;
Agroma OLSZTYN Grupa Sznajder Sp. z o.o.;(89)5337887;;
AGROMA PODLASIE Sp. z o.o.;(86)2755034;;
AGROMA PODLASIE Sp. z o.o.;(85)7112344;;
Agroma Polsad Sp. z o.o.;(24)3553202;;
Agroma Polsad Sp. z o.o.;(24)3553206;;
AGROMA Sp. z o.o.;(17)8633515;;
AGROMA Sp. z o.o.;(17)8633490;;
Agroma-Sokółka Sp. z o.o.;(85)7115106;;
Agroma-Sokółka Sp. z o.o.;(85)7118747;;
Agromaj Sp.j.;(61)8120607;;
Agromaj Sp.j.;(61)8127033;;
AGROMAR Chojnowscy i Wspólnicy Sp.j.;(56)4938584;;
AGROMARKET Jaryszki Sp.j.;(61)6639601;;
AGROMARKET Jaryszki Sp.j.;(61)8798420;;
AGROMASZ;(67)2540079;;
AGROMASZ;604435980;;
AGROMASZ Sp. z o.o.;(13)4347157;;
AGROMAX S.c.;(81)5012311;;
AGROMAX S.c.;501025412;;
AGROMEP S.A.;(65)5110908;;
Agromet Pilmet Sp. z o.o.;(77)4444586;;
Agromet Pilmet Sp. z o.o.;(77)4162083;;
AGROMET S.c.;(85)7163009;;
AGROMET S.c.;600383122;;
AGROMEX;(52)3343668;;
AGROMEX;(52)3343156;;
AGROMEX Sp. z o.o.;(23)6925420-21;;
AGROMEX Sp. z o.o.;(23)6928339;;
AGROMIT;(89)7228036;;
AGROMIT;(89)7228038;;
AGROMIX S.c.;(29)7602669;;
AGROMIX S.c.;500081130;;
Agronom Sp. z o.o.;(83)3550522;;
Agronom Sp. z o.o.;(83)3551422;;
AGROP P.H.U.;(71)3584251;;
AGROP P.H.U.;(71)3584409;;
AGROPARTS;(46)8318804;;
AGROPARTS;(46)8318773;;
Agropasz Maciejczyk Sp.j.;(41)3942454;;
Agropasz Maciejczyk Sp.j.;(41)3945792;;
AGROPEKS;697555561;;
AGROPERFEKT Sp. z o.o.;(55)2780900;;
Agropilot;(67)2638557;;
Agropilot;608678564;;
AGROPLASTMET Sp. z o.o.;(41)2611196;;
AGROPLASTMET Sp. z o.o.;(41)2611183;;
AGROPLUS;(46)8374785;;
AGROPOL Marek i Dariusz Jarych Sp.j.;(62)7819331;;
AGROPOL Marek i Dariusz Jarych Sp.j.;(62)7827713;;
AGROS B Bartosz Szwarc;(55)2328922;;
AGROS B Bartosz Szwarc;(55)2324505;;
AGROS Krzanowice;(32)4418771;;
AGROS Krzanowice;(32)4418772;;
AGROSAB Sp. z o.o.;724870703;;
AGROSAB Sp. z o.o.;509750282;;
AGROSERWIS MAZOWSZE;(24)3666693;;
AGROSERWIS Sp. z o.o.;(55)2481064-65;;
AGROSERWIS Sp. z o.o.;(55)2481992;;
AgroSmol;(81)5018530;;
AgroSmol;696550653;;
AGROSZYSZKA Grażyna Szyszka;(29)7603296;;
AGROSZYSZKA Grażyna Szyszka;508677778;;
AGROTECH Baryczka & AGROMIX;(61)4387036;;
AGROTECH Baryczka & AGROMIX;605724045;;
AGROTECHNIK TAFIŁY;(86)4742630;;
AGROTECHNIK TAFIŁY;(86)4742629;;
AgroTechnika;502543726;;
AGROTECHNIKA S.c.;(81)7519830;;
AGROTECHNIKA S.c.;(81)5049382;;
agrotechnika-brudz;(77)4440505;;
agrotechnika-brudz;(77)4199133;;
Agrotop Kaczmarek;(62)7305701;;
Agrotop Kaczmarek;(62)7320930;;
AGROTOP Kaczmarek;(62)7320930;;
AGROTOP Kaczmarek;(62)7320934;;
AGROTUR Jacek Zborzyński;(81)8274915;;
AGROTUR Jacek Zborzyński;(81)8272575;;
AGROTUSZYN;(42)2135026;;
AGROZEN Technika Rolnicza;(32)2169484;;
AGROZEN Technika Rolnicza;605675697;;
Agrozeto;(62)7646770;;
Agrozeto;(62)7646771;;
AKMET S.c.;(61)4364986;;
ALFA LAVAL KAMILUX Urszula Waloch Autoryzowany Dealer DeLaval;(43)8424200;;
ALFA LAVAL KAMILUX Urszula Waloch Autoryzowany Dealer DeLaval;605447025;;
Allflex Polska Sp. z o.o.;(61)8952010;;
Allflex Polska Sp. z o.o.;(61)8952012;;
ALUHAUS;(61)8947595;;
ALUHAUS;607752330;;
AMAROL;662840503;;
AMAROL;606996242;;
AMBROŻY Sp. z o.o.;(71)3989132;;
AMG Sp. z o.o.;(46)8151510;;
AMIR Przedsiębiorstwo Wielobranżowe P.H.U. Export-Import;(61)8142436;;
AMIR Przedsiębiorstwo Wielobranżowe P.H.U. Export-Import;(61)8141533;;
AMJ AGRO;(44)7192324;;
AMJ AGRO;(44)7876992;;
ANDERWALD Maszyny Rolnicze;(77)4633770;;
ANDERWALD Maszyny Rolnicze;(77)4633210;;
Anna Łupińska-Kamińska Firma Handlowo-Usługowa ROL.KO.;606274735;;
Anna Łupińska-Kamińska Firma Handlowo-Usługowa ROL.KO.;(56)4980907;;
APV POLSKA;(59)8414193;;
ARPIS 8 Sp. z o.o.;(84)6619577;;
ARPIS 8 Sp. z o.o.;(84)6619380;;
ARTPROL Ceckowscy Sp.j.;(87)5664977;;
Artur Krybus Import - Eksport Maszyn i Urządzeń Rolniczych, Urządzeń Chłodniczych;(32)4106555;;
Artur Krybus Import - Eksport Maszyn i Urządzeń Rolniczych, Urządzeń Chłodniczych;(32)4105258;;
Artykuły Techniczne i Części do Ciągników;(65)5299416;;
Artykuły Techniczne i Części do Ciągników;605225625;;
ASPRIM Sp. z o.o. Sp.komandytowa;(81)5175941;;
ASPRIM Sp. z o.o. Sp.komandytowa;(81)5174821;;
ATMP Producent Maszyn Rolniczych i Pługów Śnieżnych;669224202;;
ATMP Producent Maszyn Rolniczych i Pługów Śnieżnych;669269279;;
Auto-Agro;(25)6330443;;
Auto-Agro;(25)6446792;;
Autopolmozbyt;(48)6643551;;
Autopolmozbyt;(48)6641778;;
AWROL Pojazdy Użytkowe Sp. z o.o.;(94)3736337;;
AWROL Pojazdy Użytkowe Sp. z o.o.;(94)3736305;;
BAG Polska Sp. z o.o.;(61)6510103;;
BAG Polska Sp. z o.o.;(61)6514071;;
BAGRAMET Sp. z o.o.;(59)8223300;;
BAL-POL Paweł Balcer;691975917;;
BAUER Group Polska Sp. z o.o.;(83)3551744;;
BAUER Group Polska Sp. z o.o.;(83)3551745;;
Baza Maszynowa DANEX D.Krajewski, J.Siwik Sp.j.;(86)2791565;;
Baza Maszynowa DANEX D.Krajewski, J.Siwik Sp.j.;(86)2791919;;
BELIMA;(85)7156779;;
BELIMA;(85)7157605;;
BERUTEX Sp. z o.o.;(71)3113888;;
BERUTEX Sp. z o.o.;(71)3115806;;
BEZET;(56)6786848;;
BEZET;604558983;;
BFC;(44)6154500;;
BFC;604927472;;
BGF-Bunax Sp.j.;(22)7581639;;
BGF-Bunax Sp.j.;(22)7581916;;
BHS Goleniów;(91)4317101;;
BIOCOMPLEX;501435596;;
BIOCOMPLEX;509971107;;
BMS - Budowa Maszyn Specjalistycznych Jarosław Kurosz;(95)7460076;;
BMS - Budowa Maszyn Specjalistycznych Jarosław Kurosz;603872558;;
BOMET Sp. z o.o. Sp.komandytowa;(25)7923888;;
BOMET Sp. z o.o. Sp.komandytowa;(25)6917806;;
BRANDI Maszyny Rolnicze;(25)7916179;;
BRANDI Maszyny Rolnicze;516257886;;
BRATROL;(84)6874138;;
BRATROL;605950335;;
BURY Maszyny Rolnicze Wojciech Bury;(24)2542048;;
BURY Maszyny Rolnicze Wojciech Bury;(24)2533632;;
Centrum Handlowe Treder;(59)8223070;;
Centrum Handlowe Treder;(59)8222779;;
Centrum Sprzedaży Maszyn Rolniczych AGROTRAKTOR;785776007;;
Centrum Sprzedaży Maszyn Rolniczych AGROTRAKTOR;781110444;;
Centrum Techniki Rolniczej Sp. z o.o.;(61)2853828;;
Centrum Techniki Rolniczej Sp. z o.o.;(61)2852449;;
CIĄGNIKI KIOTI - RE-MONT Rafał Rękas;(22)7572328;;
CIĄGNIKI KIOTI - RE-MONT Rafał Rękas;(22)2072429;;
CM Agropol Sp. z o.o.;(91)4041872;;
CMKS Polska Sp. z o.o.;(22)7399471;;
CMKS Polska Sp. z o.o.;(22)7399472;;
CRYSTAL Traktor Sp. z o.o.;(43)8271971;;
CRYSTAL Traktor Sp. z o.o.;(43)8271972;;
DADPOL;(77)4319632;;
DADPOL;602539260;;
DAM-POL AGRO SERWIS;503590486;;
DAM-POL AGRO SERWIS;509498553;;
DARPOL;(44)6463728;;
DARPOL;604275939;;
DeLaval Sp. z o.o.;(71)7748500-02;;
DeLaval Sp. z o.o.;(71)7748503;;
Dobrowolski-Maszyny Rolnicze;(63)2457210;;
Dobrowolski-Maszyny Rolnicze;604993455;;
DOJMEX Bis S.c. S.Białkowski, G.Oborski;(61)8177618;;
DONG FENG Europe Group GmbH;506089306;;
DONG FENG Europe Group GmbH;(52)3031361;;
DONTEX;(61)4447417;;
DONTEX;601374117;;
Dormar Agro;(29)7669421;;
Dormar Agro;505420935;;
DOZAGRO;(62)7374880;;
DOZAGRO;(62)7374882;;
DOZAMECH Sp. z o.o. Sp.komandytowa;(62)7332322;;
DOZAMECH Sp. z o.o. Sp.komandytowa;(62)7332788;;
DREAM Sp.j.;(22)7814565;;
DREAM Sp.j.;(22)7628645;;
e-składnica;(86)2610073;;
e-składnica;(86)2723671;;
EDMASZ Sp.j.;(86)2754254;;
EDRON Sp. z o.o.;(22)6422807;;
EDRON Sp. z o.o.;(22)6423543;;
Eko Partner Kazimierz Janiak;534411111;;
Eko Partner Kazimierz Janiak;601976422;;
EKOMARK;(62)7315146;;
EKOMARK;607245448;;
ELMASZ Importowane Maszyny Rolnicze i Budowlane;(52)3883594;;
ELMASZ Importowane Maszyny Rolnicze i Budowlane;694429120;;
EMAX Sp. z o.o.;509757333;;
Energomar Marcin Zabost;(46)8336217;;
Energomar Marcin Zabost;(46)8332662;;
Euro-Masz Mariusz Magiera;(52)3856643;;
Euro-Masz Mariusz Magiera;663969999;;
EUROMASZ Sp.j.;(67)2665466;;
EXPO-JAG I.Jagusz, D.Jagusz Sp.j.;(77)4318918;;
Export-Import Halina Kania;(67)2500731;;
Export-Import Halina Kania;(67)2500733;;
F.H.P. STOMAROL;(14)6745736;;
F.H.P. STOMAROL;(14)6745169;;
F.H.U BARBARA;(77)5506078;;
F.H.U BARBARA;694448835;;
F.H.U UNI-AGRO;660504257;;
F.H.U UNI-AGRO;606972518;;
F.H.U W. Marek;(14)6745407;;
F.H.U W. Marek;607556055;;
F.H.U. AGROS;(52)5519776;;
F.H.U. AGROS;600534778;;
F.H.U. Błaszczyk;(24)2523403;;
F.H.U. KarMat;667005123;;
F.H.U. KarMat;667005124;;
F.H.U. M-SERWIS;695924054;;
F.H.U. REF-ROL;505227547;;
F.H.U. REF-ROL;(14)6543689;;
F.H.U. SŁAW-MET;(14)6120273;;
F.H.U. SŁAW-MET;698707717;;
F.H.U. STEKRO Stefan Król;(18)5211079;;
F.H.U. STEKRO Stefan Król;(18)5211071;;
F.P.H. ALTRO;(94)3185045;;
F.P.H. ALTRO;604180580;;
F.P.H.U. Agro-Max;(23)6856267;;
F.P.H.U. Agro-Max;507145684;;
F.P.H.U. PLECHTA;(18)4446178;;
F.P.H.U. PLECHTA;(18)4778863;;
F.P.U.H. AGROSTAR;504937132;;
F.P.U.H. AGROSTAR;513660132;;
Fabryka Maszyn POMECH Sp. z o.o.;(58)6732011;;
Fabryka Maszyn POMECH Sp. z o.o.;(58)6732053;;
Fabryka Maszyn Rolniczych ODLEW Sp. z o.o.;(12)2604062;;
Fagros Sp. z o.o. Sp.komandytowa;792209101;;
Fagros Sp. z o.o. Sp.komandytowa;518647403;;
Farm-MPartner Sp. z o.o.;(61)2879119;;
Farm-MPartner Sp. z o.o.;(61)2852618;;
Farmblok;(44)6826822;;
Farmblok;795435775;;
FARMILK Sp.j.;(85)6647391;;
FARMILK Sp.j.;(85)6612237;;
Farmtrac Tractors Europe Sp. z o.o.;(89)7433700;;
Farmtrac Tractors Europe Sp. z o.o.;(89)7433701;;
FarmTrade;(22)4995524;;
FarmTrade;(22)4995525;;
FASKA Sp. z o.o.;(54)2352898;;
FASKA Sp. z o.o.;(54)2370543;;
FCM Smoła Sp. z o.o.;(71)3111698;;
FH AGROLAND Andrzej Dąbrowski;(89)6452959;;
FH AGROLAND Andrzej Dąbrowski;(89)6454074;;
FH Rolnik;(29)7420380;;
FH Rolnik;(29)7430339;;
FHU Agrotis Jan Czułada;(94)3720746;;
FHU Agrotis Jan Czułada;(94)7127264;;
FHU ELROL;603315367;;
FHU ELROL;505331961;;
FHU ROL-POL;663519000;;
FHU WAJM Sp.j.;(12)3880050;;
FHU WAJM Sp.j.;(12)3880051;;
FHU Wiktor Barbara Hanko;(77)4387665;;
FHU Wiktor Barbara Hanko;(77)4388052;;
Filia KORBANEK Misztela Robert;(91)3910060;;
Filia KORBANEK Misztela Robert;(91)3911090;;
Firma Handlowa AGART;603609273;;
Firma Handlowa DUTMAR;(61)2853152;;
Firma Handlowa DUTMAR;(61)2850225;;
Firma Handlowa Import-Export Ireneusz Leśny;(61)8180072;;
Firma Handlowa Import-Export Ireneusz Leśny;(61)8180073;;
Firma Handlowa RAMOTOWSKI Sp.j.;(86)2783945;;
Firma Handlowa RAMOTOWSKI Sp.j.;(86)2783945;;
Firma Handlowo Usługowa STAL-MET;798167933;;
Firma Handlowo Usługowa TRAKTOR-SERWIS Marek Krajewski;(18)3375267Limanowa;;
Firma Handlowo Usługowa TRAKTOR-SERWIS Marek Krajewski;(18)3329523Limanowa;;
Firma Handlowo-Usługowa AGRO Dariusz Neryng;(68)3825973;;
Firma Handlowo-Usługowa AGRO Dariusz Neryng;790325973;;
Firma Handlowo-Usługowa GAZDA;668343754;;
Firma Handlowo-Usługowa GAZDA;886271050;;
Firma Handlowo-Usługowa ROLA Zbigniew Ostapiuk;(83)3716099;;
Firma Handlowo-Usługowa ROLA Zbigniew Ostapiuk;(83)3716094;;
Firma Handlowo-Usługowa ROLMASZ Sp.j.;(46)8144475;;
Firma Jacek Dębski;(56)6840070;;
Firma Jacek Dębski;(56)6842030;;
Firma Małolepszy;(44)6822944;;
Firma Małolepszy;(44)6821494;;
Firma MANIEK;889950399;;
Firma Produkcyjno-Usługowo-Handlowa DEERE-SERWIS;609509375;;
Firma Prywatna KOJA Janina Konopka;(86)2785122;;
Firma Prywatna KOJA Janina Konopka;(86)4742603-04;;
Firma Transportowo-Usługowo-Handlowa Zbigniew Dec;609125587;;
Firma Transportowo-Usługowo-Handlowa Zbigniew Dec;601168129;;
Firma Usługowo Handlowa ROLNIK;(12)3851110;;
Firma Usługowo-Handlowa AGRO-SERWIS;(15)8691105;;
Firma Usługowo-Handlowa AGRO-SERWIS;603953499;;
Firma Wielobranżowa KOWALSKI;502571108;;
FUH Ryszard Madejski;502612464;;
GABO S.c.;501166328;;
GABO S.c.;509492913;;
GALOP Wojciech Gałosz;(77)4214525;;
GAMA Group Szepietowscy Sp.j.;(86)2252380;;
GAMA Sp. z o.o.;(76)8709278;;
GATRA Krzysztof Gawlik;501190550;;
GAWIMET;(33)8562286;;
Gminna Spółdzielnia Samopomoc Chłopska;(42)2153851;;
Gminna Spółdzielnia Samopomoc Chłopska;(42)2154010;;
GRAINPOL Sp. z o.o.;509926622;;
GRAINPOL Sp. z o.o.;517261229;;
GRAND-AGRO Sp. z o.o.;(85)7336771;;
GRAND-AGRO Sp. z o.o.;(85)7336772;;
GRANO-SYSTEM;792740409;;
GRAVIT Sp. z o.o. Sp.komandytowa;(81)7445971;;
GRAVIT Sp. z o.o. Sp.komandytowa;(81)7452081;;
Gregoire-Besson Polska Sp. z o.o.;(61)2977534;;
GREGOR Sp. z o.o.;510435505;;
GREGOR Sp. z o.o.;784661367;;
GRENE GRYFINO;(91)3070224;;
GRENE GRYFINO;535352421;;
Grupa HENART;601221215;;
Grupa Marco-Polo Sp. z o.o. Sp.komandytowa;(23)6571116;;
Grupa Marco-Polo Sp. z o.o. Sp.komandytowa;(23)6841916;;
HAROL;(68)3852255;;
HAROL;607083143;;
Hary i Janson Sp.j.;(32)3372590;;
HEBAN-DARGOMYŚL Arleta Tomala;516133784;;
HEBAN-DARGOMYŚL Arleta Tomala;(95)7170963;;
Helmut Kirchhoff P.S.E Sp. z o.o.;508552475;;
Henryk Batyra;(81)5610958;;
Henryk Batyra;(81)4408823;;
HOG SLAT Sp. z o.o.;(61)8330455;;
HOG SLAT Sp. z o.o.;(61)8330064;;
HOLMER Budowa Maszyn Sp. z o.o.;(71)3179580;;
HOLMER Budowa Maszyn Sp. z o.o.;(71)3179790;;
Hortech;604992159;;
Hortech;(46)8809186;;
Hurtownia Rolno-Przemysłowa ROLMOZBYT;(33)8152889;;
Hurtownia Rolno-Przemysłowa ROLMOZBYT;(33)8140286;;
HYDRAMET Przedsiębiorstwo Produkcyjno-Handlowo-Usługowe Sp. z o.o.;(87)4286121;;
HYDRAMET Przedsiębiorstwo Produkcyjno-Handlowo-Usługowe Sp. z o.o.;(87)4298103;;
HYDRO-MASZ Sp. z o.o. Sp.komandytowa;(43)8203895;;
HYDROMETAL;(29)6455596;;
HYDROMETAL;(29)6432949;;
HYPRED POLSKA Sp. z o.o.;(61)8138640;;
INSTAL-FACH;663615673;;
INVENTOR Joński Jan;(25)6411392;;
INVENTOR Joński Jan;(25)6411340;;
INVEST-ROL Sp. z o.o.;(44)6165330;;
J.A. GĄSKA Jacek Gąska i Aleksander Gąska Sp.j.;(12)3890940;;
J.A. GĄSKA Jacek Gąska i Aleksander Gąska Sp.j.;(12)3893203;;
JACHOWICZ Sp. z o.o.;(12)6531929;;
JACHOWICZ Sp. z o.o.;(12)6531727;;
JAGODA JPS;(46)8310196;;
JAGODA JPS;501782345;;
JAPA Jacek Dakowicz;600074823;;
JARZĄBEK;505795763;;
JASKOT Sp.j.;(75)7244403;;
JASKOT Sp.j.;(75)7244333;;
JAST S.c.;(91)4166318;;
JAST S.c.;795074384;;
John Deere Polska Sp. z o.o.;(61)8115196;;
John Deere Polska Sp. z o.o.;(61)8115197;;
Junkkari Polska Sp. z o.o.;(24)2549174;;
Junkkari Polska Sp. z o.o.;735959261;;
KAGRO;(67)2160318;;
KAGRO;(67)2160312;;
KAMAGRO S.c.;535977180;;
KAMAGRO S.c.;535977181;;
KAMPOL;509313656;;
KELLFRI Sp. z o.o.;(24)7221150;;
KERAD;501343419;;
KERAD;(91)3840316;;
KM PROJEKT;604578866;;
Komis Ciągników Używanych Jarosław Prusinowski;(86)2166376;;
Komis Ciągników Używanych Jarosław Prusinowski;607379824;;
Komis i Handel Maszynami Rolniczymi Sebastian Trzensiok;(32)2711190;;
Komis i Handel Maszynami Rolniczymi Sebastian Trzensiok;516043999;;
Kompania Leśna Sp.j.;(46)8336801;;
Kompania Leśna Sp.j.;796124874;;
Kongskilde Polska Sp. z o.o.;(24)3559615;;
Kongskilde Polska Sp. z o.o.;(24)3559635;;
KORAGRO;(77)4319087;;
KORAGRO;(77)4312817;;
Korbanek Sp. z o.o.;(61)8950300;;
Korbanek Sp. z o.o.;(61)8950309;;
KORURS Sp. z o.o.;(22)4783351-54;;
KORURS Sp. z o.o.;(22)4783355;;
KRESMOT Sp. z o.o.;(84)6575250;;
KRESMOT Sp. z o.o.;(84)6575034;;
KRÓWKA Markety Rolno-Budowlane;535500855;;
KRUQ Sp. z o.o.;505895933;;
KRUQ Sp. z o.o.;(67)3482364;;
KRUSZEC;(41)3837510;;
KRUSZEC;606897368;;
Kubota (Deutschland) GmbH Sp. z o.o. Oddział w Polsce;(22)8684233;;
Kubota (Deutschland) GmbH Sp. z o.o. Oddział w Polsce;(22)8683658;;
KUHN Maszyny Rolnicze Sp. z o.o.;(61)8125235;;
KUHN Maszyny Rolnicze Sp. z o.o.;(61)8117010;;
Kujawska Fabryka Maszyn Rolniczych KRUKOWIAK Sp. z o.o.;(54)2521027;;
Kujawska Fabryka Maszyn Rolniczych KRUKOWIAK Sp. z o.o.;(54)2521054;;
KUNERT Sp.j.;(65)5180384;;
KUNERT Sp.j.;(65)5189722;;
Kverneland Group Polska Sp. z o.o.;(56)6513052-53;;
Kverneland Group Polska Sp. z o.o.;(56)6219099;;
LABORSET;(42)6366095;;
LANDTECHNIK Andrzej Ciemny;508394519;;
Landtechnik Stachów Tadeusz;(71)3902023;;
Landtechnik Stachów Tadeusz;601788844;;
LANGNER;(77)4606129;;
LANGNER;(77)4606675;;
LASKOTT;600589645;;
LASKOTT;886148134;;
LAWSON;(52)3537861;;
LAWSON;(52)3537936;;
LEHMANN agrotechnika Sebastian Lehmann Sp. z o.o.;(61)8949001;;
LEHMANN agrotechnika Sebastian Lehmann Sp. z o.o.;(61)8940109;;
LEMET;(25)7541279;;
LEMET;(25)7541904;;
LEMKEN Polska Sp. z o.o.;(91)5637646;;
LEMKEN Polska Sp. z o.o.;(91)5637604;;
Lux-Auto;(15)8739696;;
Lux-Auto;608478758;;
ŁUCZAK Maszyny Rolnicze Stanisław Łuczak;(43)8294396;;
ŁUCZAK Maszyny Rolnicze Stanisław Łuczak;607448395;;
M-ROL Sp. z o.o. Sp.komandytowa;(62)7359010;;
M-ROL Sp. z o.o. Sp.komandytowa;608612286;;
M.P. Projekt precyzyjnerolnictwo.com;606201976;;
M.P. Projekt precyzyjnerolnictwo.com;(58)7425756;;
M&D AGRO Mariusz Kądziela, Daniel Wiertelak;518746733;;
M&D AGRO Mariusz Kądziela, Daniel Wiertelak;509711067;;
MAR-POL Jacek Urbański;(81)8656065;;
MAR-POL Jacek Urbański;600394348;;
MARGO;(29)7690989;;
MARK-ROL Marek Piniarski Sp.j.;(52)5246575;;
Maschio-Gaspardo Poland Sp. z o.o.;(56)6506051;;
MASTER AGRO Sp. z o.o.;795319084;;
MASTER AGRO Sp. z o.o.;693563983;;
MASTER Sp.j.;508490800;;
MASTER Sp.j.;502843618;;
MASZ-ROL;(71)3848209;;
MASZ-ROL;601333821;;
MASZ-TECH;(84)6619733;;
MASZ-TECH;(84)6619033;;
Maszyny Rolnicze Jan-Rol;696486282;;
Maszyny Rolnicze SUCHY Sp.j.;(77)4467348;;
Maszyny Rolnicze SUCHY Sp.j.;(77)4665348;;
Mechanika Maszyn i Urządzeń Rolniczych;(67)2622400;;
Mechanika Maszyn i Urządzeń Rolniczych;(67)2620380;;
Mechanika Maszyn i Urządzeń Rolniczych Leszek Trzciński;(55)2723347w.47;;
Mechanika Maszyn i Urządzeń Rolniczych-Usługi Marcin Szymankiewicz;(63)2417142;;
Mechanika Maszyn i Urządzeń Rolniczych-Usługi Marcin Szymankiewicz;(63)2493568;;
Mechanika Maszyn Joachim i Wawrzyniec Ziegert Sp.j.;(56)4934609;;
Mechanika Maszyn Joachim i Wawrzyniec Ziegert Sp.j.;(56)4933460;;
Mechanika Maszyn Rolniczych BANROL;(41)3805411;;
Mechanika Maszyn Rolniczych BANROL;602627843;;
Merol Sp. z o.o.;(94)3160075;;
Merol Sp. z o.o.;(94)3180055;;
MERTENS POLAND Sp. z o.o.;(56)6376334;;
MERTENS POLAND Sp. z o.o.;(56)6780652;;
MET-RO Boksy Dla Koni;509099729;;
MET-RO Boksy Dla Koni;661560028;;
METAL PRODUKT Zakład Produkcyjno-Usługowy;606838628;;
METALINVEST Sp. z o.o.;(67)3872140;;
METPOL Sp.j. J.Łukasiak, P.Freund;(59)8472760w.50;;
METPOL Sp.j. J.Łukasiak, P.Freund;(59)8472761;;
MG AGRO CZĘŚCI;(94)3462404;;
MG AGRO CZĘŚCI;602406081;;
MIKOMAX;515130620;;
MIROL Zakład Handlowo-Usługowy Mieczysław Michalski;(55)2782037;;
MIROL Zakład Handlowo-Usługowy Mieczysław Michalski;601691017;;
MIZAR ZARĘBA Sp.j.;(15)8732412;;
MIZAR ZARĘBA Sp.j.;(15)6875001;;
MLEK-MAR Marta Krajewska;(86)4760200;;
MMAT Agro Technology;(65)5271520;;
MMAT Agro Technology;607442259;;
MMS Kazimierscy;504123061;;
Mopol Ten Elsen-Niemiec Sp.j.;(12)2852478;;
Mopol Ten Elsen-Niemiec Sp.j.;(12)2853697;;
MOTO-AGRO Sp.j.;(85)6518512;;
MOTO-AGRO Sp.j.;660466536;;
MS AGRO;(94)3720375;;
MS AGRO;665091948;;
MSORT Sortownice Owoców Maszyny Sadownicze;691774623;;
MSORT Sortownice Owoców Maszyny Sadownicze;(25)6858866;;
MTZ Belarus Traktor Sp. z o.o.;885764006;;
MTZ Belarus Traktor Sp. z o.o.;(85)7111975;;
NEO HANDEL Sp. z o.o.;888222775;;
NEO HANDEL Sp. z o.o.;888222776;;
NESTOR Sprzedaż Maszyn i Części Rolniczych;601553527;;
NT AGRO - NT Industry Sp. z o.o.;(32)4206219;;
NT AGRO - NT Industry Sp. z o.o.;517827744;;
OLNET Sp. z o.o.;(71)3980790;;
P.H-U AGRO-TECH;605032798;;
P.H. AGROMER;(25)6319169;;
P.H. AGROMER;501590982;;
P.H. BIMA;(84)6833117;;
P.H. BIMA;608055372;;
P.H. MARWIN Sp.j.;(65)5727782;;
P.H. TAD-OPAL Tadeusz Kałek;(61)4473846;;
P.H. TAD-OPAL Tadeusz Kałek;607214326;;
P.H.P. ROLSERWIS S.A.;(24)2625063;;
P.H.S.R. Agroma Sp. z o.o.;(52)3888220;;
P.H.S.R. Agroma Sp. z o.o.;(52)3885702;;
P.H.U. AGRO-LUX;(81)8272701;;
P.H.U. AGRO-LUX;(81)8272702;;
P.H.U. FELIMPEX Kazimierz Feliksiak;(48)6611762;;
P.H.U. FELIMPEX Kazimierz Feliksiak;602671508;;
P.H.U. KALE;691373659;;
P.H.U. Margoss;(74)8421530;;
P.H.U. Margoss;503168938;;
P.H.U. ROLTEX;(34)3175516;;
P.H.U. ROLTEX;502486318;;
P.H.U. STALBUD Sp.j.;(29)7171358;;
P.H.U. STALBUD Sp.j.;(29)7173059;;
P.H.U. ZIMEX Halina Zimoch;(24)7214383;;
P.H.U. ZIMEX Halina Zimoch;502611977;;
P.H.U.P. AGROS-WROŃSCY Sp. z o.o.;(34)3110782;;
P.H.U.P. AGROS-WROŃSCY Sp. z o.o.;(34)3647868;;
P.H.U.P. TADEX;(62)7618445;;
P.H.U.T.P. ROLMAKO;(61)4388735;;
P.H.U.T.P. ROLMAKO;(61)4373916;;
P.P. MASZ-ROL;(63)2621536;;
P.P. MASZ-ROL;609072595;;
P.P.H. AGROKOMPLEKS;(33)8535610;;
P.P.H. MANDAM Sp. z o.o.;(32)2322660;;
P.P.H. MANDAM Sp. z o.o.;(32)2325885;;
P.P.H.U. A.R. Chmielewski Sp.j.;609994769Szówsko;;
P.P.H.U. A.R. Chmielewski Sp.j.;609994129Szówsko;;
P.P.H.U. A.R. Chmielewski Sp.j.;(48)3857909;;
P.P.H.U. A.R. Chmielewski Sp.j.;609990351;;
P.P.H.U. A.R. Chmielewski Sp.j.;(15)8366038DziałHandlowy;;
P.P.H.U. A.R. Chmielewski Sp.j.;(15)8366409;;
P.P.H.U. AGRO-PLUS;(29)7527755;;
P.P.H.U. AGRO-PLUS;(29)7527758;;
P.P.H.U. AGROHANDLER;697971745;;
P.P.H.U. AGROHANDLER;887789170;;
P.P.H.U. AGROL Irena Kwolek;(55)2762486;;
P.P.H.U. AGROL Irena Kwolek;600029789;;
P.P.H.U. Agroland S.c.;501491448;;
P.P.H.U. Agroland S.c.;697350443;;
P.P.H.U. AGROREMONT;(15)6442336;;
P.P.H.U. AGROREMONT;(15)8316655;;
P.P.H.U. AGROTECHNIK;(25)6832662;;
P.P.H.U. AGROTECHNIK;(25)6832663;;
P.P.H.U. ANTOM;662055221;;
P.P.H.U. FARMASZ;(46)8743706;;
P.P.H.U. HEMAR;(15)8755482;;
P.P.H.U. HEMAR;500293725;;
P.P.H.U. INTER-TECH;(86)2252240;;
P.P.H.U. INTER-TECH;532777770;;
P.P.H.U. Irena Białe MASZYNYROLNICZE.net;(63)2783122;;
P.P.H.U. MIRTRANS;(55)2431310;;
P.P.H.U. MIRTRANS;600254200;;
P.P.H.U. RAMA Export-Import Marcin Mandzij;602125805;;
P.P.H.U. RAMA Export-Import Marcin Mandzij;511222502;;
P.P.H.U. RYMEK Arkadiusz Rymaniak;(65)5723451;;
P.P.H.U. RYMEK Arkadiusz Rymaniak;(65)5727603;;
P.P.H.U. URS-MECH;(34)3195164;;
P.P.H.U. URS-MECH;602554251;;
P.P.H.U. WOJTCZAK Piotr Wojtczak;(42)7186542;;
P.P.H.U. WOJTCZAK Piotr Wojtczak;506835166;;
P.P.U.H. AKPIL;(14)6722551;;
P.P.U.H. DEMAROL-ZIELONKI Dziekan Marek;501523447;;
P.P.U.H. DEMAROL-ZIELONKI Dziekan Marek;509559373;;
P.P.U.H. Import-Eksport Grzegorz Pankiewicz;(59)8215946;;
P.P.U.H. Import-Eksport Grzegorz Pankiewicz;605090256;;
P.P.U.H. POMAROL S.A.;(89)7152071;;
P.P.U.H. POMAROL S.A.;(89)7152073;;
P.P.U.H. Raczyński;(41)3480274;;
P.P.U.H. Raczyński;609543593;;
P.P.U.H. ROLMECH Barbara Grzegorczyk;(34)3284196;;
P.P.U.H. ROLMECH Barbara Grzegorczyk;728130008;;
P.U.H. AGROTECHNIKA;(83)3432471;;
P.U.H. AGROTECHNIKA;(83)3422371;;
P.U.H. FINO Sp. z o.o.;(82)5655132;;
P.U.H. FINO Sp. z o.o.;(82)5655152;;
P.W. DOMIX;(63)8909074;;
P.W. DOMIX;(63)2447812;;
P.W. KiJ;(52)3823674;;
P.W. KiJ;(52)3828612;;
P.W. ROL-MECH Krzysztof Modrzejewski;(52)3189465;;
P.W. ROL-MECH Krzysztof Modrzejewski;(52)3183586;;
P.W. Serwis-Centrum Sp. z o.o.;(52)3464281;;
PAK-ROL;(22)7980350;;
PAK-ROL;(22)7985043;;
PH AGROHURT Janina i Henryk Żebrowscy Sp.j.;(82)5766880;;
PH AGROHURT Janina i Henryk Żebrowscy Sp.j.;695417312;;
PHP AGRO-ROLNIK Sp. z o.o.;(86)2176223;;
PHP AGRO-ROLNIK Sp. z o.o.;501846544;;
PHSR Agroma Sp. z o.o. w Lublinie;(81)7442051-52;;
PHSR Agroma Sp. z o.o. w Lublinie;(81)7443275;;
PHU AGRO-FARM Import-Eksport;(42)6524711;;
PHU AGRO-FARM Import-Eksport;(42)6559813;;
PHU Cez-Rol;(63)2897500;;
PHU Cez-Rol;(63)2897501;;
PHU JAROL;(94)3736263w.121;;
PHU JAROL;(94)3732165w.121;;
PHU Perkoz Sp. z o.o.;(56)4934057;;
PHU POMTOR II;(91)3920524;;
PHU POMTOR II;601576244;;
PHU ROB-ROL;606281337;;
PHU ROLMASZ BIS;(76)8506312;;
PHU ROLMASZ BIS;(76)7217055;;
PHU ROLTEX Siedliszcze Sp. z o.o.;(82)5692155;;
PHU ROLTEX Siedliszcze Sp. z o.o.;(82)5692530;;
PHZ Kalchem Sp. z o.o.;(56)4935840;;
PHZ Kalchem Sp. z o.o.;604401737;;
PMP Sp. z o.o.;606513749;;
Poettinger PL Maszyny Rolnicze;601424223;;
Poettinger PL Maszyny Rolnicze;603770957;;
Pol-Agra J.Korneluk, T.Rzeszowski Sp.j.;(23)6622842;;
Pol-Agra J.Korneluk, T.Rzeszowski Sp.j.;(23)6622015;;
POL-FARMA Sp. z o.o.;(91)4615696;;
POL-FARMA Sp. z o.o.;(91)4615696w.16;;
POLAGRI Hubert Królak;(23)6921720;;
POLAGRI Hubert Królak;605666237;;
Polboto-Agri Sp. z o.o.;(76)8709325;;
Polboto-Agri Sp. z o.o.;(76)7560000;;
Polski Farmer Sp. z o.o. Sp.komandytowa;534179555;;
POLTECH Sklep Internetowy CaseParts.pl;(24)2753437w.3;;
POLTECH Sklep Internetowy CaseParts.pl;(24)2753437w.5;;
Poltrade International Sp. z o.o.;(85)7493219;;
Poltrade International Sp. z o.o.;(85)7144084;;
POM FARMASZ;(66)4559922;;
POM FARMASZ;(46)8743228;;
POM Ltd. Sp. z o.o.;(56)4982471;;
POM Ltd. Sp. z o.o.;(56)4982472;;
POM Reńska Wieś Sp. z o.o.;(77)4820143;;
POM Reńska Wieś Sp. z o.o.;(77)4820134;;
POM-JANKOWSKI;(24)7212119;;
POM-JANKOWSKI;(24)7212977;;
PORK HANDEL Sp. z o.o.;(89)7585682;;
PORK HANDEL Sp. z o.o.;(89)7585683;;
PPH AGROL;(24)2549850;;
PPHiU IGAMET 2 S.c. Janusz i Elżbieta Komorowscy;(25)6324710;;
PPHiU IGAMET 2 S.c. Janusz i Elżbieta Komorowscy;606826682;;
PPHU AGROMARKET Sp. z o.o.;(91)3971846;;
PPHU AGROMARKET Sp. z o.o.;(91)3971144;;
PPHU AGROMEX;(29)7455903;;
PPHU AGROMEX;604616838;;
PPHU ALDO;(29)7727570;;
PPHU ALDO;(29)7727650;;
PPHU ANMAR;(52)5661181;;
PPHU ANMAR;601208548;;
PPHU KLEINE-POLSKA Sp. z o.o.;(77)4150058;;
PPHU KLEINE-POLSKA Sp. z o.o.;608254863;;
PPHU MARGO;(62)7622050;;
PPHU MARGO;(62)7622171;;
PPHU MICHALAK;(24)2543584;;
PPHU MICHALAK;(24)2547405;;
PPHU PIOMAR;(41)3728395;;
PPHU PIOMAR;(41)3728394;;
PPHU Staben;(55)2472153;;
PPHU TAD-LEN T.Świtała;(65)5451221;;
PPHU WOL-MET;798847719;;
PPHU ZIP AGRO;(52)3326715;;
PPU JMJ S.c.;(77)4398336;;
PPUH ARAL;601571282;;
PPUH ARAL;(61)8171436;;
PPUH DEXWAL;(41)3787011w.20;;
PPUH DEXWAL;(41)3787011w.31;;
PPUH JAKIP;(48)6120996;;
PPUH JAKIP;602781053;;
PPUH MOSKIT Marek Strzyż;(62)7621040;;
PPUH MOSKIT Marek Strzyż;(62)7666618;;
PPUH SKORPIO;(25)6440041;;
PPUH SKORPIO;(25)6323639;;
Pracowniczy Ośrodek Maszynowy w Augustowie Sp. z o.o.;(87)6433476-78;;
Pracowniczy Ośrodek Maszynowy w Augustowie Sp. z o.o.;(87)6432063;;
Premium Trade Sp. z o.o.;603300800;;
PRIMATOR Henryk Kraszewski;(86)2755009;;
PRO-FERM Danuta Jabłońska;506717850;;
PRO-FERM Danuta Jabłońska;(84)6858016;;
PRO-VEGA Sp.j.;(46)8115522;;
Produkcja Części Do Maszyn Rolniczych Agro-Części;502585267;;
PROKMAR S.c.;602104518;;
PROKMAR S.c.;(61)8115576;;
Przedsiębiorstwo AGROMA Sp. z o.o.;(94)3439300;;
Przedsiębiorstwo AGROMA Sp. z o.o.;(94)3439322;;
Przedsiębiorstwo AGROSPEC K.J.Kłudka Sp.j.;(34)3187131;;
Przedsiębiorstwo AGROSPEC K.J.Kłudka Sp.j.;(34)3187100;;
Przedsiębiorstwo Handlowe AGROMA S.A. w Poznaniu;(61)8773821;;
Przedsiębiorstwo Handlowe AGROMA S.A. w Poznaniu;(61)8766589;;
Przedsiębiorstwo Handlowe AGROMA Sp. z o.o.;(32)2844862;;
Przedsiębiorstwo Handlowe Jarosław Tarka;(65)5409226;;
Przedsiębiorstwo Handlowe Jarosław Tarka;(65)5402059;;
Przedsiębiorstwo Handlowo Usługowe GRZEŚKOWIAK AGROPLUS;(61)2785189;;
Przedsiębiorstwo Handlowo Usługowe GRZEŚKOWIAK AGROPLUS;(61)6690384;;
Przedsiębiorstwo Handlowo-Usługowe Mirosława ZAWADZKA;(68)3419370;;
Przedsiębiorstwo Handlowo-Usługowe SWISSPOL Składnica Maszyn Rolniczych;(91)5775203;;
Przedsiębiorstwo Handlowo-Usługowe SWISSPOL Składnica Maszyn Rolniczych;(91)5786569;;
Przedsiębiorstwo Handlu Sprzętem Rolniczym AGROMA S.A.;(91)4600002;;
Przedsiębiorstwo Handlu Sprzętem Rolniczym AGROMA S.A.;(91)4691263;;
Przedsiębiorstwo Handlu Sprzętem Rolniczym AGROMA Sp. z o.o.;(95)7203051;;
Przedsiębiorstwo Obsługi Rolnictwa;(56)6970765;;
Przedsiębiorstwo Obsługi Rolnictwa;(56)6977157;;
Przedsiębiorstwo Produkcyjno Handlowo Usługowe DMT;600508259;;
Przedsiębiorstwo Produkcyjno Marketingowe SAMPOL-BIS Dorota Dębniak;609218461;;
Przedsiębiorstwo Produkcyjno Marketingowe SAMPOL-BIS Dorota Dębniak;(55)2760023;;
Przedsiębiorstwo Sprzedaży Maszyn Rolniczych KĄKOL Przodkowo;(58)6819727;;
Przedsiębiorstwo Usługowe-Handlowe ROL-PAK;792821010;;
Przedsiębiorstwo Usługowe-Handlowe ROL-PAK;600416914;;
Przedsiębiorstwo Usługowo-Handlowe BORAS;(81)7486906;;
Przedsiębiorstwo Usługowo-Handlowe BORAS;504040125;;
Przedsiębiorstwo Wielobranżowe EHAN;(85)7431078;;
Przedsiębiorstwo Wielobranżowe EHAN;512029887;;
Przedsiębiorstwo Wielofunkcyjne AGROUNIMA mgr inż. Cezary Sztuder;(62)7253438;;
Przedsiębiorstwo Wielofunkcyjne AGROUNIMA mgr inż. Cezary Sztuder;(62)7257788;;
PSB PROFI-Rolnicze;(84)6881810;;
PSB PROFI-Rolnicze;(84)6867702;;
PUŁAWSKI Używane Maszyny Rolnicze;606815815;;
PUP Agromix Sp. z o.o.;(65)5388167;;
PUP Agromix Sp. z o.o.;(65)5388181;;
PUPH DZIEKAN;(41)3776197;;
PUPH DZIEKAN;(41)3776710;;
PW AGAT Piotr Jasiński;(22)7278794;;
PW AGAT Piotr Jasiński;691512867;;
PW DANZAP;(24)2855297;;
R.P.H.U. GODZIŃSKI;(43)6786439;;
RAPOOL Polska Sp. z o.o.;(67)2680710;;
RAPOOL Polska Sp. z o.o.;(67)2680715;;
RENPOL;603223269;;
RIMA Polska;(77)4028225;;
RIMA Polska;(77)4028226;;
Rivakka Polska Sp. z o.o.;(24)2821079;;
ROL-AGRO;(95)7510222;;
ROL-AGRO;696054680;;
ROL-BRAT S. i W.Załęscy Sp.j.;(29)6917030;;
ROL-HANDEL Maszyny i Urządzenia dla Rolnictwa;660521009;;
ROL-KOMIS;(29)7522037;;
ROL-KOMIS;692999007;;
ROL-MAR;(83)3729143;;
ROL-MAX;603221131;;
ROL-MAX;(62)7812827;;
ROL-TECH;604133696;;
ROL-TECH;(25)6323579;;
ROL-TRANS;(84)6806540;;
ROL-TRANS;604635140;;
ROLBUD;603332002;;
ROLBUD;603333777;;
ROLCEL Import-Export;(52)5815436;;
ROLCEL Import-Export;(52)3810052;;
ROLKAP;(84)6271596;;
ROLKAP;(84)6381578;;
ROLKOM Sp.j.;(58)6927792;;
ROLKOM Sp.j.;(58)6837105;;
ROLMASZ-POL;(61)2874164;;
ROLMASZ-POL;(61)2866972;;
ROLMAX Wojciech Maksymiuk;(85)7376270;;
ROLMET Sp.j.;(87)6422282;;
ROLMET Sp.j.;(87)6422675;;
ROLMIX Sp.j.;(83)3433507;;
ROLMIX Sp.j.;(83)3590947;;
ROLMO Czesław Mrozowski;602229407;;
ROLMO Czesław Mrozowski;(56)6836918;;
ROLNET;(46)8315231;;
ROLNET;690387365;;
Rolnictwo Precyzyjne Andrzej Przeperski;605320776;;
Rolnictwo Precyzyjne Andrzej Przeperski;693289590;;
ROLPOL B.Duda, W.Sienkiewicz Sp.j.;(89)6153901;;
ROLPOL B.Duda, W.Sienkiewicz Sp.j.;(89)6153902;;
ROLPOL Dorota Schleiss&Agata Schleiss S.c.;(68)4555850;;
ROLREX Sp. z o.o.;(22)7363252;;
ROLREX Sp. z o.o.;(22)7362850;;
ROLSAD A.Seliga M.Wójciak G.Orzeszek Sp.j.;(46)8146540;;
ROLSAD A.Seliga M.Wójciak G.Orzeszek Sp.j.;(46)8146680;;
ROLTECH;(41)3615031;;
ROLTECH;603335325;;
Roltech E.Majka Sp.j.;(61)8794736;;
Roltech E.Majka Sp.j.;(61)6534016;;
ROLTECH-ZUM Barbara Jurkowska;(52)3452075;;
ROLTECH-ZUM Barbara Jurkowska;516180870;;
ROLTOP Sp. z o.o.;(87)5202892;;
ROLTOP Sp. z o.o.;505135005;;
ROLTOP Sp. z o.o.;(61)4385194;;
ROLTOP Sp. z o.o.;505135007;;
ROLTOP Sp. z o.o.;(94)3737155;;
ROLTOP Sp. z o.o.;667540014;;
ROLTOP Sp. z o.o.;667540034;;
ROLTRANS Zakład Mechaniczno Usługowo Handlowy;(52)3537735;;
ROLTRANS Zakład Mechaniczno Usługowo Handlowy;607103315;;
ROLUB TRADING;(91)3849164;;
ROLUB TRADING;667612010;;
ROPA Polska Sp. z o.o.;(71)7767200;;
ROPA Polska Sp. z o.o.;(71)7767201;;
SAD Poland Sp. z o.o.;502620101;;
SAGROL Centrum Sadowniczo-Rolnicze w Sandomierzu;501648508;;
SALIDA Sp. z o.o.;(74)8335352;;
SALIDA Sp. z o.o.;(74)8335950;;
SAME DEUTZ-FAHR Polska;(81)4696011;;
SAME DEUTZ-FAHR Polska;(81)4696019;;
SAN-TRAK Firma Handlowo-Usługowa;604056009;;
SAN-TRAK Firma Handlowo-Usługowa;(13)4647453;;
SEBA-ART;(77)4357564;;
SEBA-ART;507087881;;
SELLTECH S.c.;(71)3871058;;
SELLTECH S.c.;601424011;;
SIPMA S.A.;(81)4414400;;
Sklep Artykuły Przemysłowo-Metalowe i Komis Rolniczy Krystyna Chmielewska;(71)3120269;;
Sklep Artykuły Przemysłowo-Metalowe i Komis Rolniczy Krystyna Chmielewska;669346566;;
Sklep Firmowy URSUS;(18)3310582;;
Składnica Części i Maszyn Rolniczych BORYNA M.Gieszcz;(44)7326201;;
Składnica Części i Maszyn Rolniczych BORYNA M.Gieszcz;506065214;;
Składnica Maszyn Rolniczych;(55)2793477;;
Składnica Maszyn Rolniczych;(55)2611616;;
SKŁADNICA ROLNICZA Sp.j.;(68)3835521;;
Składnica Techniczno-Rolnicza TRAKT;(76)8421469;;
SKOTAREK Produkcja Maszyn Rolniczych i Części;(65)5433564;;
SKOTAREK Produkcja Maszyn Rolniczych i Części;(65)5434408;;
SKR Bądkowo;(54)2724049;;
SKR Bądkowo;(54)2724031;;
Skup i Sprzedaż Ciągników i Maszyn Rolniczych;(33)8535182;;
Skup i Sprzedaż Ciągników i Maszyn Rolniczych;608182373;;
Smulders Sp. z o.o.;(61)4441405;;
Smulders Sp. z o.o.;(61)4441318;;
SOBOL-agro Sp. z o.o.;(44)7323889;;
SPAW-MET;661779256;;
SPAW-MET;605652208;;
SPECMAT S.c.;602344730;;
SPECMAT S.c.;603483530;;
Spółdzielnia Pracy ROLNIK;(43)8220900;;
Spółdzielnia Rolniczo-Handlowa;(17)8527951;;
Spółdzielnia Usług Rolniczych i Transportowych;(61)4362058;;
Spółdzielnia Usług Rolniczych w Cisku;(77)4871131;;
Spółdzielnia Usług Rolniczych w Cisku;(77)4871191;;
Spółdzielnia Usług Rolniczych w Garbowie;(81)5018054;;
Spółdzielnia Usług Rolniczych w Garbowie;505137529;;
Sprzedaż Maszyn Rolniczych Jankowski;(58)6876280;;
Sprzedaż Maszyn Rolniczych Jankowski;696018090;;
Sprzedaż Maszyn Rolniczych Leszek Łuczak;(67)2613714;;
Sprzedaż Maszyn Rolniczych Leszek Łuczak;509705739;;
STALTECH;(44)7414140;;
STALTECH;(44)7812072;;
STANEK MACHINERY;782663555;;
STANEK MACHINERY;(12)3863812;;
STANIMPEX;(61)2918159;;
STANIMPEX;(61)2959248;;
Strzoda Maszyny Rolnicze;(77)4375119;;
Strzoda Maszyny Rolnicze;602101378;;
SUPERMET;(25)7922209;;
Synergia;(22)7589624;;
SZM Spółdzielczy Zakład Mechaniczny;(62)7216033-34;;
SZM Spółdzielczy Zakład Mechaniczny;(62)7216075;;
Świat Rolnika Adam Sidor;510650306;;
TALEX Sp. z o.o. Sp.komandytowa;(59)8211340;;
TALEX Sp. z o.o. Sp.komandytowa;507828310;;
TARGROL;(44)7541342;;
TARGROL;605535060;;
TBO WITKOWSKI Marcin Witkowski;512664264;;
TECH-AGRI;(56)6832883;;
TECH-AGRI;601803373;;
TECH-KOM Przemysław Laskowski;(61)2854297;;
TECH-KOM Przemysław Laskowski;(61)2856098;;
Tech-Rol Szymon Bączek;(52)3854264;;
TECHMLEK Sp.j.;(81)8542255;;
TECHMLEK Sp.j.;(81)8543843;;
Techniczno-Handlowa Obsługa Rolnictwa TORAL;(65)5751605;;
Techniczno-Handlowa Obsługa Rolnictwa TORAL;(65)5751607;;
Technik Centrum Rolnictwa Lely Center w Węgrowie;(25)7923843;;
Technik Centrum Rolnictwa Lely Center w Węgrowie;519395862;;
TECHROL Sp. z o.o.;(65)5452092;;
TECHROL Sp. z o.o.;(65)5462556;;
TESTMER WARSZAWA S.A. Oddział Sanok;(13)4630953;;
TESTMER WARSZAWA S.A. Oddział Sanok;(13)4645615;;
TOP FARMS Głubczyce Sp. z o.o.;(77)4853056;;
TRAKTOR S.c.;(62)7667608;;
TRAKTOR-SERWIS;(18)4470117;;
TRAKTOR-SERWIS;(18)4420960;;
TROJAN Tech Agro Sp. z o.o.;608315979;;
TRUCK SERWIS Robert Pliszka;(59)8410906;;
TRUCK SERWIS Robert Pliszka;601648613;;
ULENBERG Sp. z o.o.;(59)8412398;;
UNIA Sp. z o.o.;(56)4510505;;
UNIA Sp. z o.o.;(56)4510501;;
UNIA-FAMAROL Sp. z o.o.;(59)8418001;;
UNIA-FAMAROL Sp. z o.o.;(59)8413725;;
URSUS S.A.;(22)2660266;;
URSUS S.A.;(22)5065535;;
Väderstad Sp. z o.o.;(61)2912215;;
Venneker Polska Sp. z o.o.;(71)7271252;;
Venneker Polska Sp. z o.o.;604823779;;
Witex Witold Barszcz;603968150;;
Z.P.H.U. MAL-MET Marek Malak;(52)3810556;;
Z.P.H.U. MAL-MET Marek Malak;(52)3734343;;
Z.P.U.H. Agro-Dom;(71)3728379;;
Z.P.U.H. Andrzej Namysło;(41)3729940;;
Z.P.U.H. Andrzej Namysło;502521688;;
Z.P.U.H. STALBET;(54)2522559;;
Z.P.U.H. STALBET;502243600;;
Z.U.H. ROLMOT;(54)2720088;;
Z.U.H. ROLMOT;(54)2720211;;
Zakład Handlowo Usługowo Produkcyjny AGROS TJ Jan i Tadeusz Szwarc Sp.j.;(58)5368606;;
Zakład Handlowy BASP Sp.j. Januszewscy;(86)2725836;;
Zakład Handlu Sprzętem Rolniczym BIELECKI;(25)6820269;;
Zakład Handlu Sprzętem Rolniczym BIELECKI;(25)6820270;;
Zakład Mechaniczny METALTECH Sp. z o.o.;(67)2595112;;
Zakład Mechaniczny METALTECH Sp. z o.o.;(67)2595176;;
Zakład Mechaniki Maszyn i Urządzeń Rolniczych Antoni Rymaszewski;(77)4663407;;
Zakład Mechaniki Maszyn i Urządzeń Rolniczych Antoni Rymaszewski;604333666;;
Zakład Mechaniki Maszyn i Urządzeń Rolniczych Sławomir Biardzki;(25)6416540;;
Zakład Mechanizmów Napędowych S.c.;(94)3652091;;
Zakład Mechanizmów Napędowych S.c.;(94)3652641;;
Zakład Napraw Ciągników i Maszyn Rolniczych Waldemar Klepacz;(48)6186073;;
Zakład Napraw Ciągników i Maszyn Rolniczych Waldemar Klepacz;(48)6186929;;
Zakład Naprawczo-Regeneracyjny;(61)2911838;;
Zakład Naprawczo-Regeneracyjny;(61)2910056;;
Zakład Produkcji Części Zamiennych do Maszyn Rolniczych Weckwerth Grzegorz;(61)8126612;;
Zakład Produkcji i Handlu AGROPART S.c. Kilian Wiesław, Kilian Rafał;(14)6832368;;
Zakład Produkcji i Handlu AGROPART S.c. Kilian Wiesław, Kilian Rafał;500197662;;
Zakład Produkcji Maszyn Rolniczych PROMAR;(25)7919282;;
Zakład Produkcji Maszyn Rolniczych PROMAR;(25)7405561;;
Zakład Produkcyjno-Handlowy ROL-MAR Andrzej Markowski;(24)3623001;;
Zakład Produkcyjno-Handlowy ROL-MAR Andrzej Markowski;(24)3644367;;
Zakład Produkcyjno-Usługowy Wiesław Królik;(48)6673049;;
Zakład Produkcyjno-Usługowy Wiesław Królik;(48)6670398;;
Zakład Produkcyjno-Usługowy WIRAX;(59)8215694;;
Zakład Projektowo-Wdrożeniowy Tadeusz Jędrachowicz;608445926;;
Zakład Ślusarski Kazimierz Piecuch;(58)5619083;;
Zakład Ślusarski Kazimierz Piecuch;604386751;;
Zakład Usługowo-Handlowy Krzysztof Królik;(25)6843756;;
Zakład Usługowo-Handlowy Krzysztof Królik;(25)6820460;;
Zakład Usługowo-Podukcyjny Marwieś;(77)4341231;;
Zakład Usługowo-Podukcyjny Marwieś;(77)4313775;;
Zakład Wyrobów Metalowych TRYMET Sp. z o.o.;(91)4526166;;
Zakłady Metalowe Charbrowo Sp. z o.o.;(59)8611758;;
Zakłady Metalowe Charbrowo Sp. z o.o.;(59)8611759;;
Zakłady Sprzętu Mechanicznego URSUS Sp. z o.o.;(56)6770140;;
Zakłady Sprzętu Mechanicznego URSUS Sp. z o.o.;(56)6770144;;
ZAMET Zabielski Sp.j.;(24)3862751;;
ZAMET Zabielski Sp.j.;(24)2612907;;
ZAMPOL S.c.;531664473;;
ZAMPOL S.c.;601703583;;
ZETOR Polska Sp. z o.o.;(62)5014400;;
ZETOR Polska Sp. z o.o.;(62)5014499;;
Zgarniacze Wróblewski Zakład Mechaniki Maszyn;(76)8550257;;
Zgarniacze Wróblewski Zakład Mechaniki Maszyn;695812183;;
ZH DAMAR;(77)4544016;;
ZH DAMAR;(77)4536751;;
ZHU SPEC-DROB Sp. z o.o.;(89)5391022;;
Zielona Energia Pro Sp. z o.o.;(32)6140012;;
ZNMR Szczecin;(91)4822537;;
ZNMR Szczecin;601554474;;
Zootechnika Wojciech Hałuszczak;(71)3373280;;
Zootechnika Wojciech Hałuszczak;502503921;;
ZOR BIRAWIT Witold Januszewski;(89)7413028;;
ZOR BIRAWIT Witold Januszewski;(89)7413030;;
ZUPTOR Sp. z o.o.;(65)5725090;;
ZUPTOR Sp. z o.o.;(65)5729481;;
Agro-Biznes Sp.j. Sularz, Rudnicki;(95)7314224;;
Agro-Biznes Sp.j. Sularz, Rudnicki;(95)7314384;;
AGRO-FARM Sp. z o.o.;(75)7222625;;
AGRO-FARM Sp. z o.o.;(75)7224060;;
Agrogate.pl;608362139;;
Agrolex Sp. z o.o.;(91)5702030;;
Agrolex Sp. z o.o.;(91)5702544;;
AGROLIDER Łukasz Boligłowa;663495825;;
Agroma Malbork Sp. z o.o.;(55)2723301;;
Agroma Malbork Sp. z o.o.;(55)6471718;;
Agroskaner Sp. z o.o.;(22)7796654;;
AMIGA Mrągowo Sp. z o.o.;(89)7414241;;
BARMET Plus;(67)2619439;;
BASIS;(85)7412606;;
BASIS;607607679;;
BURS POLSKA Maszyny Budowlane i Rolnicze;(77)4124100;;
BURS POLSKA Maszyny Budowlane i Rolnicze;502615444;;
CENTRUM LEŚNE;(67)2164745;;
CENTRUM LEŚNE;(67)2162469;;
CynkoMet Sp. z o.o.;(85)7102023;;
CynkoMet Sp. z o.o.;(85)7341259;;
DRAFT-TECH;790800065;;
EL-TOM Magdalena Karczewska;664432176;;
F.H. Najbar;(12)4115959;;
F.H. Najbar;(12)2944293;;
F.H.U. TRANSROL Antoni Romańczyk;(18)4450686;;
F.H.U. ZETOR Czesław Łowisz;603631295;;
F.H.U. ZETOR Czesław Łowisz;517547864;;
FHU U VUZLA;(83)3795014;;
FHU U VUZLA;506082555;;
Firma TRAKOR;(32)2387639;;
Firma TRAKOR;(32)2387638;;
Handel Artykułami Przemysłowymi i Chemicznymi Jan Górski;(87)5685209;;
Handel Artykułami Przemysłowymi i Chemicznymi Jan Górski;506109300;;
HANROL Katarzyna Obrzud;(43)8203651;;
HERMON Czech & Muzia Sp.j.;(32)4120412;;
HERMON Czech & Muzia Sp.j.;(32)4120418;;
Horizont ROLOS Sp. z o.o.;(29)7423339;;
Hurtownia ROL-BUD;(87)6422738;;
Hurtownia ROL-BUD;(87)6422013;;
Jarząb Maszyny;(71)3158211;;
KOCH-MAN;(44)6846602;;
KOCH-MAN;513164228;;
KOJPASZ Sp.j.;(83)3782252;;
KOJPASZ Sp.j.;(83)3782052;;
KREATOR Sp. z o.o.;(12)6810260;;
KREATOR Sp. z o.o.;(12)6810250;;
Lely East Sp. z o.o.;(52)3211100;;
LIWEX Łasek Włodzimierz;(71)3527355;;
LIWEX Łasek Włodzimierz;(71)3527729;;
LUBMASZ;(81)7563466;;
LUBMASZ;602341035;;
LUUCO TECHNIKA;695618790;;
MADOKS Dariusz Przegaliński;505213016;;
MADOKS Dariusz Przegaliński;501008919;;
MIDEX-TYRES GROUP Sp. z o.o.;(82)5661940;;
MIDEX-TYRES GROUP Sp. z o.o.;(82)5661470;;
MILTOM-EKO Sp. z o.o.;665881100;;
MILTOM-EKO Sp. z o.o.;665163100;;
Multimaszyny.eu;(32)6120084;;
Multimaszyny.eu;517512590;;
NTPRO Biuro Konstrukcyjne;600519753;;
OFERTYMASZYN;690652902;;
OFERTYMASZYN;606445953;;
OMME Izabela Maciejczyk Import-Export;606670511;;
OMME Izabela Maciejczyk Import-Export;604140677;;
OPEC-BIO Sp. z o.o.;(56)4506284;;
OPEC-BIO Sp. z o.o.;(56)4621629;;
Osadkowski S.A.;(71)3146454;;
P.H. DANROL;(74)8156017;;
P.H.U. Agrofarm;(71)3152043;;
P.H.U. Agrofarm;(71)3991837;;
P.P.H. ROLMETAL Teresa Kubańska, Jacek Kubański Sp.j.;(32)6411888;;
P.P.H. ROLMETAL Teresa Kubańska, Jacek Kubański Sp.j.;(32)6411842;;
P.U.H. CHEMIROL Sp. z o.o.;(52)3188800;;
P.U.H. CHEMIROL Sp. z o.o.;(52)3188801;;
PHU AGRO-AS Sp.j.;(77)4155700;;
PHU AGRO-AS Sp.j.;(77)4155770;;
PHU AGROVET Andrzej Konopka;514984434;;
PHU AGROVET Andrzej Konopka;505004666;;
PHU TOMPOL;509747501;;
PHU TOMPOL;518976001;;
POM-AGRO Sp. z o.o.;662052424;;
POM-AGRO Sp. z o.o.;662052434;;
PPHU AGROMECHANIKA S.c.;(62)7618007;;
PPHU AGROMECHANIKA S.c.;(62)7618469;;
PPHU Gałkowski Szymon;509546543;;
PPHU Gałkowski Szymon;501425409;;
Przedsiębiorstwo Handlowo-Promocyjne AGRO-EFEKT Sp. z o.o.;(62)7868400;;
Przedsiębiorstwo Handlowo-Promocyjne AGRO-EFEKT Sp. z o.o.;(62)7868430;;
Przedsiębiorstwo Obsługi Rolnictwa WARPOL-AGRO Sp. z o.o.;(25)6414602;;
Przedsiębiorstwo Obsługi Rolnictwa WARPOL-AGRO Sp. z o.o.;(25)6414651;;
Przedsiębiorstwo Produkcyjno-Usługowo-Handlowe EKO-POM Sp. z o.o.;(33)8532731;;
Przedsiębiorstwo Produkcyjno-Usługowo-Handlowe EKO-POM Sp. z o.o.;(33)8532817;;
Przedsiębiorstwo Zaopatrzenia Rolnictwa CHEMPEST S.A.;(32)4125000;;
Przedsiębiorstwo Zaopatrzenia Rolnictwa CHEMPEST S.A.;(32)4125010;;
PSF POLISH SPRINGS FACTORY Sp. z o.o.;(61)6647250;;
PUTH KODZIK Krzysztof Idzik;(24)2771131;;
PUTH KODZIK Krzysztof Idzik;604102861;;
ROL-MIX Sp. z o.o.;(94)3422047;;
ROL-MIX Sp. z o.o.;(94)3424471;;
Rolnicza Spółdzielnia Produkcyjna HOPKIE;(84)6471131;;
Rolnicza Spółdzielnia Produkcyjna HOPKIE;(84)6471132;;
Rolnicza Spółdzielnia Produkcyjna POKÓJ;(61)8157447;;
Rolnicza Spółdzielnia Produkcyjna POKÓJ;(61)8157448;;
SOLAN Sp.j;(81)7510785;;
SOLAN Sp.j;509555270;;
Stacja Doświadczalna Oceny Odmian;(58)5368618;;
Stacja Doświadczalna Oceny Odmian;602106440;;
Swimer - Zbiorniki na Olej Napędowy;(56)6814733;;
Swimer - Zbiorniki na Olej Napędowy;535125195;;
TEKA TRADE;602581674;;
TL Maszyny Budowlane;509121289;;
TL Maszyny Budowlane;502304563;;
TOMAR;693232579;;
TOMAR;601856464;;
TOP SERVICE;508417187;;
TOP SERVICE;792950401;;
Warmińskie Centrum Maszyn Budowlanych;(89)5334690;;
Warmińskie Centrum Maszyn Budowlanych;723257271;;
Z.P.H. IMEX;(44)7237096;;
Zakład Hydrauliki Motoryzacyjnej Anna Baranowska;(22)7585192;;
Zakład Hydrauliki Motoryzacyjnej Anna Baranowska;609458646;;
Zakład Mechaniki Precyzyjnej KRYZBYT Sp. z o.o.;(32)3296186;;
Zakład Mechaniki Precyzyjnej KRYZBYT Sp. z o.o.;601885393;;
Zakład Ślusarski U.P.H. Bolesław Groszkowski;(56)4728743;;
Zakład Ślusarski U.P.H. Bolesław Groszkowski;501546178;;
ZPH Dariusz Klimza;(62)7852035;;
ZPH Dariusz Klimza;603583869;;
