DBLTECH;664818397;;
Eldomix Andrzej Konowalski;(52)3484567;;
Eldomix Andrzej Konowalski;(52)3484142;;
FERMAX POLSKA Sp. z o.o.;618112303;;
FERMAX POLSKA Sp. z o.o.;(22)3308150Warszawa;;
Instalacje-Automatyka inż. Gustaw Wojnar;(33)8529472;;
Instalacje-Automatyka inż. Gustaw Wojnar;(33)8529472;;
LUX MAT S.c. Andrzej i Damian Ganowski;(22)8185536;;
LUX MAT S.c. Andrzej i Damian Ganowski;501341087;;
Artel Usługi Informatyczne i Doradztwo Artur Kowalski;666367061;;
Eura-tech Sp. z o.o.;(58)6788100;;
Eura-tech Sp. z o.o.;(58)6788181;;
Fon S.c. Serwis Domofonów i Centralek Telefonicznych;603791233;;
IMPULS Domofony Sprzedaż Montaż;(22)8770991;;
IMPULS Domofony Sprzedaż Montaż;(22)8377630;;
RIWMAR;505410061;;
ALDYS Autoryzowany Zakład Instalacji Alarmowych;601579943;;
ATOS Sp. z o.o.;(42)6775701;;
ATOS Sp. z o.o.;(42)6775777;;
Biuro Usług Specjalistycznych Atomservice Sp. z o.o.;(32)2539472;;
Biuro Usług Specjalistycznych Atomservice Sp. z o.o.;(32)2530419;;
Conectel Mariusz Wojno, Aneta Nasalska Sp.j.;(22)2131747;;
Conectel Mariusz Wojno, Aneta Nasalska Sp.j.;(22)2131657;;
EL-BIS Hurtownia Elektryczna;(32)4152704;;
EL-BIS Hurtownia Elektryczna;(32)4154428;;
ELEKTRO-BUD B.M.Przybysławscy Sp.j.;(71)3026902;;
ELEKTRO-BUD B.M.Przybysławscy Sp.j.;501435020;;
ELKOMECH S.c.;(22)7887226;;
ELKOMECH S.c.;509103021;;
Hurtownia Oświetlenia i Materiałów Elektroinstalacyjnych KAREL 2 Sp. z o.o.;(32)4384900;;
K.S. SYSTEM;501311378;;
K.S. SYSTEM;606428661;;
MIW S.c.;603700715;;
MIW S.c.;(43)6783520;;
MONTEL-BR S.c. Zakład Usługowo-Produkcyjny;(16)6768950;;
MONTEL-BR S.c. Zakład Usługowo-Produkcyjny;(16)6768952;;
P.W. Z.T.R.M.O. Iwona Osiecka;(42)6301138;;
P.W. Z.T.R.M.O. Iwona Osiecka;(42)6302464;;
PROSTER Sp. z o.o.;(14)6848300;;
PROSTER Sp. z o.o.;(14)6848301;;
SCHRACK TECHNIK POLSKA Sp. z o.o.;(22)2053100;;
SCHRACK TECHNIK POLSKA Sp. z o.o.;(22)2053111;;
St-System Sławomir Tomala;698698810;;
Stal-Met SYSTEM;511911980;;
AKFON Andrzej Kapitan;(81)4465860;;
AKFON Andrzej Kapitan;(81)4465861;;
Centrum Teleinformatyki Sp. z o.o.;(22)3144444;;
Centrum Teleinformatyki Sp. z o.o.;(22)3144445;;
EL-PROTEKT Kamil Rogasik;790391383;;
Elektro-remix Rafał Celiński;600961268;;
Elektro-remix Rafał Celiński;(25)7986620;;
ELRAF Instalacje i Pomiary Elektryczne Rafał Runo;604508712;;
ELRAF Instalacje i Pomiary Elektryczne Rafał Runo;668524093;;
ELWAST S.c. J.Walczowski, D.Walczowska;(12)2825755;;
ELWAST S.c. J.Walczowski, D.Walczowska;608632106;;
F.H.U. AVIS Sylwester Woźniak;606435424;;
F.H.U. AVIS Sylwester Woźniak;600856227;;
F.H.U. Braminstal S.c.;504396249;;
F.H.U. Braminstal S.c.;606631433;;
Firma Elektroniczna Pixel;699403399;;
Hurtownia Elektryczna ELPORT;(32)2211569;;
Hurtownia Elektryczna ELPORT;(32)3263682;;
Impuls Andrzej Bartula;512962219;;
ISAD Lech Czajkowski sklep internetowy;(58)6719716;;
ISAD Lech Czajkowski sklep internetowy;601679818;;
MULTITRONIK - Autoryzowany Dealer FAAC, NOVOFERM, WIŚNIOWSKI, HORMANN, GEZE;605236236;;
MULTITRONIK - Autoryzowany Dealer FAAC, NOVOFERM, WIŚNIOWSKI, HORMANN, GEZE;605141039(bramygarażowe,przemysłowe);;
Paktronik Paweł Górnik;(41)3833413;;
Paktronik Paweł Górnik;604380119;;
PHU Wilmat S.c. M.Wilkus, T.Matuszek;(71)3259879;;
PHU Wilmat S.c. M.Wilkus, T.Matuszek;606731625;;
PPHU INEL S.c. Sławomir Chruściński, Zdzisław Polak;(44)6476864;;
PPHU INEL S.c. Sławomir Chruściński, Zdzisław Polak;(44)6499711;;
SYSTAL Andrzej Cieśliński;(24)2645779;;
Z.H.P.U. AMPEREK Andrzej Okrzesik;(33)8615480;;
Zakład Usług Elektrycznych i Alarmowych;(61)8172253;;
Zakład Usług Elektrycznych i Alarmowych;501454787;;
AKARD Inteligentne Domy;501199103;;
AKARD Inteligentne Domy;(32)3609578;;
ALARM-SYSTEM S.c.;(75)7326794;;
ALARM-SYSTEM S.c.;606810548;;
ALARM-TEL;501785145;;
ALARMTECH Zakład Elektroniczny Krzysztof Pyrzanowski;(55)2368074;;
ALARMTECH Zakład Elektroniczny Krzysztof Pyrzanowski;(55)6437778;;
Almax Andrzej Drankowski;502230953;;
ALNET SYSTEM S.c. Krzysztof Machała Grzegorz Szpunar;(16)6218948;;
ALTEX Jan Artyszuk;(83)3424433;;
ALTEX Jan Artyszuk;600963188;;
AMTECH;(81)4410055;;
AMTECH;601353435;;
Andrzej Bieryłło AB Serwis Szczecin;(91)4335956;;
Andrzej Bieryłło AB Serwis Szczecin;(91)4880572;;
Antronik;(44)6834762;;
Antronik;(44)7383057;;
APE Elektroinstalacje;(12)2665154;;
ARO Artur i Robert Ozdoba;(41)3623045;;
ARO Artur i Robert Ozdoba;664912305;;
AVAL Sp. z o.o.;(85)6517656;;
AVAL Sp. z o.o.;(85)6514999;;
BARTCZAK Agencja Ochrony i Usług Detektywistycznych Janusz Bartczak;505138039;;
BARTCZAK Agencja Ochrony i Usług Detektywistycznych Janusz Bartczak;(75)7442939;;
Blast.pl Sebastian Bagiński;(12)6429880;;
Blast.pl Sebastian Bagiński;605100645;;
BRAM-STAL;502552402;;
BRAM-STAL;505133371;;
DELTAVIDEO;665272525;;
Domofon Artur Piekarski;602497308;;
Domofon Artur Piekarski;503006120;;
eAlarmy.pl;(34)3566555;;
eAlarmy.pl;(34)3566566;;
EL-SIGMA Sp. z o.o.;(32)7336161;;
EL-SIGMA Sp. z o.o.;607407743;;
EL-TECH Sp.j. Kubis i Wspólnicy;(62)7384551;;
EL-TECH Sp.j. Kubis i Wspólnicy;(62)7384552;;
Elektroinstalacje;603515426;;
ELMOT Instalatorstwo Elektryczne;(42)6144539;;
ELMOT Instalatorstwo Elektryczne;(42)6144688;;
ETNA TRADE Sp. z o. o.;668144033;;
ETNA TRADE Sp. z o. o.;503651497;;
Ewerest Zdrowicka-Wawrzyniak Magdalena;604056202;;
F.H.U. BASIA Sławomir Rzyman Instalatorstwo Elektryczne;600243879;;
FAAC SATEX Automatyka Bram;606392840;;
FHUP SYSTEM SERWIS;(18)4420614;;
FHUP SYSTEM SERWIS;605329943;;
Firma Handlowo-Usługowa FALKOR Jacek Zimnota;(46)8332036;;
Firma Handlowo-Usługowa FALKOR Jacek Zimnota;(46)8348015;;
Firma Handlowo-Usługowa PD-SAT Piotr Drwięga;(13)4939839;;
Firma Handlowo-Usługowa PD-SAT Piotr Drwięga;(13)4939841;;
FONEX K.T.M.Borowscy Sp.j.;(34)3681210;;
FONEX K.T.M.Borowscy Sp.j.;(34)3653382;;
FONEX.PL;(34)3525111;;
FONEX.PL;801525111;;
GEMINI;(17)8520833;;
GEMINI;(17)8528109;;
Hurtownia Elektryczna Kamego;(32)2151862;;
JARDAN P.H.U.;(81)5262243;;
JARDAN P.H.U.;505044454;;
KARO Karlicki Sp. z o.o.;(22)4782789;;
KARO Karlicki Sp. z o.o.;(22)4782788;;
KUBA TRONIC SERWIS;(91)5784760;;
KUBA TRONIC SERWIS;501045487;;
Landzberg Sp.j.;(58)5629780;;
Landzberg Sp.j.;(58)5630171;;
LuxMarket.pl;(22)7312474;;
LuxMarket.pl;(22)7312840;;
Mach-Met;(22)7200224;;
Mach-Met;501121704;;
Mesko-Net Przedsiębiorstwo Teleinformatyczne Sp. z o.o.;(41)2534007;;
Mesko-Net Przedsiębiorstwo Teleinformatyczne Sp. z o.o.;(41)2534204;;
Monitoring & IT;(12)3070718;;
Monitoring & IT;883287742;;
Naprawa i Serwis AGD Włodzimierz Wilczyński;509716924;;
Naprawa Urządzeń Elektronicznych Tomasz Jackowski;601207689;;
P.H.U. ELKAL S.c. Rafał Kalemba, Władysława Kalemba;(12)2711643;;
P.H.U. ELKAL S.c. Rafał Kalemba, Władysława Kalemba;(12)2710591;;
P.H.U. JUR-TECH Jerzy Marczewski;504390900;;
P.M.BUD Hurtownia Elektroniczno-Energetyczna;(32)2545106;;
P.M.BUD Hurtownia Elektroniczno-Energetyczna;(32)2053670;;
P.W.H. BRABORK Laboratorium Sp. z o.o.;(22)6192949;;
P.W.H. BRABORK Laboratorium Sp. z o.o.;(22)6192514;;
POL-BRAM;502315921;;
POL-BRAM;(71)3580128;;
Polaris International;(58)7711177;;
Polaris International;602716756;;
PROINSTAL Mieczysław Dampc;506119356;;
Promon PHU;607891897;;
Promon PHU;784004121;;
Przedsiębiorstwo Usługowe TEWAL Sp. z o.o.;(77)4542583;;
RafTeleKom Teleinformatyka i Systemy Zabezpieczeń;600940389;;
REDUX Jerzy Chmielak;501065296;;
REDUX Jerzy Chmielak;(22)7844433;;
SOTEL P.T.;692240200;;
TomiNET Barbara Jędrasik;(91)3847623;;
TomiNET Barbara Jędrasik;(91)3847622;;
VIGILAX Systemy Alarmowe S.c.;(76)8334488;;
VIGILAX Systemy Alarmowe S.c.;602520643;;
WTL-Wirtualny Tomaszów Lubelski;604123456;;
WTL-Wirtualny Tomaszów Lubelski;(84)6647777;;
Elektrokom Jacek Jąder;(61)8614560;;
Elektrokom Jacek Jąder;604555590;;
22MM Zakład Instalacji Niskoprądowych;(58)6223841;;
22MM Zakład Instalacji Niskoprądowych;501311415;;
AC SYSTEM;(12)6384056;;
AC SYSTEM;793484482;;
ACO Dorota Nowak;(61)8439371;;
ACO Dorota Nowak;510047802;;
AD instal;790287597;;
AD instal;722010737;;
ADB Instalacje;600818622;;
ADD;(22)6702420;;
ADD;(22)6702457;;
ADM-system;692794400;;
ADP Emil Zapolski;(87)5666101;;
ALARMNET Sp.j.;(22)6634085;;
ALARMNET Sp.j.;(22)8338795;;
ALARMNET Sp.j.;(22)6634085;;
ALBK Bartłomiej Kleczewski;607382476;;
Alsat Arkadiusz Bartkowski;506577756;;
AM-Invest;(52)5221217;;
AM-Invest;504478621;;
ANSAT Andrzej Łuczkowski;(61)4422213;;
ANSAT Andrzej Łuczkowski;603949088;;
BOMAP Sp. z o.o.;(77)4513144;;
BOMAP Sp. z o.o.;(77)4513145;;
BOMAR_COM Marcin Pyć, Paweł Gogołkiewicz;(42)2114745;;
BOMAR_COM Marcin Pyć, Paweł Gogołkiewicz;606389712;;
Cnm-Kmd-Montaż Systemów Alarmowych;501020127;;
CYFRAL Sp.j.;(42)6399870;;
CYFRAL Sp.j.;(42)6399877;;
DOM-EL-SERWIS;(22)3982116;;
DOM-EL-SERWIS;603935469;;
Domofon Serwis PORTER;(58)6227007;;
Domofon Serwis PORTER;(58)6228800;;
Domofony - Montaż & Naprawa;(91)4847703;;
Domofony - Montaż & Naprawa;501042803;;
Domofony Grzegorz Pluta;(22)7565917;;
Domofony Grzegorz Pluta;602470704;;
Domofony Olsztyn;(89)5416031;;
Domofony Olsztyn;601840389;;
DOMOFONY S.c.;(42)6425729;;
Domofony Warszawa Doliszny Andrzej i Emil;601925304;;
Domofony Warszawa Doliszny Andrzej i Emil;695373071;;
Domofony.org;(42)6518224;;
Domofony.org;508270280;;
DomofonySklep.pl;(22)7312481;;
DomofonySklep.pl;(22)7312475;;
Dorfon;(71)3219131;;
Dorfon;601738383;;
Dual Plus;501950317;;
DUET PLUS Włodzimierz Promelski;507046361;;
DUET PLUS Włodzimierz Promelski;726656087;;
DUNIFEX Dariusz Porazik;(91)8149787;;
DUNIFEX Dariusz Porazik;(91)8149788;;
EL-COM SERWIS;601467544;;
ELEKTRO-DOM Tadeusz Głomb;(32)2421175;;
ElektroDom;(62)7355843;;
ElektroDom;(62)5919173;;
ElektroPas;609081081;;
ELFON Sp. z o.o.;(12)2924870;;
ELFON Sp. z o.o.;(12)2924871;;
ELJOT Domofony;(42)6407942;;
ELJOT Domofony;(42)6513795;;
ELOPTIM S.c.;660676552;;
ELOPTIM S.c.;507244506;;
ELPROD;(52)3797976;;
ELPROD;509186354;;
ELTAD;(22)8330133;;
ELTAD;603767100;;
Elwik PUH E.Żaczek;501693579;;
ESPEL Systemy Teletechniczne;(42)2920069;;
ESPEL Systemy Teletechniczne;509344884;;
EUROCOM;(12)4293904;;
EUROCOM;531988900;;
EUROCOM Kinga Pstraś-Dukat;(12)4424062;;
EUROCOM Kinga Pstraś-Dukat;(12)4293904;;
eXms;796909905;;
F.H. WENA;(22)8370286;;
F.H. WENA;606788668;;
F.U.H. NATALEX Waldemar Stefański;(32)3980100;;
F.U.H. NATALEX Waldemar Stefański;502927106;;
FEN-POL;(91)4557116;;
FEN-POL;602588822;;
FHU KAPITEX;(61)8306649;;
FHU KAPITEX;601753049;;
Firma ELTECH Jarosław Klotzer;508144290;;
Firma ELTECH Jarosław Klotzer;508144294;;
Firma Instalacyjno-Usługowa DURISZ;697720706;;
Firma Instalacyjno-Usługowa DURISZ;(59)8621917;;
Firma Usługowa MARKO;(12)2670297;;
Firma Usługowa MARKO;601416997;;
FON Serwis Domofonów;602389641;;
GARDA PPHU Systemy Domofonowe i Wideodomofonowe;517156744;;
HADAR mgr inż. Andrzej Banaszkiewicz;506355922;;
IKATEL Tadeusz Krysmalski;(71)3291782;;
IKATEL Tadeusz Krysmalski;(71)3291732;;
INSTALBUD Silesia Group S.c.;662598560;;
INTEEL;(12)4150006;;
INTEEL;602122268;;
INTERTECHNIKA Kołodziejczyk i Syn Sp.j.;(61)8523983;;
inż. Jan Gabryel - Firma Inżynieryjno Remontowa;(012)6452958;;
inż. Jan Gabryel - Firma Inżynieryjno Remontowa;606452958;;
ITC;(22)3821559;;
ITC;(22)3000576;;
KARES;604691984;;
KOMEL Elektroniczne Systemy Zabezpieczeń Krzysztof Obrębski;(22)4249989;;
KOMEL Elektroniczne Systemy Zabezpieczeń Krzysztof Obrębski;601218696;;
LASKOMEX PPUH;(42)6718800;;
LASKOMEX PPUH;(42)6718888;;
LEELEN TECHNOLOGY POLSKA;(18)5406230;;
LEELEN TECHNOLOGY POLSKA;(18)5406254;;
LUCK SERWIS;501672665;;
LUMEN Firma Usługowa Krzysztof Okoń;502509008;;
M&M Tabo S.c.;(91)3223222;;
Magnuss Adam Zakrzewski;(91)8183206;;
Magnuss Adam Zakrzewski;501962844;;
MARIDOM Marika Klimko;667596845;;
Mesa-Service Krzysztof Rubik;(32)2669093;;
Mesa-Service Krzysztof Rubik;601487464;;
mich_el Michał Michalak;607061699;;
MIFON;(22)7240732;;
MIFON;(22)7240194;;
NADKOM;(22)6120600;;
NADKOM;(22)6121250;;
NETMETIS Sp.j.;(32)4752211;;
NETMETIS Sp.j.;(32)4350004;;
P.P.H.U. IKA S.c.;(42)6116641;;
P.P.H.U. IKA S.c.;(42)6226642;;
P.W. ESAL;(32)2660426;;
PAWPOL Sp.j. P.Marecki, A.Matyjasz;(62)5023083;;
PAWPOL Sp.j. P.Marecki, A.Matyjasz;(62)5023003;;
POLIXEL S.A.;(22)5111999;;
POLIXEL S.A.;(22)5111995;;
PPH Elektronik-Radbit;(48)3638535;;
Przedsiębiorstwo Handlowo-Usługowe MARKO;(94)3630620;;
Przedsiębiorstwo Handlowo-Usługowe MARKO;602842937;;
Przedsiębiorstwo Usługowe PRO-NET;(32)7218873;;
Przedsiębiorstwo Usługowe PRO-NET;796852034;;
Przedsiębiorstwo Wielobranżowe GET Roman Bartela;(32)2630154;;
Przedsiębiorstwo Wielobranżowe GET Roman Bartela;602650455;;
Przedsiębiorstwo Wielobranżowe RALTRONIK;(32)2715364;;
SANSERWICE W.Kosiorowski, K.Różański;(91)4823514;;
SANSERWICE W.Kosiorowski, K.Różański;533985775;;
SECUREX Mariusz Nagórski;605620045;;
Securus S.c. Dariusz Wasyluk, Krzysztof Dębiński;(84)6270555;;
Securus S.c. Dariusz Wasyluk, Krzysztof Dębiński;(84)6271555;;
SHARK POLSKA;602644621;;
SignalTech Sp. z o.o.;(32)4417124;;
SOB-TECH Robert Sobisz;(59)8626210;;
SOB-TECH Robert Sobisz;693616628;;
SOCKET;601812020;;
STEFBERG;(32)2880914;;
STEFBERG;504753386;;
Tech-home - Domofony i Usługi Elektryczne;501109154;;
TECHNAT IT Jan Nather Zakład Elektryczno-Elektroniczny;(61)8654357;;
TECHNAT IT Jan Nather Zakład Elektryczno-Elektroniczny;(61)2214735;;
TELE-ELEKTRO-INSTAL;(63)2785101;;
TELE-ELEKTRO-INSTAL;601818259;;
TELETECHNIKA;(42)2965699;;
TELETECHNIKA;535295705;;
TELROS Elektroniczne Systemy Zabezpieczeń;(22)4037914;;
TELROS Elektroniczne Systemy Zabezpieczeń;503172211;;
Tesa-Met;(71)3371957;;
Tesa-Met;513020795;;
THETA;(71)3967820;;
Top2Net Sp. z o.o.;(71)3479075;;
Top2Net Sp. z o.o.;(71)3479095;;
TRM Teleradiomechanika;691537952;;
TRM Teleradiomechanika;600256859;;
Usługi Elektroniczne Ryszard Horowic;(12)4235997;;
Usługi Elektroniczne Ryszard Horowic;603873313;;
WEGA Marek Markowski;502678932;;
WeW;(71)3988325;;
WeW;607537213;;
Wideodomofony CENTRAL SERVICE;(12)4201911;;
Wideodomofony CENTRAL SERVICE;(12)3461628;;
Wintel S.c.;(33)8512295;;
Zakład Elektroinstalacyjny ZYGZAK;(32)3400160;;
Zakład Elektroinstalacyjny ZYGZAK;602703253;;
Zakład Usługowo – Handlowy Andrzej Babiak;501275097;;
Zakład Usługowo – Handlowy Andrzej Babiak;501014349;;
ZIYO Usługi Teleinformatyczne i Internetowe Tomasz Michalski;(52)3286651;;
ZIYO Usługi Teleinformatyczne i Internetowe Tomasz Michalski;600419045;;
Montaż Anten Trójmiasto;606105231;;
Piloty do Bram www.pilotydobram.pl;606200000;;
PSS-SERVICE (IWAR Sp. z o.o.);575243722;;
Security Team;600650030;;
71 zabezpieczeń: monitoring, alarmy, domofony;732813281;;
A.Z.I.AiA PROTON Henryk Pabis Sklep Internetowy Pabis.eu;(32)6230685;;
A&K Firma Usługowo-Montażowa;663751021;;
A&K Firma Usługowo-Montażowa;(59)7210092;;
A2c.pl Warszawski Serwis Antenowy;(22)6311421;;
A2c.pl Warszawski Serwis Antenowy;(22)8621033;;
AAT Holding S.A. Oddział Bydgoszcz;(52)3429124;;
AAT Holding S.A. Oddział Bydgoszcz;(52)3429882;;
AAT Holding S.A. Oddział Katowice;(32)3514830;;
AAT Holding S.A. Oddział Katowice;(32)2566034;;
AAT Holding S.A. Oddział Kielce;(41)3611632-33;;
AAT Holding S.A. Oddział Kraków;(12)2668795;;
AAT Holding S.A. Oddział Kraków;(12)2668797;;
AAT Holding S.A. Oddział Lublin;(81)7449365-66;;
AAT Holding S.A. Oddział Lublin;(81)7449177;;
AAT Holding S.A. Oddział Łódź;(42)6742533;;
AAT Holding S.A. Oddział Łódź;(42)6742548;;
AAT Holding S.A. Oddział Poznań;(61)6620660-61;;
AAT Holding S.A. Oddział Sopot;(58)5512263;;
AAT Holding S.A. Oddział Sopot;(58)5516752;;
AAT Holding S.A. Oddział Szczecin;(91)4833859;;
AAT Holding S.A. Oddział Szczecin;(91)4894724;;
AAT Holding S.A. Oddział Warszawa II;(22)7431011;;
AAT Holding S.A. Oddział Warszawa II;(22)8111350;;
AAT Holding S.A. Oddział Wrocław;(71)3482061;;
AAT Holding S.A. Oddział Wrocław;(71)3484236;;
AB-INSTAL;511651154;;
ABAKS-SYSTEM M.Bąk, A.Bąk Sp.j.;(81)7454646;;
ABAKS-SYSTEM M.Bąk, A.Bąk Sp.j.;(81)7454747;;
ABC Elektroniki;(75)7522613;;
ABC Elektroniki;(75)7522780;;
ABC Zabezpieczeń;(22)3896808;;
ABC Zabezpieczeń;(22)3359887;;
AD Serwis Łódź;(42)6717668;;
AD Serwis Łódź;(42)2881700;;
ADMA;(85)6532456;;
ADMA;604613588;;
AGA-SZCZEPAŃSKI;603241844;;
AGA-SZCZEPAŃSKI;506035305;;
Agencja Ochrony VIP;(12)2810226;;
Agencja Ochrony VIP;505495075;;
AISYS;602197272;;
AISYS;(22)7582286;;
AKARA Bramy-Drzwi-Napędy;694984704;;
AKME S.c.;(022)6172116;;
AKSONET Sp. z o.o.;(61)8620026;;
AKSONET Sp. z o.o.;(61)8620274;;
Al-Mar Marcin Cegiełka;501772250;;
AL-TECH;(12)4134139;;
AL-TECH;507013298;;
Alarm Cobra System;(48)3602208;;
Alarm Cobra System;602362717;;
ALARM KOMPLEX Zejer Janusz;604341926;;
ALARM SECURITY SYSTEM IT;722567888;;
ALARM SECURITY SYSTEM IT;510261555;;
ALARM SERWIS;793986130;;
ALARM SERWIS;(15)8655475;;
ALARM Serwis Centrum;(34)3669965;;
ALARM Serwis Centrum;(34)3669673;;
Alarm System Andrzej Niedźwiecki;606838201;;
Alarm System Andrzej Niedźwiecki;516136948;;
Alarm World S.c.;(44)7552033;;
ALARM-SERVICE Łukasz Gawor;(12)4255055;;
ALARM-SERVICE Łukasz Gawor;(12)2650830;;
ALARM-SERVICE Łukasz Gawor;(33)4408306;;
Alarm-Serwis;(13)4321310;;
Alarm-Serwis;603935442;;
ALARM-TECH inż. Jan Zawadzki;509475474;;
ALARM-TECH S.c.;(12)6402080;;
ALARM-TECH S.c.;(12)6403110;;
ALARMIS;510123410;;
AlarmSat Marcin Urbaniak;605341242;;
ALARMTELSERWIS;502595988;;
ALARMTELSERWIS;512280850;;
ALARMTRONIK Instalacja Urządzeń Alarmowych;(71)3280971;;
ALARMTRONIK Instalacja Urządzeń Alarmowych;601794564;;
ALDOM Kompleksowa Obsługa Inwestycji Budowlanych;(22)7578576;;
ALDOM Kompleksowa Obsługa Inwestycji Budowlanych;510167755;;
ALFA INSTAL;601693790;;
Alfa Protect - Systemy Zabezpieczeń;607644406;;
ALFATECH S.c.;(71)7336226;;
ALFATECH S.c.;602769430;;
ALIANTECH Bartłomiej Palacz;693925970;;
ALIAS Anteny, Alarmy, Automatyka Bram;506741421;;
Alkatech - Elektroniczne Systemy Zabezpieczeń;(75)6467717;;
Alkatech - Elektroniczne Systemy Zabezpieczeń;501450422;;
ALMONIT Robert Sroka;668015160;;
Alpis S.c. Paweł Alpiński, Paweł Iskra;731104074;;
ALSET-SYSTEM Łukasz Kołodziejczyk;792313310;;
ALSET-SYSTEM Łukasz Kołodziejczyk;(12)4447607;;
Alsmart S.c. Instalacje Teletechniczne;(12)4431201;;
Alsmart S.c. Instalacje Teletechniczne;(12)4431211;;
ALTEC SYSTEMS Sp. z o.o;(32)2207654;;
Altech FHU Instalacje Elektryczne Gliwice;(32)3353250;;
Altech FHU Instalacje Elektryczne Gliwice;501304523;;
ALTECH Zabezpieczenia i Automatyka;505590550;;
ALTECH-POŻ;(12)4150059;;
ALTECH-POŻ;603649405;;
Altel Sławomir Czajkowski;(71)3514030;;
Altel Sławomir Czajkowski;(71)3742806;;
Aluminium Profilsystem;(42)6518996;;
Aluminium Profilsystem;(42)6407357;;
AMOT inż. Tomasz Zmitrowicz;602220240;;
AMOT inż. Tomasz Zmitrowicz;507667483;;
AMPARO Systemy Alarmowe;668463126;;
AMPER-INSTAL;530441361;;
AMPLUS Arkadiusz Mazurek;696184631;;
AnapurnA;(33)8178707;;
AnapurnA;601472426;;
ANMAR Instalacje i Pomiary Elektryczne Marek Kaca;606107633;;
ANTEL;(59)8420670;;
ANTEL;602656207;;
ANTENY SAT RTV GSM;(22)7249666;;
ANTENY SAT RTV GSM;(22)7246202;;
ANTESTER-SAT;(76)8563451;;
ANTESTER-SAT;602769079;;
AP-SYSTEM Piotr Rudzki;518619258;;
AP-SYSTEM Piotr Rudzki;600319915;;
ARDES S.c.;(75)7676695;;
ARDES S.c.;(75)6455661;;
ARdesign Alarmy Słupsk;(59)7273360;;
ARdesign Alarmy Słupsk;600182054;;
Areko-Instalacje;782547937;;
Areko-Instalacje;(22)7873640;;
ARONIX Sebastian Sikora;509171219;;
art-pi;663787265;;
art-pi;509403733;;
Artom;(44)6102570;;
Artom;(44)6497106;;
ASA - Systemy Alarmowe;(22)6641775;;
ASA - Systemy Alarmowe;601361275;;
ASKO ATV S.c.;510052095;;
ASKO ATV S.c.;510052096;;
ASKO Nowoczesne Systemy Antenowe;(94)3408393;;
ASKO Nowoczesne Systemy Antenowe;602277210;;
ASMEX Sp. z o.o.;530100740;;
ASTECH GiG Guziewicz i Guziewicz Sp.j.;(16)6211378;;
ASTECH GiG Guziewicz i Guziewicz Sp.j.;(16)6244992;;
ASTRAL FHU;607709577;;
ASTRAL FHU;693311419;;
ASTRAL SERWIS;(22)6657986;;
ASTRAL SERWIS;501228316;;
Atacama;501185694;;
ATS SECURITY;(48)3600084;;
ATS SECURITY;664704204;;
Automatyka SAVAB;793480100;;
Autoryzowany Zakład Systemów Alarmowych TOREX Sp. z o.o.;(12)6497603;;
Autoryzowany Zakład Systemów Alarmowych TOREX Sp. z o.o.;606224634;;
Awukam Monitoring;796159696;;
Awukam Monitoring;698156506;;
B.A.T. S.c. B.A.Tajs;(33)8765465;;
B.A.T. S.c. B.A.Tajs;602659719;;
BALMONT Sp. z o.o.;(12)3971200;;
BALMONT Sp. z o.o.;(12)2941827;;
Bartel System Łukasz Bartkowiak;663756727;;
BASCOM;(42)6324658;;
BASCOM;(42)6324659;;
BATEX ELEKTRONIC;(32)3285065;;
BATEX ELEKTRONIC;(32)2175123;;
BEST-LINE S.c.;607291760;;
Bewa;(83)3119211;;
Bewa;501047949;;
BISPRO24.PL;536246870;;
BISPRO24.PL;536246850;;
BIT A.Kutszyński;(22)6100283;;
BIT A.Kutszyński;501164777;;
Borton;(34)3430131;;
Borton;605303432;;
Bram-Bud Marcin Malinowski;534147204;;
BRAMEX Wójtowicz i Świder Sp.j.;(13)4385850;;
BRAMNET;535791257;;
BRAMONT Dariusz Lewandowski;501031601;;
BRAMONT Dariusz Lewandowski;(91)4822342;;
Bramtech Andrzej Hawajski;602404744;;
Bramtech Andrzej Hawajski;(81)7407846;;
BRASCO;(32)7609855;;
BRASCO;(32)7756846;;
BratBud S.c.;506535204;;
BS SYSTEM;(22)8860613;;
BTE Firma Elektryczna Działowscy Sp. z o.o.;(17)5840180;;
BTE Firma Elektryczna Działowscy Sp. z o.o.;603130846;;
BUDGRYF;(91)4822833;;
BUDGRYF;662077907;;
BULA - instalacje elektryczne, alarmy, domofony;502042421;;
BULA - instalacje elektryczne, alarmy, domofony;508360930;;
C4 Sp.j.;(22)7401360;;
C4 Sp.j.;(22)6981575;;
CANTECH Polska;660722166;;
CANTECH Polska;(95)7238004;;
Carry S.c. Barbara Polińska & Artur Poliński;(58)3524241;;
Carry S.c. Barbara Polińska & Artur Poliński;(58)3524240;;
CASTOMAX.PL Sp. z o.o.;(32)3227422;;
CASTOMAX.PL Sp. z o.o.;(32)3270179;;
CDJ Sp. z o.o.;603818282;;
CEL S.c.;(12)3984104;;
CEL S.c.;791020246;;
Centrum Usług Teletechnicznych Bohdan Wasilewski;511666644;;
Centrum Zabezpieczeń WIT-CZAR S.c.;(89)5426895;;
Centrum Zabezpieczeń WIT-CZAR S.c.;(89)5424057;;
CERBER ALARMY;721742697;;
CERBER ALARMY;535449344;;
CitiKomp;530309507;;
CMPrial Sp. z o.o.;(56)6219184;;
Commel Sklep Internetowy priTV;(34)3654420;;
Commel Sklep Internetowy priTV;786262786;;
Common Electronics S.c.;(58)5527014;;
Common Electronics S.c.;601622233;;
CTI MIKROTEL Sp. z o.o.;(58)5240160-68;;
CTI MIKROTEL Sp. z o.o.;(58)5240169;;
CYBA SYSTEM Zakład Naprawy Urządzeń Elektronicznych;508102878;;
CYBA SYSTEM Zakład Naprawy Urządzeń Elektronicznych;(84)6965622;;
DALPOL Autoryzowany Zakład Elektronicznej Ochrony Mienia;(42)6801442;;
DALPOL Autoryzowany Zakład Elektronicznej Ochrony Mienia;601353660;;
DANSYS S.c.;(42)6613809;;
DANSYS S.c.;509966858;;
DANTOM S.c.;(22)8694270;;
DARGO Firma Usługowo Handlowa Dariusz Górski;504504941;;
DARKSPIN;509245783;;
DARKSPIN;504082863;;
Dartech;(29)7606617;;
Dartech;511457357;;
Darvin.eu Zbigniew Wasilewski;500397814;;
DC SYSTEM;501285750;;
DEA POLSKA Sp. z o.o.;(32)6271277;;
DEA POLSKA Sp. z o.o.;507087698;;
Di-MAX Dawid Trojanowski;721262777;;
DK SERWIS S.c.;(22)6773030;;
DK SERWIS S.c.;(22)6773031;;
DOM SERWIS;(12)2740770;;
DOM SERWIS;(12)2740771;;
DOMAL Piotr Stępień;(12)4305804;;
DOMAL Piotr Stępień;603228505;;
DOMINIUM Sp.j.;(32)4561523;;
DOMINIUM Sp.j.;(32)4563040;;
Drops;(32)2536663;;
Drops;509113078;;
DTS SYSTEM Sp. z o.o.;(81)7489333;;
DTS SYSTEM Sp. z o.o.;(81)7489334;;
DTS SYSTEM Sp. z o.o. Oddział Bydgoszcz;724202600;;
DTS SYSTEM Sp. z o.o. Oddział Kraków;(12)3760003;;
DTS SYSTEM Sp. z o.o. Oddział Kraków;(12)4105119;;
DTS SYSTEM Sp. z o.o. Oddział Łódź;(42)2122501;;
DTS SYSTEM Sp. z o.o. Oddział Łódź;(42)6419015;;
DTS SYSTEM Sp. z o.o. Oddział Rzeszów;(17)8520427;;
DTS SYSTEM Sp. z o.o. Oddział Rzeszów;(17)8520428;;
E-SYSTEM Marcin Ficek;(32)6441158;;
E-SYSTEM Marcin Ficek;(32)6442922;;
EDMON SYSTEM;606463779;;
Egida-Systemy Ochrony Technicznej;(62)7389350;;
Egida-Systemy Ochrony Technicznej;606339032;;
El-Arex Arkadiusz Kołodziński;(58)6853774;;
El-Arex Arkadiusz Kołodziński;502153340;;
EL-BRAM Adrian Chudala;(77)4648734;;
EL-BRAM Adrian Chudala;502650057;;
EL-BUD;(32)4490700;;
EL-BUD;695514249;;
EL-INWEST Sp. z o.o.;(46)8332731;;
EL-INWEST Sp. z o.o.;(46)8333408;;
EL-IS Zakład Usług Elektrycznych i Prac Wykończeniowych;515235088;;
EL-KAM Electronics;606201987;;
EL-MAX HURT-DETAL;(32)7331765;;
EL-MIT Zakład Usług Elektroenergetycznych;886731303;;
EL-POL;(12)2737585;;
EL-POL;600095647;;
El-Serwis S.c.;(32)2601505;;
El-Serwis S.c.;697697611;;
El-System Piotr Szczubełek;503113693;;
EL-TECH;506506424;;
EL-Technika Marcin Zienć;698617960;;
EL-TOM Technika Dla Bezpieczeństwa;600477495;;
EL4COM S.c.;880457674;;
ELAR-SK Sp. z o.o.;(22)4782523;;
ELEKTRA HURTOWNIA Sp. z o.o.;(91)5783676;;
ELEKTRA HURTOWNIA Sp. z o.o.;(91)5783669;;
Elektro-Eska;601352522;;
Elektro-Eska;(22)7574707;;
ELEKTRO-INTER Sklep Internetowy Włącznik.com.pl;(29)7564279;;
ELEKTRO-INTER Sklep Internetowy Włącznik.com.pl;693594575;;
ELEKTRO-MONT FHU Rafał Mucha;(16)6489449;;
ELEKTRO-MONT FHU Rafał Mucha;665318198;;
ELEKTRO-MONT Instalacje i Systemy Elektryczne;693585893;;
ELEKTRO-TECH BUD Domaradzki Kazimierz;606256747;;
ELEKTRO-TECH BUD Domaradzki Kazimierz;(17)8554655;;
Elektro-Tom Łukasz Tomanek;508562061;;
ELEKTROINSTAL;883914567;;
ELEKTRON;(12)4234413;;
ELEKTRON;(12)6331261;;
Elektrosystem;793742174;;
Elektrosystem;887472507;;
ELEKTROTECH Wojciech Siudy;500056104;;
ELEKTROTECH Wojciech Siudy;530300199;;
Elektrotechnika S.c.;601828947;;
Elektrotechnika S.c.;695603898;;
ELEKTROWAT Dystrybucja Artykułów Elektrycznych;(77)4029016;;
ELEKTRYK Ząbkowscy S.c.;(34)3175095;;
ELEKTRYK Ząbkowscy S.c.;601899006-07;;
ELF Sp. z o.o.;(61)8265649;;
ELF Sp. z o.o.;601996633;;
elf24.pl;(61)8261216;;
elf24.pl;888444800;;
ELHURT Handel Art. Elektrycznymi i Przemysłowymi;(68)3853651;;
ELHURT Handel Art. Elektrycznymi i Przemysłowymi;(68)3528220;;
ELKMAR;(22)8241535;;
ELKMAR;513039429;;
ELKO;(13)4464786;;
ELKOM;(61)2919302;;
Ellbit;692191666;;
Ellbit;518591380;;
ELMARK Rafał Trzemżalski;(32)4732104;;
ELMARK Rafał Trzemżalski;(32)4753337;;
ELREM-PLUS Usługi Elektryczno-Budowlane;(61)4423710;;
ELREM-PLUS Usługi Elektryczno-Budowlane;(61)4425561;;
Eltcrac System Sp. z o.o.;(12)2924861;;
Eltcrac System Sp. z o.o.;(12)2924862;;
ELTEC;(91)8851123;;
ELTEC;(91)8854023;;
ELTECH Sp. z o.o.;(32)7717150;;
ELTECH Sp. z o.o.;(32)7714782;;
Elter Tadeusz Kmak;(18)4444211;;
ELTOM Tomasz Dunat;608614748;;
eltraKON Komputery S.c.;(41)3782228;;
eltraKON Komputery S.c.;(41)3708192;;
Eltrans;(22)7573869;;
Eltrans;602378435;;
Elux;602356569;;
Elux;(081)4411003;;
EMATECH;(22)8569915;;
ENERDOM Wojciech Smakulski;501244607;;
ENERDOM Wojciech Smakulski;501148373;;
ENERGPOL;606927872;;
ENERGPOL;(32)4930207;;
Enlim;505089803;;
Enlim;(12)3965854;;
EPM MANAGEMENT Sp. z o.o.;(62)7676931;;
EPM MANAGEMENT Sp. z o.o.;531645000;;
EsaTech Jarosław Soiński;664264526;;
ESPEL Systemy Teletechniczne;(42)2920069;;
ESPEL Systemy Teletechniczne;509344884;;
ETER S.c.;(13)4698942;;
ETER S.c.;608662728;;
EUROBRAM;(33)8213392;;
EUROBRAM;791103102;;
Ewimar Sp. z o.o.;(22)6919065;;
Ewimar Sp. z o.o.;(22)6662476;;
EWIMAR Sp.z o.o.;(22)6919065;;
EWIMAR Sp.z o.o.;(22)6919065;;
F.B. TRYCH;(34)3222476;;
F.B. TRYCH;501533390;;
F.H.U. AL-TOM Zieliński Tomasz;508419164;;
F.H.U. ANMAR SYSTEM Marcin Sobczyński;502080874;;
F.H.U. ANMAR SYSTEM Marcin Sobczyński;502355200;;
F.H.U. APUS Jacek Troszczyński;(58)6711730;;
F.H.U. APUS Jacek Troszczyński;(58)6796162;;
F.H.U. CSEiE Konrad Staniszewski;(22)6679822;;
F.H.U. EKSPERT S.c.;791023205;;
F.H.U. EKSPERT S.c.;791023383;;
F.H.U. EL-MOS Paweł Moskwa;510147447;;
F.H.U. EL-MOS Paweł Moskwa;(17)7403253;;
F.H.U. ELTESAB;606305263;;
F.H.U. Fotmar;606452756;;
F.H.U. GOTI;691561961;;
F.H.U. Komfort Serwis Lucjan Gucwa;603605421;;
F.H.U. Komfort Serwis Lucjan Gucwa;(13)4429198;;
F.H.U. VIP-KAM;(032)2804430;;
F.H.U. VIP-KAM;601880943;;
F.H.U. Wanpol;(32)4542031;;
F.H.U. Wanpol;509527139;;
F.H.U.P. JAREKS Jarosław Serafin;604577835;;
F.P.U.H. RAS Maciej Janiszewski;(34)3615728;;
F.P.U.H. RAS Maciej Janiszewski;601521524;;
F.U.H. EL-TECH Maciej Barabasz;602786124;;
F.U.H. EL-TECH Maciej Barabasz;(33)8631840;;
F.U.H. IREBOH Ireneusz Bohun;501763498;;
FALCOM Sp. z o.o.;(81)4737398;;
FALCOM Sp. z o.o.;505258680;;
FHU ALTES;(12)2964270;;
FHU ALTES;793101098;;
FHU BUDUS Maciej Schneider;601733695;;
FHU ELSMYK;509494509;;
FHU FAZA;791808707;;
FHU Kukiełka;507804684;;
FHU MILMIX;(32)2300526;;
FHU MILMIX;510513055;;
FHU TOMEX Tomasz Jan Majchrzycki;510002954;;
FHU TOMEX Tomasz Jan Majchrzycki;(91)8865479;;
Firma Handlowo Usługowa FAGRI S.c.;226642242;;
Firma Handlowo Usługowa FAGRI S.c.;601247980;;
Firma Handlowo Usługowa Pstryczek Rafal Lenik;880870050;;
Firma Handlowo Usługowa Pstryczek Rafal Lenik;504579545;;
Firma Handlowo-Usługowa GRYPH Krzysztof Gazda;501752678;;
Firma Usługowo-Handlowa TEIKS Tomasz Paszek;503489936;;
Firma Usługowo-Handlowa TEIKS Tomasz Paszek;515498055;;
FOXCOM.PL;(32)4933066;;
FOXCOM.PL;609755099;;
FUH Elmontech;(32)4710588;;
FUH Elmontech;600146220;;
GKJ SYSTEM;531031772;;
Griz Security System;(58)3420121;;
Griz Security System;660722227;;
Grupa Multiserwis Andrzej Siarkowski;534545545;;
GRUPA ZEJLER;(32)3831939;;
GRUPA ZEJLER;602233258;;
Gum-Tech;504499576;;
HI-SEC Kompleksowe Zabezpieczenie Budynków;794742220;;
HMH SYSTEM;(14)6818802;;
HMH SYSTEM;(14)6907112;;
HOME EXCLUSIVE SYSTEMS Sp. z o.o.;(42)6464485;;
HOME EXCLUSIVE SYSTEMS Sp. z o.o.;607600051;;
HOTPIN Sp. z o.o. ABC Elektro;(61)8489794;;
HOTPIN Sp. z o.o. ABC Elektro;(61)8489504;;
HUBAG Hubert Grzywacz;(71)7262761;;
HUBAG Hubert Grzywacz;662248224;;
Hurtowna EL-STA Stanisław Kitowski;(58)6944040;;
Hurtowna EL-STA Stanisław Kitowski;(58)6944042;;
Hurtownia Elektroinstalacyjna HUBERT Sp.j.;(33)8220102;;
Hurtownia Elektroinstalacyjna HUBERT Sp.j.;(33)8123603;;
Hurtownia-Alarmow.pl mgr inż. Jacek Trzęsowski;604992998;;
Hurtownia-Alarmow.pl mgr inż. Jacek Trzęsowski;502091449;;
IKOSYSTEM Bartosz Makurat;(58)7282282;;
IKOSYSTEM Bartosz Makurat;661506394;;
INFOLOK;(32)2520737;;
INFOLOK;504041366;;
Instal-Bud;602787610;;
INSTAL-MEDIA Szczepan Walczyk;509576689;;
INSTAL-TRONIC Wilczyński Dariusz - Instalacje Elektroniczne;(22)6789611;;
INSTAL-TRONIC Wilczyński Dariusz - Instalacje Elektroniczne;602242404;;
INSTALACJE ALARMOWE I TELEFONICZNE Henryk Konador;(22)7230548;;
INSTALACJE ALARMOWE I TELEFONICZNE Henryk Konador;602254159;;
Instalacje Elektryczne;696558008;;
Instalacje Teletechniczne Daniel Strupiński;602797539;;
Instalacje TFK Sp. z o.o.;(34)3651264-67;;
Instalacje TFK Sp. z o.o.;(34)3651305;;
Instalatorstwo Elektryczne i Elektroniczne Andrzej Żebrowski;(95)7597826;;
Instalatorstwo Elektryczne i Elektroniczne Andrzej Żebrowski;664128019;;
Instalatorstwo Elektryczne i Pomiary Kontrolne Marek Świątek;(61)8221545;;
Instalatorstwo Elektryczne i Pomiary Kontrolne Marek Świątek;501425130;;
Instalatorstwo Elektryczne inż. Jerzy Modzelewski;(22)6131951;;
Instalatorstwo Elektryczne inż. Jerzy Modzelewski;501219973;;
Instalatorstwo Elektryczne Pasko Artur;502147568;;
Instalatorstwo Elektryczne Wojciech Uze;607400063;;
Instalatorstwo Elektryczne Wojciech Uze;502056137;;
Install Project;(52)5514071;;
Install Project;(52)3813365wew.25;;
INSTALL SERVICE Michał Ozyra;501121741;;
Install-Secure;(17)7850545;;
Install-Secure;693482009;;
INSTALMONIT;504823861;;
Instaltech;795395595;;
iNTELiD;607191900;;
iNTELiD;609025299;;
Intelligent Home Design;663365655;;
INTER-ALARM Systemy Alarmowe;606798787;;
INTERFACH S.c.;(48)3400600;;
International Electronics System F.H.U. Justyna Lorenz;(32)7248311;;
International Electronics System F.H.U. Justyna Lorenz;664431507;;
Intertime;507852798;;
IT-APPLICATION-Biuro Techniczno-Handlowe;605083375;;
ITEcomp Usługi Informatyczne;(18)4791206;;
IVEL Electronics;(34)3243590;;
IVEL Electronics;(34)3751513;;
IZOBET Zygmunt Nowicki;(76)8621441;;
J-TECH;(12)3977742;;
J-TECH;(32)7500372;;
J-TECH;(32)4416292;;
J-TECH;(32)7500372;;
J-TECH;(32)7280423;;
J-TECH;(32)7500372;;
J-TECH;(32)7505558;;
J-TECH;(32)7500372;;
J&S Systemy Zabezpieczenia Sp. z o.o.;795605231;;
J&S Systemy Zabezpieczenia Sp. z o.o.;665335265;;
JAANMAT PHU Elektrosystemy Jan Tersa;(42)6506886;;
JAANMAT PHU Elektrosystemy Jan Tersa;501447298;;
Janasz Systemy Alarmowe i Informatyczne;(22)7511963;;
Janasz Systemy Alarmowe i Informatyczne;607676051;;
Jarosław Stańczyk Przedsiębiorstwo Usługowe STANEL;504184807;;
JKcomp Jacek Kęska;535530390;;
JURATEL;792251552;;
JURED Urszula Janowski;(32)4229211;;
JURED Urszula Janowski;791009100;;
Kaczmarek Electric S.A. Oddział Wrocław;(71)3369950;;
Kaczmarek Electric S.A. Oddział Wrocław;(71)3369955;;
KALWERO Mariusz Mitana;604588721;;
KALWERO Mariusz Mitana;(12)2720377;;
Karfon - Instalatorstwo Elektroniczne;(75)7558167;;
Karfon - Instalatorstwo Elektroniczne;603861353;;
KERA;793154894;;
KJ-SYSTEM;(61)8789408;;
KJ-SYSTEM;(61)8721591;;
Kolek Elektro Przemysław Kolek;692933307;;
KOMBIT S.c. Cezary Tołczyk, Krzysztof Ostrowski;(85)7404290;;
KOMBIT S.c. Cezary Tołczyk, Krzysztof Ostrowski;(85)7404362;;
KORDULA;(85)6632639;;
KUKLA Kukla Ireneusz;(33)8560248;;
KUKLA Kukla Ireneusz;603634145;;
LARUM;(22)4246333;;
LARUM;(22)8721512;;
LESTOR;(32)2539919;;
Lestor KiS Sp.j.;(32)2049056;;
LIDMAR Mariusz Skrobiszewski;(61)8136853;;
LIDMAR Mariusz Skrobiszewski;605665210;;
LINBOX DIGITAL EUROPE;(15)8684352;;
LINBOX DIGITAL EUROPE;502964326;;
LUUCO TECHNIKA;695618790;;
M3M;603332323;;
M3M;(55)6182545;;
Makar Mariusz Starzyński;(48)3442464;;
MARDEX;(68)4593551;;
Martexcom;570790537;;
Master-Volt;609709800;;
MATCOMP;609954474;;
MATRIX;(12)4279160;;
MATRIX;(12)4279160w.24;;
MAX-ALARM S.c. Janusz Soliwoda, Wojciech Soliwoda;604783800;;
MDH-System Dawid Kamiński;(81)4446285;;
MDH-System Dawid Kamiński;693865235;;
Media Screen Sp. z o.o.;602348418;;
Mentor Media;508641266;;
Mentor Media;(85)7336735;;
Mirar;509291177;;
Mirar;504266500;;
MIWI-URMET Sp. z o.o.;(42)6162100;;
MIWI-URMET Sp. z o.o.;(42)6162113;;
MiWo tech Wolański Michał;608533269;;
MiWo tech Wolański Michał;729164147;;
Mix System Jerzy Ciszek;(58)5564320;;
Mix System Jerzy Ciszek;601610302;;
MJ Komputer;(74)6647899;;
MJ Komputer;608140779;;
MKJ Sp. z o.o.;(58)3400811;;
MKJ Sp. z o.o.;(58)3414008;;
Molenda Systemy Bezpieczeństwa;534037973;;
Molenda Systemy Bezpieczeństwa;604406792;;
MP-GÓRA Marcin Górajek;693748377;;
MSK-Instalacje;602869873;;
MT Elektro Tomasz Musialski;(71)7277794;;
MT Elektro Tomasz Musialski;791919292;;
MT7 Systems Marcin Trzos;691907207;;
MULTIMAC;600433411;;
MultiService S.c. Tomasz Bereda, Daniel Dmitruk;508005973;;
MultiService S.c. Tomasz Bereda, Daniel Dmitruk;508005771;;
MWS;508200818;;
NAND Elektro-Serwis;(22)8102642;;
NAND Elektro-Serwis;506046696;;
NODBIZ;(22)3535887;;
NODBIZ;(22)7738469;;
NOTA BENE Galeria Osprzętu Elektrycznego;(71)7966790;;
NOTA BENE Galeria Osprzętu Elektrycznego;(71)7966780;;
Ochrona JUWENTUS;(058)3212626;;
Ochrona JUWENTUS;(058)3212627;;
Ochrona JUWENTUS;(22)4227700;;
Ochrona JUWENTUS;(22)4227701;;
Ochrona JUWENTUS;(032)2000110;;
Ochrona JUWENTUS;(032)2000111;;
Ochrona JUWENTUS;(018)2011640;;
Ochrona JUWENTUS;(018)2011645;;
Ochrona JUWENTUS;(071)3231727;;
Ochrona JUWENTUS;(071)3231726;;
Ochrona JUWENTUS;(042)6808826;;
Ochrona JUWENTUS;(042)6808827;;
Ochrona JUWENTUS;(042)6808826;;
Ochrona JUWENTUS;(042)6808827;;
Ochrona JUWENTUS;(012)6362005;;
Ochrona JUWENTUS;(012)6361902;;
Ochrona JUWENTUS;(052)3258926;;
Ochrona JUWENTUS;(052)3258927;;
Ochrona JUWENTUS;(061)8879026;;
Ochrona JUWENTUS;(061)8879226;;
Omega Progress;(32)2823225;;
Omega Progress;601418325;;
Optiguard;(56)6547133;;
Optiguard;(56)6514005;;
Orno-Polska;(32)4343110;;
Orno-Polska;(32)4359224;;
P.H. SUM Urbański Marian;(42)7174611;;
P.H. SUM Urbański Marian;509180778;;
P.H.U EL-PLUM;502674205;;
P.H.U. Al-Serwis Elektroniczne Systemy Ochrony Mienia Sp.j.;501239091;;
P.H.U. Al-Serwis Elektroniczne Systemy Ochrony Mienia Sp.j.;508314808;;
P.H.U. ALLTEL Piotr Bartoszuk;(22)2961777;;
P.H.U. ALLTEL Piotr Bartoszuk;792980098;;
P.H.U. Bujalski Robert;(22)7249282;;
P.H.U. Bujalski Robert;601213364;;
P.H.U. CONSOLID;(17)8535991;;
P.H.U. CONSOLID;663560006;;
P.H.U. EL-FACH;(33)8114070;;
P.H.U. EL-FACH;502469522;;
P.H.U. ELKOMA;(32)2810353;;
P.H.U. ELKOMA;502723226;;
P.H.U. ELMAX Piotr Jarząb;(43)8413393;;
P.H.U. ELMAX Piotr Jarząb;665240266;;
P.H.U. Elserv;519783943;;
P.H.U. MARAL;(32)2263984;;
P.H.U. MARAL;601425704;;
P.H.U. Megatron;(12)2813396;;
P.H.U. Megatron;(12)2812682;;
P.H.U. SFINKS;507446730;;
P.I.B. Karolczak;(42)2151802;;
P.I.B. Karolczak;(42)2151783;;
P.M. Elektro-Max;(12)6330001;;
P.P.H.U NOWEL Janusz Nowak;(15)8332400;;
P.P.H.U NOWEL Janusz Nowak;696462610;;
P.P.H.U. Borus;(65)5464938;;
P.P.H.U. Borus;(65)5463080;;
P.P.H.U. BRAMKER;(17)8572519;;
P.P.H.U. BRAMKER;603636623;;
P.P.H.U. DORMED;(52)3550819;;
P.P.H.U. DORMED;603224597;;
P.P.H.U. ELEKTRO-KOMP Michał Wojciechowski;(62)5977775;;
P.P.H.U. ELEKTRO-KOMP Michał Wojciechowski;(62)5977576;;
P.P.H.U. ELMAX;(61)4377280;;
P.P.H.U. ELMAX;603917745;;
P.P.H.U. FAVOR;602383730;;
P.P.H.U. Secure-Install;887844187;;
P.P.H.U. SPIDER Security Systems;601487584;;
P.P.U. PROTON Sp. z o.o.;(58)5522028;;
P.P.U. PROTON Sp. z o.o.;(58)5522029;;
P.P.U.H. BROMAT Tartak i Ogrodzenia;(32)2115086;;
P.P.U.H. BROMAT Tartak i Ogrodzenia;507707607;;
P.U.H. Azart Sp.j.;(17)8631514;;
P.U.H. Zakład Elektroinstalacyjny Siąkowski Artur;(61)2920343;;
P.U.H. Zakład Elektroinstalacyjny Siąkowski Artur;668303628;;
P.W. ARACHNE Mirosław Bartczak;(34)3554255;;
P.W. ARACHNE Mirosław Bartczak;(34)3669570;;
P.W. Elektro-Jarex Janusz Tutaj;(41)3316709;;
P.W. Elektro-Jarex Janusz Tutaj;(41)3685374;;
P.W. KEDAR;(32)3885125;;
P.W. KEDAR;(32)3885126;;
P.W. V1V;(82)5622401;;
P.W. V1V;(82)5622404;;
PADD;607070008;;
Passo Passo automatyka do bram i rolet;505626292;;
PEKRA Hurtownia Elektrotechniczno-Informatyczna;(42)6110613;;
PEKRA Hurtownia Elektrotechniczno-Informatyczna;(42)6110683;;
PETROVISION;(22)3039601;;
PETROVISION;(22)8733193;;
Pewność S.c.;(77)4553246;;
Pewność S.c.;604479228;;
PHU AL-IK Sławomir Jurczuk;(85)6617701;;
PHU AL-IK Sławomir Jurczuk;502265806;;
PHU Anitex Tomasz Turzyniecki;504254499;;
PHU COMP-TECH;(33)8222290-91;;
PHU KRYSMAR;(81)8886232;;
PHU KRYSMAR;601851144;;
PHU MONITORING2000;514257403;;
PHU MULTIPROJECT;535840740;;
PHU MULTIPROJECT;535840640;;
PHU ZiM;(94)3144040;;
PHU ZiM;600274079;;
PIOTREL Elektryka;601205393;;
PIOTREL Elektryka;665135839;;
Pod Napięciem;663978480;;
POGOTOWIE ELEKTRYCZNE Zakład Instalacji Elektryczno-Elektronicznych;(32)2824725;;
POGOTOWIE ELEKTRYCZNE Zakład Instalacji Elektryczno-Elektronicznych;501628480;;
Poline;792666679;;
PONAX Zakład Usługowy;509878253;;
PPHU AKOM Sp. z o.o.;(67)2130407;;
PPHU Artex;(82)5653730;;
PPHU HADAR Sp. z o.o.;(17)8520830;;
PPHU HADAR Sp. z o.o.;(17)8547933;;
PPHU Herz;(22)7881044;;
PPHU Herz;(22)7882582;;
PRO-INSTEL Profesjonalne Systemy Instalacji Elektronicznych Edward Ptak;792051030;;
PRO-LAN Piotr Zasucha;792815064;;
PRO-LAN Piotr Zasucha;(32)7783216;;
PRO-MAR Zakład Usługowo-Handlowy inż. Marcin Ptak;602796668;;
PRO-MAR Zakład Usługowo-Handlowy inż. Marcin Ptak;(41)3722636;;
Profinstal Security Systems;695401860;;
Protec System;(22)7592230;;
Protec System;509090465;;
Przedsiębiorstwo Handlowo-Usługowe ELWES;(61)4276476;;
Przedsiębiorstwo Handlowo-Usługowe ELWES;606105933;;
Przedsiębiorstwo Handlowo-Usługowe REGIAHURT;(41)3435058;;
Przedsiębiorstwo Handlowo-Usługowe REGIAHURT;691676960;;
Przedsiębiorstwo Handlowo-Usługowe ROBEX Robert Szóstak;(61)8330310;;
Przedsiębiorstwo Handlowo-Usługowe ROBEX Robert Szóstak;(61)8333802;;
Przedsiębiorstwo Handlowo-Usługowe TIFOM;(33)8512852;;
Przedsiębiorstwo Handlowo-Usługowe TIFOM;(33)8512867;;
Przedsiębiorstwo Telekomunikacyjne ATEL;(94)3422525;;
Przedsiębiorstwo Telekomunikacyjne ATEL;(94)3460252;;
Przedsiębiorstwo Usługowo-Handlowe AZART Sp. z o.o.;(81)5330211;;
Przedsiębiorstwo Usługowo-Handlowe AZART Sp. z o.o.;602674262;;
Przedsiębiorstwo Wielobranżowe ETC;(62)7365553;;
Przedsiębiorstwo Wielobranżowe ETC;602666560;;
PU-H PIK-SAL;(55)2363057;;
PU-H PIK-SAL;608480698;;
PUH VENTA Sp. z o.o.;(81)7458985-86;;
PUH VENTA Sp. z o.o.;(81)7452410;;
Qbratronic Tomasz Staniczek;726303666;;
QUACO;(22)7519605;;
QUACO;602759490;;
RadioNET S.c.;(74)8547705;;
RadioNET S.c.;728383153;;
REMUS SECURITY Grzegorz Kaszubowski;608710192(alarmowy24hGdańsk);;
REMUS SECURITY Grzegorz Kaszubowski;664701807(alarmowy24hPoznań);;
RHJ Kuźnik;(32)2104042;;
ROZAM Zabezpieczenia Mechaniczne i Elektroniczne;(22)8427661;;
ROZAM Zabezpieczenia Mechaniczne i Elektroniczne;602316591;;
RSystems;506226392;;
RTV Projekt;888045810;;
RTV Projekt;507576883;;
Ruben;506230330;;
RUDNICKI Marcin Rudnicki;602314968;;
RUDNICKI Marcin Rudnicki;511519342;;
Safe System S.c.;503979723;;
Samal Sp. z o.o.;(22)6188697;;
Samal Sp. z o.o.;514099666;;
Saratel;(61)8652116;;
Saratel;509211565;;
Sat-mar-net;663304638;;
SATREM F.H.U.;604616132;;
SATREM F.H.U.;(32)7930141;;
SAWKA TECHNOLOGIE Witold Sawka;530470021;;
SECURAL Przedsiębiorstwo Techniczno-Handlowe;(32)2918810;;
SECURAL Przedsiębiorstwo Techniczno-Handlowe;(32)2918617;;
SECURCOM;607455755;;
Security Systems Adam Sienicki;691679671;;
SELFSYSTEM Zbigniew Marcela;608884236;;
SENSOR;(61)2236463;;
SENSOR;(61)8689794;;
SEPTEL;(12)4526252;;
SEPTEL;507523153;;
Sezam Systemy;507873101;;
Sezam Systemy;608471708;;
SIGMA-DIGITAL;607438856;;
SIGMATIC Home Automation;(32)7333030;;
SIGMATIC Home Automation;(32)7505554;;
SPEC-COM;663443844;;
SPEC-COM;793772229;;
SPS Electronics Sp. z o.o.;(22)5183150;;
SPS Electronics Sp. z o.o.;(22)5183170;;
STAN ELEKTRIC - Firma Elektro-Instalacyjna Stanisław Ząber;603879874;;
STAN ELEKTRIC - Firma Elektro-Instalacyjna Stanisław Ząber;(33)8547157;;
STIR S.c. Elektroniczne Systemy Zabezpieczeń;608529811;;
STIR S.c. Elektroniczne Systemy Zabezpieczeń;502245399;;
SYBEKO bezpieczeństwo i komfort;600539935;;
Synergia Polska;509991345;;
Synergia Polska;503010925;;
Syriusz-Multiserwis Mariusz Syrek;(71)7400074;;
Syriusz-Multiserwis Mariusz Syrek;530377177;;
Systemy Alarmowe - Mariusz Klimkiewicz;608057670;;
Szadkowski ELEKTROINSTALACJE;605875566;;
Szadkowski ELEKTROINSTALACJE;795891795;;
Tech Tronika Serwis Radosław Sobków;530749757;;
TECHKAM;(77)4537615;;
TECHKAM;510171237;;
Techniczna Ochrona Mienia TOM-SERWIS;604070011;;
Techniczna Ochrona Mienia TOM-SERWIS;604236062;;
Technika Dla Domu S.c.;603605845;;
Technika Dla Domu S.c.;607649264;;
Technokom;(32)3324620;;
Technokom;501122942;;
TELBO Bogumiła Bieńkowska;(22)8490018;;
TELBO Bogumiła Bieńkowska;603059772;;
Tele i Radiomechanika Marek Molenda;502248897;;
TELE-HORN Centrale Telefoniczne Montaż Serwis;(95)7350001;;
TELE-HORN Centrale Telefoniczne Montaż Serwis;502642100;;
Teleconnections Sp. z o.o.;(22)8370373;;
TELEKOM Leszek Lisicki;(058)3000411;;
TELEKOM Leszek Lisicki;(058)3000412;;
TELEMECHANIKA Krzysztof Soboń;603164140;;
TELETECHNIKA Tadeusz Lewandowicz;(61)8768383;;
TELETECHNIKA Tadeusz Lewandowicz;603652071;;
Telewizja HD;881583051;;
Telewizja HD;508583051;;
Terasnet Bartłomiej Raś;505531929;;
TGZ Professional Grzegorz Sojka;604944610;;
TGZ Professional Grzegorz Sojka;515165002;;
TKKJ-System S.c.;(22)8615215;;
TNS-ELEKTRO Łukasz Rosiennik;725067916;;
TOLES - ELEKTRO-TV-SAT;602261587;;
TOM-SEB System;509501609;;
TOM-SEB System;668277271;;
Tomi-SAT;601309779;;
Tomi-SAT;725296706;;
TOMSE -Techniczna Ochrona Mienia, Kompleksowe Usługi IT;664392219;;
TOMSE -Techniczna Ochrona Mienia, Kompleksowe Usługi IT;696008838;;
Total-Tech Maciej Mrówczyński;508243110;;
TRAGER Jarosław Gorzelak;505008081;;
TRM-GK Grzegorz Korzeb;601355848;;
TTiTC Sp. z o.o.;(58)7425635;;
TTiTC Sp. z o.o.;790402714;;
UMIK servis telecomunication Wiesław Smoła;(84)6881888;;
UMIK servis telecomunication Wiesław Smoła;604121403;;
UNI-ELTRO Krzysztof Potapowicz;(12)6384450;;
UNI-ELTRO Krzysztof Potapowicz;502388787;;
UNI-SERW Sp.j. D.Głowacki, W.Borowski;(56)6430050;;
UNI-SERW Sp.j. D.Głowacki, W.Borowski;(56)6430085;;
UNIDAR Systemy Elektroniczne;(44)6476863;;
UNIDAR Systemy Elektroniczne;(44)7320035;;
Usługi Elektroenergetyczne Sylwester Osek;501685429;;
Usługi Elektroinstalacyjne Jacek Matysik - elektryk Kraków;606949213Elektryk;;
Usługi Elektryczne EL-STACH Stanisław Nurczyński;609913531;;
Usługi Instalacyjne Zbigniew Urbański;(63)2725263;;
Usługi Instalacyjne Zbigniew Urbański;502669053;;
Usługi Teletechniczne i Alarmowe Zbigniew Matlewski;793588686;;
VEKBIT;(22)2050840;;
VEKBIT;(22)7516624;;
VIRTUAL FUTURE;795795790;;
WALTECH Waldemar Kasprzak;(63)2634140;;
WALTECH Waldemar Kasprzak;607909409;;
WARM Roman Miller;(43)6750025;;
WARM Roman Miller;515515547;;
WeberSystems P.W.PARTNER, M.WEBER;(91)3111127;;
WeberSystems P.W.PARTNER, M.WEBER;(91)8171187;;
WEKTA;(22)8638956;;
WEKTA;(22)8639434;;
Wii-NET;531666993;;
WK System;(91)4873024;;
WK System;601880634;;
WOBE Rafał Jarka;509611316;;
WOBE Rafał Jarka;793611316;;
WWW.KAMSAT.PL Świecki Łukasz;604336503;;
WWW.KAMSAT.PL Świecki Łukasz;605889737;;
Wykonawstwo Robót Elektrycznych ELSTYL Adam Głąb;721112450;;
Z.P.U.H. ELTCOM Elektronika i Telekomunikacja;(33)8117575;;
Z.P.U.H. ELTCOM Elektronika i Telekomunikacja;603091262;;
Z.U. HANS;604112313;;
Z.U. HANS;668924474;;
Zabezpieczenia Sklep-Pruszków;502404406;;
Zakład Elektroinstalacyjny Adam Niewiński;(32)4317057;;
Zakład Elektroinstalacyjny Adam Niewiński;501081715;;
Zakład Elektroniczny MAREX;(22)8550997;;
Zakład Elektroniczny MAREX;602292019;;
Zakład Elektryczno-Budowlany Mroz Krzysztof;607521760;;
Zakład Handlowo-Usługowy Piotr Owczarz;606735263;;
Zakład Handlowo-Usługowy Piotr Owczarz;(42)6527942;;
Zakład Instalacji Elektrycznych i Systemów Zabezpieczeń ELTECH Łukasz Kielar;665803424;;
Zakład Instalacji Elektrycznych i Systemów Zabezpieczeń ELTECH Łukasz Kielar;(32)2302180;;
ZAKŁAD MECHANIKI i ELEKTRONIKI ZAMEL Sp.j. J.W.Dzida, K.Łodzińska;(032)2104665;;
ZAKŁAD MECHANIKI i ELEKTRONIKI ZAMEL Sp.j. J.W.Dzida, K.Łodzińska;(032)2108004;;
Zakład Produkcyjno-Usługowy ELEKTRA;603363390;;
Zakład Techniczno-Usługowy UNITECH S.c.;(12)4231560;;
Zakład Usług Elektrycznych ELKAM W.Jaworski;(52)3872783;;
Zakład Usług Elektrycznych ELKAM W.Jaworski;602891115;;
Zakład Usług Techniczno-Elektronicznych S.c.;(61)8433328;;
Zakład Usług Techniczno-Elektronicznych S.c.;797052883;;
Zakład Usługowy Alart;503783065;;
Zakład Wielobranżowy ELTMED;(89)5260626;;
Zakład Wielobranżowy ELTMED;(89)5331653;;
ZANKRIS Krzysztof Sikora;501595090;;
ZAREM Zakład Instalacji Elektrycznych;667405198;;
ZAREM Zakład Instalacji Elektrycznych;781994822;;
ZHU Pelraf;605606222;;
Zielonogórskie Przedsiebiorstwo Remontowe Sp. z o.o.;(68)3202584;;
Zielonogórskie Przedsiebiorstwo Remontowe Sp. z o.o.;(68)3240910;;
ZITMET Tomasz Zieliński;695035028;;
Źródło P.U.H Stefan Myszor;507170491;;
