JAK SZKŁO- Hurtownia Szkła;(32)2107287;;
JAK SZKŁO- Hurtownia Szkła;(32)2107869;;
AB-GLASS P.H.P. Andrzej Biedrzycki;(22)6787541;;
AB-GLASS P.H.P. Andrzej Biedrzycki;(22)6798632;;
ANEX GLAS Andrzej Kucharski;(44)6472694;;
ANEX GLAS Andrzej Kucharski;(44)6452052;;
ART-GLAS;(85)7434239;;
ART-GLAS;(85)7434227;;
DMR KURZEJA;(77)4616673;;
DMR KURZEJA;664475916;;
EDIMAR Pracownia Szkła Edward Bącal;(12)4292453;;
EDIMAR Pracownia Szkła Edward Bącal;510050438;;
Edyta Barańska Design;(58)5550403;;
Firma Produkcyjno-Handlowo-Usługowa KRYSZTAŁ Jan Plata;(18)4459504;;
Firma Produkcyjno-Handlowo-Usługowa KRYSZTAŁ Jan Plata;(18)4459499;;
GLASSOLUTIONS Saint-Gobain;(32)6499500;;
Huta Szkła KAMA-VITRUM Sp. z o.o.;(77)4188261;;
Huta Szkła KAMA-VITRUM Sp. z o.o.;(77)4177060;;
Huta Szkła w Jaśle S.A.;(13)4462091;;
Huta Szkła w Jaśle S.A.;(13)4462094;;
iSZKŁO;(32)2427188;;
iSZKŁO;603254593;;
MAR-GUT S.c.;(22)7848895;;
P.P.H. DEXPOL Sp.j.;(14)6703770;;
P.P.H. DEXPOL Sp.j.;(14)6702431;;
P.P.H.U. ANGRA;(77)4848621;;
P.P.H.U. ANGRA;(77)4063316-17;;
P.P.H.U. SZKŁO SERVICE Piotr Zwaka;(32)379406;;
P.P.H.U. SZKŁO SERVICE Piotr Zwaka;(32)2379407;;
Pol-Glas Producent Szkła Hartowanego;(55)6483344;;
Pol-Glas Producent Szkła Hartowanego;(55)6483535;;
STAN-SZKŁO;(32)2879228;;
STAN-SZKŁO;(32)7673207;;
Sudety Violetta Huta Szkła MINEX;(74)8736503;;
Sudety Violetta Huta Szkła MINEX;(74)8736504;;
Szklarskie Zakłady Przetwórcze PRZEŁOM Spółdzielnia Osób Fizycznych;(12)4305838;;
Szklarskie Zakłady Przetwórcze PRZEŁOM Spółdzielnia Osób Fizycznych;(12)4305813;;
Szkło-Lux Jarosław Fronczak;(71)3251817;;
VitroGlass Grzegorz Rudnicki;609145523;;
VitroGlass Grzegorz Rudnicki;694150124;;
Warsztat Usług Szklarskich oraz Wyrób Luster KRYSZTAŁ inż. Marek Nowacki;(58)6849892;;
Warsztat Usług Szklarskich oraz Wyrób Luster KRYSZTAŁ inż. Marek Nowacki;(58)6849893;;
Zakład Usługowy TERMOSZKŁO;(12)3871203;;
Zakład Usługowy TERMOSZKŁO;(12)3870520;;
BUDOMAT Bogusława, Dariusz, Tomasz Łojek S.c.;(33)8124760;;
BUDOMAT Bogusława, Dariusz, Tomasz Łojek S.c.;530624443;;
F.P.H. Witek`s Adam Witek;(12)6233922;;
F.P.H. Witek`s Adam Witek;(12)6366958;;
FIRMA WĘGIER GLASS Wojciech Węgier;(68)3743559;;
FIRMA WĘGIER GLASS Wojciech Węgier;(68)4793120;;
Glass Market;(22)6119328;;
Glass Market;(22)6735269;;
GLASS-ZAM Ireneusz Wiatrzyk;(84)6271799;;
GLASS-ZAM Ireneusz Wiatrzyk;509838666;;
Huta Szkła BERTA Sp. z o.o.;(48)3215041;;
Huta Szkła BERTA Sp. z o.o.;(48)3215080;;
JASIEK Polska Sp. z o.o.;(68)3811440;;
JASIEK Polska Sp. z o.o.;(68)3811441;;
LEŚNA HUTA;(75)7172303;;
LEŚNA HUTA;609852605;;
MIEL-MET S.c. A.Maziarz, R.Maziarz, T.Grzelak;(17)5830670;;
Przedsiębiorstwo Wielobranżowe SEGLA Sp.j.;(63)2725010;;
Przedsiębiorstwo Wielobranżowe SEGLA Sp.j.;(63)2722468;;
SPEC-GLAS S.c.;(91)4317326;;
SPEC-GLAS S.c.;(91)4317327;;
SZKŁO-BUD Sp. z o.o. Sp.komandytowa;(24)2622425;;
SZKŁO-BUD Sp. z o.o. Sp.komandytowa;(24)2645221;;
TradePol FOB-DECOR;(32)6700424;;
TradePol FOB-DECOR;(32)6700426;;
Vetro Polska Sp. z o.o.;(32)2650010;;
Bojar Sp. z o.o.;(87)6109117;;
De Novo;(85)6627229;;
De Novo;(85)6627231;;
Dubiel Vitrum Sp.j.;(18)2677922;;
Dubiel Vitrum Sp.j.;(18)2677717;;
EKST-GLASS;(95)7206444;;
EKST-GLASS;668826781;;
ELGLAS;(55)2343303;;
ELGLAS;(55)2369939;;
GlasImpression;603324614;;
GLASPO Sp. z o.o.;(63)2628000;;
GLASPO Sp. z o.o.;(63)2628008;;
Glass Net Sp. z o.o.;(74)6665554;;
GLASS-SERWIS Ewelina Wysocka;(58)5627409;;
GLASS-SERWIS Ewelina Wysocka;(58)5885848;;
Huta Szkła FISTEK GLASS Marek Fistek;(14)6214145;;
Huta Szkła FISTEK GLASS Marek Fistek;(14)6217201;;
Huta Szkła GLOSS Glonek-Busz Sp.j.;(65)5731598;;
Huta Szkła GLOSS Glonek-Busz Sp.j.;(65)5727841;;
Huta Szkła SŁAWA Spółdzielnia Pracy;(41)3451601;;
Huta Szkła SŁAWA Spółdzielnia Pracy;(41)3451602;;
Huta Szkła ZORZA;510146809;;
Huta Szkła ZORZA;509755608;;
KACPER PHU Mirosław Kacprzyk, Zdzisław Kacprzyk S.c.;(68)3263917;;
LABKOM Eliza Szumowska;501959283;;
LEBOCH HellGlass;510758646;;
LEBOCH HellGlass;(32)2282563;;
Ligęza Sp. z o.o.;(32)2877134;;
Ligęza Sp. z o.o.;(32)2877170;;
Manufaktura Szkła Artystycznego;(62)7692257;;
MDM Glasplanet Mirosław Dąbek;502735814;;
MG SYSTEMY;601940966;;
MG SYSTEMY;601940966;;
MOCHNIK Sp. z o.o. Sp.k.;(77)4232800;;
MOCHNIK Sp. z o.o. Sp.k.;(77)4232801;;
OL-GLASS;(22)7203782;;
OL-GLASS;502937221;;
P.H.U. FOLL-SERVICE;(81)5329624;;
P.H.U. FOLL-SERVICE;(81)5349372;;
P.P.H. MIREX Sp. z o.o.;(59)8413081;;
P.P.H. MIREX Sp. z o.o.;(59)8413083-84;;
P.P.U.H. Marobex S.c. Robert Kacprzak, Marta Tokarska;(48)3441734;;
PHU GLASS-BUD Czesław Kropiwnicki;(71)7947765;;
PHU GLASS-BUD Czesław Kropiwnicki;(71)7947765;;
POLSZLIF Sp.j. Rudolf Budny, Rafał Budny, Renata Budny;(33)8152670;;
POLSZLIF Sp.j. Rudolf Budny, Rafał Budny, Renata Budny;(33)8154778-79;;
PROMYK Ryszard Kłusowski;(89)5236747;;
Q-GLASSTECH Sp. z o.o.;(58)7463195;;
Q-GLASSTECH Sp. z o.o.;693900219;;
R-KONI;(32)2170410;;
R-KONI;502181988;;
SOEKO Sowińska Grażyna;(61)8148569;;
STARGLASS Zakład Usług Szklarskich;(91)8341980;;
STARGLASS Zakład Usług Szklarskich;886143487;;
Sylwia Glass - Zdobienie szkła;(13)4327872;;
Sylwia Glass - Zdobienie szkła;(13)4324430;;
SzkłoConcept;(58)3506202;;
SzkłoConcept;602420648;;
SZKŁOLAND Sp. z o.o.;(89)5239660;;
SZKŁOLAND Sp. z o.o.;(89)5239390;;
TARSILVEX GLASS Sp. z o.o. sp.k;(12)6230930;;
TARSILVEX GLASS Sp. z o.o. sp.k;(12)6383142;;
Temiss Marek Dziatko;(58)7614700;;
Temiss Marek Dziatko;502097518;;
VITRUM MAINTENANCE SERVICES;508314188;;
VITRUM MAINTENANCE SERVICES;733935018;;
ZWONO Anna Jankowska;(61)8131157;;
ZWONO Anna Jankowska;533625975;;
ALUBUD stolarka aluminiowa;606435440;;
AP-POL Hurtownia Porcelany;509993742;;
AP-POL Hurtownia Porcelany;(22)6784833;;
Centrum Witek Karolina Witek;(12)6226325;;
Centrum Witek Karolina Witek;(12)6226201;;
ETC Sp. z o.o.;(41)2636810;;
ETC Sp. z o.o.;(41)2636813;;
Firma Wielobranżowa KONARSKI Sp.j.;(62)7829132;;
Firma Wielobranżowa KONARSKI Sp.j.;(62)7829134;;
Grawerowanie, Zdobienie Szkła i Kryształów WRZOS;(14)6332445;;
Grawerowanie, Zdobienie Szkła i Kryształów WRZOS;662253519;;
PANORAMA Sp. z o.o.;(12)2609080;;
PANORAMA Sp. z o.o.;(12)2609090;;
PPHU ROBIMAX;(32)2412490;;
PPHU ROBIMAX;(32)2412499;;
Zakład Szklarski BOGDAN GLASS;(71)7859625;;
Zakład Szklarski BOGDAN GLASS;(71)7879625;;
ALLDOM centrum szaf i wydruków na szkle;(62)7662424;;
CHEMAGRA Sp. z o.o.;(81)7187436;;
CHEMAGRA Sp. z o.o.;(81)7187437;;
FD;(34)3681110;;
FD;725765550;;
Hurtownia Kwiatów ZAPORA;(32)3764480;;
Hurtownia Kwiatów ZAPORA;609820689;;
KAMELEON COLOURS;(67)3488432;;
KAMELEON COLOURS;(67)3488429;;
KSK Anna Sawoń - Statuetki i Kryształy 3D;(85)7341324;;
KSK Anna Sawoń - Statuetki i Kryształy 3D;(53)1447551;;
Pracownia Witraży Jolanta Sidor;509991413;;
Pracownia Witraży Jolanta Sidor;(81)5012296;;
Styl-Ramy Eksport-Import Zdzisław Kryda;(33)8521838;;
Z.P.U GLASS Zakład Szklarski;(22)7861527;;
Z.P.U GLASS Zakład Szklarski;(22)7868716;;
AE KOREMBA;(12)4113643;;
AGAMET;(22)6332481;;
AGAMET;(22)6336736;;
Agencja IWA;(22)6655104;;
Agencja IWA;(22)8773436;;
Amberlamp;(58)5548078;;
AR Projekt Pracownia Witraży i Szkła Artystycznego;725007247;;
AR Projekt Pracownia Witraży i Szkła Artystycznego;(58)5548724;;
ARTGLAS Recykling;(68)3604127;;
ARTGLAS Recykling;(68)4129843;;
ARTS & HOBBY Centrum Witrażowe;(22)6669580;;
ARTS & HOBBY Centrum Witrażowe;(22)6669581;;
Delmontex International;(52)3203025;;
Delmontex International;(52)3203028;;
F.H. PARTNER Hurtownia Wielobranżowa;505581449;;
F.U.H. STEFAN;606889697;;
F.U.H. STEFAN;606555665;;
FAZ-POL Piotr Szweda;604632040;;
FPH DIL;(12)6266119;;
FPH DIL;(12)6375800;;
GEZE Polska Sp. z o.o.;(22)4404440;;
GEZE Polska Sp. z o.o.;(22)4404400;;
GLASS DECORATOR;(22)3792413;;
GLASS DECORATOR;(22)3792414;;
Grawerowanie i Wycinanie Laserem GRAWERNIA.PL;801090121;;
Grawerowanie i Wycinanie Laserem GRAWERNIA.PL;(18)5211350;;
Iden Glass Andrzej Zieliński;(22)7236616;;
Iden Glass Andrzej Zieliński;604202154;;
Lusterka Szkła Samochodowe ADAM;(12)6578240;;
Lusterka Szkła Samochodowe ADAM;606199107;;
LUXDOOR Drzwi zewnętrzne, wewnętrzne, szklane, okna;(41)3425114;;
Manufaktura Sp. z o.o.;(85)7418296;;
MASTER-HOUSE Glass Grzegorz Bocian;(22)8911333;;
MASTER-HOUSE Glass Grzegorz Bocian;602181898;;
Mebglas Piotr Iwanowicz;660746647;;
Metaloplastyka Artystyczna JAAR Arkadiusz Pindral;605966281;;
MIRROR Larysa Skiba;(71)3494475;;
MIRROR Larysa Skiba;501149983;;
Produkcja Fiolek i Ozdób Choinkowych Teresa Rabiczko;507140339;;
Produkcja Fiolek i Ozdób Choinkowych Teresa Rabiczko;(89)6762042;;
Salon DomCzasu domczasu.pl;(16)6710010;;
Salon DomCzasu domczasu.pl;(16)6710405;;
SILVER-GLASS;(42)6144652;;
SKALAR Sp.j. Import-Eksport Branży Szklarskiej;(44)6315474;;
SKALAR Sp.j. Import-Eksport Branży Szklarskiej;(44)6315475;;
STALGLASS;691200803;;
Studio Graficzne VOGAR;(77)4555616;;
SZKLANE.EU S.c.;(12)4113108;;
SZKLANE.EU S.c.;(12)3565188;;
Szklarstwo-BOŻEK;(33)8450765;;
Usługowy Zakład Szklarski SZKIEŁKO II;(94)3520859;;
Usługowy Zakład Szklarski SZKIEŁKO II;(94)3450432;;
Vital Tech - Szklarz24poznan.pl;(61)6107790;;
Vital Tech - Szklarz24poznan.pl;512713474;;
Vitroform Sp. z o.o.;(12)2519468;;
Vitroform Sp. z o.o.;(12)2519198;;
WIÓRTEX Usługi Szklarskie;(24)2634839;;
WIÓRTEX Usługi Szklarskie;604962525;;
Huta Szkła BEATA;(65)5474446;;
Huta Szkła BEATA;(65)5467706;;
Exclusive Glass;508867270;;
Exclusive Glass;500255686;;
Szkło-Usługi Robert Daćko;(94)7162525;;
Szkło-Usługi Robert Daćko;666383204;;
1001 DROBIAZGÓW Grażyna Osewska;606807916;;
AFA PROJEKT;792316111;;
AGC Glass Poland Sp. z o.o.;(22)6126414;;
AGC Glass Poland Sp. z o.o.;(22)6126393;;
Agencja Handlowo-Usługowa BIZPRO;534376323;;
Agencja Handlowo-Usługowa BIZPRO;(32)4417352;;
AGROGLAS;(63)2610581;;
AGROGLAS;508398721;;
agruppa! Mariusz Jermakowicz;(71)3106263;;
agruppa! Mariusz Jermakowicz;502377375;;
Ajmara;600624630;;
AKWARES Zakład Produkcyjny;(17)7799925;;
AKWARES Zakład Produkcyjny;698921143;;
ALGLOB Sp. z o.o.;(61)8944722-23;;
ALGLOB Sp. z o.o.;(61)8944313;;
Alicja F.H.;609050069;;
Alicja F.H.;(71)7164277;;
ALPHA-GLASS;(12)6582893;;
ALPHA-GLASS;502210902;;
Alprof Sp. z o.o.;(58)3200276;;
Alprof Sp. z o.o.;(58)3200278;;
ALREM;(33)8214204;;
ALSTAL;693874377;;
ALUMINIUM S;(42)6770492;;
ALUMINIUM S;(42)6770491;;
ALVITRO;530040656;;
ALVITRO;530040626;;
AM Projekt;513744894;;
AMBER-SZKŁO Sp. z o.o.;(32)3460707;;
AMBER-SZKŁO Sp. z o.o.;(32)3460706;;
AMEKO-TECH S.c.;(52)3306915;;
AMEKO-TECH S.c.;501057975;;
ANGLASS Usługi Szklarskie Anna Wojciechowska (dawniej Lustrzany Świat);602153117;;
ANNPOL;501547740;;
APM Project Sp. z o.o.;(22)3317005;;
AquaBoro Sp. z o.o.;(77)4023335;;
AquaBoro Sp. z o.o.;(77)4606206;;
AquaCool;602757406;;
AquaCool;606443782;;
Arb-Glass;509959787;;
ARCHIGLASS Tomasz Urbanowicz;605096228;;
Architektura Szkła S.c.;(32)2570364;;
Architektura Szkła S.c.;502488631;;
Ardagh Glass S.A.;(29)7435100;;
Ardagh Glass S.A.;(29)7423800;;
Ardagh Glass S.A.;(65)5728500;;
Ardagh Glass S.A.;(65)5722832;;
Ardagh Glass S.A.;(67)2109115;;
Ardagh Glass S.A.;(67)2109101;;
ARGLASS;602799094;;
ARGLASS;(81)7426494;;
Art & Glass;502764509;;
Art & Glass;(87)6101316;;
Art Modern Glass Sp. z o.o.;516757107;;
Art Modern Glass Sp. z o.o.;533197763;;
Art Stained Glass;(022)7020028;;
Art Studio Luxus;(022)2345216;;
Art Studio Luxus;602232730;;
ArtGlass;(55)2379515;;
ARTSZKŁO;601709929;;
ASglas;601514783;;
ASglas;887887881;;
ATAR GLASS;660885770;;
ATAR GLASS;(89)7672734;;
Awluks Sp. z o.o.;(41)2609013;;
Awluks Sp. z o.o.;(41)2654115;;
B.B. Weisberg S.c.;(91)4624605;;
B.B. Weisberg S.c.;(91)4624441;;
BAAS Polska;(22)3536045;;
BAAS Polska;(22)3539252;;
BACKSPLASH-STOLMAL;506233507;;
BACKSPLASH-STOLMAL;503593810;;
BALICCY-ART Pracownia Artystyczna Anna i Robert Baliccy;604980367;;
BarTEC Sp. z o.o.;516055818;;
BELU Glass;(22)6422064;;
BEST GLASS Grzegorz Pączko;661251726;;
BGJ System Sp. z o.o.;(61)6629008;;
BGJ System Sp. z o.o.;603196534;;
BGtech-The Gifts Designers;(12)6566557;;
BGtech-The Gifts Designers;513046769;;
BHS Sp. z o.o.;(022)6249865;;
BIAGLASS Huta Szkła Białystok Sp. z o.o.;(85)6539917-18;;
BIAGLASS Huta Szkła Białystok Sp. z o.o.;(85)6539919;;
BINA Izabella Olszewska;(22)4065633;;
BKD HOME - GLASWERK;694846086;;
BKD HOME - GLASWERK;694895877;;
Bokat B.Świerczyna i K.Cieślik-Świerczyna Sp.j.;(012)2856944;;
Bokat B.Świerczyna i K.Cieślik-Świerczyna Sp.j.;(012)2856946;;
BPROJEKT;793331979;;
BRADOS;502550202;;
BUTELKA;(22)3714418;;
BUTELKA;501716322;;
CC Montage;(54)2521591;;
CC Montage;(54)2521449;;
CENTRUM MATURALNE;(22)6273933;;
CENTRUM MATURALNE;504211423;;
Centrum Obróbki Szkła;(14)6111814;;
Centrum Obróbki Szkła;503152812;;
Centrum Szkła Andrzej Wierzbicki;(46)8325171;;
Centrum Szkła Andrzej Wierzbicki;602381897;;
Centrum Szkła II Arkadiusz Wierciński;(91)5733762;;
Clear View;508111211;;
Clear View;698616929;;
COMBI ZPU Ryszard Mustwiło;(77)4420378;;
COMBI ZPU Ryszard Mustwiło;(77)4420379;;
COMFORT GLASS;(94)3451108;;
COMFORT GLASS;(94)3407210;;
Con-Glas;(61)8932100;;
Con-Glas;601843434;;
CON-VITRO Maciej Laskowski;(61)8142582;;
CONTINENTAL TRADE Sp. z o.o.;(22)6701181;;
CONTINENTAL TRADE Sp. z o.o.;(22)6190733;;
CONVEX-GLASS Sp. z o.o.;(84)6850557;;
CONVEX-GLASS Sp. z o.o.;(84)6855111;;
Crystal Barbara;(14)6340002;;
Crystal Barbara;601218374;;
Crystal House art&design;691014403;;
D.A.GLASS;(17)8626745;;
D.A.GLASS;(17)8628460;;
D.C. VETRI;(22)7470295;;
D.C. VETRI;602487171;;
DAJAR Sp. z o.o.;(94)3467800;;
DAJAR Sp. z o.o.;(94)3467801;;
DAN & DAN S.c.;(68)4572227;;
DAN-SZKŁO Arkadiusz Danecki;(62)7475577;;
DAR-GLASS;731220230;;
DECOR ZUW Statuetki, Puchary, Cięcie Wodą;(13)4200615;;
DECOR ZUW Statuetki, Puchary, Cięcie Wodą;(13)4361307;;
DEGLASS;(63)2616035;;
DEGLASS;(63)2616334;;
DEKORGLASS DZIAŁDOWO S.A.;(23)6970615;;
DEKORGLASS DZIAŁDOWO S.A.;(23)6970600;;
Diament S.c.;(18)4430811;;
Diament S.c.;(18)5417823;;
DOROTA Huta Szkła Kryształowego;(94)3661598;;
Dubiel Glass;(18)2225005;;
Dubiel Glass;(18)5417871;;
DUKAT;(58)6842035;;
DUKAT;(58)6842550;;
DUKOS ŁÓDŹ Sp. z o.o.;(42)6402028;;
DUKOS ŁÓDŹ Sp. z o.o.;519777500;;
E-naczynia Radosław Gasiuk;880108050;;
EFFECT GLASS S.A.;(41)3482070-72;;
EFFECT GLASS S.A.;(41)3482080;;
EL-PROFIL P.P.H.U. Waldemar Łukasik;552366065;;
EL-PROFIL P.P.H.U. Waldemar Łukasik;603778696;;
ELMAR Hurtownia Szkła;(71)3593048;;
ELMAR Hurtownia Szkła;512360366;;
EMAL-PIASK Włodzimierz Czerniejewicz;(61)8135962;;
EMAL-PIASK Włodzimierz Czerniejewicz;602124190;;
ENDO;(77)4600348;;
ENDO;503139130;;
Euro-Glass Dariusz Ołdak;691646594;;
EURODEKOR;(52)3587425;;
EURODEKOR;605850983;;
EUROGLASS Sp. z o.o.;(081)5329962;;
EUROVERLUX Sp. z o.o.;(61)4249700;;
EUROVERLUX Sp. z o.o.;(61)4249703;;
EWJAN doradztwo techniczne i marketingowe;(32)6086137;;
EWJAN doradztwo techniczne i marketingowe;(32)2036833;;
F.H. Hurtex 2;(12)2560039;;
F.H. Hurtex 2;601904600;;
F.H.P. ART-GLASS;(13)4367272;;
F.H.P. ART-GLASS;(13)4203240;;
F.H.U. ANGREST Grzegorz Nosal;609660072;;
F.H.U. MAR-LUX;(61)8681035;;
F.H.U. MAR-LUX;516511014;;
F.H.U. MATPOL Roman Sagan Sp. z o.o. Sp.komandytowa;(12)2765066;;
F.H.U. MATPOL Roman Sagan Sp. z o.o. Sp.komandytowa;(12)2569590;;
F.H.U. MKR;(18)2649882;;
F.H.U. MKR;600809191;;
F.H.U. PEX;605947309;;
F.H.U. PEX;601867252;;
F.H.U. STAGLASS;510338238;;
F.H.U. SZKŁOMAL Piotr Truszczyński;(89)6452070;;
F.H.U. SZKŁOMAL Piotr Truszczyński;(89)6454494;;
F.H.U.P. KRYSZTAŁ Zakład Szklarski;(13)4462897;;
F.P.H. DAREX Dariusz Domin;(81)7561116;;
F.P.H. DAREX Dariusz Domin;605964069;;
F.P.H. HART-SM;(68)3632600;;
F.P.H. HART-SM;(68)3632622;;
F.P.H.U. TREMO Artur Sagan, Marian Sagan;(12)6450607;;
F.P.H.U. ZWIERCIADŁO Grzegorz Brzozowski;(16)6782904;;
F.P.H.U. ZWIERCIADŁO Grzegorz Brzozowski;606608751;;
F.U.H. Zakład Szklarski;(058)3489527;;
Fabryka;(71)3643762;;
Fabryka;507557853;;
Fabryka Luster KRAKSZKŁO Sp. z o.o.;519485298;;
Fabryka Luster KRAKSZKŁO Sp. z o.o.;(12)2814300(sekretariat);;
FABRYKA SZKŁA;602448863;;
FABRYKA SZKŁA Katarzyna Skórska-Sworst;506134990;;
FEMA Szkło Budowlane;(61)8767694;;
FENCO Krzysztof Kawa;(32)6741420;;
FENCO Krzysztof Kawa;(32)6781450;;
FHU SZKŁOMARK;604326789;;
FHU SZKŁOMARK;691236789;;
FIRE-GLASS;733161616;;
FIRE-GLASS;884884558;;
Firma BAKARAT;(44)7247758;;
Firma FARYS;516193878;;
Firma Handlowa Export-Import Andrzej Bednarczyk;(032)2945779;;
Firma Handlowa Export-Import Andrzej Bednarczyk;508082286;;
Firma Handlowa IGA;(22)5500913;;
Firma Handlowa IGA;(22)5500914;;
Firma Handlowo-Usługowa EMAR Marek Szczupał;(12)6452173;;
Firma Handlowo-Usługowa EMAR Marek Szczupał;600416725;;
Firma Handlowo-Usługowa GAZDO-METAL Jerzy Gazdowicz;(16)7361019;;
Firma Handlowo-Usługowa GAZDO-METAL Jerzy Gazdowicz;606850154;;
Firma Handlowo-Usługowa GOLD;503317360;;
Firma Handlowo-Usługowa GOLD;(17)5826547;;
Firma JULITA Renata Bobrowska;(32)2702371;;
Firma JULITA Renata Bobrowska;(32)3052277;;
Firma JUNIOR;501084899;;
Firma LECO;601766089;;
Firma MIREX;(44)6851383;;
Firma Produkcyjno-Handlowo-Usługowa ROMINEX;502301460;;
Firma Produkcyjno-Handlowo-Usługowa ROMINEX;502751021;;
Firma VITRE;(17)8535148;;
Firma VITRE;(17)8520734;;
FPHU Kryształ;(15)8323431;;
FPHU Kryształ;603891765;;
FPUH MYCIOK;(32)3220767;;
FPUH MYCIOK;503137392;;
FUH TREKO;886699634;;
FUH TREKO;881567828;;
GABRA;(85)7410193;;
GABRA;(85)7410590;;
GALAS Szkło;(32)6150227;;
GALAS Szkło;784098459;;
Galaxy Glass;501094847;;
Galeria Fokus;(33)8289871;;
Galeria Fokus;510239395;;
GALICJAN Sp. z o.o.;(13)4424577;;
GALICJAN Sp. z o.o.;(13)4424524;;
GEORGE Sp. z o.o.;(17)8540501;;
GEORGE Sp. z o.o.;(17)8504275;;
GLAS-BUD;(84)6187140;;
GLAS-BUD;(84)6187142;;
GLAS-TECH S.A. Produkcja Szkła;(61)6641500;;
GLAS-TECH S.A. Produkcja Szkła;(61)6641515;;
GLASMARK Sp. z o.o.;(13)4368956;;
GLASMARK Sp. z o.o.;664004936;;
GLASPO TRADE Sp. z o.o.;(63)2628005;;
GLASPO TRADE Sp. z o.o.;507096041;;
GlasPRO;691058980;;
GlasPRO;696644634;;
GLASPROJEKT Sp. z o. o Sp.k.;(33)3305010;;
GLASPROJEKT Sp. z o. o Sp.k.;(33)8192698;;
Glass - Med;(22)6201482;;
GLASS CENTER Grzegorz Łojek;731730730;;
Glass Designer Janusz Kazanecki;(44)6478471;;
GLASS DOOR Andrzej Biegański;501492882;;
GLASS HOME;791568397;;
GLASS HOUSE;(012)2960327;;
GLASS HOUSE;(012)6562534;;
GLASS PRODUKT Sp. z o.o.;(32)4943500;;
GLASS PRODUKT Sp. z o.o.;(32)4943505;;
GLASS Sp. z o.o.;(42)7171603;;
GLASS Sp. z o.o.;(42)7171595;;
Glass-Art S.c. P.P.H.U.;(42)6542817;;
GLASS-BUD P.P.H.U.;(22)7797949;;
GLASS-BUD P.P.H.U.;501092031;;
GLASS-MAL;(18)3540220;;
GLASS-MAL;(18)3540221;;
Glass-Studio;(58)6834704;;
Glass-Studio;608600407;;
Glass-Team Sp. z o.o.;(22)7269217;;
GLASSAN Sanockie Centrum Szkła;537557665;;
GLASSAN Sanockie Centrum Szkła;600771411;;
GLASSEA.PL;609392131;;
GLASSEA.PL;(61)8658831;;
GLASSERIA;(22)7899871;;
GLASSERIA;601254607;;
GLASSFAKTOR;(61)8977811;;
GLASSFAKTOR;607230790;;
GLASSING - Panele Szklane;(33)8751503;;
GLASSIO;517192939;;
GLASSKOL;(63)2610649;;
GLASSKOL;500362858;;
Glasskoncept Sp. z o.o.;(32)7242624;;
Glasskoncept Sp. z o.o.;795902681;;
GLASSline;(61)8161311;;
GLASSO;(22)7296366;;
GLASSO;501383490;;
GLASSPOL.PL Pustaki Szklane Maciej Załuski;(71)3103000;;
GLASSPOL.PL Pustaki Szklane Maciej Załuski;(71)3878871;;
GLASSprojekt;501014519;;
GLASSTEK;(89)6521771;;
GLASSTEK;(89)6521770;;
GlassTower;605249175;;
Glastec;(41)3522370;;
GlasWeld Systems Polska;508456269;;
GlasWorld;603286178;;
GOLD LEWANA Zbigniew Lewandowski;(91)5764070;;
GOLD LEWANA Zbigniew Lewandowski;506081666;;
GPPR GLASS Sp. z o.o.;(55)2351985;;
GPPR GLASS Sp. z o.o.;(55)2351925;;
GrafiQa;695918131;;
GrafiQa;(12)6540616;;
GregGlass Grzegorz Kamyczek;508135311;;
Grupa CNC Marcin Skotarczak Filip Karczyński S.c.;(52)5610939;;
Grupa CNC Marcin Skotarczak Filip Karczyński S.c.;(52)5610940;;
Guardian Częstochowa Sp. z o.o.;(34)3239200;;
Guardian Częstochowa Sp. z o.o.;(34)3239206;;
H.T.I. SZKŁO Zakład Szklarski;(75)7525359;;
H.T.I. SZKŁO Zakład Szklarski;509768257;;
HANPAK;(22)6152835;;
Hart-Szkło;(68)3625315;;
Hart-Szkło;(68)3625316;;
Hartownia Szkła Szotkiewicz;(62)7253682;;
Hartownia Szkła Szotkiewicz;502408781;;
HER-GLAS;604754457;;
Hero-Glas Sp. z o.o.;(91)4820007;;
Hero-Glas Sp. z o.o.;(91)4837271;;
HEXAGONPL Sp. z o.o. Sklep Internetowy GLASSCUSTOM.pl;(71)3568715;;
HEXAGONPL Sp. z o.o. Sklep Internetowy GLASSCUSTOM.pl;504896584;;
Home Decor;668859256;;
HURT GLASS Hurtownia Szkła i Luster;(22)8431801;;
HURT GLASS Hurtownia Szkła i Luster;(22)8535107;;
Hurtowe Centrum Szkła i Ceramiki Gemma Sp. z o.o.;(17)8635598;;
Hurtowe Centrum Szkła i Ceramiki Gemma Sp. z o.o.;(17)8637305;;
Hurtownia Artykułów Gospodarstwa Domowego REMIS Sp.j.;(85)7408030;;
Hurtownia Artykułów Gospodarstwa Domowego REMIS Sp.j.;(85)7408031;;
Hurtownia OLO Rafał Stanisz;601093909;;
Hurtownia OLO Rafał Stanisz;601825505;;
Hurtownia Szkła Budowlanego TORO;663607605;;
Hurtownia Szkła Budowlanego TORO;501741114;;
Hurtownia Szkła Okiennego i Luster SZKŁO-TECH;(41)3464776;;
Hurtownia Szkła Okiennego Mariola Rozmarynowska;(67)2824588;;
Huta Szkła Artystycznego i Gospodarczego "Sabina" Sp zo.o.;(13)4356860;;
Huta Szkła Artystycznego i Gospodarczego "Sabina" Sp zo.o.;(13)4355929;;
Huta Szkła Artystycznego Taras Krynytskyy;504154259;;
Huta Szkła CZECHY S.A.;(25)6854823;;
Huta Szkła CZECHY S.A.;(25)6854923;;
Huta Szkła EVA;501485806;;
Huta Szkła EVA;501485819;;
Huta Szkła FANTAZJA;(13)4302267;;
Huta Szkła FENIKS 2 Sp. z o.o.;(44)7326834;;
Huta Szkła FENIKS 2 Sp. z o.o.;(44)7323612;;
Huta Szkła Gospodarczego;(22)7899100;;
Huta Szkła Gospodarczego;(22)7890265;;
Huta Szkła Gospodarczego DAMARA Krzysztof Szafrański;(14)6658181;;
Huta Szkła Gospodarczego DAMARA Krzysztof Szafrański;(14)6658848;;
Huta Szkła Gospodarczego i Artystycznego FINEZJA;(44)6164883;;
Huta Szkła Gospodarczego i Artystycznego FINEZJA;601227407;;
Huta Szkła Gospodarczego IRENA S.A.;(52)3542100;;
Huta Szkła Gospodarczego IRENA S.A.;(52)3542312;;
Huta Szkła Gospodarczego MARTA 2 Sp. z o.o.;(82)5632416;;
Huta Szkła Gospodarczego MARTA 2 Sp. z o.o.;(82)5451030;;
Huta Szkła Gospodarczego Tadeusz Wrześniak Sp. z o.o.;(14)6748520;;
Huta Szkła Gospodarczego Tadeusz Wrześniak Sp. z o.o.;(14)6269996;;
Huta Szkła Gospodarczego TOPGLASS 1 Sp.j.;(48)3442030;;
Huta Szkła Gospodarczego TOPGLASS 1 Sp.j.;(48)3442040;;
Huta Szkła JAROSZOWIEC Sp. z o.o.;(32)6498001;;
Huta Szkła JAROSZOWIEC Sp. z o.o.;(32)6498007;;
Huta Szkła JEDLICE S.A.;(77)4005540;;
Huta Szkła JEDLICE S.A.;(77)4005545;;
Huta Szkła JUSTYNA Jan Kikta, Jakub Kikta Sp.j.;(13)4643910;;
Huta Szkła JUSTYNA Jan Kikta, Jakub Kikta Sp.j.;(13)4642460;;
Huta Szkła Kazimierz Dziubak;(25)6820260;;
Huta Szkła Latoszek Paweł;535852492;;
Huta Szkła Latoszek Paweł;(13)4424313;;
Huta Szkła ORZESZE w upadłości;(32)2213621;;
Huta Szkła ORZESZE w upadłości;(32)2215869;;
Huta Szkła ROGI S.c.;(13)4353661;;
Huta Szkła ROGI S.c.;(13)4353866;;
Huta Szkła SOLBIKA;(48)3604555;;
Huta Szkła SOLBIKA;(48)3651991;;
Huta Szkła Wołczyńscy Sp. z o.o.;(22)7753970;;
Huta Szkła Zawiercie Sp. z o.o.;(32)6721641;;
IGOS Zakład Szklarski;(12)2858588;;
IGOS Zakład Szklarski;501389289;;
IKAR;(61)8174789;;
IKAR;602112747;;
IMS Glass-Decor Sp. z o.o.;(61)8677581;;
IMS Glass-Decor Sp. z o.o.;(61)8677571;;
In-Vento S.c.;(14)6563577;;
In-Vento S.c.;(14)6563578;;
INHATEX Sp. z o.o.;(52)3568620;;
INHATEX Sp. z o.o.;(52)3568623;;
INOXI S.c.;795432656;;
INOXI S.c.;795432668;;
INSOGLAS Andrzej i Karol Woźniak Sp.j.;(61)8162919;;
INSOGLAS Andrzej i Karol Woźniak Sp.j.;(61)8161726;;
Inter Trade Office ITO Jacek Chrzanowski;(12)2858661;;
Inter Trade Office ITO Jacek Chrzanowski;501318518;;
INTER-DECO;(52)5153220;;
INTER-DECO;603542734;;
INTERMINGLASS Sp. z o.o.;(74)8466658;;
INTERMINGLASS Sp. z o.o.;(74)8407511;;
IRIS GLASS Anna Walewska;606653294;;
IRIS GLASS Anna Walewska;696082808;;
IRYS;666864702;;
IRYS;693539334;;
IT Studio;668166440;;
Ital-Modern Sp. z o.o.;(22)3359947;;
Ital-Modern Sp. z o.o.;(22)3359985;;
IWEL Zakład Usług Szklarskich Łukasz Ryżewski;(58)6253150;;
IWEL Zakład Usług Szklarskich Łukasz Ryżewski;516140491;;
J&M Salon Szkła Luster;(61)8228182;;
JAGAL M-MF;604669741;;
JAMATO Jacek Topolewski;501666202;;
JARGLAS;(16)6212217;;
JARGLAS;693110571;;
Józefina Art Factory;(13)4322544;;
JSB;(34)3731178;;
Kamiński Glas Studio;(71)3477230;;
Kamiński Glas Studio;602650367;;
KAREL Klimczak Elżbieta;501377449;;
KAREL Klimczak Elżbieta;(22)7712788;;
KAST - Konstrukcje Szklane;(48)3451770;;
KAST - Konstrukcje Szklane;(48)3450717;;
KB-GLASS Szklarstwo;(25)7575552;;
KB-GLASS Szklarstwo;512520889;;
KEDRO Glass Design;(91)4330022;;
KEDRO Glass Design;533110022;;
Kiara Sp. z o.o.;(13)4310456;;
Kiara Sp. z o.o.;784513662;;
KLAR GLASS Sp. z o.o.;(61)8177017;;
KLAR GLASS Sp. z o.o.;(61)8177081;;
KOLGLASS Hurt-Export-Import;(74)8674051;;
KOLGLASS Hurt-Export-Import;(74)8674048;;
KOMFORT GLASS;502936762;;
Konstrukcje Szklane Tomasz Pilśniak;(34)3191010;;
Konstrukcje Szklane Tomasz Pilśniak;608320692;;
KRAK-TRANS;(048)3317995;;
KRAK-TRANS;606947938;;
Krak-Trans Sp. z o.o.;(12)4138813;;
Krak-Trans Sp. z o.o.;(12)6811382;;
KROS-SZKŁO;(13)4930446;;
KROS-SZKŁO;(13)4930383;;
Krosglass S.A.;(13)4328503;;
Krosglass S.A.;(13)4328504;;
Krośnieńskie Huty Szkła KROSNO S.A. w upadłości likwidacyjnej;(13)4328000;;
Krośnieńskie Huty Szkła KROSNO S.A. w upadłości likwidacyjnej;(13)4363111;;
Krystal Sp.j.;(22)6677850;;
Krystal Sp.j.;(22)8175184;;
KRYSZTAŁ Usługi Szklarskie S.c.;(89)5274642;;
KRYSZTAŁ Usługi Szklarskie S.c.;604337949;;
LENGLASS;531364488;;
LET Sp.j.;(34)3285264;;
LET Sp.j.;(34)3285460;;
LIDER SZKŁO S.c.;504251485;;
LIDER SZKŁO S.c.;693847022;;
LIDREN;(32)2702790;;
LinealSystem;(33)8109959;;
LinealSystem;(33)8108333;;
LT Glass FHU Krzysztof Jeliński;(61)6469799;;
LT Glass FHU Krzysztof Jeliński;660443400;;
Luks Szkło i Kryształy;662261362;;
LUKSFER.PL Szkło, Luksfery, Fusing;(71)3106000;;
LUMADEX;(44)6461070;;
LUMADEX;601207687;;
LUMAX;(34)3725727;;
LUMAX;606890163;;
Lus-ar;(29)7604596;;
Lus-ar;(29)7679950;;
LUSTRA Krasowski Wojciech;(22)6144272;;
LUSTRA Krasowski Wojciech;604639302;;
LUSTRA STYLOWE;722042022;;
LUSTRA-ONLINE.PL;(71)3227442;;
LUSTRA-ONLINE.PL;(71)3437444;;
LUSTREX;(71)3578617;;
LUSTREX;(71)3578643;;
Lustropol;(58)6655699;;
Lustropol;(58)6655771;;
ŁADNA Glass Factory;(14)6220110;;
ŁADNA Glass Factory;(14)6269585;;
MADOR Witryna;(91)4821456;;
MADOR Witryna;609691351;;
MAKORA Krośnieńska Huta Szkła S.A.;(13)4324881;;
MAKORA Krośnieńska Huta Szkła S.A.;(13)4368855;;
Makro Glass;601231546;;
MAM-BIS;(58)5229556;;
MAR-GLASS Grzegorz Marciniak;(85)7442277;;
MAR-GLASS Grzegorz Marciniak;(85)7455630;;
MARCRYSTAL;(56)6210341;;
Marglass;(22)3578864;;
Marglass;792230033;;
MARIA Szlifiernia Kryształów;518230646;;
Master-ART;601740318;;
MATI-GLASS Kraina Szkła i Luster;(94)3462377;;
MATI-GLASS Kraina Szkła i Luster;(94)3417753;;
MAYRON Mirosław Borkowski;(22)6398182;;
MAYRON Mirosław Borkowski;605062281;;
mGlass;(42)2054343;;
MILMAX;605478009;;
MiM Jakub Moskwa;531510066;;
MiniGLASS;607236450;;
MIRROR;(61)8700181;;
MIRROR;(61)8700182;;
MIRROR Jakub Ziemba;(32)7247979;;
MIRROR Jakub Ziemba;664343085;;
ML GLAS;(65)5205250;;
ML GLAS;600270250;;
MMASA;(52)3213681;;
MMASA;784821360;;
MOTGLASS;511448745;;
MOTGLASS;503964512;;
MotiveGlass Sp. z o.o.;0801002130;;
MotiveGlass Sp. z o.o.;696550100;;
MOUK - Mc Group Sp. z o.o.;(12)4182446;;
MOUK - Mc Group Sp. z o.o.;721698380;;
MR Ryszard Markiewicz;(84)6866250;;
MR Ryszard Markiewicz;(84)6862811;;
MRS GLASS;536526501;;
MRS GLASS;730498976;;
MyGlass;(71)3593048;;
MyGlass;(71)3497444;;
Neo Agencja Reklamowa Sp. z o.o. Sklep Internetowy galerialuster.pl;603876445;;
NEO GLASS PROJECT;511141424;;
NEOARTIZ Studio Szkła Katarzyna Derkowska;(56)6964904;;
NEOARTIZ Studio Szkła Katarzyna Derkowska;517017777;;
NewGlas Sp. z o.o.;(22)4995318;;
NewGlas Sp. z o.o.;(22)4995319;;
NG SYSTEM;(33)8108067;;
NOMAR-GLASS Zakład Szklarsko-Szlifierski;(48)3332106;;
NOMAR-GLASS Zakład Szklarsko-Szlifierski;509051226;;
Novaglas Mateusz Rozmus;(33)8643196;;
Novaglas Mateusz Rozmus;512109984;;
NOWO-GLAS N.E.Stasik, Ł.Żminda Sp.j.;(91)4326122;;
NOWO-GLAS N.E.Stasik, Ł.Żminda Sp.j.;(91)3925511;;
O-I Produkcja Polska S.A.;(16)6249400;;
O-I Produkcja Polska S.A.;(16)6249285;;
OBRAZY ZE SZKŁA;609126677;;
OBRAZY ZE SZKŁA;604202672;;
Olech Glass Studio;(71)3479361;;
Olech Glass Studio;501238118;;
OPOLGLASS Sp. z o.o.;(77)4021191;;
OPOLGLASS Sp. z o.o.;(77)4021192;;
P.H.U. Szkło S.c.;(87)6103886;;
P.H.U. Szkło S.c.;(87)6210420;;
P.P.H MARPEX;(12)4222836;;
P.P.H MARPEX;(12)2940072;;
P.P.H. LUX Jerzy Szymczyk;(34)3249614;;
P.P.H. LUX Jerzy Szymczyk;605244784;;
P.P.H.U GLASSDEX;691782056;;
P.P.H.U GLASSDEX;692310119;;
P.P.H.U. ANAPOL Piotr Pacura;(14)6863300;;
P.P.H.U. ANAPOL Piotr Pacura;(14)6634235;;
P.P.H.U. FAZA;(22)6684458;;
P.P.H.U. FAZA;(22)8672074;;
P.P.H.U. GLASS POL;(22)6447746;;
P.P.H.U. GLASS POL;(22)6449550;;
P.P.H.U. Glass Studio Krzemińska;(71)3332090;;
P.P.H.U. Glass Studio Krzemińska;604108674;;
P.P.H.U. Glass-Form Rafał Kuczma;(17)8593018;;
P.P.H.U. Glass-Form Rafał Kuczma;691540712;;
P.P.H.U. GREEN;(13)4200376;;
P.P.H.U. GREEN;(13)4200327;;
P.P.H.U. KULBAT lustra i szkło;509454515;;
P.P.H.U. Lusopol Sp. z o.o.;(32)2144090;;
P.P.H.U. MEBLEX;(48)6724300;;
P.P.H.U. MEBLEX;(48)6724174;;
P.P.H.U. MET-GLASS;(13)4353086;;
P.P.H.U. MET-GLASS;(13)4315204;;
P.P.H.U. ODOLUX Urszula Odolczyk;501489686;;
P.P.H.U. ODOLUX Urszula Odolczyk;(46)8541111;;
P.P.H.U. Plafi;(46)8324490;;
P.P.H.U. Plafi;(46)8322721;;
P.P.H.U. SZKIEŁKO Krystyna Makowska;(22)7824938;;
P.P.H.U. SZKIEŁKO Krystyna Makowska;602444536;;
P.P.H.U. Szlifiernia Kryształów ANITA A.Pękała, E.Pękała S.c.;(15)8236050;;
P.P.H.U. Szlifiernia Kryształów ANITA A.Pękała, E.Pękała S.c.;502176090;;
P.P.U.H. Emaks, E. Durek;(52)3023382;;
P.P.U.H. Emaks, E. Durek;602577278;;
P.U.P.H. Centrum Szkła Jerzy Gad;(41)3684750;;
PAE-Hurtowna Słoików;606984707;;
PAE-Hurtowna Słoików;(62)7854099;;
PALMAD II;502653771;;
PALMAD II;(91)5613717;;
Part-Glass Krosno Sp. z o.o.;(13)4364680;;
Part-Glass Krosno Sp. z o.o.;(13)4367151;;
PASK Wytwarzanie i Szlifowanie Szkieł Ozdobnych i Kryształów Marian Pyrcak;602775998;;
PASK Wytwarzanie i Szlifowanie Szkieł Ozdobnych i Kryształów Marian Pyrcak;(22)7744802;;
PATERA Z.A.A.Tomasiewicz;(022)6204652;;
Petera-Szklarstwo Dariusz Petera;(42)2112261;;
Petera-Szklarstwo Dariusz Petera;603409278;;
PHU JERECZEK;(58)3011108;;
PHU LUSTRO-GLASS Magdalena Cecotka;(74)8468354;;
PHU LUSTRO-GLASS Magdalena Cecotka;500195544;;
PHU VITRO;504106550;;
PHU VITRO;506179544;;
Pieńskie Huty Szkła ŁUŻYCE Sp. z o.o.;(75)7786412;;
Pieńskie Huty Szkła ŁUŻYCE Sp. z o.o.;(75)7786411;;
PIKO Piotr Kolejko;602174896;;
Pilkington IGP Sp. z o.o.;(12)6277901;;
Pilkington IGP Sp. z o.o.;(12)6277912;;
POD FILARAMI Export-Import S.c.;(22)6418244;;
POD FILARAMI Export-Import S.c.;(22)6432828;;
PODIUM GLAS;668295235;;
PODIUM GLAS;507103444;;
POL-AM-PACK S.A.;(12)6623478;;
POL-AM-PACK S.A.;(12)6623477;;
Polana UV;667499967;;
POLERGLASS;503728750;;
POLERGLASS;(34)3601146;;
POLI-GLAS Sp. z o.o.;(22)8350094;;
POLI-GLAS Sp. z o.o.;(22)8353035;;
POLO Jan Poloczek;(34)3246542;;
PORCZELA Justyna Wcisło;(61)6621301;;
PORCZELA Justyna Wcisło;600414923;;
Power Glass 3D;691422205;;
Power Glass 3D;695822205;;
PPHU KAPILAR;(42)7125544;;
PPHU KAPILAR;(42)7125533;;
PPHU LUNA;(94)3584695;;
PPHU LUNA;(94)3584714;;
PPHU Lustral;(22)8431801;;
PPHU Lustral;(22)8535107;;
PPUH Kompleks;(32)2977301;;
PPUH Kompleks;601415589;;
Pracownia Artystyczna MK;(42)7173164;;
Pracownia Artystyczna MK;501355666;;
Pracownia Artystycznych Wyrobów Szklanych ArtGlass;667947564;;
Pracownia Artystycznych Wyrobów Szklanych ArtGlass;667947576;;
Pracownia Autorska Marty Wojciechowskiej;606331986;;
Pracownia Szklana;795657811-12;;
Pracownia Szkła;(71)3935350;;
Pracownia Szkła;691395532;;
Pracownia Szkła;603422179;;
Pracownia Szkła Artystycznego;691572954;;
Pracownia Szkła Artystycznego GLASINI-FUSING;(32)3482020-21;;
Pracownia Szkła Artystycznego GLASINI-FUSING;(32)3482028;;
Pracownia Szkła Artystycznego IGNIS;728892709;;
Pracownia Szkła Artystycznego LeaVi;698776655;;
Pracownia Szkła Artystycznego MARGOT;602491626;;
Pracownia Szkła i Ceramiki ZAJDEL Krzysztof Zajdel;(13)4325264;;
Pracownia Szkła i Ceramiki ZAJDEL Krzysztof Zajdel;600283309;;
Pracownia Szkła Unikat;(71)3485791;;
Pracownia Szkła Unikat;603951730;;
Pracownia Witraży i Artystycznego Zdobienia Szkła;(58)6760080;;
Pracownia Witraży i Artystycznego Zdobienia Szkła;602648682;;
Press Glass S.A.;(34)3275069;;
Press Glass S.A.;(34)3275801;;
PRESTIGE GLASS;(58)3513875;;
PRINT-GLASS;(34)3683299;;
Proca E.Doryń, J. Doryń Sp.j.;(42)6304621;;
Proca E.Doryń, J. Doryń Sp.j.;(42)6335347;;
Profesjonalne Urządzanie Akwariów;724760776;;
PROFI GLASS Centrum Konstrukcji Szklanych;(32)2303037;;
PROFI GLASS Centrum Konstrukcji Szklanych;532375555;;
PROGLAS Konstrukcje Szklane;(91)4201240;;
PROLINEA Sp. z o.o.;664448004;;
PROLINEA Sp. z o.o.;601777467;;
Przedsiębiorstwo EUROPUS Sp. z o.o.;(83)3431968;;
Przedsiębiorstwo EUROPUS Sp. z o.o.;(83)3444401;;
Przedsiębiorstwo JOLGLASS Sp. z o.o.;(52)5642626;;
Przedsiębiorstwo JOLGLASS Sp. z o.o.;(52)5642688;;
Przedsiębiorstwo Produkcyjno-Handlowe GLASS-PRODUCT;(52)3488070;;
Przedsiębiorstwo Produkcyjno-Handlowe GLASS-PRODUCT;(52)3796718;;
Przedsiębiorstwo Wielobranżowe LUMAC Sp. z o.o.;(54)2842316;;
Przedsiębiorstwo Wielobranżowe LUMAC Sp. z o.o.;(54)2842378;;
PUARO;697611127;;
PUARO;605829921;;
Pujan Led Sp. z o.o.;(55)2351900;;
Pujan Led Sp. z o.o.;(55)2368809;;
Q4Glass ABJ Investors Sp. z o.o. Sp.komandytowa;(94)3166573;;
Q4Glass ABJ Investors Sp. z o.o. Sp.komandytowa;(94)3424836;;
QUBA GLASS;535273006;;
Ramski Art Glass;604101721;;
REMO VISION Producent Mebli Szklanych;(89)5320403;;
REMO VISION Producent Mebli Szklanych;603414112;;
Renowacja Starych Luster Adam Rojewski;(22)8271881;;
Renowacja Starych Luster Adam Rojewski;601333617;;
Republika Szkła Sp. z o.o.;(22)7832142;;
RES-GLASS;(17)8635667;;
RES-GLASS;(17)7790682;;
REZAL Przedsiębiorstwo Prywatne;(42)6402274-hurtownia;;
REZAL Przedsiębiorstwo Prywatne;(42)6595002-produkcja;;
ROKAL Sp.j.;(17)5853090;;
ROKMA Krzysztof Rogala;505432101;;
SABU2 Sp.j.;(22)7630812;;
Salon Luster i Mebli Szklanych IN VITRO;(12)3573416;;
Salon Luster i Mebli Szklanych IN VITRO;(12)3789617;;
SANGLASS S.A.;(17)7738900;;
SANGLASS S.A.;(17)7738901;;
SATINOX;503072971;;
SCHOLLGLAS Polska Sp. z o.o.;(22)7377104;;
SCHOLLGLAS Polska Sp. z o.o.;(22)7377103;;
SCHOTT Poland Sp. z o.o.;(022)6451206;;
SCHOTT Poland Sp. z o.o.;(022)6451209;;
SIGMA-GLASS Szkło ozdobne, Szkło artystyczne;(14)6747770;;
Siker Szkło Dekoracyjne;692886354;;
SKALIA;(12)6382344;;
SKALIA;602443368;;
Sklep Internetowy ModernForm.pl;(22)7298455;;
Sklep Internetowy ModernForm.pl;604595436;;
SŁAWEKS-Pracownia Luster i Szkła;(81)3115004;;
SŁAWEKS-Pracownia Luster i Szkła;(81)4644221;;
SOW-KOR S.c. Probówki Laboratoryjne;(13)4363092;;
SpólNet Sp. z o.o.;(17)8624704;;
SpólNet Sp. z o.o.;(17)8629646;;
Spółdzielnia Pracy Usług i Wyrobów Przemysłu Szklarskiego im. I.Krasickiego;(42)6840207;;
STAL-PLEX;(052)3277295;;
STAL-PLEX;692414681;;
STARGLASS Sp. z o.o.;(29)7691389;;
Stolarczyk Studio Beata Stolarczyk;(58)6785095;;
Stolarczyk Studio Beata Stolarczyk;606929406;;
STORM Sp. z o.o.;534777170;;
STORM Sp. z o.o.;537420820;;
Strefa Szkła;(22)8101429;;
Strefa Szkła;514315415;;
STUDIO ANIOŁÓW Pracownia Lamp i Witraży;501728813;;
STUDIO ARTYSTYCZNE Nojman Leszek;506418087;;
Studio Szkła & Luster Szura Ireneusz;(56)6511666;;
Studio Szkła & Luster Szura Ireneusz;661252565;;
Studio Szkła Kraków;501064264;;
STUDIO SZKŁA Michał Raciniewski;511807207;;
StudioArt Emi Ewa Michalska;602308638;;
Sun-glass;(22)7201945;;
Sun-glass;784948742;;
SYSTEMY - SZKLANE.PL;512995990;;
SYSTEMY - SZKLANE.PL;512377971;;
Systemy Szklane;739021555;;
Szczakowa Glass Sp. z o.o. w likwidacji;(32)6177441;;
Szczakowa Glass Sp. z o.o. w likwidacji;(32)6177440;;
SZKLANA ELEGANCJA S.c.;607354380;;
SZKLANA ELEGANCJA S.c.;(46)8564545;;
Szklana Manufaktura;883286737;;
Szklane Domy Sp. z o.o.;(56)6390626;;
SZKLANE-PILNIKI.pl;(42)6305155;;
SZKLANE-PILNIKI.pl;793325353;;
SZKLANY ŚWIAT;(48)6271939;;
SZKLANY ŚWIAT;511448444;;
SZKLAR-BUD;(56)4625832;;
SZKLAR-BUD;601623074;;
Szklarnia FISCHER S.c.;(62)5919304;;
Szklarnia FISCHER S.c.;(62)7366187;;
SZKLARPOL Waldemar Bęben;(41)3684335;;
SZKLARPOL Waldemar Bęben;509731415;;
Szklifarb S.c.;(22)7836557;;
Szklifarb S.c.;(22)7604347;;
SzkloKrosno.pl;(14)6907110;;
Szkło Expert Leszek Daćko;518606605;;
SZKŁO LUSTRA RAMY;(52)3733666;;
SZKŁO LUSTRA RAMY;607142890;;
Szkło Mania Sebastian Kubrak;798549229;;
Szkło Service;(44)6830398;;
Szkło Systems Waldemar Ruciński;(91)4832791;;
Szkło Systems Waldemar Ruciński;508189345;;
SZKŁO-INSTAL S.c.;669422544;;
Szkło-Lux;(81)8881188;;
SZKŁO-PLAST Curyło;(14)6861660;;
SZKŁO-PLAST Curyło;691348413;;
SZKŁO-POL;(59)8422770;;
SZKŁO-POL;608676221;;
Sztuka-Szkło;(22)6447602;;
Sztuka-Szkło;(22)8991964;;
Szyby Autobusowe Anna Mroskowiak, Tomasz Mroskowiak;781815446;;
Szyby Autobusowe Anna Mroskowiak, Tomasz Mroskowiak;724641404;;
ŚWIAT SZKŁA;(22)6783311;;
ŚWIAT SZKŁA;505340772;;
TAVOLA DECOR Monika Kwiatkowska, Sklep internetowy www.SZKLANAWITRYNA.pl;501651466;;
TAVOLA DECOR Monika Kwiatkowska, Sklep internetowy www.SZKLANAWITRYNA.pl;(60)3070803;;
TERJOT S.c.;(71)7916041;;
TERMGLAS Sp. z o.o.;(32)2643881;;
TERMGLAS Sp. z o.o.;(32)2642592;;
TERMISIL Huta Szkła Wołomin S.A.;(22)7764612;;
TERMISIL Huta Szkła Wołomin S.A.;(22)7764616;;
TERMO-BUD Sp. z o.o.;(15)8313356;;
TERMO-SZKŁO Sp. z o.o.;(33)8171434;;
TERMO-SZKŁO Sp. z o.o.;(33)8169000;;
TES Technika Emalia Szkło Sp. z o.o.;(32)6413919;;
TES Technika Emalia Szkło Sp. z o.o.;(32)6450484;;
TIFFANY GLASS CENTER-KORTEX Sp. z o.o.;(58)6859053;;
TIFFANY GLASS CENTER-KORTEX Sp. z o.o.;(58)6848603;;
TOP-GLAS Sp. z o.o.;(81)7450592;;
Top-Vitro Sp. z o.o.;(22)3545300;;
Top-Vitro Sp. z o.o.;(22)3545320;;
Towarzystwo Handlowe TRADEX Sp. z o.o.;(22)7579445-47;;
Towarzystwo Handlowe TRADEX Sp. z o.o.;(22)7579400;;
TransLight;604568243;;
TREND GROUP Sp. z o.o.;(48)6174536;;
UniGlass Polska Sp. z o.o.;(86)2182332;;
UniGlass Polska Sp. z o.o.;(86)2125305;;
UniMould Sp. z o.o.;(75)7770300;;
UniMould Sp. z o.o.;(75)7770309;;
Usługi Szklarskie Sylwester Drężek;(89)5334146;;
Usługi Szklarskie Sylwester Drężek;503718347(pogotowieszklarskie);;
Usługi Szklarskie-Ramiarskie GLASS-TECH;601353935;;
Usługi Wielobranżowe Artur Kuźniarski;692501470;;
Usługi Wnętrzarskie Jerzy Jaworski;(48)6678101;;
Usługi Wnętrzarskie Jerzy Jaworski;602216024;;
VENI S.A.;(52)5164400;;
VENTI S.c.;(74)8302004;;
Verro-Glass;(33)8211838;;
Verro-Glass;603746510;;
VETRO Stanisław Żurawski;(22)8374808;;
VETRO Stanisław Żurawski;508064048;;
VETRO-TEC;(55)2340606;;
VETRO-TEC;(55)2360608;;
VILLA GLASS STUDIO Sp. z o.o.;(13)4364463;;
VILLA GLASS STUDIO Sp. z o.o.;(13)4364475;;
VITRE Sp. z o.o.;(32)3070441;;
Vitro;(61)8780809;;
Vitro;604405210;;
Vitro-Term;(61)6517494;;
Vitro-Term;(61)8678032;;
Vitroline;535471074;;
VITRON Sp. z o.o.;(52)3610372;;
VITRON Sp. z o.o.;(52)3619698;;
VITROSILICON S.A.;(68)3600747;;
VITROSILICON S.A.;(68)3600700;;
VITROTERM Murów S.A.;(77)4270316;;
VITROTERM Murów S.A.;(77)4214165;;
VITRUM MAINTENANCE SERVICES;508314188;;
VITRUM MAINTENANCE SERVICES;733935018;;
W-M Glass Sp. z o.o.;(89)7621850;;
W-M Glass Sp. z o.o.;(89)7621851;;
Wenta Glass-System;791927382;;
Wenta Glass-System;792544998;;
WeroMiS;881526266;;
WGsystem;(18)3552200;;
WGsystem;(18)3552211;;
WIELOBRANŻOWE PRZEDSIĘBIORSTWO USŁUGOWO - PRODUKCYJNE EXPORT-IMPORT Romuald Kupper;(58)6878140;;
WIELOBRANŻOWE PRZEDSIĘBIORSTWO USŁUGOWO - PRODUKCYJNE EXPORT-IMPORT Romuald Kupper;602369212;;
WILDOM Hurtownia Porcelany;(22)6468363;;
WILDOM Hurtownia Porcelany;(22)6463834;;
Witraż Damian Szyszka;(32)2104379;;
WROCKO Design;503070110;;
WYMIAR GLASS Sp. z o.o.;(61)2977804;;
Wymiar.net;509222247;;
Wymiar.net;792771229;;
Wytwarzanie i Szlifowanie Szkieł Ozdobnych i Kryształów Krystyna i Marek Trelińscy;696478530;;
Wytwarzanie i Szlifowanie Szkieł Ozdobnych i Kryształów Krystyna i Marek Trelińscy;605697105;;
Wytwarzanie Szkła Gospodarczego AN BEN Artur Skabek;601407151;;
Wytwarzanie Szkła Gospodarczego AN BEN Artur Skabek;(32)6711627;;
X-GLASS;501956756;;
Z.P.H.U. Piotr Wutkowski;(52)3340810;;
Z.P.H.U. Piotr Wutkowski;(52)3340811;;
Z.P.H.U. Studio Glass PAULINA;(81)8885304;;
Z.P.H.U. Studio Glass PAULINA;509274044;;
Zakład Artystycznego Zdobienia Szkła P.P.H.U. APEX;(58)6818934;;
Zakład Obróbki Szkła Budowlanego ROBERTA;(14)6274626;;
Zakład Obróbki Szkła Budowlanego ROBERTA;602329910;;
Zakład Produkcyjno-Handlowy MARIKA - Sklep Internetowy KieliszkiKrysztalowe.eu;604057958;;
Zakład Produkcyjno-Handlowy MARIKA - Sklep Internetowy KieliszkiKrysztalowe.eu;(41)2375001;;
Zakład Przetwórstwa Szkła LUB-GLASS;(81)5255343;;
Zakład Przetwórstwa Szkła LUB-GLASS;502183293;;
Zakład Szklarski FLOAT;(14)6864040;;
Zakład Szklarski KRYPTON;(71)3421323;;
Zakład Szklarski KRYPTON;601782668;;
Zakład Szklarski Marek Chylak;(042)6761523;;
Zakład Szklarski Marek Chylak;502148152;;
Zakład Szklarski Marek Łajca;(81)7413240;;
Zakład Szklarski Marek Łajca;602248258;;
Zakład Szklarski Marta Łojewska;(22)8359799;;
Zakład Szklarski Marta Łojewska;606377555;;
Zakład Szklarski PIETROWSKI;(58)6710485;;
Zakład Szklarski PIETROWSKI;(58)6796263;;
Zakład Szklarski Szymon Boiński;(61)8132382;;
Zakład Szklarski Szymon Boiński;604400129;;
Zakład Szklarski Wiesław Giniewicz;(95)7603313;;
Zakład Szklarski Wiesław Giniewicz;601863548;;
Zakład Szklarsko-Ramiarski;(022)6197208;;
Zakład Szlifowania Szkła i Kryształów;(14)6268077;;
Zakład Szlifowania Szkła i Kryształów;601897145;;
Zakład Zdobienia Szkła Dekorlars S.c.;(58)6910884;;
Zakład Zdobienia Szkła Dekorlars S.c.;607801353;;
Zdobienie Szkła Marian Wojtyłko;(14)6787430;;
ZIĘBA Szklarstwo;(42)2132676;;
ZPUH DEKA S.c.;(12)2823309;;
ZPUH DEKA S.c.;(12)2822166;;
Adacor Sklep i Hurtownia Naczyń;(94)3521991;;
Adacor Sklep i Hurtownia Naczyń;512617271;;
DK GLASS;502615157;;
Profglass Usługowy Zakład Szklarski;512675755;;
Szkło-Usługi Robert Daćko;(94)7162525;;
Szkło-Usługi Robert Daćko;666383204;;
Zakład Szklarski SZKLARMIX;601276898;;
Zakład Szklarski SZKLARMIX;(52)3461707;;
Abaculus Szkło Artystyczne Milena Maxa;504596431;;
ABC Szklarstwa Krzysztof Pioś;(81)7400829;;
ABC Szklarstwa Krzysztof Pioś;604636399;;
Adaj-I Andrzej Kamiński Usługi Szklarskie;(22)7713065;;
Adaj-I Andrzej Kamiński Usługi Szklarskie;602827809;;
ADAK Anna Sikora - Serwis i Sklep Internetowy ADAK.pl;608170359;;
Agencja Handlowo-Usługowa Export-Import TOMEK Jerzy Tomczyk;(58)5611654;;
Agencja Handlowo-Usługowa Export-Import TOMEK Jerzy Tomczyk;(58)5611653;;
Agencja Reklamowa QUEBEC GROUP Kielce;509841202;;
AGRA Przedsiębiorstwo Handlowe Alina Nowak;(34)3628781;;
AGRA Przedsiębiorstwo Handlowe Alina Nowak;(34)3629213;;
AGRID STUDIO;500082075;;
AGRID STUDIO;792070385;;
ALGON;790555900;;
ALHEN ARTSZKŁO Sp. z o.o.;(61)8323145;;
ALHEN ARTSZKŁO Sp. z o.o.;(61)8307058;;
ALPINA art;602309986;;
ALPINA DESIGN;501313945;;
ALPINA DESIGN;793383328;;
ALPINA ogrody zimowe oranżerie;501313945;;
ALPINA ogrody zimowe oranżerie;668132052;;
ALUPROMAT S.C.;531743091;;
ALUPROMAT S.C.;535189411;;
Alures Sp. z o.o.;(17)8711313;;
Alures Sp. z o.o.;(17)8711611;;
Alutech Glassystems Sp. z o.o. Sp.komandytowa;(12)6847000;;
Andrzejewski Szlifiernia Szkła i Luster;(61)8228164;;
Andrzejewski Szlifiernia Szkła i Luster;(61)8228165;;
ANGA Anna Gałuszka Studio Szkła i Ceramiki;692392568;;
AQUAGLASS S.c.;885939393;;
AQUAGLASS S.c.;534997006;;
ARGED Spółdzielnia Handlowa Społem;(012)6565104;;
ARGED Spółdzielnia Handlowa Społem;(012)6564611;;
Art-Glass II S.c.;(12)6563380;;
Art-Glass II S.c.;(12)6563019;;
ARTGLASS;(23)6966272;;
ARTMIX;785888857;;
AS-POL Zakład Produkcyjny;(58)6829131;;
AS-POL Zakład Produkcyjny;604471635;;
AV Glass Zabudowy Szklane;662133412;;
AV Glass Zabudowy Szklane;604905592;;
Averte Pogotowie Szklarskie 24h;518292967;;
AWERS S.c. Sklep Internetowy vintage-maison.pl;604298269;;
BA GLASS POLAND Sp. z o.o.;(61)2227010;;
BA GLASS POLAND Sp. z o.o.;(61)2955220;;
Bartolinii;509098121;;
Basole;603362619;;
Best Glass Zakład Szklarski;666119800;;
Best Glass Zakład Szklarski;501328177;;
BIOWIN Sp. z o.o. Sp.komandytowa;(42)2323230-31;;
BIOWIN Sp. z o.o. Sp.komandytowa;(42)2323293;;
BMA Mariola Tukalska , Bohdan Tukalscy;(91)4420361;;
BMA Mariola Tukalska , Bohdan Tukalscy;601722660;;
BOBA Sp.j;(55)2341387;;
BOBA Sp.j;(55)2324826;;
BOHAMET S.A.;(52)3203900;;
BOHAMET S.A.;(52)3203901;;
Botir.pl Sp. z o.o.;(61)6659095;;
Botir.pl Sp. z o.o.;(61)6659096;;
BUDMAR;(22)6326398;;
Callcpolart S.c.;602617751;;
Callcpolart S.c.;606874433;;
Canpol Bis Sp. z o.o.;(52)3858669;;
Centrum Glass Zakład Szklarski;(56)6210483;;
Centrum Glass Zakład Szklarski;605170204;;
Centrum Sprzedaży Produktów i Artykułów Regionalnych;798444799;;
Centrum Szkła i Folii Okiennych GLASFOL;602339303;;
Centrum Udanych Zakupów PIĘTASZEK;(24)2640385;;
Centrum Usług Szklarskich Poldom Galeria Wnętrz;(22)7519096;;
Centrum Usług Szklarskich Poldom Galeria Wnętrz;509487832;;
CERAMIKA & SZKŁO;601679220;;
Ceramika BARDON;(77)4600222;;
Ceramika BARDON;(77)4600220;;
CERMAL Szkło i Porcelana;(71)3527939;;
CERMAL Szkło i Porcelana;(71)3525605;;
CH Porcella;(58)7366464;;
CH Porcella;698633518;;
Chrompak;600500639;;
COLOR24.pl;(15)8415327;;
Colour Glass - Pracownia Witraży i Szkła Artystycznego;(61)8425109;;
Colour Glass - Pracownia Witraży i Szkła Artystycznego;695042705;;
Craftpol Rafał Zakrzewski;601146642;;
DECHA LAND;(12)6309490;;
DecoMania.pl;533303080;;
DECOR GLASS Marcin Grądziel;509492270;;
DEKORATORIA Katarzyna Dziemidowicz-Sprzedaż Artykułów Wyposażenia Wnęrtrz;509536804;;
DESIGN DOMAIN Mateusz Fabianowski;883273910;;
Diament S.c.;(12)4120312;;
Diament S.c.;602819493;;
DOMINO Sklep Internetowy Nicehome.pl;795576424;;
Doorinplus;(22)7516689;;
DORMA Polska Sp. z o.o.;(22)7365900;;
DORMA Polska Sp. z o.o.;(22)7365901;;
EDEL plus;(52)3590107;;
EDEL plus;504267940;;
EJMAR Producent Zniczy;(61)4411161;;
EJMAR Producent Zniczy;500296740;;
ELKAM;(89)5347211;;
ELKAM;(89)5264188;;
ENAJ;784443550;;
ENAJ;509044232;;
ENGELUX Cezary Zawadzki;534154140;;
ENGELUX Cezary Zawadzki;518430490;;
ENGLASS;(75)7785400;;
ENGLASS;500248777;;
EPOGLASS;(22)6580193;;
EPOGLASS;(22)6594184;;
EXCELLENT S.A.;(12)6530566;;
EXCELLENT S.A.;(12)6571671;;
F.H. PIERROT Katarzyna Michor;(51)2154179;;
F.H. PIERROT Katarzyna Michor;512154179;;
F.H.U. MI Dariusz Żółkiewicz;(91)4691076;;
F.H.U. MI Dariusz Żółkiewicz;501015378;;
F.H.U. Studio Szkła i Ceramiki;(94)3128776;;
F.H.U. Studio Szkła i Ceramiki;509459590;;
F.H.U. SZKŁOMAR Marek Dąbrowski;531311233;;
F.H.U. SZKŁOMAR Marek Dąbrowski;604433322;;
F.H.U. UNIGLASS;698617231;;
F.H.U.P. RABAT Marek Juszczyk;(032)7295727;;
F.U.H. Glass-Mont Wojciech Talarczyk;(32)2601087;;
F.U.H. Glass-Mont Wojciech Talarczyk;(32)2629750;;
FH DECOR Iwona Grambor - Salon DOMIBELLO;609543805;;
FHU JA-GLAS IMPORT-EXPORT Janusz Lewandowski;(32)2310450;;
FHU JA-GLAS IMPORT-EXPORT Janusz Lewandowski;502174777;;
FHU PIERPOL Rafael Pierzak;696432828;;
FHU Tomasz Szelągowski - Świat ze Szkła;(18)5403040;;
FHU Tomasz Szelągowski - Świat ze Szkła;692495520;;
Firma Handlowa GLASS Sp. z o.o.;(85)7322976;;
Firma Handlowa GLASS Sp. z o.o.;(85)7322817;;
Firma Handlowo-Usługowa Best-Bud;(32)4170080;;
Firma Handlowo-Usługowa Best-Bud;692465507;;
Firma Handlowo-Usługowa WENUS Jolanta i Krzysztof Bajda;(75)7752931;;
Firma Handlowo-Usługowa WENUS Jolanta i Krzysztof Bajda;(75)6401052;;
Firma Szklarska PROGLASS;601709929;;
Firma Tomasz Miszczak TableArt;690189713;;
Firma Tomasz Miszczak TableArt;604781840;;
Firma Usługowo Budowlana ECO Robert Hernacki;509922508;;
FORMA S.c.;501428973;;
FURDYNA Pracownia Witraży;(12)2665079;;
FURDYNA Pracownia Witraży;601440730;;
Galeria Blue-S;(22)4987632;;
Galeria Blue-S;606613435;;
GALERIA KREDENS Pałac Parysów;(81)5325339;;
GALERIA KREDENS Pałac Parysów;(693)873478;;
Galeria Wnętrz DECO HOME & ART Gdynia-Orłowo;(58)6248289;;
GAMA II Wyposażenie Łazienek, Profile Balkonowe;(33)8539532;;
GAMA II Wyposażenie Łazienek, Profile Balkonowe;515199396;;
GIPSY KINGS;(32)2312622;;
GIPSY KINGS;(32)2314508;;
Glass Dekor;880313004;;
Glass Design;(56)6789871;;
Glass Design;501391015;;
Glass Studio Monika Grabowska-Pniak;(33)8701787;;
Glass Studio Monika Grabowska-Pniak;604230687;;
GLASS TOP;(22)6119353;;
GLASS TOP;602433158;;
Glass Zone;(89)7621851;;
Glassland Przemysław Piasecki;501472738;;
Glassland Przemysław Piasecki;(61)8305306;;
GMK CONCEPT;(58)6224003;;
GMK CONCEPT;501236320;;
Goblet;(61)8797137;;
Goblet;606886001;;
Gold Glass Jacek Kowalczyk;603062111;;
Gold Glass Jacek Kowalczyk;(34)3614853;;
HELIOS K.Kozdraś Sp.j.;(17)8629192;;
HELIOS K.Kozdraś Sp.j.;(17)8544224;;
HODER WATERJET;506031987;;
Hurtownia JAROX;(22)8432282;;
Hurtownia JAROX;(22)6470801;;
Hurtownia OSKAR;(34)3697511;;
Hurtownia Świat Świec;723209090;;
Hurtownia Świat Świec;792200450;;
IGLASS;695807202;;
IGLASS;608684664;;
Illuminazione 2000 Sp. z o.o.;(32)2651121;;
Illuminazione 2000 Sp. z o.o.;(32)2650442;;
Import Export BARBARA;(54)2883481;;
Import Export BARBARA;724664724;;
ISOCERT Sp. z o.o.;(71)3492328;;
ISPA;504225160;;
Jarglass Hurtownia Szkła;512846450;;
JUCON;(62)5914190;;
Kolekcja Wybornych Win Vienna G.R. Sp. z o.o.;722333339;;
Kopalnia i Zakład Przeróbczy Piasków Szklarskich OSIECZNICA Sp. z o.o.;(75)7340044;;
Kopalnia i Zakład Przeróbczy Piasków Szklarskich OSIECZNICA Sp. z o.o.;(75)7312219;;
KOWMI S.c.;(12)3461313;;
Krys Andrzej Nowakowski;604961103;;
Krys Andrzej Nowakowski;(22)7583495;;
KRYSZTAŁ S.c.;(32)2260502;;
KRYSZTAŁ S.c.;(32)2260503;;
Kwiaciarnia AZALIA Iwona i Andrzej Gurzyńscy;(23)6966335;;
Kwiaciarnia AZALIA Iwona i Andrzej Gurzyńscy;609301935;;
LAB-SZKŁO S.c.;(12)4235401;;
LAB-SZKŁO S.c.;(12)4235872;;
LABMED-HK Łódźka Wytwórnia Szkła Laboratoryjnego i Medycznego;(42)6771571;;
LABMED-HK Łódźka Wytwórnia Szkła Laboratoryjnego i Medycznego;(42)6771576;;
Luna-Art Aleksandra Kajewska;607871073;;
Luxor;(33)4863310;;
Luxor;(33)4863311;;
M.GLASS PROJECT;607380627;;
M.GLASS PROJECT;602350335;;
MADA Marzena Weber;(22)8185899;;
MADA Marzena Weber;602178502;;
MAG-ART Florentyna Kubiak;(42)6372260;;
MAJA Sp. z o.o.;(22)8257806;;
MAJA Sp. z o.o.;(22)8255772;;
Majster Szklarz - Usługi Szklarskie;501409150;;
Majster Szklarz - Usługi Szklarskie;(71)3300000;;
MALEX Sp.j. Małecki, Urbaniak;(61)8709734;;
MALEX Sp.j. Małecki, Urbaniak;(61)8768460;;
MEBLO-GLASS Sp.j.;(48)3621704;;
MEBLO-GLASS Sp.j.;(48)3602567;;
MEDION Marcin Omernik;609311766;;
MIKAN Anna Szczęśniak;793101055;;
Miya Sklep Internetowy allabouthome.pl;502348472;;
MÓJ SZKLARZ Profesjonalna Obróbka Szkła i Luster;(71)3726525;;
MÓJ SZKLARZ Profesjonalna Obróbka Szkła i Luster;(71)3726028;;
MS GLASS;(42)6160619;;
MS GLASS;(42)6579609;;
Multi-Akcesoria;(22)4358000;;
Multi-Akcesoria;504005480;;
MULTIKOS;(22)3713302;;
MULTIKOS;609233232;;
Myczkowski Szklane Konstrukcje Sp. z o.o.;(71)3398901;;
Myczkowski Szklane Konstrukcje Sp. z o.o.;503992257;;
NaPrezent.pl S.c.;513108411;;
NEXT Auto Glass;(32)2701313;;
NEXT Auto Glass;(32)2701770;;
Nordic Decoration Sp. z o.o.;661322555;;
Nordic Decoration Sp. z o.o.;661988555;;
Olestudio;(71)7927949;;
OLPER Sp. z o.o.;(42)6815648;;
Oprawa Obrazów ODRZAŃSKA 13;(71)3724294;;
OXXO Piotr Łubiarz Sklep Internetowy Stylowazastawa.pl;(22)2266226;;
OXXO Piotr Łubiarz Sklep Internetowy Stylowazastawa.pl;606744188;;
P.H.U. AGD Izabela Aduło-Pilarska;509653629;;
P.H.U. AGD Izabela Aduło-Pilarska;509653628;;
P.H.U. Darexim;608160946;;
P.H.U. Export-Import GEMINI Małgorzata Sięka-Kotaś Sklep Internetowy 4 VIP;(15)8612066;;
P.H.U. Export-Import GEMINI Małgorzata Sięka-Kotaś Sklep Internetowy 4 VIP;793720713;;
P.H.U. ZDYBEK OKNA;(23)6973888;;
P.H.U. ZDYBEK OKNA;697833888;;
P.P.H.U. ART SZLIF;(61)8677296;;
P.P.H.U. ART SZLIF;601743880;;
P.P.H.U. GLASS-BUD Zakład Szklarski;(62)7574889;;
P.P.H.U. Pozmot;(61)8472797;;
P.P.H.U. Pozmot;692470306;;
P.P.H.U. ŻAKO;(56)6545992;;
P.P.H.U. ŻAKO;607054777;;
P.P.U.H. WIMPLEX;(061)8130113;;
P.P.U.H. WIMPLEX;(061)8102465;;
P.U. Tatorex;(42)6620128;;
P.U. Tatorex;501712477;;
P.W. Fitmar;513512818;;
PAN SZKLARZ;(71)3112233;;
PAN SZKLARZ;501402773;;
PM POLSKA;(22)4242777;;
PM POLSKA;(22)7233587;;
POL-SZKŁO Sp.j.;(22)8271309;;
POL-SZKŁO Sp.j.;(22)8271743;;
POLGET Group;(32)3461800;;
POLGET Group;(32)3461803;;
POLIMAL-MAT;(89)6460192;;
POLRING-GLAS Sp. z o.o.;(71)3414130;;
POLRING-GLAS Sp. z o.o.;(71)3440008;;
PPHU Agrobud;665163071;;
PPHU EKO-GLASS Wiesław Zachariasz;(61)2838009;;
PPHU EKO-GLASS Wiesław Zachariasz;608522936;;
PPHU JAKUBEX;602528250;;
PPHU JAKUBEX;(42)2159415;;
PPHU JESSI S.c. Szołtysek i Spółka;(32)2357854;;
PPHU JESSI S.c. Szołtysek i Spółka;606616885;;
PPHU REFLEX Wojciech Muszczak;(32)2031065;;
Pracownia Artystyczna Atelier Szkła;693431055;;
PRACOWNIA ODLEWNICTWA ARTYSTYCZNEGO Bogdan Szczepaniak, Robert Mazur;(71)3028399;;
PRACOWNIA ODLEWNICTWA ARTYSTYCZNEGO Bogdan Szczepaniak, Robert Mazur;601797250;;
Pracownia Ramy i Szkło;728149045;;
Pracownia Szklarsko-Ramiarska Bogumił Zapała;(056)6540822;;
Pracownia Szklarsko-Ramiarska Bogumił Zapała;601648353;;
Pracownia Witraży 7 Kolorów Piotr Ucka;880384545;;
Pracownia Witraży Bogdan Ignaczak;513131464;;
Pracownia Witraży Cahaya Marcin Krakowiak;(41)3112155;;
Pracownia Witraży Cahaya Marcin Krakowiak;512043111;;
PRO-WINDOW;507059070;;
PRO-WINDOW;(32)7251432;;
Producent Luster SZKŁO-LUX Zakład Szklarski;(76)8442560;;
Producent Luster SZKŁO-LUX Zakład Szklarski;503193593;;
Profesjonalny Zakład Szklarski ADLER-GLAS Sp.j.;508435210;;
Profil-Glass Marian Hubert;(61)4263320;;
Przedsiębiorstwo Cede;(61)8306645;;
Przedsiębiorstwo Cede;(61)6517272;;
Przedsiębiorstwo Handlowe GAR-DOM S.c.;(41)3692457;;
Przedsiębiorstwo Handlowe SZCZEPAN;(58)3015116;;
Przedsiębiorstwo Handlowe SZCZEPAN;(58)3057588;;
Przedsiębiorstwo Produkcyjno Handlowe MARIA S.c. A.D.M. Kąkolewscy;(25)7582645;;
Przedsiębiorstwo Robót Szklarskich DUDAŁO;(22)6517057;;
Przedsiębiorstwo Robót Szklarskich DUDAŁO;(22)6517059;;
PUH STALMACH Roman Stalmach;(32)2116455;;
PUH STALMACH Roman Stalmach;665372336;;
Quiselle Limpol Sp. z o.o. S.K.A.;(12)4273165;;
Quiselle Limpol Sp. z o.o. S.K.A.;(12)4273403;;
RAFBOL BWR Wolny Sp.j.;(32)2352297;;
RAFBOL BWR Wolny Sp.j.;(32)2397777;;
RAMA-POL;606142572;;
RAMKUL Oprawa Obrazów, Drobne Usługi Szklarskie;666044265;;
RAMKUL Oprawa Obrazów, Drobne Usługi Szklarskie;608610247;;
RAVI® Sp. z o.o.;(14)6818283;;
RAVI® Sp. z o.o.;(14)6807908;;
REX GLASS Sp.j.;(22)7222708;;
REX GLASS Sp.j.;(22)7222671;;
REXEL P.P.H.U. Leszek Rek;(22)8154941;;
REXEL P.P.H.U. Leszek Rek;(22)8129036;;
Riwal Sp. z o.o.;(61)2866024;;
Riwal Sp. z o.o.;(61)2874634;;
RS-HANDEL Sp. z o.o.;880355126;;
RS-HANDEL Sp. z o.o.;888882531;;
SANTA MAROZZA S.c.;795500795;;
SANTA s.c Ewa Pelc, Anna Błaszczyk;601523147;;
SANTA s.c Ewa Pelc, Anna Błaszczyk;665525203;;
Sklep Internetowy PREZENTERIA;505979486;;
Sklep Internetowy PREZENTERIA;(22)2139504;;
Stalval;501240094;;
STAMAR Wejherowo;(67)2827500;;
STAMAR Wejherowo;(67)2827505;;
Stefania Kempski i Wspólnicy Sp.j.;(32)2030019;;
Stefania Kempski i Wspólnicy Sp.j.;(32)2030633;;
Studio Artystyczne VITRAGE Kamila Okoliczna;(22)3981411;;
Studio Artystyczne VITRAGE Kamila Okoliczna;515330033;;
STUDIO INDYGO;501052552;;
Studio MAHOŃ;(58)5229695;;
Studio MAHOŃ;516153112;;
SUNGLASS;535700042;;
SUNGLASS;535700032;;
SZKIEŁKO Usługowy Zakład Szklarski;(94)3450432;;
Szklarskie Usługi Okienko Malicki Robert;501038221;;
Szklarskie Usługi Okienko Malicki Robert;(42)6884919;;
Szkło-Lux Jarosław Fronczak;(071)3924435;;
Szkło-Lux Jarosław Fronczak;603631252;;
SZKŁO-MONTER Usługi Szklarskie Piotr Mokrzyński;665663199;;
SZKŁO-MONTER Usługi Szklarskie Piotr Mokrzyński;510568569;;
Szkło-System Anna Daćko;(94)7162909;;
Szkło-System Anna Daćko;606235365;;
SZKŁOMAZ;(95)7658400;;
SZKŁOMAZ;607626438;;
Szymanski Boutique;(22)8283898;;
Szymanski Boutique;602466158;;
Świat Luster;(32)4214014;;
Świat Luster;698919460;;
ŚWIAT SZKŁA S.c.;(32)2154298;;
ŚWIAT SZKŁA S.c.;784068845;;
TechAL;(59)8467084;;
TECHNI-DOOR Sp. z o.o.;(022)8110617;;
TECHNI-DOOR Sp. z o.o.;(022)8194840;;
Tempra Sp. z o.o.;(61)8130776;;
Tempra Sp. z o.o.;(61)8102985;;
TIERSPOL Sp. z o.o.;(89)7412095;;
TIERSPOL Sp. z o.o.;602734540;;
TransGlass;(32)2646883;;
TransGlass;606321986;;
Twoje Szkło;(22)7796270;;
Twoje Szkło;507293090;;
UR-GLASS-SYSTEM Michał Urbański;504346423;;
USŁUGI SZKLARSKIE Andrzej Kruk;(22)6498570;;
USŁUGI SZKLARSKIE Andrzej Kruk;501506093;;
Usługi Szklarskie Jakub Klonowski;(22)6597154;;
Usługi Szklarskie Jakub Klonowski;604996526;;
Usługi Szklarskie Robert Petera;662071112;;
Usługi Szklarskie ROBGLASS BIS;501778994;;
Usługi Szklarskie SZKIEŁKO;664945122;;
Usługi Szklarskie Zenon Kołodziejczyk;(22)6429756;;
Usługi Szklarskie Zenon Kołodziejczyk;(22)8854352;;
Usługi Szklarsko-Szlifierskie Stanisław Stelmach;(22)8430488;;
USW Wiesław Piwowski;(22)7200850;;
Viandecor;604451842;;
Vig Witraże Marek Włoch;505028741;;
Vitramel Producent Szyb Ozdobnych Andrzej Szwat;513378558;;
VITROBUD;(77)4416484;;
VITROBUD;(77)4416469;;
Vitrogal Maciej Śmigowski;(77)4218236;;
VITROSZLIF Sp. z o.o.;(34)3633238;;
VITROSZLIF Sp. z o.o.;(34)3633389;;
Warsztat Szklarski Zygmunt Wolnik;784542500;;
Warsztat Szklarski Zygmunt Wolnik;602497639;;
WER GLASS Mariusz Werner;(22)7835482;;
WER GLASS Mariusz Werner;602260259;;
WIDOK Sp.j.;(22)8114813;;
WIDOK Sp.j.;(22)8145713;;
Wikmar Wiktoria Sikora;608485191;;
WINO Piotr Gonciarz - WINO PG;695928312;;
Witraże - artysta plastyk Zbigniew Kielak Jar;(32)2529869;;
Witraże - artysta plastyk Zbigniew Kielak Jar;605575607;;
Witraże Pracownia Roman Zabłocki;607767567;;
Witraże Pracownia Roman Zabłocki;(74)6668920;;
WITRAŻE S.c. T.Bieliński, P.Przyrowski, T.Tuszko;(22)7404137;;
WITRAŻE S.c. T.Bieliński, P.Przyrowski, T.Tuszko;601803058;;
WPH RAKO;(91)3175566;;
WPH RAKO;(91)3121061;;
YOUNG GLASS Piotr Nawratil;506966583;;
YOUNG GLASS Piotr Nawratil;(71)7940169;;
Zakład Szklarski;(22)7880260;;
Zakład Szklarski - Jacek Nieradka;(22)6440088;;
Zakład Szklarski - Jacek Nieradka;501376954;;
Zakład Szklarski FaRaO Joanna Rduch-Kaszuba;(32)4558500;;
Zakład Szklarski FaRaO Joanna Rduch-Kaszuba;733144611;;
Zakład Szklarski Jakub Hołub;(67)2120022;;
Zakład Szklarski Jakub Hołub;600542876;;
Zakład Szklarski ŁUKIEWSKI Sp.j.;(89)5238547;;
Zakład Szklarski Mark-Pol;(61)8700278;;
Zakład Szklarski Mark-Pol;602554939;;
Zakład Szklarski Mirosław Baranowski;(67)2623043;;
Zakład Szklarski Mirosław Baranowski;601997920;;
Zakład Szklarski Paweł Śmieszniak;502668636;;
Zakład Szklarski Radosław Heleniak;502992579;;
Zakład Szklarski S.c. B. i D.Dobrosz;(22)8383686;;
Zakład Szklarski S.c. B. i D.Dobrosz;601198109;;
Zakład Szklarski SELECT Robert Paszkowski;(71)3591311;;
Zakład Szklarski STAN-GLASS;(44)6839504;;
Zakład Szklarski STAN-GLASS;506127716;;
Zakład Szklarski Wanda;(95)7204246;;
Zakład Szklarski Wanda;536769028;;
Zakład Szklarski Zawisza Paweł;(22)4463690;;
Zakład Szklarski Zawisza Paweł;(22)3746057;;
Zakład Szklarski, Witraże Czesław Chlebek;601854782;;
Zakład Szklarsko-Ramiarski LACHOWICZ;(22)8186561;;
Zakład Szklarsko-Ramiarski LACHOWICZ;(22)6789800;;
Zakład Szklarsko-Szlifierski Wyrób Luster Wiesław Turek;(48)3624939;;
Zakład Szklarsko-Szlifierski Wyrób Luster Wiesław Turek;(48)3404454;;
Zdjęcia w Krysztale;(32)7218456;;
Zdjęcia w Krysztale;(32)7218457;;
ZHUP GLASS;(42)7171603;;
ZHUP GLASS;(42)6885353;;
