Leśny Park Przygody SKALISKO Kotlina Kłodzka;(74)8175576;;
Leśny Park Przygody SKALISKO Kotlina Kłodzka;(74)8176195;;
Park Linowy Bielany Warszawa;797295115;;
Park Linowy Bielany Warszawa;797431688;;
Park Linowy RADOCHA;603580973;;
HMM Techniki Alpinistyczne Henryk Nowacki;509941444;;
HMM Techniki Alpinistyczne Henryk Nowacki;730006298;;
Holiday Inn Warszawa Józefów;(22)7783004(działsprzedaży);;
Holiday Inn Warszawa Józefów;(22)7783000(recepcja);;
Czarny Groń Sp. z o.o. Sp.komandytowa;(33)8701630;;
Czarny Groń Sp. z o.o. Sp.komandytowa;(33)8701635;;
ALP - Park Linowy AdrenaLinaPark;513105201;;
ALP - Park Linowy AdrenaLinaPark;513105202;;
AN-PIK Rodzinny Park Linowy i Happy Day;(44)7248007;;
AN-PIK Rodzinny Park Linowy i Happy Day;500065589;;
Cascader Park S.c.;(61)8150131;;
Centrum Rekreacyjne GRANDA;608025059;;
Centrum Rekreacyjne GRANDA;664634964;;
Centrum Sportów Górskich - Czarodziejska Góra Relax;722024062;;
CRUXWALL;609078628;;
GEO-PARK Glinka;(33)8647036;;
GEO-PARK Glinka;696600071;;
Jumpy Park;603818080;;
Jumpy Park;603691272;;
Jurajski Park Linowy;608047668;;
Kielecki Park Linowy;795757072;;
Krakowski Park Linowy;514256647;;
Krynicki Park Linowy;660313091;;
Krynicki Park Linowy;604483578;;
Leśny Park Linowy;797129060;;
LINOSKOCZEK Park Linowy;790779205;;
Linowy Park Przygody MAŁPI GAJ;503301745;;
MAKUMBA Park Linowy;664830409;;
Ośrodek Rekreacyjny BALATON;697728222;;
Ośrodek Rekreacyjny BALATON;697728200;;
Park Lin KRYSPINÓW-Park Linowy;605562646;;
Park Linowy ARTURÓWEK;535555007;;
Park Linowy ARTURÓWEK;535555777;;
Park Linowy Barbarka;727645380;;
Park Linowy BLUSZCZ;510268280;;
Park Linowy DOKTORCE;500100270;;
Park Linowy DZIKA OCHLA Grzegorz Kłopot;605369334;;
Park Linowy Fun Force;517180179;;
Park Linowy FUNTOUR;(33)8542728;;
Park Linowy FUNTOUR;501221833;;
Park Linowy Gugu Park;795543184;;
Park Linowy HARDCORE;501150569;;
Park Linowy High-Position;600334774;;
Park Linowy JU-HUU!!!;607765126;;
Park Linowy JU-HUU!!!;604080443;;
Park Linowy KAMRAT;505653941;;
Park Linowy KANYON;799189189;;
Park Linowy Kazimierz;607906699;;
Park Linowy Kazimierz;(81)8810037;;
Park Linowy Klub Piknikowy;694527948;;
Park Linowy Klub Piknikowy;692881447;;
Park Linowy KRAINA WRAŻEŃ;503016619;;
Park Linowy LEŚNA PRZYGODA;796569481;;
Park Linowy LEŚNY RAJ;665025555;;
Park Linowy Nad Bałtykiem;533555140;;
Park Linowy POD PALMAMI;(22)7271104;;
Park Linowy POD PALMAMI;603993323;;
Park Linowy SHERWOOD;795470303;;
Park Linowy SPIDER;600461064;;
Park Linowy Spychowo;(89)6225278;;
Park Linowy Spychowo;514788300;;
Park Linowy SZARA SOWA;606148444;;
Park Linowy SZARA SOWA;600969185;;
Park Linowy TARZAN;510242526;;
Park Linowy Tarzania;796071155;;
Park Linowy Tarzania;668922002;;
Park Linowy TARZANPARK;608433344;;
Park Linowy TARZANPARK;(58)6813085Kartuzy;;
Park Linowy TUKAN;605232655;;
Park Linowy TUKAN;721008992;;
Park Linowy w Nakorach;519744007;;
Park Linowy Warszawa;666666957;;
Park Linowy ZŁOTA GRAŃ;602191305;;
Park Linowy ZŁOTA GRAŃ;604301605;;
Park Odkrywców;726925836;;
Park Śląski;(32)7937008;;
Park Śląski;(32)7905376;;
Parki Rozrywki ABlandia;(18)5474444;;
POWER PARK ŁEBA;603555285;;
POWER PARK ŁEBA;607177037;;
Project Outdoor Polska Sp. z o.o. Sp.komandytowa;(33)8122568;;
Project Outdoor Polska Sp. z o.o. Sp.komandytowa;(33)8221471;;
Przedsiębiorstwo Turystyczne GÓRA CHROBREGO Sp. z o.o.;501517738;;
Przedsiębiorstwo Turystyczne GÓRA CHROBREGO Sp. z o.o.;791609515;;
PYRLAND S.c.;660048901;;
PYRLAND S.c.;735912992;;
Rodzinny Park Linowy;721096499;;
Rodzinny Park Linowy;665712614;;
RudnicaPark Park Linowy;504222688;;
RudnicaPark Park Linowy;501683777;;
Tarnowski Park Linowy FUN-Linopark;608438013;;
Veni-Vici Sp. z o.o.;697605123;;
Veni-Vici Sp. z o.o.;697606508;;
Wodna Kraina;512464836;;
Wodna Kraina;512464846;;
Adrenalina Park S.c.;501241213;;
Adrenalina Park S.c.;504251317;;
Adventure-Sky;(18)2625618;;
Adventure-Sky;695116228;;
AFOR Ośrodek Szkoleniowo-Wypoczynkowy;(41)3171171;;
AFOR Ośrodek Szkoleniowo-Wypoczynkowy;(41)3171920;;
Centrum Górskie KORONA ZIEMI Sp. z o.o.;(33)8775618;;
Centrum Górskie KORONA ZIEMI Sp. z o.o.;690996631;;
Centrum Sportowo-Rekreacyjne ZAJAZD PIĘKNA GÓRA RUDZIEWICZ;(87)6154943;;
DREAM PARK Ochaby;(33)8510555;;
DREAM PARK Ochaby;665201051;;
Grupa BARTBO;(89)5133282;;
Grupa BARTBO;(89)5216464;;
Hotel TAJTY;(87)4280194;;
Hotel TAJTY;(87)4280087;;
Kolibki Adventure Park;(58)3505099;;
Kolibki Adventure Park;600263500;;
Malutkie Resort;(44)6811188;;
Mount Jump Maciej Jusianiec Prace Wysokościowe;600732543;;
Ośrodek Wypoczynkowy Leśna Ryba Sp. z o.o.;(81)8523202;;
Ośrodek Wypoczynkowy Leśna Ryba Sp. z o.o.;533130328;;
P.W CLAUDIA;509776258;;
P.W CLAUDIA;606350277;;
PAINTBALL ARENA - MALAWA FUNPARK;791486451;;
PAINTBALL ARENA - MALAWA FUNPARK;794982874;;
PARK PINOKIA;(12)2783614;;
PARK PINOKIA;668031352;;
Park Rekreacji Zoom Natury;784529688;;
Park Rekreacji Zoom Natury;664028176;;
Park Rozrywki i Miniatur SABAT KRAJNO;(41)3127711;;
Park Rozrywki i Miniatur SABAT KRAJNO;505505654;;
Park Rozrywki i Park Linowy;669160098;;
Park Rozrywki i Park Linowy;510527034;;
SEBATEKS;796912196;;
SEBATEKS;534450642;;
Zaurolandia Park Dinozaurów;(52)3185958;;
Zaurolandia Park Dinozaurów;663023881;;
ZeroNudy.Com - Imprezy Integracyjne i Eventy;792386057;;
