Firma Wielobranżowa BURNAT S.c. Andrzej, Waldemar, Grzegorz Burnat;(14)6514265;;
Firma Wielobranżowa BURNAT S.c. Andrzej, Waldemar, Grzegorz Burnat;(14)6511107;;
FUH BOR-TRANS Grzegorz Borkowski;(15)6465121;;
FUH BOR-TRANS Grzegorz Borkowski;603607308;;
LOMAR;(81)8808835;;
LOMAR;509957788;;
P.H.U. BUDPOL;668468422;;
P.H.U. BUDPOL;(52)3525364;;
P.W. WIKRUSZ Adam Witkowski;608277444;;
P.W. WIKRUSZ Adam Witkowski;600379900;;
PPHU Polak;(34)3134867;;
PPHU Polak;(34)3132854;;
PRECON Polska Sp. z o.o.;(22)6222209;;
PRECON Polska Sp. z o.o.;(22)6289803;;
Prodbet Sp. z o.o.;(22)7576542;;
Prodbet Sp. z o.o.;(22)7501717;;
Zakład Produkcyjno-Usługowy Teresa KRZYWONOS;(17)8520524;;
Zakład Produkcyjno-Usługowy Teresa KRZYWONOS;691939772;;
AK-BET Beton Towarowy;730303053;;
BASERO;(24)2689363;;
BASERO;(24)2645784;;
Bet-Exim S.A.;(61)8132751;;
Bet-Exim S.A.;(61)8197418;;
BET-TRANS Sp.j. Lewczuk;(25)6440361;;
BET-TRANS Sp.j. Lewczuk;(25)6330272;;
BETMIX Sp.j.;(91)3922020-Nowogard;;
BETMIX Sp.j.;(91)5792026-Nowogard;;
BETONEX Sp.j.;(41)2663667;;
BETONEX Sp.j.;(41)2621140;;
BETRONIKA Zakład Produkcji Betonu;723050505-CentralaZbiroża;;
BETRONIKA Zakład Produkcji Betonu;723010203-FiliaSkierniewice;;
DAN-INWEST Sp. z o.o.;(33)8184081;;
KAPRIN Sp. z o.o.;(12)6556070;;
Prefrow Sp. z o.o.;(32)4390200;;
Prefrow Sp. z o.o.;(32)4222167;;
Przedsiębiorstwo Budowlane Max-Bud Sp. z o.o.;(89)6254873;;
Przedsiębiorstwo Budowlane Max-Bud Sp. z o.o.;501664650;;
Przedsiębiorstwo Wielobranżowe TWARDY Anna, Gabriel Twardy Sp.j.;(65)5454665;;
Przedsiębiorstwo Wielobranżowe TWARDY Anna, Gabriel Twardy Sp.j.;607520666;;
Skład Materiałów Budowlanych BASIS;(52)3848168;;
Skład Materiałów Budowlanych BASIS;(52)3910410;;
Śródmieście Beton Sp. z o.o.;(22)8431949;;
Śródmieście Beton Sp. z o.o.;601380828;;
Zakład Betoniarsko-Murarski Marian Nowik;(91)3971643;;
Zakład Betoniarsko-Murarski Marian Nowik;(91)3971561;;
Zakład Wyrobów Betonowych Wojciech Trykacz;(81)8552185;;
Zakład Wyrobów Betonowych Wojciech Trykacz;(81)8545176;;
BAN-KOR-BET Bania Korga Sp.j.;(14)6811898;;
BAN-KOR-BET Bania Korga Sp.j.;505041825;;
Barbet S.c. B.M.M. Jeziorski;(32)4302365;;
Barbet S.c. B.M.M. Jeziorski;663321224;;
BETON PROJEKT;792793030;;
BETON PROJEKT;721603010;;
Betoniarnia JP-TRANS;(12)2743530;;
Betoniarnia JP-TRANS;505081405;;
BETONIARSTWO Kazimierz Korzeniak;(22)7832568;;
BETONIARSTWO-DĘBOWSKI.PL;506903351;;
BETONIARSTWO-DĘBOWSKI.PL;667900330;;
ConcreAte S.A.;126280595;;
ConcreAte S.A.;664384534;;
DURABET Sp. z o.o.;532312138;;
ECOL-UNICON Sp. z o.o.;(58)3404830;;
ECOL-UNICON Sp. z o.o.;(58)3065702;;
Elementy Budowlane Frysztak Sp. z o.o.;(17)2777909;;
Elementy Budowlane Frysztak Sp. z o.o.;504214169;;
F.B.P.U. Bruk-Bud Jan Chmura;(17)5812216;;
F.B.P.U. Bruk-Bud Jan Chmura;(17)5814633;;
Hydrobudowa-1 Betoniarnia-Laboratorium Sp. z o.o.;(22)8114611;;
Hydrobudowa-1 Betoniarnia-Laboratorium Sp. z o.o.;(22)8117805;;
P.P.H. BART-BET;(33)8703155;;
P.P.U.H. ELEKTROBET W.Wyrostek;(81)4467085;;
P.P.U.H. ELEKTROBET W.Wyrostek;604981077;;
PPUH BE-TRA;(32)6430703;;
PPUH BE-TRA;(32)7887310;;
Produkt-Beton Marcin Siwik;(89)5129224;;
Produkt-Beton Marcin Siwik;(89)5129221;;
Przedsiębiorstwo EWIKA Sp. z o.o.;607136669;;
Przedsiębiorstwo EWIKA Sp. z o.o.;(16)6224766;;
Przedsiębiorstwo Produkcji Betonów PUBR Sp. z o.o.;(95)7411881;;
Przedsiębiorstwo Produkcji Betonów SIBET S.A.;(41)3465211-13;;
Przedsiębiorstwo Produkcji Betonów SIBET S.A.;(41)3465041;;
Przedsiębiorstwo Robót Inżynieryjnych PRInż Cieszyn Sp. z o.o.;(33)8577070;;
Przedsiębiorstwo Usług Technicznych i Realizacji Inwestycji RABA Sp. z o.o.;(12)2743600;;
Przedsiębiorstwo Usług Technicznych i Realizacji Inwestycji RABA Sp. z o.o.;601464044;;
Przedsiębiorstwo Usługowe OLIMP Honorata Majkusiak;506506421;;
Przedsiębiorstwo Usługowe OLIMP Honorata Majkusiak;506506427;;
Przedsiębiorstwo Wielobranżowe REJMAN;(13)4930588;;
Przedsiębiorstwo Wielobranżowe REJMAN;(13)4640007;;
SAWINA Sp. z o.o.;(22)7920514;;
SAWINA Sp. z o.o.;(22)3578605;;
SMOLBET;(33)8233871;;
SMOLBET;697777912;;
TRALBET Zakład Betoniarski Wiesław Śniegowski;(17)2217973;;
TRALBET Zakład Betoniarski Wiesław Śniegowski;602376028;;
TRANSBET BETONIARNIE Sp. z o.o. Sp.komandytowa;(16)6780899;;
TRANSBET BETONIARNIE Sp. z o.o. Sp.komandytowa;(16)6780819;;
WOL-MAT Producent Wyrobów Betonowych;(81)8554214;;
WOL-MAT Producent Wyrobów Betonowych;(81)8544684;;
Wyrób i Handel Materiałów Budowlanych STELMACH S.c. Betoniarnia CIENIAWA;(18)4451715;;
Wyrób i Handel Materiałów Budowlanych STELMACH S.c. Betoniarnia CIENIAWA;(18)4452015;;
ZAKAR Sp. z o.o.;(22)6769641;;
ZAKAR Sp. z o.o.;(22)8114481;;
Zakład Betoniarski Lech Trzos;(22)7321036;;
Zakład Betoniarski Lech Trzos;(22)7513890;;
Zakład Produkcji Prefabrykatów PROBET Sp. z o.o.;(76)8584570;;
Zakład Produkcji Prefabrykatów PROBET Sp. z o.o.;691906106;;
Zakłady Eksploatacji Kruszywa Władysław Durał;600805475;;
Zakłady Eksploatacji Kruszywa Władysław Durał;(94)3519490;;
MARBET Brzostek;(14)6830900;;
MARBET Brzostek;(14)6813902;;
DAMAR Przedsiębiorstwo Usług Specjalistycznych;(58)6991222;;
DAMAR Przedsiębiorstwo Usług Specjalistycznych;(58)6991223;;
TBW Technika Betonu Wodoszczelnego Sp. z o.o.;(12)3971241;;
TBW Technika Betonu Wodoszczelnego Sp. z o.o.;(12)3971242;;
Alibana Grzegorz Koperski;601357006;;
BIELBET Sp. z o.o. Sp.komandytowa;(33)8223444;;
BIELBET Sp. z o.o. Sp.komandytowa;(33)8223443;;
Budopap Sp. z o.o.;(77)4662065;;
Budopap Sp. z o.o.;(77)4662577;;
Centrum Materiałów Budowlanych;(32)2715554;;
Centrum Materiałów Budowlanych;(32)2785554;;
DARJAN Sp. z o.o. Materiały Budowlane, Betoniarnia;(13)4694277Sprzedaż;;
DARJAN Sp. z o.o. Materiały Budowlane, Betoniarnia;(13)4694440Sekretariat;;
Firma Handlowo Usługowa Szymon Walentynowicz;(87)4280243;;
Firma Handlowo Usługowa Szymon Walentynowicz;(87)4280330;;
Firma PUBiI EKOL;(91)3811315;;
Firma PUBiI EKOL;603072953;;
HDMB Maszewski;(61)6531322;;
HDMB Maszewski;(61)8771902;;
Hurtownia KOBA;(33)8216480;;
Hurtownia KOBA;501183259;;
INTER TECH L.K. Leszek Kowanek;(12)4151891;;
INTER TECH L.K. Leszek Kowanek;601959174;;
Mat-Bud;(56)6780330;;
Mat-Bud;(56)6743620-21;;
MATBET Producent Elementów Betonowych i Żelbetowych;(61)8146146;;
MATBET Producent Elementów Betonowych i Żelbetowych;(61)8147167;;
P.W. MATEX Sp.j. Zbigniew, Maciej, Piotr Rogozinski;(68)3473887;;
P.W. MATEX Sp.j. Zbigniew, Maciej, Piotr Rogozinski;(68)3474208;;
PARATI Sp. z o.o.;(58)3414854;;
PARATI Sp. z o.o.;503055087;;
Przedsiębiorstwo Budowlane Górski Sp. z o.o. Sp.komandytowa;(58)3407900;;
Przedsiębiorstwo Budowlane Górski Sp. z o.o. Sp.komandytowa;(58)3047101;;
Przedsiębiorstwo Produkcji Materiałów Drogowych w Rzeszowie Sp. z o.o.;(17)8549388;;
Przedsiębiorstwo Produkcji Materiałów Drogowych w Rzeszowie Sp. z o.o.;(17)8549389;;
ZPH TERBUD;(71)3892612;;
ZPH TERBUD;(71)3891309;;
ArtBud Ogrodzenia;(58)6912743;;
ArtBud Ogrodzenia;(58)6837998;;
Centrum Budowlane FRAMBUD;(91)5610652;;
Centrum Budowlane FRAMBUD;(91)5610762;;
Certbud Sp. z o.o.;535733933;;
Certbud Sp. z o.o.;535833933;;
Diament s.c.;(55)2782431;;
Diament s.c.;502371008;;
DOMIX Hurtownia Materiałów Budowlanych;(22)7222666;;
DOMIX Hurtownia Materiałów Budowlanych;(22)7221474;;
FALBUD;(77)4332739;;
FALBUD;(77)4090090;;
Firma Budowlana Marek Antczak;(62)7640569;;
Firma JONIEC;(18)3325538;;
Firma JONIEC;602539182;;
GIPSOL Sp.j. - Grupa PSB;604456617;;
GIPSOL Sp.j. - Grupa PSB;602231578;;
GLOBAL Sp. z o.o.;(76)8335104;;
GLOBAL Sp. z o.o.;(76)8358578;;
KBC OGRODZENIA Krzysztof Ćwiertnia;(32)3289659;;
KBC OGRODZENIA Krzysztof Ćwiertnia;695622888;;
KOLBUD Sp.j.;(86)2782864;;
MEGA-BUD;606370056;;
MEGA-BUD;663490281;;
NOWBUD Sp. z o.o.;(61)4379723;;
NOWBUD Sp. z o.o.;(61)4379151;;
POS-BUD Marek Banaszkiewicz;(76)8356159;;
POS-BUD Marek Banaszkiewicz;603632750;;
Produkcyjno-Handlowe Przedsiębiorstwo TEX-BIS Grzegorz Cieślarski;(63)2682060Przyłubie;;
Produkcyjno-Handlowe Przedsiębiorstwo TEX-BIS Grzegorz Cieślarski;(63)2682566Przyłubie;;
Przedsiębiorstwo Budownictwa Ogólnego Sp. z o.o.;(68)3238834;;
Przedsiębiorstwo Budownictwa Ogólnego Sp. z o.o.;(68)3238837;;
Przedsiębiorstwo Wielobranżowe ELTAR Sp. z o.o.;(14)6646300;;
Przedsiębiorstwo Wielobranżowe ELTAR Sp. z o.o.;(14)6646301;;
Sika Poland Sp. z o.o.;(22)3100700;;
Sika Poland Sp. z o.o.;(22)3100800;;
Zakład Betoniarski Produkcyjno-Usługowy JUR-BET Jerzy Nawrocki;(52)3814449;;
Zakład Betoniarski Produkcyjno-Usługowy JUR-BET Jerzy Nawrocki;668328628;;
Betoniarnia REDING;(52)3986121;;
Betoniarnia REDING;601051528;;
Bronisław Jurek PPHU TRANS-KOP;(48)6127046;;
Budokor Włocławek Sp. z o.o.;609701143;;
Budokor Włocławek Sp. z o.o.;604296183;;
Cemix Sp. z o.o.;(32)2334507;;
Cemix Sp. z o.o.;(32)3342509;;
CONCRETE-MIX Sp. z o.o.;(12)2762755;;
CONCRETE-MIX Sp. z o.o.;602579026;;
De Waal Polska Sp. z o.o.;(68)4593002;;
De Waal Polska Sp. z o.o.;(68)4593003;;
DOMOROL-2;605565161;;
DOMOROL-2;691515159;;
Ekoideal Sp. z o.o.;(32)7303212;;
Ekoideal Sp. z o.o.;509051511;;
Firma ELBRUK;(44)7381270;;
Firma KANA;(48)3851811;;
Firma KANA;604510600;;
Firma Posadzkarska ZALEŚ Mieczysław Zalewski;606647248;;
Firma Posadzkarska ZALEŚ Mieczysław Zalewski;(87)7322401;;
Flowcrete Polska Sp. z o.o.;(22)8798907;;
Flowcrete Polska Sp. z o.o.;(22)8798918;;
GLADIO kostka brukowa - Firma Posiadało;(44)7192375;;
GLADIO kostka brukowa - Firma Posiadało;(44)7340071;;
Hi-Bet Producent Materiałów Budowlanych;(42)2142418;;
Hi-Bet Producent Materiałów Budowlanych;(42)2278327;;
KNK Serwis Sp. z o.o.;(77)4575742;;
KNK Serwis Sp. z o.o.;(77)4424523;;
KONBET POZNAŃ Sp. z o.o. Sp.komandytowa;(61)8772581;;
KONBET POZNAŃ Sp. z o.o. Sp.komandytowa;(61)8552491;;
Lhoist Polska Sp. z o.o.;(77)4516376;;
Lhoist Polska Sp. z o.o.;(77)4516377;;
MARCO;514850437;;
MARCO;502703302;;
MEKROL Przedsiębiorstwo Produkcyjno-Wdrożeniowe Sp. z o.o.;(12)4115045;;
P.H. Metalbud Hurtownia Budowlana, Centrum Kostki Brukowej i Kamienia;(43)6762797;;
P.H.U. UNIROL;(086)2728886;;
P.H.U. UNIROL;(086)2722568;;
P.P.U.H. Witmar S.c.;(17)2775033;;
P.P.U.H. Witmar S.c.;604940145;;
Przedsiębiorstwo Produkcyjno-Handlowe POLGRAVEL Sp. z o.o.;(58)5520321;;
Przedsiębiorstwo Produkcyjno-Handlowe POLGRAVEL Sp. z o.o.;(58)5520319;;
Przedsiębiorstwo Robót Drogowo-Mostowych MIKST Sp. z o.o.;(25)7922322;;
Przedsiębiorstwo Robót Drogowo-Mostowych MIKST Sp. z o.o.;(25)7923035;;
Przedsiębiorstwo Usługowo-Transportowe OL-TRANS Olgierd Hewelt;(58)6736655;;
Przedsiębiorstwo Usługowo-Transportowe OL-TRANS Olgierd Hewelt;(58)6736272;;
RADBET;(14)6414124;;
RADBET;788018670;;
Rajw-Bud S.c. J. i R. Wieczorkiewicz;(32)7650589;;
Rajw-Bud S.c. J. i R. Wieczorkiewicz;515091669;;
SYTEC (Systemy i Technologie) Sp. z o.o.;(76)7234234;;
SYTEC (Systemy i Technologie) Sp. z o.o.;(76)7234238;;
Śląskie Przedsiębiorstwo Techniczno-Budowlane Sp. z o.o.;(77)4181313;;
Śląskie Przedsiębiorstwo Techniczno-Budowlane Sp. z o.o.;(77)4182904;;
Zakłady Wapiennicze Lhoist S.A.;(77)4516200;;
Zakłady Wapiennicze Lhoist S.A.;(77)4644401;;
GUARDTRONIK Sp.j. Jan Misun, Ewaryst Piechota;(52)3488159;;
GUARDTRONIK Sp.j. Jan Misun, Ewaryst Piechota;604255433;;
Zakład Kamieniarsko-Betoniarski Witkowski;605335815;;
Betoniarnia BUDO-EXPRES;(41)2630777;;
Betoniarnia BUDO-EXPRES;501773269;;
Bielak Wytwórnia Betonu;500232947;;
Kombiant Budowlany Hydrobud Sp z o.o.;(94)3516491;;
Kombiant Budowlany Hydrobud Sp z o.o.;(94)3517225;;
PANEWNIK PBU Sp. z o.o.;(32)2529359;;
PANEWNIK PBU Sp. z o.o.;(32)2063493;;
ABC Szamba Betonowe;515360795;;
ABET Sp. z o.o.;(71)3579191;;
ABET Sp. z o.o.;(71)3575577;;
Adabet Kazimierz Adamski;(56)6835394;;
Adabet Kazimierz Adamski;(56)6832817;;
Adbet Betoniarnia;(62)7316369;;
Adbet Betoniarnia;692405091;;
AGLO-BETON;(22)7753521;;
AJ DEKOR;660407409;;
AJ DEKOR;606447097;;
ALBET Produkcja Materiałów Budowlanych;(62)7419791;;
AleBeton.pl;(17)7845898;;
AleBeton.pl;607605296;;
ALFA-BET Sp. z o.o.;(81)5175934;;
ALFA-BET Sp. z o.o.;(81)4608096;;
AlleDetal;507236426;;
ALPAR R.Postawka;793309851;;
AN-BET Zakład Produkcji Kostki Brukowej;(83)3587558;;
AN-BET Zakład Produkcji Kostki Brukowej;605297541;;
APEX CCS Sp. z o.o.;(22)7398278;;
APEX CCS Sp. z o.o.;502144188;;
ARBET Sp. z o.o.;(91)4808110;;
ARBET Sp. z o.o.;(91)4808111;;
ART-BET Zakład Betoniarski;(14)6451151;;
ARTIAL Beton Dekoracyjny;727924811;;
Artilos;537689988;;
ASTRA Technologia Betonu Sp. z o.o.;(58)6920096;;
ASTRA Technologia Betonu Sp. z o.o.;(58)6920095;;
ATLAS Sp. z o.o.;(62)7343492;;
ATLAS Sp. z o.o.;(62)7343363;;
AUTOBET Zakład Produkcyjny Masy Betonowej;(12)6563791;;
AUTOBET Zakład Produkcyjny Masy Betonowej;609770492;;
B.K.S.;506068273;;
BAUTECH Sp. z o.o. Centrum Posadzek Przemysłowych;(22)7167791;;
BAUTECH Sp. z o.o. Centrum Posadzek Przemysłowych;(22)7167790;;
BE Beton Sp. z o.o.;(68)3276560;;
BE Beton Sp. z o.o.;(68)3276371;;
BEL-WAH Sp. z o.o.;(61)8196271;;
BEL-WAH Sp. z o.o.;608085557;;
Bet Mark Sp. z o.o.;(22)6121811;;
Bet Mark Sp. z o.o.;602235230;;
BET-GRAN Sp. z o.o.;606246970;;
BET-GRAN Sp. z o.o.;601562018;;
BET-KRUSZ Producent Kostki Brukowej;506030770;;
BET-KRUSZ Producent Kostki Brukowej;515069183;;
BETAX Zakład Produkcji Materiałów Budowlanych;(81)8552025;;
BETAX Zakład Produkcji Materiałów Budowlanych;(81)8554102;;
BETOCEM;788788751;;
BETOCEM;721992210;;
BETOLAND;(22)4358882;;
BETOLAND;(22)7352533;;
BETON - Bolesław Łupkowski;(71)3189723;;
BETON - Bolesław Łupkowski;601873138;;
Beton Architektoniczny Łukasz Ciupa;781724742;;
BETON TOWAROWY;602311901;;
BETON TOWAROWY;664425850;;
BETON WITUSZA Sp. z o.o.;602426020;;
BETON WITUSZA Sp. z o.o.;602398944;;
Beton Żbikowski;512296773;;
Beton Żbikowski;509242733;;
BETON-BUD;(48)3440686;;
BETON-BUD;502572387;;
BETON-BUD Sp. z o.o.;(15)6445699;;
BETON-BUD Sp. z o.o.;604753554;;
BETON-COMPLEKSBUD Sp. z o.o.;(75)7222931;;
BETON-COMPLEKSBUD Sp. z o.o.;600075564;;
Betonbest Sp. z o.o.;(32)2153296;;
Betonbest Sp. z o.o.;888740888;;
BETONEX;535628088;;
BETONEX Sp.j. Zakład Produkcyjno-Budowlany J.Sikorski, G.Sokołowski;(87)5650322;;
BETONEX Sp.j. Zakład Produkcyjno-Budowlany J.Sikorski, G.Sokołowski;(87)5677208;;
BETONGRAB;608289807;;
BETONIARNIA - ZBUPH Rudolf Błyszcz;(77)4019690;;
BETONIARNIA - ZBUPH Rudolf Błyszcz;695758267;;
Betoniarnia BETBUD;(71)3893961;;
Betoniarnia Chojnacki Zakład Produkcyjno-Handlowy;695946052;;
Betoniarnia DOPIEWO;(61)8148028;;
Betoniarnia GAWRON;(17)8710018;;
Betoniarnia GAWRON;660752621;;
Betoniarnia GLOBET;(18)5472400;;
Betoniarnia GLOBET;(18)5479020;;
BETONIARNIA Górki Wielkie;(33)8559002;;
BETONIARNIA Górki Wielkie;509745429;;
BETONIARNIA Henryk Waliszewski;(62)7615392;;
BETONIARNIA Henryk Waliszewski;(62)7615366;;
Betoniarnia JANIK;(18)4444912;;
Betoniarnia JANIK;(18)4459211;;
Betoniarnia Kamionka;502442873;;
Betoniarnia Kamionka;502685351;;
Betoniarnia KOLBUSZ;(18)5478212;;
Betoniarnia KOLBUSZ;605588105;;
BETONIARNIA MANIÓW S.c. A. Paluszek, Z. Opaliński;(71)3169219;;
BETONIARNIA MANIÓW S.c. A. Paluszek, Z. Opaliński;607299219;;
Betoniarnia Masełko&Masełko;(12)2740099;;
Betoniarnia Masełko&Masełko;608069485;;
Betoniarnia MĘŻYK;(18)5473232;;
Betoniarnia MĘŻYK;604574969;;
Betoniarnia MODLIN;(22)7757127;;
Betoniarnia PREBET;512441563;;
Betoniarnia PREBET;509303282;;
Betoniarnia Radoszyce Sp. z o.o.;(41)3711112;;
Betoniarnia Radoszyce Sp. z o.o.;(41)3711100;;
Betoniarnia REDEK S.c.;(22)7953553;;
Betoniarnia REDEK S.c.;603172216;;
Betoniarnia SKARBET;669743177;;
Betoniarnia SKARBET;662310848;;
Betoniarnia Usługi Ogólnobudowlane Piotr Gnoiński;(95)7485190;;
Betoniarnia Usługi Ogólnobudowlane Piotr Gnoiński;606270818;;
Betoniarnia USTUP;(18)2074189;;
Betoniarnia USTUP;507187757;;
Betoniarnia Witold Gryczka;(65)5727080;;
Betoniarnia Witold Gryczka;601739483;;
Betoniarnia-Wisła;(33)8552791;;
Betoniarnia-Wisła;605677294;;
Betoniarstwo Andrzej Paciepnik;601533057;;
Betoniarstwo Grzegorz Pilśnik;600089280;;
Betoniarstwo Jolanta Sadawa;506874005;;
Betoniarstwo Leszek Brychcy;(61)4445737;;
Betoniarstwo Leszek Brychcy;692758936;;
Betoniarstwo Ogólne Usługi Transportowe Marianna Kościańska;601621206;;
Betoniarstwo Ogólne Usługi Transportowe Marianna Kościańska;601239815;;
Betoniarstwo Smirnow Sp.j.;(61)2918963;;
Betoniarstwo Stachura Michał;603603972;;
Betoniarstwo Stachura Michał;601252647;;
BETONOWI;606431038;;
BETONOWI;507680600;;
Betontech - Cięcie Betonu, Wiercenia w Betonie;660805400;;
BETOTEST Polska Sp. z o.o.;(91)4314466;;
BETOTEST Polska Sp. z o.o.;691227470;;
Bielinex-Beton Sp. z o.o.;(91)4621242;;
Bielinex-Beton Sp. z o.o.;(91)4621434;;
BK DEUPOL;601482310;;
BORG;502518979;;
Bosta-Beton Sp. z o.o.;(22)5080901;;
Bosta-Beton Sp. z o.o.;(22)5080902;;
BRUBET;(95)7412218;;
BRUBET;692446756;;
BT BETON;(022)7278418;;
BT BETON;601381782;;
BT TOPBETON Sp. z o.o.;(95)7282133;;
BT TOPBETON Sp. z o.o.;(95)7282132;;
BTB Betonownia Radzymin;(22)7866899;;
BTB Betonownia Radzymin;(22)7866565;;
BUD SERWIS CSM;(71)3734840;;
BUD SERWIS CSM;(71)3591341;;
BUD-BEX;519744856;;
BUD-DAR;606703627;;
Bud-Trans Roboty Budowlano - Drogowe Jan Karbowiak;(43)8225019;;
Budgar Aneta Leżak;515170959;;
Budgar Aneta Leżak;606234357;;
BUDMAX Sp.j.;(85)6762389;;
BUDMAX Sp.j.;(85)6751652;;
BUDO DOM Producent Wyrobów Betonowych;693523300;;
BUDO DOM Producent Wyrobów Betonowych;(59)8426697;;
BUDOKOP Piotr Głodowski;(89)7675124;;
Budokrusz Sp. z o.o.;(22)7555440;;
Budokrusz Sp. z o.o.;(22)7555044;;
BUDOMAT Łazy S.c.;697646640;;
BUDOMAT Łazy S.c.;607758506;;
Budomel Sp. z o.o.;(82)5632764;;
Budomel Sp. z o.o.;(82)5632466;;
BWB;(44)6334349;;
BWB;(44)6330858;;
C-BETON Zakład Usług Betoniarskich;(84)6865818;;
C-BETON Zakład Usług Betoniarskich;604505818;;
Cem Bet Radosław Santorek;(022)4736806;;
Cem Bet Radosław Santorek;(022)4736846;;
CEMBET-STACHNIK Sp.j.;(12)6532777;;
CEMEX Polska Sp. z o.o. Gorzów Wielkopolski;(95)7216950;;
CEMEX Polska Sp. z o.o. Gorzów Wielkopolski;(95)7216958;;
CFB Laboratorium Technologii Betonu Sp. z o.o.;535005645;;
Ciepiela Technology Promotion;(22)8309516;;
Ciepiela Technology Promotion;501265169;;
Cięcie Betony Piotr Walentyński;(56)6223094;;
Cięcie Betony Piotr Walentyński;500213249;;
CM-BUD Rzeszów;733002337;;
CONCRAFT;882939392;;
CONCRAFT;503836598;;
CONCRETE ART;883901570;;
CONCRETE-ZABŁOCCY Sp.j.;(89)5344619;;
CONCRETE-ZABŁOCCY Sp.j.;(89)5333541;;
CONCRETECONCEPT;698625700;;
Conform Biuro Handlowo-Usługowe;(91)4883660;;
Conform Biuro Handlowo-Usługowe;(91)4332563;;
CONSOLIS Polska Sp. z o.o.;(44)7327300;;
CONSOLIS Polska Sp. z o.o.;(44)7327320;;
Contractor Sp. z o.o.;(32)2210108;;
Contractor Sp. z o.o.;(12)3408000;;
Contractor Sp. z o.o.;(12)3408001;;
CONTRACTORS;608790696;;
CONTRACTORS;696880613;;
CREATIVE CONCRETE;(12)3077722;;
DAM-BET;509580920;;
DAM-BET;(67)2613888;;
DASAJ Technika Diamentowa Firma Budowlana;(22)6734761;;
DASAJ Technika Diamentowa Firma Budowlana;(22)6735760;;
DEKOBETON POLSKA;530885800;;
Diamtech;(22)4996738;;
Diamtech;(22)4996739;;
DK-INWEST Sp. z o.o.;(58)6618783;;
DK-INWEST Sp. z o.o.;(58)6618782;;
DOM Andrzej Stachera;(22)7558511;;
DOMBET Zakład Wyrobów Betonowych i Usług Transportowych Sp.j.;(48)6642602;;
DOMBET Zakład Wyrobów Betonowych i Usług Transportowych Sp.j.;512011517;;
Dombud Sp. z o.o.;(32)4723572;;
Dombud Sp. z o.o.;512111302;;
DOP-BET Płyty Drogowe;(89)5331597;;
DOP-BET Płyty Drogowe;504282484;;
DRUCIS SERWIS;(22)8678171;;
DRUCIS SERWIS;605552692;;
Dyckerhoff Polska Sp. z o.o.;(41)3466000;;
Dyckerhoff Polska Sp. z o.o.;(41)3466488;;
Eco Construction Services Sp. z o.o.;690190300;;
ECOBET Sp. z o.o.;(33)4832020;;
EKO BETON Sp. z o.o.;(32)2512224;;
Eko-Drogpol;(81)8225332;;
Eko-Drogpol;(81)8225293;;
EKO-TRANS Sp.j.;507276797;;
EKO-TRANS Sp.j.;(48)3215291;;
EL-SAN-BUD S.c.;(71)3188667;;
EL-SAN-BUD S.c.;(71)3187211;;
ELA Przedsiębiorstwo Produkcyjno Handlowo Usługowe;(67)3506383;;
ELA Przedsiębiorstwo Produkcyjno Handlowo Usługowe;606397929;;
ELBUD Sp. z o.o. Sp.komandytowa;(16)6785081;;
ELBUD Sp. z o.o. Sp.komandytowa;(16)6782980;;
Elektro-System Wojciech Pióro;600302666;;
EMES Przedsiębiorstwo Produkcyjno-Usługowe Maksymilian Szczepski;(61)8112979;;
EMES Przedsiębiorstwo Produkcyjno-Usługowe Maksymilian Szczepski;504150188;;
Energo-Bet Sp. z o.o.;(22)7815107;;
Energo-Bet Sp. z o.o.;(22)7817103;;
Enola Sp.j.;(81)7480061;;
Enola Sp.j.;510048497;;
EURO BETON Sp. z o.o.;(12)2855316;;
EURO BETON Sp. z o.o.;(12)2855318;;
EURO-INSBUD Sp. z o.o.;(91)4825207;;
EURO-TRANS Beton;(41)3662053;;
EURO-TRANS Beton;602375223;;
EuroBET;(84)6275075;;
EuroBET;(84)6384959;;
EUROBET - Szamba Betonowe;504449851;;
EUROBET Sp.j. A.Sidor, T.Otręba;(17)2254114;;
EUROBET Sp.j. A.Sidor, T.Otręba;504218455;;
EUROBUD;885020785;;
EUROPOMPY Hanc Rafał, Boniecki Jacek;(41)3449933;;
EUROPOMPY Hanc Rafał, Boniecki Jacek;(41)3449551;;
F.H.U. BOR-BET;608407011;;
F.H.U.P. LUMADA-BET S.c.;603846831;;
F.H.U.P. LUMADA-BET S.c.;(14)6789355;;
F.H.U.P. Transbed;(12)3866790;;
F.H.U.P. Transbed;605569282;;
F.P.H. Cerbet;(12)3881754;;
F.P.H. Ryszard Biduś;(14)6856718;;
F.P.H. Ryszard Biduś;501050718;;
F.P.H.U. MALINOWSKI;(14)6525586;;
F.P.H.U. MALINOWSKI;502361055;;
FABET II;(22)7581929;;
FABET II;(22)7582384;;
FACH-BET;(61)8155663;;
FACH-BET;605302305;;
FATRA;516214648;;
FHU EWAN;887300005;;
FHU EWAN;733766872;;
FIBRE SYSTEM Sp. z o.o.;(22)3817231;;
FIBRE SYSTEM Sp. z o.o.;(22)3817230;;
FIBROBETON Polska;696426529;;
Firma Budowlano-Transportowa SOBUD Sp. z o.o.;(77)4105520;;
Firma Budowlano-Transportowa SOBUD Sp. z o.o.;533322801;;
Firma GUZIK;(32)2631277;;
Firma MAJA;(75)7447303;;
Firma MAJA;604409915;;
Firma Produkcyjno-Handlowa PUSZ;(22)7884190;;
Firma Produkcyjno-Handlowa PUSZ;(22)7884169;;
Firma T.Z.M. Sp.j.;(17)5832059;;
Firma T.Z.M. Sp.j.;(17)5864912;;
Firma Usługowa Disztung;(17)7453525;;
Firma Usługowa Disztung;698295661;;
Firma Usługowo-Produkcyjno-Handlowa TRANS-BET;(18)3374586;;
Firma Usługowo-Produkcyjno-Handlowa TRANS-BET;(18)3371303;;
FORMABET Przedsiębiorstwo Produkcyjno-Handlowe;661926844;;
FORMABET Przedsiębiorstwo Produkcyjno-Handlowe;667578537;;
FORMAT;(94)3461371;;
FORMAT;(94)3433749;;
France-Gost;(24)2352450;;
France-Gost;(24)2357129;;
FUNDAMENT SERVICE Sp.j.;(22)7280744;;
FUNDAMENT SERVICE Sp.j.;(22)7280743;;
GALABETON;(48)3600632;;
GALABETON;608553223;;
Galanteria Betonowa Waldemar Szafrański;606266791;;
Gemite Polska Sp. z o.o.;(022)8121261;;
GLOBALBETON Sp. z o.o.;(32)7391878;;
GLOBALBETON Sp. z o.o.;508287939;;
GODEL BETON Sp. z o.o.;694804003;;
GOZMAK S.c.;502614436;;
GOZMAK S.c.;502344433;;
GÓRAŻDŻE BETON Sp. z o.o. - HeidelbergCement Group;(77)7778660;;
GÓRAŻDŻE BETON Sp. z o.o. - HeidelbergCement Group;(77)7778670;;
GRANDES;660186412;;
GRC Beton Poland;(12)4446228;;
GRC Beton Poland;(12)4446048;;
GRUPA CB PREFABRYKACJA Sp. z o.o.;(56)6539000;;
Hardbet Sp. z o.o.;733685969;;
Hardbet Sp. z o.o.;609239185;;
HOGER Sp. z o.o.;(34)3513500;;
HOGER Sp. z o.o.;(34)3562488;;
Hydrobudowa Beton-Lab Sp. z o.o.;(44)7374573;;
Hydrobudowa Beton-Lab Sp. z o.o.;607430719;;
i-Beton;(89)6728108;;
i-Beton;(89)7572587;;
IMPRESTO;531559662;;
INCOBET Sp. z o.o.;(22)7817938;;
INCOBET Sp. z o.o.;(22)6119103;;
Inter-Bor Sp.j.;(29)7513491;;
INTERBET PPH;(15)8232873;;
Irma Beton;(22)7588840;;
Irma Beton;602214582;;
JAN-POL;(25)7586159;;
JAN-POL;(25)7588159;;
JARBET;604375369;;
JARBET;660549467;;
JARBET Zakład Ogólnobudowlany i Robót Drogowych;604547525;;
JB Beton Śląsk Sp. z o.o.;(77)4419870-71;;
JB Beton Śląsk Sp. z o.o.;(77)4419872;;
Jotreks-Bis Beton Sp. z o.o.;(22)7165313;;
Jotreks-Bis Beton Sp. z o.o.;(22)7165314;;
JUCHA BETON;(71)3251221;;
JUCHA BETON;(71)3251517;;
KAMAL Sp. z o.o.;(52)3435510;;
KAMAL Sp. z o.o.;(52)3436790;;
Kania-Bortechnik;(77)4618953;;
Kania-Bortechnik;502299327;;
KASOB Sp.j.;(22)7555496;;
KASOB Sp.j.;602390606;;
KBK Beton Sp. z o.o.;(32)3332223;;
KBK Beton Sp. z o.o.;(32)2706045;;
KĘSBET Wyroby Betonowe Stanisław Kęsek;(77)4373922;;
KĘSBET Wyroby Betonowe Stanisław Kęsek;604608167;;
Klinika Betonu Sp. z o.o. Sp.komadytowa;(22)6129602w.217;;
KOBETON Bogusław Kołodziejczyk;(33)8741027;;
KOBETON Bogusław Kołodziejczyk;(33)8744540;;
KOLORBET;(18)3376944;;
KOLORBET;695665001;;
Koma-Beton Sp. z o.o.;(52)3415552;;
Koma-Beton Sp. z o.o.;(52)3401001;;
Konińska Wytwórnia Prefabrykatów KON-BET Sp. z o.o.;(63)2437180-Konin;;
Konińska Wytwórnia Prefabrykatów KON-BET Sp. z o.o.;(63)2454701-Konin;;
KONRADO-BET Producent Szamb Betonowych;727905784;;
KONRADO-BET Producent Szamb Betonowych;606664823;;
KOŚCIELNIK Firma S.c. Grzegorz Kościelnik, Łukasz Kościelnik;(33)8432685;;
KOŚCIELNIK Firma S.c. Grzegorz Kościelnik, Łukasz Kościelnik;(33)8443549;;
KP-BET Sp. z o.o.;(17)8517292;;
KRUSZYWA Sp. z o.o. Sp.komandytowa BETONIARNIA CHORULA;602655595;;
KRYMAR;502164600;;
KRYMAR;509220221;;
Kutnowska Prefabrykacja Betonów KUTNO Sp. z o.o.;(24)2534621;;
Kutnowska Prefabrykacja Betonów KUTNO Sp. z o.o.;(24)2547064;;
Lafarge Cement S.A.;(41)2487000;;
Lafarge Cement S.A.;(41)2487001;;
Lafarge Kruszywa i Beton Sp. z o.o.;(22)3246000;;
Lafarge Kruszywa i Beton Sp. z o.o.;(22)3246005;;
Linare;504124111;;
LM Beton Produkt;(61)8538788;;
LM Beton Produkt;502090980;;
Loft Modern Design;505519549​;;
Lux Beton Sp. z o.o.;(12)2621507;;
Lux Beton Sp. z o.o.;501310972;;
Łęczyński BETON Krzysiak i Krzysiak Sp.j.;(81)7520523;;
Łęczyński BETON Krzysiak i Krzysiak Sp.j.;512993447;;
Łępecki & Matuszczak Sp.j.;601701037;;
Łępecki & Matuszczak Sp.j.;601157158;;
M-TECH;728994760;;
M-TECH;(58)5611910;;
M.S. TRANSSPRZĘT Michał Stanek;(32)3869363;;
M.S. TRANSSPRZĘT Michał Stanek;604785954;;
Madax;(89)6772324;;
Madax;501813067;;
Madwall;660673032;;
Madwall;519115879;;
MAJ-BET;668045927;;
MAJ-BET;600893448;;
MAJBET;501173574;;
MAR-POL;604908080;;
MAR-POL;604752748;;
MARBET S.c.;(13)4321080;;
MARBET S.c.;509975007;;
MARS-BET;(91)4182005;;
MARS-BET;601791301;;
MATRA S.A. Zakład Usług Sprzętowych Budownictwa;(52)3223871;;
MATRA S.A. Zakład Usług Sprzętowych Budownictwa;(52)3223875;;
MD Budinvest Sp. z o.o.;(94)3757732;;
MD Budinvest Sp. z o.o.;(94)3757738;;
MegaOgrody;530230414;;
MegaOgrody;882776841;;
MEGOLA Zakład Wapienno-Piaskowy w Hedwiżynie;(84)6860885;;
MEGOLA Zakład Wapienno-Piaskowy w Hedwiżynie;(84)6871840;;
MG_CONCRET;509835105;;
MG_CONCRET;(33)8485048;;
MIKPOL;501933361;;
MIKPOL;(83)3733040;;
Mild-Sar Sp. z o.o.;(22)6789498;;
Mild-Sar Sp. z o.o.;502340180;;
Mir Bet S.c. Herduś;(56)4624814;;
Mir Bet S.c. Herduś;607840840;;
Modern Concrete;537131155;;
MODERNBET;(81)4413160;;
MODERNBET;535595505;;
MORGAN & MÖLLER;667887774;;
MORGAN & MÖLLER;669887715;;
Murowany Partner S.c.;(58)5720708;;
Murowany Partner S.c.;(58)5720269;;
NESTYL Józef Neubauer;505005662;;
NESTYL Józef Neubauer;(58)6843415;;
NORDBETON Sp. z o.o.;(59)8415361;;
NORDBETON Sp. z o.o.;666086752;;
NOWAK;696499710;;
NOWAK;694966809;;
NUCLEUS S.c.;609383125;;
NUCLEUS S.c.;506214877;;
OGROBET Maciej Kaźmierczak;785047466;;
OL-BUD Wojciech Cieślik;(22)4024830;;
OL-BUD Wojciech Cieślik;691300501;;
OLBET Producent Wyrobów Betonowych;(12)2649530;;
OLBET Producent Wyrobów Betonowych;501259084;;
OŁA-BET;(71)3137595;;
OneStepHouse S.c.;510020530;;
ONYX Wojciech Onisk;(22)2452848;;
ONYX Wojciech Onisk;604996712;;
Optimum Bau Sp. z o.o.;(68)3836888;;
Optimum Bau Sp. z o.o.;(68)3835159;;
Orlex Beton;(58)6771202;;
Orlex Beton;723102200;;
P.B. Budico Sp. z o.o.;(52)3249232;;
P.B. Budico Sp. z o.o.;605429960;;
P.H.U ADMAR;(63)2702210;;
P.H.U ADMAR;502617280;;
P.H.U.P JANIK;(77)4609219;;
P.H.U.P JANIK;608480938;;
P.P.H. Probud;(32)6772660;;
P.P.H. Probud;(32)6771898;;
P.P.H.U WIKA Paweł Chamara;(71)3107176;;
P.P.H.U WIKA Paweł Chamara;(71)3107717;;
P.P.H.U. AR-BET S.c.;(58)6878116;;
P.P.H.U. AR-BET S.c.;602101673;;
P.P.H.U. Beton-Kraft;(83)3432583;;
P.P.H.U. Beton-Kraft;(83)3420587;;
P.P.H.U. CEMAR;(81)8656011-12;;
P.P.H.U. CEMAR;(81)8656013;;
P.P.H.U. Cemton;(25)7585264;;
P.P.H.U. Cemton;(25)7588876;;
P.P.H.U. EUROBET;504041126;;
P.P.H.U. HAND-BRUK Krzysztof Wójciak;(18)4433347;;
P.P.H.U. HAND-BRUK Krzysztof Wójciak;728826232;;
P.P.H.U. INSPEKT;(54)2355304;;
P.P.H.U. INSPEKT;601628049;;
P.P.H.U. Józef Pietras;(17)5864521;;
P.P.H.U. Józef Pietras;(17)5864281;;
P.P.H.U. JUMAR II;(41)3667949;;
P.P.H.U. JUMAR II;506106020;;
P.P.H.U. MAXBET;669460100;;
P.P.H.U. PRO-BET Sp.j.;(32)6414135;;
P.P.H.U. PRO-BET Sp.j.;(32)6414097;;
P.P.H.U. SAJBET Jan Sadowski;(22)7890208;;
P.P.H.U. SAJBET Jan Sadowski;502536092;;
P.P.H.U. TEMPO Artur Giezgala;603609347;;
P.P.H.U. TEMPO Artur Giezgala;781044596;;
P.P.H.U. WEKTOR Cezary Stolarek;(48)3780777;;
P.P.H.U. WEKTOR Cezary Stolarek;606437597;;
P.P.M.B. Bosta-Beton Sp. z o.o.;(22)5080901;;
P.P.M.B. Bosta-Beton Sp. z o.o.;(22)5080902;;
P.P.P.B. DRYWA;(58)6816754;;
P.P.P.B. DRYWA;(58)6847054;;
P.P.U. PREF-REM Sp. z o.o.;(32)2364438;;
P.P.U. PREF-REM Sp. z o.o.;664095038;;
P.P.U.H NIKOPOL;790814282;;
P.P.U.H. Elż-Pol;(32)6163955;;
P.P.U.H. Elż-Pol;(32)6168014;;
P.P.U.H. SBS Krzysztof Stankiewicz;725714137;;
P.P.U.H. SBS Krzysztof Stankiewicz;733098449;;
P.U. Wiercenia i Cięcia Maciej Chlebanowski;(61)8153146;;
P.U. Wiercenia i Cięcia Maciej Chlebanowski;602309129;;
P.U.H. BETOMEX Sp. z o.o.;(94)3467931;;
P.U.H. BETOMEX Sp. z o.o.;509214034;;
P.U.H.P MURABET;(056)6822150;;
P.U.H.P MURABET;(056)6822152;;
PA-WYROBY BETONOWE Sp. z o.o.;(55)2357940;;
PA-WYROBY BETONOWE Sp. z o.o.;(55)2357388;;
PAG-Beton;600313084;;
PAG-Beton;600238178;;
PAGEL POLSKA;(71)3172806;;
PAGEL POLSKA;(71)3176136;;
PASZKIEWICZ COMPANY Sp.j. Cezary Paszkiewicz;(87)6431537;;
PASZKIEWICZ COMPANY Sp.j. Cezary Paszkiewicz;(87)6436833;;
PEBEK Sp. z o.o.;(74)8525390;;
PEBEK Sp. z o.o.;(74)8520523;;
PENETRON Waterstop Jarosław Zacharski;(22)6365756;;
PENETRON Waterstop Jarosław Zacharski;(22)4356705;;
PETRUS Sp. z o.o.;(95)7216940;;
PETRUS Sp. z o.o.;(95)7324885;;
Petu Sp. z o.o.;604114616;;
PHU STAWBUD;(23)6765654;;
PHU STAWBUD;(23)6123958;;
PK SERVICE;(71)3897124;;
PK SERVICE;661437841;;
PMP Prefabrykaty;(41)3568734;;
PMP Prefabrykaty;(41)3568651;;
POL-BETON Sp. z o.o.;(22)7941664;;
POL-BETON Sp. z o.o.;(22)7138049;;
POL-BRUK Paprocki Sp z o.o. Wytwórnia Betonu Siedlce;(83)3556935;;
POL-BRUK Paprocki Sp z o.o. Wytwórnia Betonu Siedlce;(83)3571184;;
Polbet P.P.H.U.;(74)8171117;;
Polski Beton Spółka z ograniczoną odpowiedzialnością Sp.k.;(32)6275027;;
Polski Beton Spółka z ograniczoną odpowiedzialnością Sp.k.;606935380;;
PPHU ARTBET;(81)8653388;;
PPHU ARTBET;608287493;;
PPHU Betoniarnia Kaczmarek S.c.;(34)3155434;;
PPHU Betoniarnia Kaczmarek S.c.;(34)3152108;;
PPHU KRAKBET Sp.j.;(12)6444814;;
PPHU KRAKBET Sp.j.;(12)6866160;;
PPHU Libet;792972999;;
PPHU Libet;(13)4491107;;
PPHU MACKIEWICZ;(86)2199909;;
PPHU MACKIEWICZ;512424191;;
PPHU Markpol;(32)2156325;;
PPHU Markpol;605646817;;
PPHU OBET;(41)3116103;;
PPHU OBET;501327048;;
PPHU ROKA;515162003;;
PPHU ROKA;(44)6846016;;
PPHU STALBET;(23)6520154;;
PPHU STALBET;601955195;;
PPU Alsybet Sp. z o.o.;(56)4742463;;
PPU Alsybet Sp. z o.o.;(56)4748250;;
PPU POLBET Karol Plesiewicz;(87)6103313;;
PPU POLBET Karol Plesiewicz;(87)6211661;;
PPUH BETONIARNIA Maliszew Hanna Możdżonek;(25)7593892;;
PPUH BETONIARNIA Maliszew Hanna Możdżonek;(25)7991792;;
PPUH Hurt-Trans KAWIKO;(52)3896185;;
PPUH Hurt-Trans KAWIKO;(52)3898363;;
PPUH MAT-BUD Sp.j.;(61)8195252;;
PPUH MAT-BUD Sp.j.;(61)8134094;;
PREBET-BUD Sp.j.;(62)7203077;;
PREBET-BUD Sp.j.;602588198;;
PREFA Sp. z o.o. Producent Prefabrykatów Żelbetonowych;(12)2826750;;
PREFABET Bożepole Wielkie;(58)6788932;;
PREFABET Bożepole Wielkie;600600715;;
Prefabet-Białe Błota S.A.;(52)3336502;;
Prefabet-Białe Błota S.A.;(52)3236508;;
PREFBUD Sp. z o.o.;(15)8423095;;
PREFBUD Sp. z o.o.;(15)8444741;;
PRO-KARI;(68)3241974;;
PRO-KARI;(68)3202093;;
Producent Prefabrykatów Betonowych PREFABEX;(58)3010927;;
Producent Prefabrykatów Betonowych PREFABEX;665592095;;
Produkcja Galanterii Ogrodowej DEKOR-MAX;(34)3155434;;
Produkcja Galanterii Ogrodowej DEKOR-MAX;728969545;;
Produkcja Sprzedaż Materiałów Budowlanych Kwiatkowska Barbara;(58)6762635;;
Produkcja Sprzedaż Materiałów Budowlanych Kwiatkowska Barbara;695396389;;
Produkcja Wyrobów Betonowych Barbara Mejza;602841644;;
Przedsiębiorstwo Budowlano-Drogowe TANDEM Sp. z o.o.;(68)3638972;;
Przedsiębiorstwo Budowlano-Drogowe TANDEM Sp. z o.o.;(68)4793686;;
Przedsiębiorstwo Budowlano-Produkcyjne BUDOPRZEM Sp. z o.o.;(41)3460341;;
Przedsiębiorstwo Budowlano-Produkcyjne BUDOPRZEM Sp. z o.o.;(41)3460347;;
Przedsiębiorstwo DROP;(61)8132751;;
Przedsiębiorstwo Elementów Budowlanych FABET S.A.;(41)3441494;;
Przedsiębiorstwo Elementów Budowlanych FABET S.A.;(41)3489350;;
Przedsiębiorstwo Prefabrykacji Budowlanej KRATBET Sp. z o.o.;(22)7897575;;
Przedsiębiorstwo Prefabrykacji Budowlanej KRATBET Sp. z o.o.;(22)7953326;;
Przedsiębiorstwo Produkcji Betonów i Montaży BETOMONT Sp. z o.o.;(61)2913123;;
Przedsiębiorstwo Produkcji Betonów i Montaży BETOMONT Sp. z o.o.;(61)2913006;;
Przedsiębiorstwo Produkcji Betonów PREFBET Sp. z o.o.;(86)4738410;;
Przedsiębiorstwo Produkcji Betonów PREFBET Sp. z o.o.;(86)2176128;;
Przedsiębiorstwo Produkcji Betonów SINKOBET Sp. z o.o.;(91)3172518;;
Przedsiębiorstwo Produkcji Betonów SINKOBET Sp. z o.o.;(91)3172539;;
Przedsiębiorstwo Produkcyjne Dźwigbet Sp. z o.o.;(94)3433094;;
Przedsiębiorstwo Produkcyjne Dźwigbet Sp. z o.o.;(94)3430248;;
Przedsiębiorstwo Produkcyjno Usługowo Handlowe RITBET Sp. z o.o.;(85)7188890;;
Przedsiębiorstwo Produkcyjno Usługowo Handlowe RITBET Sp. z o.o.;(85)7170258;;
Przedsiębiorstwo Produkcyjno-Handlowe GRALBET Sp. z o.o.;(23)6965573-75;;
Przedsiębiorstwo Produkcyjno-Handlowe GRALBET Sp. z o.o.;(23)6965730;;
Przedsiębiorstwo Produkcyjno-Handlowe Usługowe BETON-BONUS Wytwórnia Betonu Towarowego;(61)8102091;;
Przedsiębiorstwo Produkcyjno-Handlowe Usługowe BETON-BONUS Wytwórnia Betonu Towarowego;(61)8994886;;
Przedsiębiorstwo Produkcyjno-Handlowo-Usługowe DROKON;(94)3654742;;
Przedsiębiorstwo Produkcyjno-Usługowe POL-BUD Antoni Emil Plesiewicz;(87)6212030;;
Przedsiębiorstwo Produkcyjno-Usługowe POL-BUD Antoni Emil Plesiewicz;693524771;;
Przedsiębiorstwo Produkcyjno-Usługowo Handlowe RUBET S.c.;501308621;;
Przedsiębiorstwo Produkcyjno-Usługowo-Handlowe POLBET Sp. z o.o.;(91)3860246;;
Przedsiębiorstwo Produkcyjno-Usługowo-Handlowe POLBET Sp. z o.o.;608091727;;
Przedsiębiorstwo Przemysłu Betonów PREFABET-KURZĘTNIK Sp. z o.o.;(56)4729654;;
Przedsiębiorstwo Przemysłu Betonów PREFABET-KURZĘTNIK Sp. z o.o.;(56)4729670;;
Przedsiębiorstwo Remontowo-Budowlane TOL-BUD;604518314;;
Przedsiębiorstwo Remontowo-Budowlane TOL-BUD;602679761;;
Przedsiębiorstwo Sprzętowo-Transportowe MYSIAK;(81)4410349;;
Przedsiębiorstwo Sprzętowo-Transportowe MYSIAK;602339404;;
Przedsiębiorstwo Usługowo-Handlowe BETONIARNIA KROCZYMIECH Sp.j.;(32)6233011;;
Przedsiębiorstwo Usługowo-Handlowe BETONIARNIA KROCZYMIECH Sp.j.;(32)6276006;;
Przedsiębiorstwo Wielobranżowe K.Kuglin - Betoniarnia Podolsze;602190397;;
Przedsiębiorstwo Wielobranżowe K.Kuglin - Betoniarnia Podolsze;(33)8437816;;
Przedsiębiorstwo Wielobranżowe KORZENIEWSKI;(89)5426334;;
Przedsiębiorstwo Wielobranżowe OCHMANN;(62)7211927;;
Przedsiębiorstwo Wielobranżowe OCHMANN;603668892-894;;
PUP INŻBET Sp. z o.o.;609699744;;
PW TRANS-REM Sp. z o.o.;(32)2305733;;
PW TRANS-REM Sp. z o.o.;609201056;;
RBR Betoniarnia Recykling Rowiński S.c.;601733221;;
RBR Betoniarnia Recykling Rowiński S.c.;(71)3990871;;
RECKLI Polska;(12)2671861;;
RECKLI Polska;603130122;;
REMEI Polska Sp. z o.o.;(77)4581231-32;;
REMEI Polska Sp. z o.o.;(77)4578377;;
REN BET;(12)4206320;;
REN BET;(12)4206311;;
Res-Bet Sp. z o.o.;(17)8505900;;
Res-Bet Sp. z o.o.;(17)8505902;;
RESBETON;(17)7835721;;
RESBETON;668878787;;
ROM-TRANS;698688912;;
Roosens Betons Polska Sp. z o.o.;(91)3971118;;
Roosens Betons Polska Sp. z o.o.;(91)3971150;;
Roped;(68)3888873;;
Roped;(68)3880835;;
Rouwdach Sp. z o.o.;(61)4477925;;
Rouwdach Sp. z o.o.;(61)4477225;;
Sanakiewicz Sp. z o.o.;(16)6230120;;
Sanakiewicz Sp. z o.o.;608637592;;
SANBET Fabryka Betonu PIOTROWSCY Sp.j.;(71)3112478;;
SANBET Fabryka Betonu PIOTROWSCY Sp.j.;(71)3112460;;
SEPTIC-INVEST;537598840;;
SIENKIEWICZ MAT-BUD Sp. z o.o.;(22)6735275;;
Skobierski Stropy Sp.k.;(75)7365526;;
Skobierski Stropy Sp.k.;(75)7365525;;
SLABB;533216816;;
SLABB;575393090;;
SOBBET;(41)3739267;;
SOBBET;600799810;;
Solbet Kolbuszowa S.A.;(17)2271444;;
Solbet Kolbuszowa S.A.;(17)2273970;;
SOLBET Sp. z o.o.;(52)3874100;;
SOLBET Sp. z o.o.;(52)3874180;;
SPEDBUD;691179543;;
Stalbeton Sp. z o.o.;(32)3243637;;
Stalbeton Sp. z o.o.;(32)2242637;;
STAMBET-BUD;(22)7555593;;
STAMBET-BUD;(22)7920238;;
STELLA STONE - BETON ARCHITEKTONICZNY;781707074;;
Stett-Pol Sp. z o.o.;(61)6553800;;
Stett-Pol Sp. z o.o.;(61)6553802;;
STYROBUD GÓRNO Radomski Piotr;(17)7728525;;
STYROBUD GÓRNO Radomski Piotr;(17)7727931;;
SUPERBET J.Zawadzki i wspólnicy Sp.j.;(83)3572526;;
SUPERBET J.Zawadzki i wspólnicy Sp.j.;(83)3573981;;
SZAMBUD;+48(12)3892608;;
SZAMBUD;+48502624442;;
Tatro-Bet Szewczyk Sp.j.;(48)6230478;;
Tatro-Bet Szewczyk Sp.j.;600055500;;
TBBet Beton;531002002;;
Technika Diamentowa GIT;(12)6374333;;
Technika Diamentowa GIT;791777341;;
TECHNOBETON Sp. z o.o.;(81)5340596;;
TECHNOBETON Sp. z o.o.;(81)5340595;;
TELWOLT-BETON Sp. z o.o.;(15)8320781;;
TELWOLT-BETON Sp. z o.o.;795504397;;
Thomas-Beton Polska Sp. z o.o.;(91)4201021;;
Thomas-Beton Polska Sp. z o.o.;(91)4201022;;
TK-BETON S.c.;600665659;;
TK-BETON S.c.;784001832;;
TOMEX;607763177;;
TOMEX;795692318;;
TOMI Sp. z o.o.;(58)6634047;;
TOMI Sp. z o.o.;(58)6652552;;
TOP-JUR Topczewski;(22)7862848;;
TOP-JUR Topczewski;(22)7861634;;
Tralki Betonowe;516494627;;
TRANS LIS BET;(14)6868080;;
TRANS-BET Henryk & Piotr & Jarosław Forszmanowicz;(42)6801125;;
TRANS-BET Henryk & Piotr & Jarosław Forszmanowicz;(42)7163814;;
TRANS-BET Henryk Nowrotek;(32)2265308;;
TRANS-BET Henryk Nowrotek;519682645;;
Trans-Beton Pietrzak Sp.j.;(23)6552178;;
Trans-Beton Pietrzak Sp.j.;(23)6553244;;
Trans-Żwir;600665050;;
TRANSPEC Sp.j. R.Wielocha;(48)3441020-22;;
TREBOR Firma Budowlana;(22)6624856;;
TREBOR Firma Budowlana;602199003;;
U Tynia Kręgi-Pustaki;(81)8551908;;
U Tynia Kręgi-Pustaki;502302275;;
UNI-BET Sp. z o.o.;(17)7415732;;
UNI-BET Sp. z o.o.;(17)7807632;;
Unibet Sp. z o.o.;(68)3775006;;
Unibet Sp. z o.o.;509433755;;
UNIMEX Zenon Paryska i Krzysztof Paryska Sp.j.;(86)4760271;;
UNIMEX Zenon Paryska i Krzysztof Paryska Sp.j.;(86)4760273;;
Usługi Betoniarskie Krystyna Urban;(81)8551755;;
Usługi Betoniarskie Krystyna Urban;692523003;;
Usługi-Produkcja Betonu i Wyrobów Betonowych EWA KRĘŻLAK;(044)6851732;;
Usługi-Produkcja Betonu i Wyrobów Betonowych EWA KRĘŻLAK;(044)6821650w.51;;
VB Beton;(61)6107290;;
VB Beton;(61)6107299;;
VICAT Sp.j.;(12)6445530;;
VICAT Sp.j.;604535575;;
WA-BET S.c.;600517966;;
WAAB Wytwórnia Betonu Sp. z o.o.;(61)8429148w.100;;
WAAB Wytwórnia Betonu Sp. z o.o.;(61)8429148w.103;;
WALBET;(65)5474057;;
Walbud;609869909;;
Walbud;730507829;;
Westerwelle PL GmbH & Co. KG Oddział w Polsce;(71)7767640;;
Westerwelle PL GmbH & Co. KG Oddział w Polsce;(71)7767649;;
WIBRO-BET Handel Usługi i Produkcja Wyrobów Betonowych i Budowlanych;609144676;;
WID-BET;(12)2731704;;
WID-BET;604506090;;
WIFABET Sp. z o.o.;(22)8729791;;
WIFABET Sp. z o.o.;(22)6127198;;
WIK-BUD;607138179;;
WIK-BUD;728999424;;
Winkler Polska Sp. z o.o.;(71)3032522;;
Winkler Polska Sp. z o.o.;(71)3039672;;
WIR-BUD S.c.;(81)8650450;;
WIR-BUD S.c.;(81)8650850;;
WISBet;511933512;;
WISBet;514585310;;
Włodar Wiesław Włodarczyk Sp.j.;(034)3627301;;
Włodar Wiesław Włodarczyk Sp.j.;(034)3627332;;
WOBET Sp. z o.o. Sp.komandytowa Beton Towarowy;603586363;;
WOBET Sp. z o.o. Sp.komandytowa Beton Towarowy;663141988;;
Wyrób i Sprzedaż Pustaków, betonu Towarowego Nosek S.c.;(12)6450409;;
Wyrób i Sprzedaż Pustaków, betonu Towarowego Nosek S.c.;507147594;;
Wyrób Sprzedaż Elementów Betonowych Sołtysiak Agnieszka;(44)7102117;;
Wyrób Sprzedaż Elementów Betonowych Sołtysiak Agnieszka;888893323;;
Wytwarzanie-Transport-Handel Materiałów Budowlanych Marek Dąbrowski;(22)6661535-38;;
Wytwarzanie-Transport-Handel Materiałów Budowlanych Marek Dąbrowski;(22)6661539;;
Wytwórnia Betonów i Prefabrykatów KKIM Sp. z o.o.;(32)2556049;;
Wytwórnia Betonów i Prefabrykatów KKIM Sp. z o.o.;(32)2556485;;
Wytwórnia Betonów MOKRA Józef Chmurzyński;(048)3632200;;
Wytwórnia betonu i prefabrykatów KAMBET;888704333;;
Wytwórnia Betonu KOCELA Sp.j.;695402422;;
Wytwórnia Materiałów Budowlanych Jerzy Boika;(58)6789769;;
Wytwórnia Materiałów Budowlanych Jerzy Boika;601631956;;
Wytwórnia Prefabrykatów Betonowych Krzysztof Gruszfeld;(86)2180036;;
Wytwórnia Prefabrykatów Betonowych PREFABRUK A.Morawski, K.Morawska-Maga Sp.j.;(23)6925081;;
Wytwórnia Prefabrykatów Betonowych PREFABRUK A.Morawski, K.Morawska-Maga Sp.j.;(23)6920251;;
Wytwórnia Prefabrykatów i Mas Betonowych BETONMAX;602369337;;
Wytwórnia Prefabrykatów i Mas Betonowych BETONMAX;(23)6532006;;
Wytwórnia Wyrobów Betonowych Jan Pyrzyk;605947055;;
Z.P.H. Cezary Mickiewicz Betoniarnia;(68)3851288;;
Z.P.H. Cezary Mickiewicz Betoniarnia;(68)3859382;;
Z.P.H. EM-BET;(41)2752005;;
Z.P.H. EM-BET;889566080;;
Z.P.H. ŻACZEK;601952041;;
Z.P.H. ŻACZEK;(48)3844348;;
Z.P.H.i.U. DREWBET;(71)7117054;;
Z.P.H.i.U. DREWBET;509909383;;
Z.P.H.U. WIBET;(44)7260381;;
Z.P.H.U. WIBET;601315553;;
Z.P.U. TRANSBET;(84)6867875;;
Z.P.U. TRANSBET;(84)6867534;;
Z.P.U.H Robert Nosek Betoniarnia Kielce;533902090;;
Z.P.U.H Robert Nosek Betoniarnia Kielce;533903090;;
Z.R.I.B.-BET;(81)7517666;;
Z.R.I.B.-BET;509555523;;
Z.U.S.B. MAX-BET S.c.;604886436;;
Zagórski Terrazzo Monika Zagórska;(23)6613624;;
Zakład Betoniarski;(59)8211392;;
Zakład Betoniarski;602344170;;
Zakład Betoniarski;(22)7890905;;
Zakład Betoniarski ANBO;(12)6549894;;
Zakład Betoniarski ANBO;602347821;;
Zakład Betoniarski Antoni Kosieradzki;501761747;;
Zakład Betoniarski Czesław Skowron;(71)3906856;;
Zakład Betoniarski Henryk Chopcian;(74)6671211;;
Zakład Betoniarski Henryk Chopcian;609249563;;
Zakład Betoniarski INFRABET;(67)2829225;;
Zakład Betoniarski INFRABET;(67)2810640;;
Zakład Betoniarski Jan Stańko;(012)2803051;;
Zakład Betoniarski Jan Stańko;(012)2803281;;
Zakład Betoniarski Kazimierz Mordaka;(44)7231038;;
Zakład Betoniarski Kazimierz Mordaka;503088079;;
Zakład Betoniarski Marian Świeżak;(29)5910547;;
Zakład Betoniarski mgr inż. Zdzisław Kaczmarek;(58)3045604;;
Zakład Betoniarski mgr inż. Zdzisław Kaczmarek;(58)3045605;;
Zakład Betoniarski NOWACZYK;614386343;;
Zakład Betoniarski NOWACZYK;692251446;;
Zakład Betoniarski PARKAN;(84)6830079;;
Zakład Betoniarski PARKAN;605308664;;
Zakład Betoniarski PARKAN;(15)8740209;;
Zakład Betoniarski PARKAN;602176951;;
Zakład Betoniarski Piotrowscy;(61)4372079;;
Zakład Betoniarski Piotrowscy;(61)4372947;;
Zakład Betoniarski Prefabrykatów Budowlanych S.c. W.Wojtaszewski, I.Opala;(41)3727383;;
Zakład Betoniarski Prefabrykatów Budowlanych S.c. W.Wojtaszewski, I.Opala;(41)3751352;;
Zakład Betoniarski S.c.;(32)4302688;;
Zakład Betoniarski Sławomir Nowak;605340105;;
Zakład Betoniarski Sławomir Nowak;508545312;;
Zakład Betoniarski Sp.j.;(63)2701541;;
Zakład Betoniarski Sp.j.;609479652;;
ZAKŁAD BETONIARSKI Stanisław Basiński Bożacin;(52)3027356;;
ZAKŁAD BETONIARSKI Stanisław Basiński Bożacin;(52)3027388;;
Zakład Betoniarski Szendzielarz Damian;(77)4668451;;
Zakład Betoniarski TOM-BET;693092917;;
Zakład Betoniarski TT BRUK;(17)7728760;;
Zakład Betoniarski TT BRUK;(17)7728957;;
Zakład Betoniarski Zdzisław i Krzysztof Izdebscy Sp. z o.o.;604752694;;
Zakład Betoniarski ZOF-BET Zofia i Boleslaw Puterla Sp.j.;(17)8560340;;
Zakład Betoniarski ZOF-BET Zofia i Boleslaw Puterla Sp.j.;(17)8560242;;
Zakład Betoniarsko-Murarski Jerzy Jagos;(77)4219401;;
Zakład Brukarsko Betoniarski BERCZYK;(14)6705570;;
Zakład Budowlano-Betoniarski mgr inż. Andrzej Mizera;(32)6708925;;
Zakład Budowlano-Betoniarski mgr inż. Andrzej Mizera;(32)6708960;;
Zakład Budowlany Janina Zakrzewska-Pieślak;(68)3469284;;
Zakład Budowlany Janina Zakrzewska-Pieślak;(68)3226540;;
Zakład Mechaniczno Budowlany MECH-BUD;(23)6729466;;
Zakład Mechaniczno Budowlany MECH-BUD;797396687;;
Zakład Ogólnobudowlany Zbigniew Plak;(67)2634806;;
Zakład Prefabrykacji BARKOCZYN Sp. z o.o.;(58)6882057;;
Zakład Prefabrykacji BARKOCZYN Sp. z o.o.;(58)6804140;;
Zakład Prefabrykacji Betonów BETMEL Sp. z o.o.;(75)7323608;;
Zakład Prefabrykacji Betonów BETMEL Sp. z o.o.;664717036;;
Zakład Prefabrykacyjno-Budowlany PREBUD S.c.;(18)2655563;;
Zakład Prefabrykacyjno-Budowlany PREBUD S.c.;(18)2655590;;
Zakład Produkcji Betonu - KAMBUD INWESTYCJE Sp. z o.o. Sp.komandytowa;(23)6554331;;
Zakład Produkcji Betonu J&SW;888560888;;
Zakład Produkcji Betonu J&SW;(32)2151684;;
Zakład Produkcji Betonu KamBud;(23)6554331;;
Zakład Produkcji Betonu KamBud;501717268;;
Zakład Produkcji Materiałów Budowlanych Wojciech Wołowicz;603581280;;
Zakład Produkcji Materiałów Budowlanych Wojciech Wołowicz;661261642;;
Zakład Produkcji Wyrobów Betonowych BETBUD Sp.j.;(15)8226319;;
Zakład Produkcji Wyrobów Betonowych BETBUD Sp.j.;(15)8226300;;
Zakład Produkcujno Handlowo Usługowy - mgr inż. Piotr Paluszak;(95)7510500;;
Zakład Produkcujno Handlowo Usługowy - mgr inż. Piotr Paluszak;603396764;;
Zakład Produkcyjno Handlowy BUDMET S.c.;(32)2871691;;
Zakład Produkcyjno Handlowy BUDMET S.c.;605597693;;
Zakład Produkcyjno-Handlowy B&M Janusz Wereszczak;(84)6642456;;
Zakład Produkcyjno-Handlowy B&M Janusz Wereszczak;(84)6644750;;
Zakład Produkcyjno-Usługowo-Handlowy MATUSZCZYK;(41)3572062;;
Zakład Produkcyjno-Usługowo-Handlowy MATUSZCZYK;(41)3572240;;
Zakład Produkcyjny HABS;504206172;;
Zakład Produkcyjny HABS;504206182;;
Zakład Remontowo-Budowlany i Betoniarski Wacław Przybyszewski;601444566;;
Zakład Remontowo-Budowlany i Betoniarski Wacław Przybyszewski;663790220;;
Zakład Robót Brukarskich POLBRUK;(25)6250400;;
Zakład Robót Brukarskich POLBRUK;502396218;;
Zakład Transportowo-Handlowo-Produkcyjny POLIM-RAD Zbigniew Radzioch;(34)3596801;;
Zakład Transportowo-Handlowo-Produkcyjny POLIM-RAD Zbigniew Radzioch;(34)3596825;;
Zakład Transportowo-Sprzętowy Handlu i Usług PRO-BET Jerzy Kuśmierczyk;(52)3310068;;
Zakład Transportowo-Sprzętowy Handlu i Usług PRO-BET Jerzy Kuśmierczyk;601911408;;
Zakład Usług Budowlano-Drogowych DROGBUD Łukasz Michalski;507150290;;
Zakład Usługowo-Produkcyjny Sp. z o.o.;(68)3868400;;
Zakład Usługowo-Produkcyjny Sp. z o.o.;(68)3868550;;
Zakład Usługowy Remontowo-Budowlany Henryk Oleksiak;(22)7990324;;
Zakład Usługowy Remontowo-Budowlany Henryk Oleksiak;506266400;;
Zakład Wyrobów Betonowych Beton-Styl;(034)3236807;;
Zakład Wyrobów Betonowych LEWTAK S.c.;(81)8552535;;
Zakład Wyrobów Betonowych LEWTAK S.c.;(81)8546311;;
Zakład Wyrobów Betonowych Pabich Zbigniew;(65)5490089;;
Zakłady Produkcji Betonów PREFBET Sp. z o.o. w Powodowie;(68)3843823;;
Zakłady Produkcji Betonów PREFBET Sp. z o.o. w Powodowie;(68)3843829;;
ZAMBET Odrzykoń Sp.j.;(13)4360485;;
Zawmark;(63)2795131;;
Zawmark;604321236;;
ZDZICH-BUD;(94)3142940;;
ZDZICH-BUD;602128308;;
ZELBO Szczytno Bedra-Gołąb Sp.j.;(89)6242289;;
ZET-BET Wyroby Betonowe;784125449;;
ZET-BET Wyroby Betonowe;(34)3282217;;
ZPH BET-BUD;(25)7812129;;
ZPH BET-BUD;604213711;;
ZPHU BETONIARNIA Jerzy Mikołajek;(14)6861600;;
ZPHU BETONIARNIA Jerzy Mikołajek;(14)6863633;;
ZPHU BRATBUD;(48)3665143;;
ZPHU FERRUM BET;(44)7102525;;
ZPHU FERRUM BET;509220625;;
ZPHU Lew-Mal Andrzej Lewandowski;(44)7102496;;
ZPHU Lew-Mal Andrzej Lewandowski;501144575;;
ŻANEX Sp. z o.o.;(18)2664110;;
ŻANEX Sp. z o.o.;(18)2648470;;
ŻELBET Sp. z o.o. Sp.komandytowa;531778500;;
ŻELBET Sp. z o.o. Sp.komandytowa;691677486;;
ŻELBET-MONTEX Sp. z o.o.;(34)3650328;;
Expres-Servis Pompy do Betonu;505864849;;
POLIBAU;733444385;;
POLIBAU;511832352;;
A.H.U. DIAMEX Wojciech Dudzik;(41)3110342;;
A.H.U. DIAMEX Wojciech Dudzik;601528434;;
ABH-Biuro Inżynierskie;(56)6742916;;
ABH-Biuro Inżynierskie;609734641;;
AFFABRE Sp. z o.o.;(52)3421160;;
AFFABRE Sp. z o.o.;(52)3453045;;
AGROBUD Sp. z o.o.;(94)3466778;;
AGROBUD Sp. z o.o.;(94)3426276;;
Androimpex Domieszki do Betonu;(33)8751950-BiuroZarządu;;
Androimpex Domieszki do Betonu;(33)8751940-Działhandlowy;;
ANKRI;(71)7339574;;
ANMAR Mariusz Gnych;(71)3521015;;
ANMAR Mariusz Gnych;601701799;;
ANMARBUD Marek Anciar;(94)3757404;;
ANMARBUD Marek Anciar;666222600;;
ARHEN;(22)7240462;;
ARHEN;608041602;;
Artykuły Polam - Sklep Internetowy artpo.eu;(68)4111353;;
Artykuły Polam - Sklep Internetowy artpo.eu;(68)3870209;;
AS-BET;(62)7419791;;
ATS Materiały Budowlane;(22)8427202;;
ATS Materiały Budowlane;(22)8587728;;
BALTEX Materiały Budowlane Sp. z o.o.;(58)6994817;;
BALTEX Materiały Budowlane Sp. z o.o.;(58)6994815;;
BATEX Maszyny Budowlane S.c.;(22)8341247;;
BATEX Maszyny Budowlane S.c.;601981725;;
BERGER BAU POLSKA Sp. z o.o.;(71)3566800;;
BERGER BAU POLSKA Sp. z o.o.;(71)3566899;;
Bet-Mix Wojciech Lelek;501651600;;
Bet-Mix Wojciech Lelek;(12)3977815;;
BETON-BUD Sp. z o.o.;(62)7382607;;
BETON-BUD Sp. z o.o.;(62)7382478;;
Beton-Stal Ostrołęka Sp. z o.o.;(29)7691259;;
Beton-Stal Ostrołęka Sp. z o.o.;(29)7691400;;
BETONEX;504041126;;
BETONEX;508234268;;
Betoniarnia STANBET;500280129;;
Betoniarnia STANBET;607667564;;
BS SYSTEM Sp. z o.o. Sp.komandytowa;(91)8343474;;
BS SYSTEM Sp. z o.o. Sp.komandytowa;(91)8343475;;
BUD-POL T.Modliński, Ł.Bajdoł;(32)2264617;;
BUD-POL T.Modliński, Ł.Bajdoł;512071719;;
BUDBET S.c. Prefabrykaty Żelbetowe;(12)6535346;;
BUDBET S.c. Prefabrykaty Żelbetowe;(12)6535345;;
BUDET;(22)7741515;;
BUDET;(22)7822515;;
BUDNEX Sp. z o.o.;(95)7250564SiedzibaFirmy;;
BUDNEX Sp. z o.o.;(95)7250642SiedzibaFirmy;;
Budokor Gdynia;(58)6203893;;
Budokor Gdynia;(58)6207489;;
BUDROMAT Kostka Brukowa i Galanteria Betonowa Leszek Kuprel;(85)7165835;;
BUDROMAT Kostka Brukowa i Galanteria Betonowa Leszek Kuprel;(85)7164232;;
BUDWOJ Sp. z o.o. Sp.komandytowa;(41)3572294;;
BUDWOJ Sp. z o.o. Sp.komandytowa;(41)3573602;;
Buerkle Sp. z o.o. (Bürkle Sp. z o.o.);(75)7824915;;
Buerkle Sp. z o.o. (Bürkle Sp. z o.o.);(75)7824916;;
CEMBLOK P.W. S. Bielenda;(17)7715531;;
CEMBLOK P.W. S. Bielenda;602792499;;
Cementownia ODRA S.A.;(77)4020810;;
Cementownia ODRA S.A.;(77)4542860;;
Cemex Polska Sp. z o.o.;(22)5714100;;
Cemex Polska Sp. z o.o.;(22)5714101;;
Centrum Dekoracji Wnętrz DEKOKOLOR;(22)3130161;;
Centrum Dekoracji Wnętrz DEKOKOLOR;501091068;;
Centrum Obrotu Materiałami Budowlanymi PADONA Sp. z o.o.;(032)3843044;;
Centrum Obrotu Materiałami Budowlanymi PADONA Sp. z o.o.;505019725;;
Comercja;(14)6332963;;
Concrete;(34)3620378;;
Concrete;(34)3906572;;
CONCRETE System;693077806;;
CONCRETE System;693550057;;
Curb-Tec Europe Sp.j.;(22)2660628;;
Curb-Tec Europe Sp.j.;(22)3797599;;
Dachcentrum Marcin Orzechowski;600077022;;
DAR`C Zakład Usług Remontowych;(32)2781355;;
DAR`C Zakład Usług Remontowych;(32)3700439;;
Dembet;(32)2607818;;
Dembet;600500624;;
Diam-Bet;(85)6632188;;
Diam-Bet;784537286;;
DombuD DD Hurtownia Budowlana;(34)3201008;;
DombuD DD Hurtownia Budowlana;509587616;;
DOMITRZ IRENEUSZ Betoniarstwo;(61)8147229;;
DOMITRZ IRENEUSZ Betoniarstwo;501557929;;
DORA;(61)8140547;;
DORA;(61)8149106;;
Doża Sp.j. Jan Doroba i Michał Żaczek;(42)2140328;;
Doża Sp.j. Jan Doroba i Michał Żaczek;601330535;;
DROGBET Sp.j.;(81)8810624;;
DROGBET Sp.j.;602651140;;
DROKAN-2 Jan Nogalski;(32)2198011;;
DROKAN-2 Jan Nogalski;(32)2190625;;
DROMAK Sp. z o.o.;(43)8248260;;
DROMAK Sp. z o.o.;(43)8233676;;
E.R-TRANS Walenciak;(42)6492626;;
E.R-TRANS Walenciak;602372403;;
E&P Walczak - Zakład Wyrobów Betoniarskich i Nagrobkowych;(62)7416525;;
E&P Walczak - Zakład Wyrobów Betoniarskich i Nagrobkowych;604537610;;
ECOMES Sp. z o.o.;(32)7859999;;
EDF Ekoserwis Sp. z o.o.;(71)3238817;;
EDF Ekoserwis Sp. z o.o.;(71)3238978;;
EGBUD Przedsiębiorstwo Budownictwa Górniczego i Energetycznego Sp. z o.o.;(75)7732406;;
EGBUD Przedsiębiorstwo Budownictwa Górniczego i Energetycznego Sp. z o.o.;(75)7723800;;
EKO-BET Sp. z o.o.;(94)3670480;;
EKO-BET Sp. z o.o.;(94)3671826;;
Eko-Elbud Gólczyński Sp. z o.o.;(95)7204884;;
Eko-Elbud Gólczyński Sp. z o.o.;(95)7204885;;
ELTUR-WAPORE Sp. z o.o.;(75)7723601;;
ELTUR-WAPORE Sp. z o.o.;(75)6452961;;
EMCI Sp. z o.o.;535040040;;
EMCI Sp. z o.o.;(22)4561919;;
ERAL Usługi Techniczne;(24)3673383;;
ERAL Usługi Techniczne;(24)3673373;;
EURO-GIPS Adam Prajwocki;(94)3517559-ul.Rybacka13;;
EURO-GIPS Adam Prajwocki;(94)3544221-ul.Jasna14;;
EURO-POL Henryk Kina, Reynaldo Sobrino Difur;(75)7673220;;
EURO-POL Henryk Kina, Reynaldo Sobrino Difur;608637140;;
F.H.U POL-KRUSZ;786045075;;
F.H.U POL-KRUSZ;603039288;;
F.H.U. Kamieniarstwo-Betoniarstwo Kowalski Józef;(32)4552561;;
F.P.H.U. ZIELONKA;784392132;;
F.P.H.U. ZIELONKA;604194767;;
F.P.U.H. Andur;662008121;;
F.P.U.H. Andur;606331091;;
F.U.H. NOWAK Marcin i Aneta Nowak Sp.j.;(77)4673344;;
Fabryka Domów BOGUCIN;(48)6210199;;
Fabryka Domów BOGUCIN;(48)6210241;;
Fabryka Domów PREFADOM Sp. z o.o.;(095)7229240;;
Fabryka Domów PREFADOM Sp. z o.o.;(095)7282540;;
Fabryka Ogrodzeń Betonowych & Zakład Brukarski Janusz Grzegorczyk;(061)4382916;;
Fabryka Ogrodzeń Betonowych & Zakład Brukarski Janusz Grzegorczyk;(061)4382831;;
Firma BARABAŚ;(76)8415087;;
Firma BARABAŚ;(76)7437055;;
Firma Budowlana GMBUD;693999560;;
Firma Budowlano-Drogowa MTM S.A.;(58)6235692;;
Firma Budowlano-Drogowa MTM S.A.;(58)6237961;;
Firma RESZKA S.c.;(44)7192804;;
Firma RESZKA S.c.;(44)7193119;;
Firma Rodzinna DRO-BET MUSOLF Sp. z o.o.;(52)3978624;;
Firma Rodzinna DRO-BET MUSOLF Sp. z o.o.;(52)3967138;;
Firma SŁUPECCY;(23)6931290;;
Firma SŁUPECCY;605238977;;
Freyssinet Polska Sp. z o.o.;(22)2031700;;
Freyssinet Polska Sp. z o.o.;(22)2031722;;
G.M. BUD;602284997;;
G.M. BUD;602335776;;
G.M. GRANIX;509075418;;
G.M. GRANIX;608591829;;
GIRLS-BUD Sp. z o.o.;(22)7221358;;
GIRLS-BUD Sp. z o.o.;693967624;;
GO-TRAKT;507142114Łódź;;
GO-TRAKT;507142117Stryków;;
Grupa Firm NOGAJ;(48)3652464;;
Grupa Firm NOGAJ;(48)3851186;;
Grześ-Dach;(61)4445911;;
Grześ-Dach;604190534;;
Hurtownie Materiałów Budowlanych BROKER;(58)5633045;;
HYDROBUD-Przeworsk Sp. z o.o.;(16)6491100;;
HYDROBUD-Przeworsk Sp. z o.o.;(16)6491103;;
ISO-DOM;(32)2180374;;
IZOLEX Sp z o.o. płyty drogowe, płyty jomb;(58)5882261;;
IZOLEX Sp z o.o. płyty drogowe, płyty jomb;(58)5882911;;
JADAR NT;(18)2664970;;
JADAR NT;(18)2664380;;
JADAR Sp. z o.o.;(48)3690900;;
JADAR Sp. z o.o.;(48)3690910;;
JAR S.c.;(17)2219311;;
JAR S.c.;(17)2299677;;
JARBUD Materiały Budowlane;(22)6123271;;
JARBUD Materiały Budowlane;(22)7837754;;
JAWA Skład Budowlany;(75)7348435;;
JAWA Skład Budowlany;(75)7320524;;
JD Trade Sp. z o.o.;(77)4419803;;
JD Trade Sp. z o.o.;(77)4419800;;
Kamieniarstwo Betoniarstwo Janusz Łabenda;(61)2818255;;
Kamieniarstwo Betoniarstwo Janusz Łabenda;(61)2818038;;
KAN Sp. z o.o.;(44)7313333;;
KAN Sp. z o.o.;(44)7313335;;
KAZBET;(012)2649402;;
KCMB Beton-Stal P.Kubicki, R.Kubicka;(41)3454991;;
KCMB Beton-Stal P.Kubicki, R.Kubicka;503142310;;
KERAMZYT Sp. z o.o. Przedsiębiorstwo Kruszyw Lekkich;(46)8571710;;
KERAMZYT Sp. z o.o. Przedsiębiorstwo Kruszyw Lekkich;(46)8571714;;
Kolumny Architektoniczne i Betonowe;(33)8160915;;
Kolumny Architektoniczne i Betonowe;609890888;;
KOST-BET Producent Kostki Brukowej;(34)3283025;;
KOST-BET Producent Kostki Brukowej;(34)3283029;;
KOSTBET Sp. z o.o.;(58)6848543;;
KOSTBET Sp. z o.o.;602655356;;
Kristrans;(58)6846042;;
Kristrans;(58)6843383;;
KROSBUD S.c. P.Karolak, I.Pniewski;(95)7376146;;
KROSBUD S.c. P.Karolak, I.Pniewski;693223833;;
Krupa Trading Sp. z o.o. Dystrybucja Materiałów i Chemii Budowlanej;(22)4275279;;
Krupa Trading Sp. z o.o. Dystrybucja Materiałów i Chemii Budowlanej;507165825;;
Krusztar Sp. z o.o.;503118618;;
Kulik & Kusideł Sp.j.;(74)8534283;;
LEAR Sp.j.;(44)6328281;;
LEAR Sp.j.;(44)6332042;;
LEG-TUR Sp.j. Produkcja Materiałów Budowlanych;(71)3178092;;
LEG-TUR Sp.j. Produkcja Materiałów Budowlanych;(71)3178509;;
Legros Producent Płyt Drogowych;(32)4210993;;
Legros Producent Płyt Drogowych;608359701;;
MajsterShop.pl - PHU MAXX;501537391;;
MajsterShop.pl - PHU MAXX;503179809;;
MAKSBUD Sp. z o.o. Przedsiębiorstwo Drogowo-Mostowe;(85)7303284;;
MAKSBUD Sp. z o.o. Przedsiębiorstwo Drogowo-Mostowe;(85)7302925;;
MARKBUD Sp. z o.o. w Poddębicach;(43)6783896;;
MARKBUD Sp. z o.o. w Poddębicach;609853145;;
Materiały Budowlane BUDMAR Sp z o.o.;(17)2252825;;
Materiały Budowlane BUDMAR Sp z o.o.;(17)2252704;;
MATMEN Usługi Remontowo-Budowlane;(12)6539535;;
MATMEN Usługi Remontowo-Budowlane;510088143;;
MAXBET Sp. z o.o.;(42)6400197;;
MAXBET Sp. z o.o.;(42)6432755;;
Miejskie Przedsiębiorstwo Dróg i Mostów Sp. z o.o.;(017)8533631;;
Miejskie Przedsiębiorstwo Dróg i Mostów Sp. z o.o.;(017)8537018;;
MIK - TRANSBET Janusz Mikuła;601932028;;
MIK - TRANSBET Janusz Mikuła;(74)8313425;;
MIKOMAX;515130620;;
MK Budownictwo Sp. z o.o.;781979072;;
MK Budownictwo Sp. z o.o.;(34)3286174;;
Mo-Bruk Zakład Odzysku Odpadów;(18)4417048;;
Mo-Bruk Zakład Odzysku Odpadów;(18)4417099;;
Nadir Sp. z o.o.;(32)4330585-86;;
Nadir Sp. z o.o.;(32)4330580;;
Nazali Naft Hurt-Detal;(55)2421162Paliwa;;
Nazali Naft Hurt-Detal;(55)2422971;;
NIWA;(18)2773615;;
NIWA;(18)2773640;;
NOE-PL Sp. z o.o.;(22)8530091;;
NOE-PL Sp. z o.o.;(22)8536171;;
Ogrodzenia Betonowe Łukasz Rybus;502084057;;
Ogrodzenia Betonowe Łukasz Rybus;(46)8382424;;
OLBET PW Olszowski J.;(33)8652502;;
OLBET PW Olszowski J.;(33)8652503;;
OWRON Krzysztof Kasperek;503868366;;
P.H.U. PARAD;500131254;;
P.H.U. WEREK;601639322;;
P.H.U. WEREK;691966527;;
P.P.H.U. JUMAR S.c. Technika Diamentowa;(41)3114747;;
P.P.H.U. JUMAR S.c. Technika Diamentowa;502370436;;
P.P.H.U. Trans-Kom;(46)8314061;;
P.P.H.U. Trans-Kom;(46)8339205;;
P.P.H.U. Wi-Pol;(22)7363575;;
P.P.H.U. Wi-Pol;606666444;;
P.P.H.U. Wytwórnia Materiałów Budowlanych H.Załęski J.Nitowski Sp.j.;(81)7514948;;
P.P.H.U. Wytwórnia Materiałów Budowlanych H.Załęski J.Nitowski Sp.j.;(81)4685359;;
P.P.U.H SOLID Michał Brela;(41)3073414;;
P.P.U.H SOLID Michał Brela;668855005;;
P.P.U.H. LAS-BET Stanisław Janiszewski;602116425;;
P.P.U.H. LAS-BET Stanisław Janiszewski;(34)3588395;;
P.V. PREFABET Kluczbork S.A.;(77)4471041;;
P.V. PREFABET Kluczbork S.A.;(77)4471040;;
P.W. DĄB-BET;663808301;;
P.W. RAK-BUD Raczkowski i Wspólnicy Sp.j.;(85)7474223;;
P.W. RAK-BUD Raczkowski i Wspólnicy Sp.j.;(85)6632883;;
P.W. SMOLNIK Barbara Smolnik;(32)4400341;;
P.W. SMOLNIK Barbara Smolnik;(32)4400342;;
PBM Stylbud;(62)5924280;;
PBM Stylbud;604308724;;
PEPEBE Włocławek Przedsiębiorstwo Państwowe;(54)2355014;;
PEPEBE Włocławek Przedsiębiorstwo Państwowe;(54)2355412;;
PHU JAN-TAR Anna Janowska;(22)4034514;;
PHU JAN-TAR Anna Janowska;602250258;;
POZAMENT-POLAND Sp. z o.o.;(32)2386934;;
PPH Chemabud Hubert Trzciński;501163728;;
PPH Chemabud Hubert Trzciński;(22)7989892;;
PPH CIS S.c. Konrad Malinowski Alicja Malinowska-Kowal;(68)3201544;;
PPH CIS S.c. Konrad Malinowski Alicja Malinowska-Kowal;512308766;;
PPH HYDRO-TERM Sp. z o.o.;(43)8238960;;
PPH HYDRO-TERM Sp. z o.o.;(43)8247138;;
PPH HYDRO-TERM Sp. z o.o. Oddział Piotrków Trybunalski;(44)6471050;;
PPUH MEGBUD;(14)6213686;;
PPUH MEGBUD;(14)6219744;;
PREF-BUD Bronisław Biedulski;(89)5148521;;
PREF-BUD Bronisław Biedulski;601654525;;
PREFABET Sp. z o.o.;(87)5662461;;
PREFABET Sp. z o.o.;505130640;;
PRIMBUD Sp. z o.o.;(15)8414905;;
PRIMBUD Sp. z o.o.;(15)8415503;;
Przedsiębiorstwo Budowlane AMBIT Sp. z o.o.;(65)5389900;;
Przedsiębiorstwo Budowlane AMBIT Sp. z o.o.;(65)5389901;;
Przedsiębiorstwo Budowlane CAKO Sp. z o.o.;(74)8681543;;
Przedsiębiorstwo Budowlane CAKO Sp. z o.o.;(74)8682678;;
Przedsiębiorstwo Budowlane MHM PAECH;(095)7488600;;
Przedsiębiorstwo Budowlane MHM PAECH;(095)7488601;;
Przedsiębiorstwo Budowlane Puławy Sp. z o.o.;(81)8863481;;
Przedsiębiorstwo Budowlane Puławy Sp. z o.o.;(81)8863485;;
Przedsiębiorstwo Budownictwa Inżynieryjno-Hydrotechnicznego INŻBUD Sp.j.;(33)8543417;;
Przedsiębiorstwo Budownictwa Przemysłowego PETROBUDOWA;(24)3674500;;
Przedsiębiorstwo Budownictwa Przemysłowego PETROBUDOWA;(24)3674503;;
Przedsiębiorstwo Drogowe WOJTRANS;(41)3861252;;
Przedsiębiorstwo Drogowe WOJTRANS;(41)3866340;;
Przedsiębiorstwo Drogowo-Budowlane HARAT Sp.j.;(59)8575985;;
Przedsiębiorstwo Drogowo-Budowlane HARAT Sp.j.;697890007;;
Przedsiębiorstwo Elementów Betonowych ELBET Zenon Matuszewski;(41)3946600;;
Przedsiębiorstwo Elementów Betonowych ELBET Zenon Matuszewski;(41)3946603;;
Przedsiębiorstwo Handlowo Usługowe JAWIS Export-Import;(24)2772050;;
Przedsiębiorstwo Handlowo Usługowe JAWIS Export-Import;(24)2634969;;
Przedsiębiorstwo Inżynieryjne IMB Podbeskidzie Sp. z o.o.;(33)8532565;;
Przedsiębiorstwo Inżynieryjne IMB Podbeskidzie Sp. z o.o.;(33)8532566;;
Przedsiębiorstwo PROBUD;(32)2321709;;
Przedsiębiorstwo PROBUD;(32)2321878;;
Przedsiębiorstwo Produkcyjno-Usługowe ŁĘŻYK Zygmunt Łężyk;(58)6917844;;
Przedsiębiorstwo Produkcyjno-Usługowe ŁĘŻYK Zygmunt Łężyk;(58)6917845;;
Przedsiębiorstwo Produkcyjno-Usługowo-Handlowe FABET;(32)6742080;;
Przedsiębiorstwo Produkcyjno-Usługowo-Handlowe FABET;(32)6780130;;
Przedsiębiorstwo Remontowo - Budowlane REBUD;(76)8355974;;
Przedsiębiorstwo Wielobranżowe KOLMAX;695364381;;
Przedsiębiorstwo Wielobranżowe KOLMAX;(42)6846812;;
Przedsiębiorstwo Wielobranżowe TRANSDŹWIG;(15)8234884;;
Przedsiębiorstwo Wielobranżowe TRANSDŹWIG;(15)8235872;;
RAPATECH Przedsiębiorstwo Specjalistyczne Rafał Komisarczyk;510915246;;
REKERS POLSKA Sp. z o.o. Sp.komandytowa;(32)7212118;;
REKERS POLSKA Sp. z o.o. Sp.komandytowa;(32)7212119;;
RO-CAL Sp.j.;(33)8451557;;
RO-CAL Sp.j.;604790960;;
ROL-MAT BIS;603915161;;
ROL-MAT BIS;(65)5496001;;
ROMAN JERECZEK;(59)8225866;;
ROMAN JERECZEK;607686103;;
ROMAX S.c.;601056105;;
ROMAX S.c.;793665022;;
ROSIŃSKI LOGISTICS Filip Rosiński;(43)6569598;;
Roz-Ann Sławomir Rozbicki;(25)7594000;;
Roz-Ann Sławomir Rozbicki;607142558;;
SAMBOR Auto-Pol;501447645;;
SAMBOR Auto-Pol;518860196;;
Sądeckie Zakłady Eksploatacji Kruszywa S.A. w Nowym Sączu;(18)4438305;;
Sądeckie Zakłady Eksploatacji Kruszywa S.A. w Nowym Sączu;(18)4438298;;
SILAT - Hurtownia Materiałów Budowlanych i Wykończeniowych;(32)4736021;;
Silver-Cooper Sp.j.;(62)7637045;;
Silver-Cooper Sp.j.;692427077;;
SITCONTEC Polska Sp. z o.o.;(75)6126864;;
SITCONTEC Polska Sp. z o.o.;(75)6126863;;
Skład Budowlany Allmat;(17)2428443;;
Składy Budowlane SAMWO Sp. z o.o.;(52)3798660;;
Składy Budowlane SAMWO Sp. z o.o.;(52)3798690;;
SPB Cięcie Betonu;(89)7551491;;
SPB Cięcie Betonu;606395556;;
SPEC-BET Małgorzata Paszkowska;(48)3603131;;
SPEC-BET Małgorzata Paszkowska;(48)3655777;;
Spółdzielnia Inwestycji i Budownictwa w Łowiczu;(46)8373279;;
Spółdzielnia Inwestycji i Budownictwa w Łowiczu;(46)8374138;;
STALPRZEM Sp. z o.o.;(15)8420951;;
STALPRZEM Sp. z o.o.;(15)8422123;;
Stowarzyszenie Producentów Betonów;(022)6436479;;
Stowarzyszenie Producentów Betonów;(022)6437841;;
STRUNBET Sp. z o.o. Wytwórnia Podkładów Strunobetonowych;(14)6752300;;
STRUNBET Sp. z o.o. Wytwórnia Podkładów Strunobetonowych;(14)6752340;;
Strzegomskie Zakłady Mechaniczne ZREMB S.A.;(74)6494300;;
Strzegomskie Zakłady Mechaniczne ZREMB S.A.;(74)6494310;;
TARCOPOL Sp. z o.o. Oddział Wrocław TPM-Consulting;(71)7954025;;
TARCOPOL Sp. z o.o. Oddział Wrocław TPM-Consulting;(71)7954023;;
Technika Diamentowa DOR-BUD;609371722;;
Tecwill Polska Sp. z o.o.;(58)3494067;;
Tecwill Polska Sp. z o.o.;(58)3495626;;
Toruńskie Przedsiębiorstwo Budownictwa Przemysłowego;(56)6599168;;
Trans-Bet;(017)8710347;;
Trans-Bet;(017)8719308;;
TRANS-ŻWIR Jasińscy;(48)3816189;;
TRANS-ŻWIR Jasińscy;602773245;;
TYTANIUM RENTAL Sp. z o.o. Oddział Gdańsk;(58)6823122;;
TYTANIUM RENTAL Sp. z o.o. Oddział Gdańsk;697090700;;
TYTANIUM RENTAL Sp. z o.o. Oddział Kielce;(41)3427027;;
TYTANIUM RENTAL Sp. z o.o. Oddział Poznań;(61)8162066;;
TYTANIUM RENTAL Sp. z o.o. Oddział Poznań;663380086;;
TYTANIUM RENTAL Sp. z o.o. Oddział Szczecin;(91)4313695;;
TYTANIUM RENTAL Sp. z o.o. Oddział Szczecin;(91)4313696;;
TYTANIUM RENTAL Sp. z o.o. Oddział Warszawa;(22)8460001;;
TYTANIUM RENTAL Sp. z o.o. Oddział Warszawa;691230053;;
UNIFLOOR Posadzki Przemysłowe;(33)4976620;;
UNIFLOOR Posadzki Przemysłowe;515286502;;
Usługi Ogólnobudowlane Luk-Bau;788460235;;
Usługi Remontowo-Budowlane;667564829;;
Usługi Remontowo-Budowlane;609232720;;
USŁUGOWY ZAKŁAD BETONIARSKI Jerzy Grześkowiak;(94)3127886;;
USŁUGOWY ZAKŁAD BETONIARSKI Jerzy Grześkowiak;517088933;;
WAŚCIŃSKI Transport-Handel-Usługi;515762884;;
WAŚCIŃSKI Transport-Handel-Usługi;(65)5471511;;
WAW-BET S.c.;(34)3699091;;
WAW-BET S.c.;(34)3699230;;
WIATR-BUD;(46)8159456;;
WIATR-BUD;509972906;;
WINECKI S.c.;(34)3170758;;
WŁODAN Andrzej Włodarczyk Sp.j.;(42)2115951-53;;
WŁODAN Andrzej Włodarczyk Sp.j.;(42)2113962;;
WODPOL-BUD Sp. z o.o.;(22)8114565;;
WODPOL-BUD Sp. z o.o.;(22)8142841;;
WPPHU Art-Bet Irena Jankowiak;(61)2853432;;
WPPHU Art-Bet Irena Jankowiak;(61)2870440;;
Wytwórnia Betonów Prefabrykowanych PREDOM S.A.;(76)7463220;;
Wytwórnia Betonów Prefabrykowanych PREDOM S.A.;(76)7463228;;
Wytwórnia Materiałów Budowlanych S.c. B.Kozłowski, W.Kozłowski;(61)4472833;;
Wytwórnia Materiałów Budowlanych S.c. B.Kozłowski, W.Kozłowski;602486248;;
XILO Świat Łazienek;666859061;;
XILO Świat Łazienek;(42)6830005;;
Z.P.H.U. KB Bogdan Król;(41)3667485;;
Z.P.H.U. KB Bogdan Król;691399514;;
Z.P.H.U. MADOK;(32)2384625;;
Z.P.H.U. MADOK;602450574;;
Z.P.H.U. MAŁRO Małgorzata Dratwa;(32)2387305;;
Z.P.H.U. MAŁRO Małgorzata Dratwa;(32)2387430;;
Z.P.H.U. MARBUD S.Król;(52)5817975;;
Z.P.H.U. MARBUD S.Król;602684452;;
Z.P.H.U. TAR-BET;(44)7541734;;
Z.P.H.U. TAR-BET;502205936;;
Z.U.P.H. STAL-BET;(17)2273047;;
Zakład Betoniarski BALUSTRAL;691953801;;
Zakład Betoniarski BALUSTRAL;(012)6450689;;
Zakład Betoniarski Ewa Szczęsna;604333150;;
Zakład Betoniarski Ewa Szczęsna;(63)2702184;;
Zakład Betoniarski i Usługi Budowlane Zdzisław Kotecki;(89)7153526;;
Zakład Betoniarski i Usługi Budowlane Zdzisław Kotecki;697973526;;
Zakład Betoniarski Robert Kopiecki;(63)2708076;;
Zakład Betoniarski Robert Kopiecki;(63)2702238;;
Zakład Betoniarsko-Budowlany Grzybowski;(54)2337158;;
Zakład Betoniarsko-Budowlany Grzybowski;692235765;;
Zakład Betoniarsko-Kamieniarski Roman Smoczek;(61)8482683;;
Zakład Betoniarsko-Kamieniarski Roman Smoczek;602618749;;
Zakład Budowlano-Betoniarski KAMAR;(41)3844154;;
Zakład Budowlano-Betoniarski KAMAR;692692292;;
Zakład Materiałów Budowlanych WASIK;(48)6184252;;
Zakład Materiałów Budowlanych WASIK;(48)6184052;;
Zakład Ogólnobudowlany Kazimierz Strzelecki;(74)6455010;;
Zakład Ogólnobudowlany Kazimierz Strzelecki;602603182;;
Zakład Ogólnobudowlany Wyrób Prefabrykatów Betonowych;(33)4966467;;
Zakład Ogólnobudowlany Wyrób Prefabrykatów Betonowych;508110280;;
Zakład Produkcji Materiałów Budowlanych inż. Kazimierz Ginter Zakład Pracy Chronionej;(52)3974046;;
Zakład Produkcyjny STONEL;(86)2157550;;
Zakład Produkcyjny STONEL;516255439;;
Zakład Robót Drogowych i Melioracyjnych DROGMEL Jerzy Cegłowski;(61)8152008;;
Zakład Robót Drogowych i Melioracyjnych DROGMEL Jerzy Cegłowski;(61)8152061;;
Zakłady Betoniarskie w Kościukach;509253971;;
Zakłady Betoniarskie w Kościukach;(085)7171117;;
ZPHU UCIECHOWSKI Sp.j.;(62)7344268;;
ZPHU UCIECHOWSKI Sp.j.;(62)7344746;;
ZPUH Road Sp. z o.o.;(41)3945290-91;;
ZPUH Road Sp. z o.o.;(41)3942483;;
ŻWIR-TRANS S.c. M.B Gierczyński;(43)8243322;;
ŻWIR-TRANS S.c. M.B Gierczyński;609870000;;
ŻWIRBET Sp. z o.o.;(59)8434587;;
Żwiro-Bet Staszewski Włodzimierz;601256115;;
