Muraspec Sp. z o.o.;(22)6484467;;
Firma Usługowa FROG - Tapety natryskowe;(32)2094525;;
Firma Usługowa FROG - Tapety natryskowe;605897608;;
IDEA-BUD;608607468;;
IDEA-BUD;510055080;;
Przedsiębiorstwo Zaopatrzeniowe MARK-POL;(56)6890700;;
Przedsiębiorstwo Zaopatrzeniowe MARK-POL;(56)6890704;;
Salon Tapet EM3;(61)8102366;;
Salon Tapet EM3;604113419;;
SEMAR Sp.J.;(56)6886735;;
SEMAR Sp.J.;(56)6886675;;
ACM Sp. z o.o.;(42)6500135;;
ACM Sp. z o.o.;(42)6500119;;
F.P.H.U. VOMAX II Jacek Majewski;(56)6882101;;
F.P.H.U. VOMAX II Jacek Majewski;519182668;;
LUX-TAP Profesjonalne Tapetowanie;506589451;;
Tapety Ścienne Łódź;662245244;;
Tapety Ścienne Łódź;662245243;;
Remal;516031456;;
Remal;(14)6300664;;
B.M. Wnętrza - farby-dekoracje.pl;(42)6377844;;
B.M. Wnętrza - farby-dekoracje.pl;(42)6374873;;
BR WYKŁADZINY Bogdan Rosa;(22)8368051;;
Centrum Witek Karolina Witek;(12)6226325;;
Centrum Witek Karolina Witek;(12)6226201;;
DLH Polska Sp. z o.o.;(42)6740013;;
EXTRAL;(25)6446949;;
EXTRAL;(25)6333038;;
KBM Sp. z o.o.;(44)6336156;;
KBM Sp. z o.o.;(44)6337942;;
PARDOM S.c.;(12)2692700;;
PARDOM S.c.;(12)2669976;;
Pracownia Firanek i Zasłon Mirka Styl 2001;(61)8427026;;
Pracownia Firanek i Zasłon Mirka Styl 2001;505108111;;
STYL Studio Wnętrz;(61)8209213;;
STYL Studio Wnętrz;796386386;;
ARGO Salony Pięknych Wnętrz;(81)4775903;;
ARGO Salony Pięknych Wnętrz;(81)4775916;;
Firma Handlowa GRZESIK;(55)2722327;;
Firma handlowo-Usługowa KONICER S.c. Gabriela Konicer i Spółka;(67)2633435;;
UNIVERPOL Sp. z o.o.;603075006;;
UNIVERPOL Sp. z o.o.;(22)7732315;;
APRIORI S.c. A.Trzmiel, J.Trzmiel;(91)4645712;;
APRIORI S.c. A.Trzmiel, J.Trzmiel;(91)4238181;;
Centrum Wyposażenia Wnętrz GOJA;(61)4262705;;
COMO;(12)2641083;;
COMO;(12)2665308;;
ELEONORE - Design For Your Home;(71)3223681;;
ELEONORE - Design For Your Home;696284408;;
HERMES Dekoracja Okien i Tekstylia Hotelowe;(58)6712205;;
HERMES Dekoracja Okien i Tekstylia Hotelowe;534304050;;
NINA - FARBY, TAPETY Włodzimierz Krupiński;(61)8472776;;
NINA - FARBY, TAPETY Włodzimierz Krupiński;602324350;;
NOWAK-BUD Jacek Nowak;792036325;;
Salon Sztukaterii ATENA;606381230;;
Salon Sztukaterii ATENA;602725681;;
Spirydon-As Spyridon Cumanis;(91)4832044;;
Spirydon-As Spyridon Cumanis;(91)4328363;;
Tynki Dekoracyjne i Wykańczanie Wnętrz Rafał Suliga;693634533;;
AGA Kompleksowe Wyposażenie Wnętrz;(32)3164670;;
AlleTapety.pl;(34)3734215;;
ART-SYSTEM Andrzej Gogłuska;(83)3543425;;
ART-SYSTEM Andrzej Gogłuska;603513100;;
ARTFUNK Tapety;(71)3634394;;
ARTFUNK Tapety;508091398;;
ARYSTO Świat Tapet;886592899;;
ARYSTO Świat Tapet;(48)3628148;;
AZ-ART;608582502;;
BEAUTIFUL HOME;602109389;;
BISKO...o tapetach wiemy wszystko;(12)6351144;;
BISKO...o tapetach wiemy wszystko;(12)6351145;;
BUDEKS Sklep Internetowy eTapety.pl;793030649;;
BUDMAR Mariusz Molak;511509622;;
CENTRUM TAPET Stylowe Wnętrza;792521170;;
Coolhome.pl;512160995;;
Cykada Polska;(25)7515101;;
DARPOL;(94)3189511;;
DARPOL;504391790;;
DECO Studio Dekoracji Wnętrz;(81)5360233;;
Decor Maison Polska;(48)6675188;;
Decor Maison Polska;601058370;;
DECORWALL Jakub Wrześniewski;697280208;;
DEKO DECO Studio;(12)6331888;;
DEKO DECO Studio;512988999;;
Dekorator;502214009;;
Dekorator;517963319;;
DEKOSTUDIO;(61)6390113;;
DEKOSTUDIO;799025605;;
DMG Group;(32)7206839;;
DMG Group;(32)4416314;;
DOM-TOP;510246916;;
DOM-TOP;(81)4622523;;
DR HOUSE;607330130;;
DR HOUSE;605040010;;
DRYFEX Sp. z o.o.;(67)2106119;;
E.M. Tapety i Sztukaterie;(22)6510556;;
E.M. Tapety i Sztukaterie;501139077;;
EDO;(32)4222206;;
EDO;501067700;;
ERFURT & SOHN Polska Sp. z o.o.;(42)6376968;;
ERFURT & SOHN Polska Sp. z o.o.;(42)6367040;;
ESD - FAJNIEMIESZKAM.pl;609545609;;
F.H. Wiktoria D i M.Młynarczyk;(48)3603458-ul.Słowackiego;;
F.H. Wiktoria D i M.Młynarczyk;(48)3626638-ul.KellesKrauza;;
F.H.U. AGA;(32)2093905;;
F.H.U. FORMA;(82)5628485;;
F.H.U. FORMA;609844776;;
F.H.U.P Świat Kolorów;(12)6471828;;
Farby-Tapety.pl;(32)4223500;;
FHU ESPANOL;(12)6545996;;
FHU ESPANOL;888928807;;
FHU ROBIS Robert Stefański;601626324;;
FIGARO DESIGN;530018400;;
FIGARO DESIGN;(22)7416022;;
FIMACO;(017)8525084;;
Firma Handlowa TAPIS B.Wujczak, D.Wujczak Sp.j.;(65)5292333;;
Firma PIOTROWSKI - Sklep Internetowy OUTLET-TAPET.PL;530682722;;
Firma PSC;(71)3210321;;
Firma PSC;505967577;;
FotoDecorus Sp. z o.o.;(61)6690423;;
FotoDecorus Sp. z o.o.;(61)6661059;;
FreeDOM Ściany Wyjątkowe;669699224;;
GAMA Tapety;801000479;;
GAMA Tapety;(32)4457103;;
GEODAR S.c. Sklep Internetowy SILESIADECOR;(32)2208720;;
GEODAR S.c. Sklep Internetowy SILESIADECOR;(33)8124580;;
GreenFrog Studio Sklep Internetowy wzorownia.pl;661106200;;
GreenFrog Studio Sklep Internetowy wzorownia.pl;661106521;;
Haglund Polska Sp. z o.o.;(58)3451020;;
Haglund Polska Sp. z o.o.;(58)5523623;;
HALINKA;730067137;;
HIS-POL;(15)6415781;;
HIS-POL;512392092;;
HOME STYLE;(94)3522346;;
HOME STYLE;508103529;;
Home&Home;(22)4981782;;
Home&Home;534282840;;
Horton Kirby Poland Sp. z o.o.;(91)3113066;;
Hurtownia Tapet VENA;(61)8798055;;
Hurtownia Tapet VENA;509493900;;
IND & PAGE;530088000;;
INTER FIND AUTO INFO S.c. Rafał John, Tomasz John Sklep Internetowy Modnetapety.pl;(32)7691122;;
INTER FIND AUTO INFO S.c. Rafał John, Tomasz John Sklep Internetowy Modnetapety.pl;(32)7691144;;
JVD Sp. z o.o.;(81)5252450;;
JVD Sp. z o.o.;605589408;;
KrainaBarw.pl Mirosław Jankowski;(91)4843366;;
KrainaBarw.pl Mirosław Jankowski;530950630;;
LOVE YOUR HOME;602730700;;
MADA Paweł Różański;(43)8260006;;
MADA Paweł Różański;608472920;;
Mieszkanie jak Marzenie Beata Kamińska;(91)4615528;;
Mieszkanie jak Marzenie Beata Kamińska;508176073;;
MILWAR;501151311;;
MILWAR;(22)6123311;;
MINKA Ekologiczne Dekoracje do Wnętrz;691833262;;
MINKA Ekologiczne Dekoracje do Wnętrz;506599840;;
Modern-Wall;508065633;;
MS Tapety;519782605;;
NEWMOR Polska Sp. z o.o.;(12)6567260;;
NEWMOR Polska Sp. z o.o.;(12)6567261;;
OPTIMUM Sp. z o.o.;(33)8464420;;
OPTIMUM Sp. z o.o.;(33)8461288;;
P.H. TANIS;(62)7351170;;
P.H. TANIS;509302439;;
P.P.H.U. ARTKAR;(68)3266994;;
P.P.H.U. ARTKAR;(68)3240101;;
P.P.H.U. MADEX Henryk Mrowiec;(32)2170252;;
P.P.H.U. MADEX Henryk Mrowiec;(32)2176592;;
P.W LEDAR;(48)6293357;;
P.W LEDAR;(48)3811655;;
P.W. PAMA Seweryn Pawlik;(71)3491861;;
P.W. PAMA Seweryn Pawlik;(71)3494296;;
Papirus S.c.;(63)2784575;;
PHU D.T.D;(032)3952000;;
PHU INWESTOR - Sklep Internetowy KOLOROWO.com.pl;694032820;;
PHU INWESTOR - Sklep Internetowy KOLOROWO.com.pl;(85)6555426;;
POLAMI Walas i Walas Sp.j.;(12)6564375;;
POLAMI Walas i Walas Sp.j.;(12)4235424;;
Polmaster Contract Interiors;(22)6321150;;
PPH MONDI;(61)8798517;;
PPH MONDI;(61)8726254;;
PPHU BUDEXPOL;(34)3439215;;
PPHU BUDEXPOL;(34)3439304;;
PPHU InterDecora;(12)3888780;;
PPHU InterDecora;601868058;;
PROJECTUS;605614942;;
PROJECTUS;601667502;;
Przedsiębiorstwo TOBAC Tapety Ścienne;603851998;;
PRZEMKO S.c.;533980983;;
Qualia Anna Zajdel;509950998;;
Salon Nina - Galeria Arkada;(61)6390113;;
SALON TAPET;(32)7384451;;
SALON TAPET;(32)7384527;;
Sklep ALEX;500007289;;
Sklep Internetowy MagiaTapet.pl;792878326;;
Sklep Internetowy MIDEN;(58)3418450;;
Sklep Internetowy MIDEN;662145990;;
Sklep Internetowy Tapety w Sieci;(42)6121975;;
Sklep Przemysłowy Jan Dolibóg;(32)2886686;;
Sklep Tapety;(32)3860078;;
Sklep Tapety;602136758;;
Sklep TWÓJ DOM;695865445;;
Studio Projektowe Oba-Oba Sklep Internetowy literstyl.pl;667040014;;
Studio Tapet i Dekoracji;(22)8380819;;
Studio Tapet PW GAMAR;(52)3444853;;
Świat Tapet S.c.;533450717;;
Świat Tapet S.c.;667177739;;
TAP-CHEM;552324043;;
Tapetujemy-Lublin.pl Michał Pawlik;507131996;;
TAPETY Bożena Lewańska;(76)8506294;;
TAPETY Bożena Lewańska;(76)8524023;;
TopTapety;(83)3435584;;
UbierzŚciany.pl;607127212;;
VESCOM;604089798;;
Vinci Tapety Sp. z o.o. pieknetapety.pl;533353359;;
WALDHEN;(18)4413500;;
WALDHEN;(18)4443298;;
WEKTOR STUDIO Wojciech Skulski;606246901;;
WERNIKS S.c. Sklep PlejadaTapet.pl;(32)2866881;;
WORKSHOP Sklep Internetowy GLAMSTORE i ARTOFWALL;794689090;;
wyjatkowetapety.pl;(77)4160703;;
X-Stone Polska Sp. z o.o.;(24)2626352;;
Z.H.P Tapex;(34)3246980;;
Z.H.P Tapex;502373588;;
6 PLUS S.c.;(58)3453431;;
6 PLUS S.c.;507136953;;
AA STUDIO PROJECT;517236110;;
AA STUDIO PROJECT;535606202;;
ABC Tapety Sztukateria;(22)3532571;;
ABC Tapety Sztukateria;(22)3539199;;
ABO Dobre Wnętrza Przedsiębiorstwo Handlowe;(55)2210019;;
ABO Dobre Wnętrza Przedsiębiorstwo Handlowe;(55)2366010;;
Agnieszka Duda & Grupa Tsuuda Agamartin.com;533011400;;
ARBUZ CONSULTING;793640258;;
ARKA 2;(18)3373417;;
ARKA 2;(18)3375325;;
Art Deco Ireneusz Stanclik;600044841;;
Art Deco Ireneusz Stanclik;697221206;;
art kreator;509502087;;
Art-Zone Joanna Ostrowska;531491573;;
ArtDecor;(22)6510366;;
BERSO;508007219;;
BM Color;(22)7824264;;
BM Color;(22)8114264;;
BM Dystrybucja;(25)6330371;;
BM Dystrybucja;793419476;;
Caparol Color House;(22)7235071;;
Caparol Color House;516022686;;
Centrum Witek w Łomiankach;(22)7322215;;
Centrum Witek w Łomiankach;(22)7519927;;
Centrum Wzornictwa i Dekoracji Okien JOLLY Jolanta Lasocka;660456524;;
Centrum Wzornictwa i Dekoracji Okien JOLLY Jolanta Lasocka;227511675;;
Ch-Ursus, Z. Dułak i Wspólnicy Sp.j.;(59)8223278;;
Ch-Ursus, Z. Dułak i Wspólnicy Sp.j.;501449469;;
Color House Wrocław;(71)3545971;;
Color House Wrocław;(71)3737780;;
CREATIVA HOUSE DECOR;(85)6795040;;
CREATIVA HOUSE DECOR;692442665;;
CROWN POLSKA Sp. z o.o.;(25)6445495;;
CROWN POLSKA Sp. z o.o.;500520500;;
CUBE 27 Architecture;603337422;;
Cyfrodrukarnia;608499766;;
DCN Gallery;(71)3390421;;
DCN Gallery;601772638;;
DecoKing.pl;782156086;;
DecoMania.pl;533303080;;
DECOR Damian Oczek;601220184;;
Decor Design;506466123;;
Decor Design;506466121;;
DEECO;535233365;;
deKEA Polska - Graficzne Rozwiązania dla Twojego Domu;532499375;;
deKEA Polska - Graficzne Rozwiązania dla Twojego Domu;505801130;;
Dekoratornia Królewska Jezierski;(18)2646179;;
Dekoratornia Królewska Jezierski;(18)2669097;;
DOM I STYL;(22)7844810;;
DOM I STYL;(22)4278925;;
Dom-Lux;(32)7640575;;
Dom-Lux;606640124;;
Domowe Style Sklep Internetowy Francuska-Weranda.com;(22)1159423;;
Domowe Style Sklep Internetowy Francuska-Weranda.com;530944449;;
DOMPOL PRO;(89)6411164;;
DOMPOL PRO;601926661;;
Eco-Bud-Pol Usługi Remontowe;504755318;;
ED-Wall Art;604472384;;
EION Dawid Drzymała;(32)7000221;;
EKSIM Sp. z o.o.;(081)5360210;;
EKSIM Sp. z o.o.;(081)5360221;;
Ekskluzywne Wnętrza;(32)7609069;;
Ekskluzywne Wnętrza;533828999;;
Estudio - UdekorujDom.pl;(42)2111166;;
Estudio - UdekorujDom.pl;669230016;;
EuroDecor;(12)3565386;;
EuroDecor;(12)6262423;;
EuroSufTap;(58)6248387;;
EuroSufTap;502337740;;
F.H. MARSAL;(32)7822423;;
F.H.U AR-KAM Julita Jaworska;535475132;;
F.H.U PERS;(59)8457380;;
F.H.U. INDECORI Paweł Brągoszewski;667779877;;
F.H.U. MULTI-COLOR mgr Rafał Kordzikowski;(17)8642167;;
F.H.U. MULTI-COLOR mgr Rafał Kordzikowski;603490404;;
F.H.U. Piękne Ściany Joanna Król;(74)6412399;;
FARB-BUD Sebastian Żuchowski;(22)8911362;;
FARB-BUD Sebastian Żuchowski;501602760;;
Farba&Mix;(75)7842853;;
FINEZJA Studio Dekoracji Okien;(17)7885033;;
FINEZJA Studio Dekoracji Okien;500052505;;
Firma Handlowo-Usługowa VEGA;(24)2689333;;
Firma Handlowo-Usługowa VEGA;604969434;;
FLÜGGER Sp. z o.o.;(58)3402800;;
FLÜGGER Sp. z o.o.;(58)3402880;;
FUH SURPRINT;609479405;;
Galeria JAMALOS;791866830;;
Galeria Kuchni i Wnętrz STYLE;(58)6208409;;
HOME ENGLAND;(58)5500753;;
HOME ENGLAND;600362770;;
INSPIRO - Obrazujemy.pl;698692692;;
J&J DEKOR;601616633;;
J&J DEKOR;501290319;;
Jennifer Collection;(91)3509494;;
Jennifer Collection;608204320;;
KORNAK Aranżacja i Wyposażenie Wnętrz, Meble Biurowe;(71)3391871;;
KORNAK Aranżacja i Wyposażenie Wnętrz, Meble Biurowe;509609001;;
LAKFARB Waldemar Kopacki;(75)7345035;;
LAKFARB Waldemar Kopacki;(75)7345035w.24;;
LAKMEX Sp. z o.o.;(22)6789855;;
LAKMEX Sp. z o.o.;(22)6789392;;
Laura Ashley;(22)2736633;;
Laura Ashley;(22)3312300;;
LCS Decor;(71)3726156;;
LCS Decor;512355316;;
ŁPH ARCO Adam i Roman Pietraszek Sp.j.;(42)2252480;;
ŁPH ARCO Adam i Roman Pietraszek Sp.j.;(42)2252495;;
M-MARKET DECORATION;(42)6367144;;
M-MARKET DECORATION;(42)6371404;;
MAGdecor Zaopatrzenie Pracowni Dekoratorskich;(81)7420788;;
MAGdecor Zaopatrzenie Pracowni Dekoratorskich;(81)5243942;;
Magic Home Sp. z o.o.;(71)3223955;;
Magic Home Sp. z o.o.;(71)7180913;;
MAL-BUD;609648490;;
Manufaktura Wystroju;(22)8635453;;
MAX-FLIZ Kraków;(12)2670993;;
MAX-FLIZ Kraków;(12)2907118;;
Miejsce na Ziemi;791772358;;
MIKINO Sklep Internetowy Mikino.pl;606387736;;
MK STUDIO;(22)2133737;;
MK STUDIO;(22)2130292;;
MSP Sp. z o.o. Sklep Internetowy RAMARAMA;608179936;;
NOVATOR;(58)6788877;;
P.H. CERTAP;(61)2963549;;
P.H. CERTAP;784431808;;
P.H. CHEMIX;514676368;;
P.H. SOR-POL Zenon Soroka;(32)7802858;;
P.H.U. AGA S.c. A.Rybicki, G.Rybicki;(25)6822227;;
P.H.U. AGA S.c. A.Rybicki, G.Rybicki;503006065;;
P.H.U. H&H Ewa Hrybik;(32)2281813;;
P.H.U. Kubeczek;(32)4727055;;
P.H.U. Kubeczek;603899153;;
P.P.H.U. Jakubex;506561628;;
P.P.H.U. Wszystko dla Domu-Kingdom S.c.;(54)2323223;;
PAMDECO Sp. z o.o.;(32)2946677;;
PAMDECO Sp. z o.o.;668003250;;
PANTERA Hurtownia Tapet i Oklein;(34)3628866;;
Perffecto;(22)2997303;;
Perffecto;509245233;;
PHU GOTAR;(48)3312836;;
PHU GOTAR;601244120;;
Picassi Jarosław Jankowski;604790740;;
PIXERS Polska;(71)7197995;;
PIXERS Polska;(71)7237587;;
POLMASTER Sp. z o.o.;(22)6323669;;
POLMASTER Sp. z o.o.;(22)6311845;;
PPHU STYL;(94)3747063;;
PPHU STYL;697790017;;
Profesdruk.pl Drukarnia Wielkoformatowa;608303330;;
Profesdruk.pl Drukarnia Wielkoformatowa;607423002;;
Profesjonalne Centrum Malarskie - Kosta Sp. z o.o.;(52)3570892;;
Profesjonalne Centrum Malarskie - Kosta Sp. z o.o.;(52)3574094;;
Przedsiębiorstwo Handlowe M.Szymanik, M.Wasyluk TERMINEX Sp.j.;(91)3920882;;
Przedsiębiorstwo Usługowo-Handlowe REM;(81)5349697;;
Przedsiębiorstwo Usługowo-Handlowe REM;(81)5328491;;
Przedsiębiorstwo Wielobranżowe KAMA;(54)2873533;;
Przedsiębiorstwo Wielobranżowe KAMA;(54)2884735;;
PUDLEX;(56)6238595;;
PUDLEX;694780533;;
QPrint Sp. z o.o.;(22)2113211;;
QPrint Sp. z o.o.;(22)2113240;;
Remo Gold Service;783824376;;
SATYR;(86)2188513;;
SATYR;606228874;;
SELTOM Piotr Kluszczyński Sklep Internetowy Twojewykonczenia.pl;601800990;;
SHA;605513102;;
Showroom DECODORE;(22)3955228;;
Showroom DECODORE;(22)3955225;;
Sklep Przemysłowy WIKTOR;(61)4243123;;
Sklep Przemysłowy WIKTOR;603970260;;
Studio Dekoracji Okien WIKA;(95)7552637;;
Studio Farb PARA;509060506;;
STUDIO NO. 1 Projektowanie i Wyposażenie Wnętrz;663311828;;
STUDIO NO. 1 Projektowanie i Wyposażenie Wnętrz;663311838;;
STUDIO PETITO;607097098;;
Studio Reklamy VERTE;(12)4296304;;
Studio Reklamy VERTE;(12)4217154;;
SztukArt;(32)2891065;;
SztukArt;669669617;;
Szymczak & Lipska S.c.;(42)6349263;;
Szymczak & Lipska S.c.;501144401;;
TAFA Sp.j.;(32)2741048;;
TARI Sp.j. Tadeusz Małysiak;(033)8163807;;
Unicell Poland Sp. z o.o.;(85)7336641;;
Unicell Poland Sp. z o.o.;(85)7186860;;
Usługi Ogólno-Budowlane Władysław Gabryszak;501551740;;
Velkom S.c.;(81)8818920;;
Velkom S.c.;(81)8818340;;
W.E.G.A. POLAND Sp. z o.o.;(32)4350576;;
W.E.G.A. POLAND Sp. z o.o.;(32)4359335;;
WallDecor;(22)2702181;;
WNĘTRZARNIA;(32)7935488;;
WNĘTRZARNIA;602732600;;
Żaluzje KLIMSZA;(33)8512941;;
Żaluzje KLIMSZA;603097610;;
