PPHU AQUATICA-BIS Paweł Dylewski;(22)6122009;;
FISH HURT Hurtownia Ryb Akwariowych i Art. Zoologicznych;(17)2273777;;
FISH HURT Hurtownia Ryb Akwariowych i Art. Zoologicznych;606213052;;
Akwa Marin;(12)4270123;;
Akwa Marin;500140015;;
AQUAKRIS Marian Wojtaszek;600003871;;
AQUAPET S.c.;(58)6622599;;
AQUAPET S.c.;505062172;;
DISKUS ZOO;(22)6791900;;
NEKO AQUARIUM Leszek Michalczyk;(44)6164083;;
NEKO AQUARIUM Leszek Michalczyk;605210696;;
SKALAR Sp.j. Import-Eksport Branży Szklarskiej;(44)6315474;;
SKALAR Sp.j. Import-Eksport Branży Szklarskiej;(44)6315475;;
AKWATECH SYSTEMY Sp. z o.o. Sp.k.;(61)8202011;;
AKWATECH SYSTEMY Sp. z o.o. Sp.k.;(61)8202091;;
Hurtownia Akwarystyczno-Zoologiczna AKWEN;(22)8129680;;
Hurtownia Akwarystyczno-Zoologiczna AKWEN;(22)8129681;;
DIAMENT Zakład Szklarski Dariusz Bożek;(33)8423331;;
DIAMENT Zakład Szklarski Dariusz Bożek;502067202;;
Przedsiębiorstwo Handlowo-Usługowe ZEBRA;(58)6789825;;
Przedsiębiorstwo Handlowo-Usługowe ZEBRA;601623779;;
YSIAZOO;603040486;;
SUIZO Centrum Akwarystyczne;500440789;;
ACROPORA Salon Akwarystyki Morskiej S.c.;(22)4904545;;
ACROPORA Salon Akwarystyki Morskiej S.c.;600344922;;
AKWA FLORA Podwodne Ogrody;(22)7699050;;
AKWA FLORA Podwodne Ogrody;603588218;;
Akwarium-Sulej;(22)8638097;;
Akwarium-Sulej;(22)8635301;;
Akwarium.com;507202507;;
AKWARLUX;609897709;;
AKWARYSTA Sklep Zoologiczny;(22)2581785;;
AKWARYSTA Sklep Zoologiczny;504133409;;
Akwarystyczny Sklep Internetowy Akwamaniak.pl;(34)3892999;;
Akwarystyczny24 Konarski Andrzej - Benibachi Polska;793540511;;
Akwarystyczny24 Konarski Andrzej - Benibachi Polska;511540511;;
Aqua Art;(22)7542423;;
Aqua Art;(22)2138373;;
Aqua Atelier;608462622;;
AQUA HURT Akwarystyka Morska;667182502;;
AQUA mag Hurtownia Akwarystyczna;(22)7812633;;
AQUA mag Hurtownia Akwarystyczna;601384858;;
Aqua Medic Poland;(61)8150850;;
AQUA MIND;721881663;;
AQUA-NATURA Salon Zoologiczny;(22)4241991;;
AQUA-NATURA Salon Zoologiczny;501013838;;
AQUA-SERVICE;694265591;;
AQUA-TECH Wojciech Mura;(32)4267058;;
AQUA-TECH Wojciech Mura;513195002;;
AQUAFLOR;503539566;;
Aquamagic;607307688;;
AQUANETTA Sp.j.;(12)4270764;;
AQUANETTA Sp.j.;602414135;;
AQUARAY Hurtownia Akwarystyczna;883572938;;
AQUARID;605827584;;
AQUARID;(77)4669565;;
AQUARIUM Dream;(22)3796472;;
Aquatica Gospodarstwo Roślin Wodnych;(44)6154067;;
Aquatica Gospodarstwo Roślin Wodnych;512247063;;
Atrium S.c. Projektowanie i Wykonawstwo Akwariów Słodkowodnych Jolanta i Michał Kosmol;604148508;;
Atrium S.c. Projektowanie i Wykonawstwo Akwariów Słodkowodnych Jolanta i Michał Kosmol;(22)8120274;;
BARAKUDA Sklep Akwarystyczny;(22)8678300;;
BARAKUDA Sklep Akwarystyczny;501127578;;
Centrum Akwarystyczne;885707358;;
Centrum Akwarystyczne;791741496;;
Centrum Akwarystyczne AQUARIUM24;504990067;;
Centrum Zoologiczne i Hodowla Ryb Akwariowych DISCUS;514063944;;
CoralHouse Konrad Sokalski;601182991;;
Diversa Sp. z o.o. Sp.komandytowa;(77)4364111;;
Diversa Sp. z o.o. Sp.komandytowa;(77)4068640;;
DMR Group Sklep Internetowy Aquario;(32)7256363;;
DMR Group Sklep Internetowy Aquario;606445605;;
DrZoo;606144528;;
EGZOTIC-ROOM Terraria na zamówienie;691540357;;
EURONOVA POLSKA Sp. z o.o.;(56)6400077;;
EURONOVA POLSKA Sp. z o.o.;(56)6400517;;
EXOTIC-CROWN.pl;791111116;;
F.H. MALAWI;(32)2382980;;
Galeria Wody;530555743;;
Garden-Projekt;512110678;;
GLOPEX;(32)2685467;;
Gospodarstwo Ogrodnicze PLANTIS;(42)6818371;;
Gospodarstwo Ogrodnicze PLANTIS;(42)6810775;;
Hodowla Dyskowców Superdiscus;(32)2529131;;
Hodowla Dyskowców Superdiscus;603521430;;
Hodowla Ryb Akwariowych;(12)2713620;;
Hurtownia Zoologiczna ZOO Fokus;(22)4251228;;
Hurtownia Zoologiczna ZOO Fokus;(22)4251229;;
IDOLEK.pl;602528247;;
IDOLEK.pl;602210078;;
Jama S.c. Sklep Akwarystyczny RYBARIUM.PL;(42)2510940;;
Jama S.c. Sklep Akwarystyczny RYBARIUM.PL;516095949;;
JK ANIMALS POLSKA;(33)4820050;;
JK ANIMALS POLSKA;(33)4820040;;
JS TRADE Jacek Szmaj;530931529;;
JS TRADE Jacek Szmaj;(71)3643448;;
JUWEL Polska Sp. z o.o.;(32)7557775;;
JUWEL Polska Sp. z o.o.;(32)7557778;;
KORALE;(22)3505666;;
MALAWIAN Hodowla Pielęgnic Afrykańskich;602234609;;
McTen Marcin Wnuk;664482151;;
McTen Marcin Wnuk;608575576;;
MORSKIE.COM;509216988;;
MURINET TerraSklep.pl;514112433;;
MURINET TerraSklep.pl;790369790;;
NA Akademia S.c.;(42)6505566;;
NA Akademia S.c.;(42)6505548;;
Nattec S.c.;(71)7142616;;
Nattec S.c.;880360910;;
Nemo-Aquaria Katarzyna Gawłos;603774818;;
P.H. DREAM - Sklep Internetowy AJQEBAN.PL;530462472;;
P.H.H. ICHTIOS;(34)3131932;;
P.H.H. ICHTIOS;502202955;;
P.P.H.U. HEWAL;(32)2765578;;
P.P.H.U. HEWAL;(32)2764071;;
P.P.H.U. HOBBYSTA;(32)2170793-94;;
P.P.H.U. HOBBYSTA;(32)2190577-78;;
P.P.H.U. MALAWISHOP;519154999;;
P.P.H.U. MALAWISHOP;501420845;;
P.P.H.U. MHK 2;(22)7590244;;
P.P.H.U. REGNUM;502351653;;
P.P.H.U. REGNUM;(77)4619777;;
P.P.H.U. WROMAK;(71)3569801-02;;
P.P.H.U. WROMAK;(71)7117043-44;;
PHU Amazonia Adam Szczyrba;(32)7716969;;
PHU Amazonia Adam Szczyrba;794304844;;
PHU K&K Dawid Margiciok;782910507;;
PLANTA GARDEN;726399501;;
PLANTICA Andrzej Gorzawski;(71)3074582;;
Producent Akwariów Jacek i Dorota Bąk;(86)2783589;;
Producent Akwariów Jacek i Dorota Bąk;602300372;;
PYKO S.c. Krzysztof Pykosz, Sławomir Bogdanowicz;(68)3636159;;
PYKO S.c. Krzysztof Pykosz, Sławomir Bogdanowicz;608656946;;
Rafa Sp. z o.o. akwaria-akryl.pl;(58)7614477;;
ReefShop.pl;(58)6611051;;
ReefShop.pl;517278003;;
REY;601698007;;
REY;603121007;;
ROBIZOO;(68)3212542;;
ROBIZOO;603252010;;
Salon Akwarystyczny roslinyakwariowe.pl;510251260;;
Salon Akwarystyki Morskiej AQUARIUM-FARM;(22)6659191;;
Salon Akwarystyki Morskiej AQUARIUM-FARM;602301059;;
SDK Sp. z o.o.;(89)6460595;;
SDK Sp. z o.o.;(89)6460597;;
Sklep Akwarystyczny CLARIAS;517303071;;
Sklep Akwarystyczny CLARIAS;512473601;;
Sklep Akwarystyczny FishtankShop;(74)3030065;;
Sklep Akwarystyczny FishtankShop;733852057;;
Sklep Akwarystyczny ROTALA;664753828;;
Sklep Zoologiczny AquaStyl;503323767;;
Sklep Zoologiczny EXBIO;664847489;;
Sklep Zoologiczny KUMAK;501763533;;
Sklep Zoologiczny Świat Zwierząt;(24)3665759;;
Sklep Zoologiczny Świat Zwierząt;512297333;;
Specjalistyczny Sklep Akwarystyczny Akwa-pro.pl;(32)7257932;;
Specjalistyczny Sklep Akwarystyczny Akwa-pro.pl;664054403;;
Starfish;798111091;;
Studio Tomasz Remboch;888723732;;
T-AQUA - Sklep Internetowy ERYBKA.PL;(32)2711976;;
T-AQUA - Sklep Internetowy ERYBKA.PL;570855700;;
TANGANIKAFISH;792600561;;
TERRPOL Monika Naruszewicz;606357002;;
TERRPOL Monika Naruszewicz;515302320;;
TROPHEUS Robert Mierzeński;607607771;;
TROPHEUS Robert Mierzeński;607607772;;
TROPICAL;(32)2499210;;
TROPICAL;(32)2499458;;
TRZMIEL Akwarystyka i Oczka Wodne;514706584;;
Twoje Akwarium Artur Ilczuk;509222545;;
ULTRAMARINO;782180202;;
ULTRAMARINO;782190202;;
VENUSTA;(32)3802528;;
VENUSTA;(32)3802535;;
WATER & GARDEN;605407064;;
WODNIK Sklep Akwarystyczny;(22)6158185;;
www.swiatakwarium.pl;790434332;;
ZAK AQUA VISION;602464742;;
ZAK AQUA VISION;(22)6731702;;
ZALAS Rośliny Wodne i Ryby Akwariowe;(55)2320065;;
ZŁOTA RYBKA;(62)7346188;;
ZŁOTA RYBKA;500234374;;
ZOO PALETA;(32)2858912;;
ZOOsfera.com.pl;602532954;;
ZUH TOMAR;(44)7232320;;
ZUH TOMAR;602132079;;
AgaJot;792506006;;
AKWARES Zakład Produkcyjny;(17)7799925;;
AKWARES Zakład Produkcyjny;698921143;;
ALI artykuły zoologiczne i akwarystyczne;(61)8331766;;
AmazoniaZoo.pl;(91)4871911;;
Aqua-Impex;(52)3342613;;
Centrum Ogrodnicze PRACUŚ;(77)4026595;;
Centrum Ogrodnicze PRACUŚ;(77)4026596;;
Dot-Kom Jakub Więckowski;723881284;;
DREWSTYL Warsztat Stolarski Adam Ławniczak;661915780;;
ESCAPE S.c.;(71)3421595;;
ESCAPE S.c.;(71)3411160;;
Glonojad S.c. Marcin Wilczyński, Jakub Stróżyński;603764757;;
Glonojad S.c. Marcin Wilczyński, Jakub Stróżyński;(22)1014474;;
Hurtownia Zoologiczno-Akwarystyczna JOTES;(91)4826270;;
Hurtownia Zoologiczno-Akwarystyczna JOTES;603659050;;
HYDROOGRÓD;(22)6677535;;
PetPlanet Sklep Zoologiczno-Akwarystyczny oraz Salon Pielęgnacji i Strzyżenia Psów;(22)8678753;;
PPH ARAB hurtownia artykułów zoologicznych;(12)2854196;;
PPH ARAB hurtownia artykułów zoologicznych;(12)2851289;;
PPHU RESTER Rzeszów;(17)8717733;;
Satcontrol Automatyka Sp. z o.o. Sp.komandytowa;(12)6369547;;
Satcontrol Automatyka Sp. z o.o. Sp.komandytowa;(12)6371412;;
Sea Garden Akwarystyka Morska;662322409;;
Signifer Sp. z o.o.;502378519;;
SKALAR Elektromechanika;(22)6649685;;
SKALAR Elektromechanika;(22)6649691;;
Sklep SKALAR;(86)2727366;;
Sklep ZOO-Wędkarski;(52)3534587;;
Sklep ZOO-Wędkarski;505048551;;
Sklep Zoologiczno-Akwarystyczny HIPEK;(42)2090439;;
Sklep Zoologiczno-Akwarystyczny HIPEK;510281901;;
Sklep Zoologiczno-Akwarytyczny NATURA ZOO;696977480;;
Sklep Zoologiczno-Wędkarski ASIK;(24)2356560;;
Sklep Zoologiczno-Wędkarski ASIK;504511615;;
Sklep Zoologiczno-Wędkarski NIMFA;665242244;;
Sklep Zoologiczno-Wędkarski WODNIK;785750120;;
Sklep Zoologiczno-Wędkarski WODNIK;661429500;;
Sklep Zoologiczny FAUNA i FLORA;501478895;;
Sklep Zoologiczny Kameleon;(58)3004621;;
Sklep Zoologiczny MASSON Sp.j.;(32)2417352;;
Sklep Zoologiczny MASSON Sp.j.;(32)2493929;;
Sklep Zoologiczny MURENA Piotr Topyła;883908830;;
Sklep Zoologiczny NEMO;(75)7522418;;
Sklep Zoologiczny RYBKA;(22)6633442;;
Sklep Zoologiczny RYBKA;601283575;;
Sklep Zoologiczny Tilapia;(33)8167802;;
Sklep Zoologiczny Tilapia;503143116;;
Sklep Zoologiczny ZOO-GRANDE;513808262;;
Sklep Zoologiczny ZOO-GRANDE;667509000;;
Sklep Zoologiczny ZOOMEDIA.pl;665638838;;
Specjalistyczny Sklep Zoologiczny COBRA;791271471;;
TATRAPET POLSKA Sp. z o.o.;(42)2151790;;
TATRAPET POLSKA Sp. z o.o.;(42)2157434;;
TURKUS Wojciech Kowalik;501151895;;
Zakład Szklarski Edward Zaremba;(86)2750512;;
Zakład Szklarski Edward Zaremba;665002890;;
ZOO HURT;(17)8504660;;
