JACK;(22)6647215;;
Firma Handlowa ELELKTROIZOLACJA Henryk Kowalski;(42)6526941;;
Firma Handlowa ELELKTROIZOLACJA Henryk Kowalski;(42)6559836;;
Elektrovolt S.c.;(63)2417546;;
Elektrovolt S.c.;609242466;;
Technozbyt-Witan Sp.j.;(58)3432212;;
Technozbyt-Witan Sp.j.;(58)3439558;;
ANTICOR PPH Sp. z o.o.;(12)2883333;;
ANTICOR PPH Sp. z o.o.;(12)2891800;;
PPHU Pas-Art;(42)6121771;;
PPHU Pas-Art;602639309;;
AET Sp. z o.o. Sp.komandytowa;(62)7355580;;
AET Sp. z o.o. Sp.komandytowa;(62)7356046;;
EL-DRUT Winding Wires Sp. z o.o. Sp.komandytowa;(67)2561195;;
EL-DRUT Winding Wires Sp. z o.o. Sp.komandytowa;(67)2562004;;
ELEKTROTECH Hurtownia Elektrotechniczna;(62)7665172;;
ELEKTROTECH Hurtownia Elektrotechniczna;(62)7667912;;
Instytut Energetyki - Instytut Badawczy, Zakład Izolacji;(61)8525204;;
Nowa Plus Sp. z o.o.;(61)6525958;;
Nowa Plus Sp. z o.o.;(61)6525959;;
4innovation.com.pl;(22)4235154;;
4innovation.com.pl;(22)6428693;;
Biuro Handlowe INBEHA;(32)3262818;;
Biuro Handlowe INBEHA;(32)2262875;;
Ceramiczna Spółdzielnia Pracy;(48)3221078;;
Ceramiczna Spółdzielnia Pracy;(48)3221045;;
Elektrobud;504701301;;
Elektryk;504600693;;
Energy Partners Sp. z o.o.;728848916;;
Energy Partners Sp. z o.o.;728848924;;
FHU Voltrog;(32)3225060;;
FHU Voltrog;(32)3225061;;
HUBIX Jerzy Nowikow;(46)8578440;;
HUBIX Jerzy Nowikow;(46)8578022;;
Hurtownia POLDRUT;(46)8336448;;
Hurtownia POLDRUT;(46)8336449;;
KR PRĄD Kazimierz Gędziorowski;(58)6243662;;
Mistrz Elektromonter Jacek Dmowski;781275402;;
P.P.H.U. Maciej Stachowiak;(42)2576155;;
P.P.H.U. Maciej Stachowiak;(42)2576755;;
RST Sp.j.;(85)7410840;;
RST Sp.j.;(85)7410880;;
Tomasz Haleszczuk General Electrical Services;609809533;;
Z.P.U.H. ZERPOL;502560427;;
Z.P.U.H. ZERPOL;(61)8202046;;
Zakłady Porcelany Elektrotechnicznej ZAPEL S.A.;(17)8720100;;
Zakłady Porcelany Elektrotechnicznej ZAPEL S.A.;(17)8714341;;
3M Scotch-Autoryzowany Dystrybutor - P.H.U. HELSTA;(22)8420573;;
3M Scotch-Autoryzowany Dystrybutor - P.H.U. HELSTA;(22)6424241;;
AJJ GLOBAL Andrzej Łach;662087892;;
AJJ GLOBAL Andrzej Łach;691242353;;
Akcesoria, Odzież Robocza WEGA S.A;(58)6817168;;
Akcesoria, Odzież Robocza WEGA S.A;(58)6817228;;
ALTRA Sp.j.;(32)2037100;;
ALTRA Sp.j.;(32)2037180;;
AMJ Jacek Radzki;(42)2568646;;
AMJ Jacek Radzki;605946519;;
AMPARO Systemy Alarmowe;668463126;;
ARCUS - Zakład Usług Elektrycznych;(71)3687868;;
ARCUS - Zakład Usług Elektrycznych;601872538;;
Elektro-PB S.c.;(32)3324388;;
Elektro-PB S.c.;602316701;;
ELEKTROMAG Sp. z o.o.;(22)6659980;;
ELEKTROMAG Sp. z o.o.;(22)7292452;;
Elektrotechnika MORS Sp. z o.o.;(58)7859999;;
Elektrotechnika MORS Sp. z o.o.;(58)7859960;;
EMALDRUT;(22)8185491;;
EMALDRUT;(22)6192241w.131;;
EsaTech Jarosław Soiński;664264526;;
F.U.H.P. ELTAK Janusz Jonczyk;508280719;;
Hurtownia EUROMARKET;(56)6553738;;
Hurtownia EUROMARKET;(56)6596543;;
KIZO Sp. z o.o. - cięcie plazmą, cięcie wodą, izolatory;(32)7385290;;
KIZO Sp. z o.o. - cięcie plazmą, cięcie wodą, izolatory;(32)7218077;;
KONFEXIM S.c.;(22)6329724;;
KONFEXIM S.c.;696431434;;
NOWYTECH Polska Sp. z o.o.;(12)2898075;;
NOWYTECH Polska Sp. z o.o.;(12)2880130;;
P.P.H. Polkamex, Technozbyt Zbyt S.c.;(22)7818166-67;;
P.P.H. Polkamex, Technozbyt Zbyt S.c.;(22)7818145;;
P.P.H.U. ELEKTROM;(61)4422487;;
PADD;607070008;;
PHU EL-DABEX Artur Dąbek;606588891;;
Przedsiębiorstwo Handlowo-Produkcyjno-Usługowe IZOL-PLAST Sp. z o.o.;(32)4512444;;
Przedsiębiorstwo Handlowo-Produkcyjno-Usługowe IZOL-PLAST Sp. z o.o.;(32)4512010;;
Przedsiębiorstwo Produkcyjno-Handlowe BIALIMEX Sp. z o.o.;(85)6632376;;
Przedsiębiorstwo Produkcyjno-Handlowe BIALIMEX Sp. z o.o.;(85)6631562;;
Przedsiębiorstwo Produkcyjno-Handlowe MINBUD Sp.j.;(25)7583942;;
Przedsiębiorstwo Produkcyjno-Handlowe MINBUD Sp.j.;(25)7583798;;
Przedsiębiorstwo Techniczno Handlowe TOTAL Piotr Ślusarczyk;603532146;;
Przedsiębiorstwo Wielobranżowe BOTEX Hurtownia Artykułów Przemysłowych;502395215;;
Przedsiębiorstwo Wielobranżowe BOTEX Hurtownia Artykułów Przemysłowych;502313076;;
REAL BHP Hurtownia Artykułów BHP i Sprzętu Elektroizolacyjnego;(22)6397151;;
REAL BHP Hurtownia Artykułów BHP i Sprzętu Elektroizolacyjnego;601920287;;
RUTEX Sp. z o.o.;(34)3666820;;
RUTEX Sp. z o.o.;(34)3666848;;
RUTEX ŚLĄSK Hurtownia Elektryczna;(32)2465251;;
RUTEX ŚLĄSK Hurtownia Elektryczna;600230997;;
SIMAR Zakład Przezwajania Silników Elektrycznych;(32)2652774;;
SIMAR Zakład Przezwajania Silników Elektrycznych;(32)2658847;;
STASIŃSKI - Producent Osprzętu Elektroinstalacyjnego;(34)3616721;;
STASIŃSKI - Producent Osprzętu Elektroinstalacyjnego;(34)3619458;;
Tanielektro.pl Zakład Elektroinstalacyjny Sławomir Hebda;505502207;;
Tanielektro.pl Zakład Elektroinstalacyjny Sławomir Hebda;(14)6656963;;
Zakład Poligraficzny PERFEKTA S.c. Mirosław Starzak, Wojciech Duńka;(74)8673488;;
Zakład Poligraficzny PERFEKTA S.c. Mirosław Starzak, Wojciech Duńka;(74)8670655;;
