EkoWodrol Sp. z o.o.;(94)3486040;;
EkoWodrol Sp. z o.o.;(94)3486041;;
EURO-EKO MEDIA Sp. z o.o.;(17)7887755;;
JBK-SYSTEM;(58)6276365;;
JBK-SYSTEM;(58)6276364;;
Przedsiębiorstwo Projektowo Usługowo Handlowe Pro-Tech Sp. z o.o.;601448051;;
Sądeckie Wodociągi Sp. z o.o.;(18)4438643;;
Sądeckie Wodociągi Sp. z o.o.;(18)4438304;;
DDB Zbigniew Borowski;604144931;;
P.U.H. SANGAZ Tomasz Kluczyk;(58)5243026;;
P.U.H. SANGAZ Tomasz Kluczyk;(58)5243027;;
Zakład Wodociągów i Kanalizacji Sp. z o.o.;(52)3324596;;
Zakład Wodociągów i Kanalizacji Sp. z o.o.;(52)3324598;;
ANIBUD;883595935;;
ANIBUD;669107768;;
EKOSS - Pogotowie Kanalizacyjne Wrocław;605085651;;
EKOSS - Pogotowie Kanalizacyjne Wrocław;605201651;;
FUH Wiki Wiktor Łukecza;606770943;;
FUH Wiki Wiktor Łukecza;660417683;;
HYDROKOM;602157905;;
HYDROKOM;602172167;;
PHU EFEKT;(32)2256140;;
PHU EFEKT;508301030;;
Przedsiębiorstwo Gospodarki Komunalnej w Płońsku Sp. z o.o.;(23)6624278;;
Przedsiębiorstwo Gospodarki Komunalnej w Płońsku Sp. z o.o.;(23)6623223;;
Przedsiębiorstwo produkcyjno-usługowe Prim Instalacje elektryczne i sanitarne;(25)7582884;;
Przedsiębiorstwo produkcyjno-usługowe Prim Instalacje elektryczne i sanitarne;604522554;;
Przedsiębiorstwo Wodociągów i Kanalizacji Sp. z o.o. w Oświęcimiu;(33)8432814;;
Przedsiębiorstwo Wodociągów i Kanalizacji Sp. z o.o. w Oświęcimiu;(33)8432877;;
Rejonowe Przedsiębiorstwo Wodociągów i Kanalizacji Sp. z o.o.;(32)6233232;;
Rejonowe Przedsiębiorstwo Wodociągów i Kanalizacji Sp. z o.o.;(32)6233242;;
STANKAN Stanisław Frąckiewicz;(22)7871917;;
STANKAN Stanisław Frąckiewicz;601236226;;
Zakład Obsługi Komunalnej;(89)6760793;;
Zakład Obsługi Komunalnej;601277040;;
Zakład Produkcji Armatury Wodociągowej ANWOD;(081)7598398;;
Zakład Produkcji Armatury Wodociągowej ANWOD;(081)7598388;;
Miejskie Przedsiębiorstwo Wodociągów i Kanalizacji Sp. z o.o.;(76)7468000;;
Miejskie Przedsiębiorstwo Wodociągów i Kanalizacji Sp. z o.o.;994PogotowieMPWiK;;
AG System Sp. z o.o.;(12)4270061;;
AG System Sp. z o.o.;(12)4270325;;
AKWA Zakład Produkcyjny Armatury Przemysłowej Sp. z o.o.;(61)4264401;;
AKWA Zakład Produkcyjny Armatury Przemysłowej Sp. z o.o.;(61)4264405;;
ALU-MIX Firma Inwestycji Budowlanych;(87)5233336;;
ALU-MIX Firma Inwestycji Budowlanych;517344225;;
ANB Sp. z o.o.;(22)6121616;;
ANB Sp. z o.o.;(22)6122930;;
bioArcus Sp. z o.o.;(22)6540575;;
bioArcus Sp. z o.o.;(22)6540576;;
Czyżbet Sp. z o.o.;(61)8143207;;
Czyżbet Sp. z o.o.;500231310;;
F.U. A.G. TRADE;795696726;;
F.U. Hydro Seb - czyszczenie, udrażnianie, inspekcja kanalizacji;502220475;;
F.U. Hydro Seb - czyszczenie, udrażnianie, inspekcja kanalizacji;(34)3295572;;
HYDRO-GAZ Sp.j. Henryk Zaleszczyk, Piotr Zaleszczyk;(81)7452950;;
HYDRO-GAZ Sp.j. Henryk Zaleszczyk, Piotr Zaleszczyk;(81)7452949;;
InstalPlast Łask Sp. z o.o.;(43)6755579;;
InstalPlast Łask Sp. z o.o.;(43)6758086;;
LEMITOR Ochrona Środowiska Sp. z o.o.;(71)3252590;;
LEMITOR Ochrona Środowiska Sp. z o.o.;(71)3260240;;
MARMUREX System Janusz Mieszała;(32)2645847;;
MARMUREX System Janusz Mieszała;662277050;;
PPHU TERMOFLEX S.c.;607052851;;
Przedsiębiorstwo Komunalne w Tucholi Sp. z o.o.;(52)3365730;;
Przedsiębiorstwo Komunalne w Tucholi Sp. z o.o.;(52)3365752;;
Przedsiębiorstwo Wod-Inż Sp. z o.o.;(22)8190884;;
Przedsiębiorstwo Wod-Inż Sp. z o.o.;(22)8190946;;
PRZEMBUD Gdańsk S.A.;(58)3264820;;
PRZEMBUD Gdańsk S.A.;(58)3017625;;
ROTHENBERGER Polska Sp. z o.o.;(22)2135900;;
ROTHENBERGER Polska Sp. z o.o.;(22)2135901;;
SAWBED;(22)4782124;;
SAWBED;501194071;;
SUEZ Consulting - SAFEGE Oddział w Polsce;(22)4794247;;
SUEZ Consulting - SAFEGE Oddział w Polsce;(22)4794248;;
Unigeo Prace Geodezyjne mgr inż. Mateusz Kapusta;602505390;;
ViaCon Sp. z o.o.;(65)5254545;;
ViaCon Sp. z o.o.;(65)5254555;;
Air Engineering Sp. z o.o.;(12)630472021;;
Air Engineering Sp. z o.o.;(12)630479798;;
AR-MEL Sp. z o.o.;(29)7423944;;
AR-MEL Sp. z o.o.;(29)7425056;;
AS PPH Producent Odwodnień Liniowych;(22)7370522;;
AS PPH Producent Odwodnień Liniowych;(22)7370523;;
BALKOP Biuro Handlowe, Instalacje, Serwis Marek Koper;(22)7352570;;
BALKOP Biuro Handlowe, Instalacje, Serwis Marek Koper;(22)7503763;;
BIONOR Sp. z o.o.;(41)3483303;;
Brzeska Fabryka Pomp i Armatury MEPROZET Sp. z o.o.;(77)4164031Centrala;;
Brzeska Fabryka Pomp i Armatury MEPROZET Sp. z o.o.;(77)4162348;;
DABI;(32)2140613;;
DABI;(32)2146281;;
EKO-JAWOR Sp. z o.o.;(32)2258444;;
EKO-JAWOR Sp. z o.o.;506779551;;
Fabryka Armatur JAFAR S.A.;(13)4429621;;
Fabryka Armatur JAFAR S.A.;(13)4429041;;
Firma MICHNAH Hubert Michna;(32)2883452;;
Firma MICHNAH Hubert Michna;607686912;;
GEOKART-INTERNATIONAL Sp. z o.o.;(17)8641461;;
GEOKART-INTERNATIONAL Sp. z o.o.;(17)8641462;;
INSACO Zakład Usługowo-Handlowy;(59)8439572;;
INWAP Sp. z o.o.;(77)4161716;;
INWAP Sp. z o.o.;(77)4114790;;
Inżynieria Rzeszów S.A.;(17)8615000;;
Inżynieria Rzeszów S.A.;(17)8615021;;
MAKDAR Technika Grzewcza, Sanitarna i Solarna Sp.j.;(13)4201152;;
MAKDAR Technika Grzewcza, Sanitarna i Solarna Sp.j.;(13)4201151;;
Normet Maria Słabik;(77)4695533;;
Normet Maria Słabik;(77)4696739;;
PIPELIFE Polska S.A.;(58)7748888;;
PIPELIFE Polska S.A.;(58)7748807;;
Pogotowie Kanalizacyjne WUKO Kamerowanie;888629130;;
PROTE Technologie dla Środowiska Sp. z o.o.;(61)6545570;;
PROTE Technologie dla Środowiska Sp. z o.o.;(61)6545579;;
Pyrzyckie Przedsiębiorstwo Komunalne Sp. z o.o.;(91)5791960;;
Pyrzyckie Przedsiębiorstwo Komunalne Sp. z o.o.;(91)5791977;;
SFA POLAND Sp. z o.o.;(22)7320032;;
SFA POLAND Sp. z o.o.;(22)7320033;;
AKWEDUKT Marek Pawlak;(42)6304864;;
AKWEDUKT Marek Pawlak;(42)6303187;;
ARTPOMP;(46)8573842;;
ARTPOMP;605333435;;
DANKA Hurt-Detal Danuta Wieczorek;(48)3606356;;
DANKA Hurt-Detal Danuta Wieczorek;(48)3646597;;
ECOL-UNICON Sp. z o.o.;(58)3404830;;
ECOL-UNICON Sp. z o.o.;(58)3065702;;
EKOB-TBA Sp. z o.o.;(32)7220689;;
EKOB-TBA Sp. z o.o.;(32)7220695;;
EnEko Sp. z o.o.;(32)2345445;;
EnEko Sp. z o.o.;(32)2318770;;
FEB-EKO Sp. z o.o.;516195423;;
FEB-EKO Sp. z o.o.;508094019;;
Firma Usługowo-Handlowa PROZBUD Zdzisława Woszczek;(12)2668486;;
Firma Usługowo-Handlowa PROZBUD Zdzisława Woszczek;501410985;;
GAWAPOL S.c.;(22)8375786;;
GAWAPOL S.c.;(22)8772432;;
Gospodarka Komunalna w Błażowej Sp. z o.o.;(17)2301444;;
Gospodarka Komunalna w Błażowej Sp. z o.o.;(17)2301450;;
HYDROGAZ Technika Grzewcza i Sanitarna;(34)3650523;;
HYDROGAZ Technika Grzewcza i Sanitarna;793649100;;
INSTALMONT PB Sp. z o.o. Sp.komandytowa;(52)3320393;;
INSTALMONT PB Sp. z o.o. Sp.komandytowa;(52)3320391;;
LAMIX Michał Lach;(85)7424067;;
LAMIX Michał Lach;604264688;;
Madex-Instal Sp. z o.o.;(34)3709077;;
Madex-Instal Sp. z o.o.;781266003;;
NOVA KONSULT;795448060;;
NOVA KONSULT;(91)8292816;;
P.P.H.U. WA-MAX Zygmunt Wawryk;(82)5710255;;
P.P.H.U. WA-MAX Zygmunt Wawryk;506181773;;
PHU RAD-BUD Zimoch Włodzimierz;(44)6821700;;
Przedsiębiorstwo Gospodarki Komunalnej i Mieszkaniowej Sp. z o.o. w Drezdenku;(95)7620766;;
Przedsiębiorstwo Gospodarki Komunalnej i Mieszkaniowej Sp. z o.o. w Drezdenku;(95)7620755;;
Przedsiębiorstwo Komunalne PEKOM S.A. w Żarach;(68)4794600-01;;
Przedsiębiorstwo Komunalne PEKOM S.A. w Żarach;(68)4794602;;
Przedsiębiorstwo Melioracyjno-Budowlane KOMEZ;(25)7584870;;
Przedsiębiorstwo Melioracyjno-Budowlane KOMEZ;(25)7591876;;
Przedsiębiorstwo RURBET Sp. z o.o.;501331077;;
Przedsiębiorstwo RURBET Sp. z o.o.;(77)3330353;;
ROBOTY ZIEMNE WOD-KAN Arnold Wocław;(77)4515846;;
ROBOTY ZIEMNE WOD-KAN Arnold Wocław;(77)4212901;;
TKZ Sp. z o.o. Roboty Ziemne;(61)2851991;;
TKZ Sp. z o.o. Roboty Ziemne;600447957;;
Usługi Asenizacyjne WUKO;(32)4551483;;
Usługi Asenizacyjne WUKO;602470050;;
WOD-DAN Serwis Kotłów Viessmann;507090150;;
Hydro-Serwice S.c.;(42)6172408;;
Hydro-Serwice S.c.;601813154;;
BROLI;512204058;;
A.Hak Sp. z o.o.;(42)6870425;;
A.Hak Sp. z o.o.;(42)6868848;;
AGA Armatura Przemysłowa;(058)6632513;;
AGA Armatura Przemysłowa;501715530;;
AQUA S.A.;(33)8280200;;
AQUA S.A.;(33)8124015;;
AQUA S.A.;(61)6654500;;
AQUA S.A.;(61)6654501;;
AQUA-SPRINT Sp. z o.o.;(32)2019011;;
AQUA-SPRINT Sp. z o.o.;(32)2529361;;
Aquanet S.A.;(61)8359100;;
Aquanet S.A.;(61)8359351;;
Bialskie Wodociągi i Kanalizacja WOD-KAN Sp. z o.o.;(83)3426071-73;;
Bialskie Wodociągi i Kanalizacja WOD-KAN Sp. z o.o.;(83)3422913;;
BIMS PLUS F.H.H. Sp. z o.o. Gdańsk Sp.komandytowa;(058)6687100;;
BIMS PLUS F.H.H. Sp. z o.o. Gdańsk Sp.komandytowa;(058)6643300;;
Biopax-WBWW Sp. z o.o.;(22)4975201-02;;
Biopax-WBWW Sp. z o.o.;(22)8385135;;
Biuro Projektów i Nadzorów w Budownictwie - Branża Sanitarna mgr inż. Roman Lesiak;509146890;;
Biuro Projektów i Nadzorów w Budownictwie - Branża Sanitarna mgr inż. Roman Lesiak;695406525;;
Bogatyńskie Wodociągi i Oczyszczalnia S.A.;(75)7732061;;
Bogatyńskie Wodociągi i Oczyszczalnia S.A.;(75)7732062;;
Buskopol S.A.;(41)3782339;;
Buskopol S.A.;(41)3784658;;
Bytomskie Przedsiębiorstwo Komunalne Sp. z o.o.;(32)3967100;;
Bytomskie Przedsiębiorstwo Komunalne Sp. z o.o.;(32)3967158;;
Chorzowsko-Świętochłowickie Przedsiębiorstwo Wodociągów i Kanalizacji Sp. z o.o.;(032)3494622;;
Chorzowsko-Świętochłowickie Przedsiębiorstwo Wodociągów i Kanalizacji Sp. z o.o.;(032)2410154;;
Czyszczenie Kanalizacji Lesław Dymek;58)6941941;;
Czyszczenie Kanalizacji Lesław Dymek;58)3410074;;
Dolnośląski Zarząd Melioracji i Urządzeń Wodnych we Wrocławiu;(71)3226681-83;;
Dolnośląski Zarząd Melioracji i Urządzeń Wodnych we Wrocławiu;(71)3227929;;
DOMEX Sp. z o.o.;(74)6262800;;
DOMEX Sp. z o.o.;(74)6262801;;
ECOLOGIC Adam Kowalczyk;(32)2733193;;
ECOLOGIC Adam Kowalczyk;(32)7756555;;
Econ Marek Michalczyk;(41)3619216;;
EKO INSTAL Robert Waśkowski;501151368;;
EKO INSTAL Robert Waśkowski;508666710;;
Eko Partnerzy Sp. z o.o.;(22)6630418;;
Eko Partnerzy Sp. z o.o.;(22)8651302;;
Eko-Grot 1 Usługi Wodociągowo-Kanalizacyjne Andrzej Gutowski;(22)7522604;;
EKO-JURA Sp.komandytowa;(34)3574351;;
EKO-JURA Sp.komandytowa;(34)3574013;;
EKO-MAT Matyasik Zbigniew;(32)6155811;;
EKO-MAT Matyasik Zbigniew;604240631;;
EKO-SAN;(34)3564670;;
EKO-SAN;694556644;;
EKSPLOATATOR Sp. z o.o.;(58)6828828;;
EKSPLOATATOR Sp. z o.o.;(58)6828828;;
Elbląskie Przedsiębiorstwo Wodociągów i Kanalizacji w Elblągu Sp. z o.o.;(55)2307105;;
Elbląskie Przedsiębiorstwo Wodociągów i Kanalizacji w Elblągu Sp. z o.o.;(55)2307103;;
ELKOMBUD;(58)6276364;;
ELKOMBUD;(58)6276365;;
ELTOR-WOD Sp. z o.o.;(12)6564476;;
F.H.U. Dobry Dom Serwis;692667116;;
F.H.U. Omega;(12)6539361;;
F.H.U. Omega;606738550;;
F.H.U. SKOTAQUA;605608005;;
F.H.U. SKOTAQUA;(32)3634826;;
F.I. MANTA Sp. z o.o. Sp. komandytowa;(77)4049625;;
F.I. MANTA Sp. z o.o. Sp. komandytowa;601264175;;
Firma Instalacyjno-Drogowa INSTATHERM;(12)4256196;;
Firma Instalacyjno-Drogowa INSTATHERM;605071882;;
Firma ROCHU inż. Ireneusz Kowalski;(077)4742010;;
Firma ROCHU inż. Ireneusz Kowalski;(077)4572935;;
FourEco M.Starczynowska Sp.j.;(32)3560040;;
FourEco M.Starczynowska Sp.j.;(32)2500004;;
Gdańska Infrastruktura Wodociągowo-Kanalizacyjna Sp. z o.o.;(58)3266700;;
Gdańska Infrastruktura Wodociągowo-Kanalizacyjna Sp. z o.o.;(58)3266701;;
Gdańskie Melioracje Sp. z o.o.;(58)3233400;;
Gdańskie Melioracje Sp. z o.o.;(58)3012458;;
Gminne Przedsiębiorstwo Komunalne EKO-BABICE Sp. z o.o.;(22)7229008;;
Gminne Przedsiębiorstwo Komunalne EKO-BABICE Sp. z o.o.;(22)7529253;;
Gminny Zakład Komunalny Sp. z o.o. w Wielkiej Wsi;(12)4191707;;
Gminny Zakład Komunalny Sp. z o.o. w Wielkiej Wsi;605538414;;
Gminny Zakład Komunalny Żołędowo;(52)3282600;;
Gminny Zakład Komunalny Żołędowo;(52)3282601;;
Górnośląskie Przedsiębiorstwo Wodociągów S.A.;(32)6038861;;
Górnośląskie Przedsiębiorstwo Wodociągów S.A.;(32)6038614;;
Górnośląskie Przedsiębiorstwo Wodociągów S.A.;(32)2410864;;
Grempol Oczyszczalnie;695923888;;
Grempol Oczyszczalnie;507185344;;
Grodziskie Przedsiębiorstwo Komunalne Sp. z o.o.;(61)4447186;;
Grodziskie Przedsiębiorstwo Komunalne Sp. z o.o.;(61)4447187;;
Grupowa Oczyszczalnia Ścieków w Łodzi Sp. z o.o.;(42)6404780;;
HL SYSTEM;608252712;;
Hydro-Eko;505800400;;
Hydro-Eko;509901694;;
HYDROGOP Sp. z o.o.;(32)2556161;;
HYDROGOP Sp. z o.o.;(32)2556129;;
HYDROINSTALMET Sp. z o.o.;(32)3702080;;
HYDROINSTALMET Sp. z o.o.;(32)3702090;;
HYDROMEDIA;(61)6774031;;
HYDROMEDIA;720111213;;
HYDROMONT;(77)4742200;;
HYDROMONT;(77)4745869;;
Hydropol Wodomierze: Legalizacja-Sprzedaż-Serwis;608030668;;
Hydropol Wodomierze: Legalizacja-Sprzedaż-Serwis;608076041;;
Iławskie Wodociągi Sp. z o.o.;(89)6485123;;
INSBUD-RYBNIK II;(32)4226050;;
INSBUD-RYBNIK II;(32)4238707;;
Inspol Sp. z o.o.;(61)6337475;;
Inspol Sp. z o.o.;602133946;;
Instal Geo-Bud;(042)6430936;;
INSTALEX;601677964;;
Inter Global Sp. z o.o.;(33)8191700;;
Inter Global Sp. z o.o.;(33)8191701;;
Inter Progress Sp. z o.o.;(61)2839596;;
Inter Progress Sp. z o.o.;508504627;;
INTER-KOMPAS S.c.;(18)5474011;;
INTER-KOMPAS S.c.;(18)5474009;;
JABUDEX Sp. z o.o.;(32)7340350;;
Jastrzębski Zakład Wodociągów i Kanalizacji S.A.;(32)4787777;;
Jastrzębski Zakład Wodociągów i Kanalizacji S.A.;(32)4787780;;
Jedlickie Przedsiębiorstwo Gospodarki Komunalnej i Mieszkaniowej Sp. z o.o.;(13)4352151-52;;
Jedlickie Przedsiębiorstwo Gospodarki Komunalnej i Mieszkaniowej Sp. z o.o.;(13)4380060;;
JUMARPOL Sp.j.;504076032;;
JUMARPOL Sp.j.;515122162;;
KANWOD;(63)2461600;;
KANWOD;(63)2461601;;
Katowicka Infrastruktura Wodociągowo-Kanalizacyjna Sp. z o.o.;(32)3500075;;
Katowicka Infrastruktura Wodociągowo-Kanalizacyjna Sp. z o.o.;(32)2097706;;
Katowickie Wodociąg S.A.;(32)2554810;;
Katowickie Wodociąg S.A.;(32)2555278;;
KOGUT Usługi Komunalne Ryszard Kogut;(55)2773280;;
KOGUT Usługi Komunalne Ryszard Kogut;660406850;;
Komunalne Przedsiębiorstwo Wodociągów i Kanalizacji Sp. z o.o.;(52)3854024;;
Komunalne Przedsiębiorstwo Wodociągów i Kanalizacji Sp. z o.o.;(52)3855581;;
Komunalne Przedsiębiorstwo Wodociągów i Kanalizacji Sp. z o.o.;(52)3910360;;
Komunalne Przedsiębiorstwo Wodociągów i Kanalizacji Sp. z o.o.;(52)3910368;;
Kraśnickie Przedsiębiorstwo Wodociągów i Kanalizacji Sp. z o.o.;(81)8256136;;
Kraśnickie Przedsiębiorstwo Wodociągów i Kanalizacji Sp. z o.o.;(81)8256253;;
Lubickie Wodociągi Sp. z o.o.;(56)6785314;;
Łańcucki Zakład Komunalny Sp. z o.o. w Łańcucie;(17)2257292;;
Łańcucki Zakład Komunalny Sp. z o.o. w Łańcucie;(17)2257195;;
Małopolski Zarząd Melioracji i Urządzeń Wodnych w Krakowie;(12)6188000;;
Małopolski Zarząd Melioracji i Urządzeń Wodnych w Krakowie;(12)6188011;;
MARK-INST-BUD M.M. i S.Grabscy;(22)7602030;;
MARK-INST-BUD M.M. i S.Grabscy;501255939;;
MASKO Sp. z o.o.;(22)6118623-24;;
MASKO Sp. z o.o.;(22)6734065;;
Meliopoz;(61)8787380;;
Meliopoz;(61)6531115;;
Miejska Kanalizacja i Wodociągi Sp. z o.o.;(67)2552298;;
Miejska Kanalizacja i Wodociągi Sp. z o.o.;(67)2552054;;
Miejski Zakład Gospodarki Komunalnej Sp. z o.o.;(68)4785110;;
Miejski Zakład Gospodarki Komunalnej Sp. z o.o.;(68)4785111;;
Miejski Zakład Komunalny;(44)6162163;;
Miejski Zakład Komunalny;505560719;;
Miejski Zakład Komunalny Sp. z o.o. w Leżajsku;(17)2420858;;
Miejski Zakład Komunalny Sp. z o.o. w Leżajsku;(17)2420883;;
Miejski Zakład Komunalny Spółka z o. o.;(15)8423411-12;;
Miejski Zakład Komunalny Spółka z o. o.;(15)8442699;;
Miejski Zakład Wodociągów i Kanalizacji Sp. z o.o.;(33)8453387;;
Miejski Zakład Wodociągów i Kanalizacji Sp. z o.o.;(33)8452278;;
Miejski Zakład Wodociągów i Kanalizacji Sp. z o.o.;(33)4883354;;
Miejski Zakład Wodociągów i Kanalizacji Sp. z o.o.;(33)8766151;;
Miejski Zakład Wodociągów i Kanalizacji w Nowym Targu;(18)2663614;;
Miejski Zakład Wodociągów i Kanalizacji w Nowym Targu;(18)2665891;;
Miejski Zakład Wodociągów i Kanalizacji w Słupcy;(63)2751760;;
Miejski Zakład Wodociągów i Kanalizacji w Słupcy;(63)2743935;;
Miejskie Przedsiębiorstwo Gospodarki Komunalnej Sp. z o.o.;(95)7652375;;
Miejskie Przedsiębiorstwo Gospodarki Komunalnej Sp. z o.o.;(95)7658447;;
Miejskie Przedsiębiorstwo Gospodarki Komunalnej Sp. z o.o.;(82)5605060;;
Miejskie Przedsiębiorstwo Gospodarki Komunalnej Sp. z o.o.;(82)5631461-63;;
Miejskie Przedsiębiorstwo Wodociągów i Kanalizacji S.A. (MPWiK S.A.);(71)3409500;;
Miejskie Przedsiębiorstwo Wodociągów i Kanalizacji S.A. (MPWiK S.A.);(71)3723720;;
Miejskie Przedsiębiorstwo Wodociągów i Kanalizacji Sp. z o.o.;(17)8509662;;
Miejskie Przedsiębiorstwo Wodociągów i Kanalizacji Sp. z o.o.;(17)8509658;;
Miejskie Przedsiębiorstwo Wodociągów i Kanalizacji Sp. z o.o.;(32)3186000;;
Miejskie Przedsiębiorstwo Wodociągów i Kanalizacji Sp. z o.o.;(32)6164226;;
Miejskie Przedsiębiorstwo Wodociągów i Kanalizacji Sp. z o.o.;(65)5298311;;
Miejskie Przedsiębiorstwo Wodociągów i Kanalizacji Sp. z o.o.;(32)2235930;;
Miejskie Przedsiębiorstwo Wodociągów i Kanalizacji Sp. z o.o.;(32)2234310;;
Miejskie Przedsiębiorstwo Wodociągów i Kanalizacji Sp. z o.o.;(43)6755143;;
Miejskie Przedsiębiorstwo Wodociągów i Kanalizacji Sp. z o.o.;(43)6753695;;
Miejskie Przedsiębiorstwo Wodociągów i Kanalizacji Sp. z o.o.;(32)2675227;;
Miejskie Przedsiębiorstwo Wodociągów i Kanalizacji Sp. z o.o.;(32)2674218;;
Miejskie Przedsiębiorstwo Wodociągów i Kanalizacji Sp. z o.o.;(32)2235930;;
Miejskie Przedsiębiorstwo Wodociągów i Kanalizacji Sp. z o.o.;(32)2234310;;
Miejskie Przedsiębiorstwo Wodociągów i Kanalizacji Sp. z o.o. Brodnica;(56)4911200;;
Miejskie Przedsiębiorstwo Wodociągów i Kanalizacji Sp. z o.o. Brodnica;(56)4911210;;
Miejskie Przedsiębiorstwo Wodociągów i Kanalizacji Sp. z o.o. w Porębie;(32)6771162;;
Miejskie Przedsiębiorstwo Wodociągów i Kanalizacji Sp. z o.o. w Porębie;500131180;;
Miejskie Przedsiębiorstwo Wodociągów i Kanalizacji Sp. z o.o. w Sieradzu;(43)8286200;;
Miejskie Przedsiębiorstwo Wodociągów i Kanalizacji Sp. z o.o. w Sieradzu;(43)8286262;;
Miejskie Przedsiębiorstwo Wodociągów i Kanalizacji w Błoniu Sp. z o.o.;(22)7254467;;
Miejskie Przedsiębiorstwo Wodociągów i Kanalizacji w Błoniu Sp. z o.o.;(22)7252861;;
Miejskie Przedsiębiorstwo Wodociągów i Kanalizacji w Kamiennej Górze Sp. z o.o.;(75)7443042-44;;
Miejskie Przedsiębiorstwo Wodociągów i Kanalizacji w Krakowie S.A.;(12)4242320-329;;
Miejskie Przedsiębiorstwo Wodociągów i Kanalizacji w Krakowie S.A.;(12)4242322;;
Miejskie Przedsiębiorstwo Wodociągów i Kanalizacji w Lublinie Sp. z o.o.;(81)5320180;;
Miejskie Przedsiębiorstwo Wodociągów i Kanalizacji w Lublinie Sp. z o.o.;(81)5324281;;
Miejskie Przedsiębiorstwo Wodociągów i Kanalizacji w m.st. Warszawie S.A.;(22)4455000;;
Miejskie Przedsiębiorstwo Wodociągów i Kanalizacji w m.st. Warszawie S.A.;(22)4455005;;
Miejskie Przedsiębiorstwo Wodociągów i Kanalizacji w Piekarach Śląskich Sp. z o.o.;(32)2879802;;
Miejskie Przedsiębiorstwo Wodociągów i Kanalizacji w Piekarach Śląskich Sp. z o.o.;(32)2879880;;
Miejskie Przedsiębiorstwo Wodociągów i Kanalizacji w Żywcu Sp. z o.o.;(33)8606300;;
Miejskie Przedsiębiorstwo Wodociągów i Kanalizacji w Żywcu Sp. z o.o.;(33)8606310;;
Miejskie Przedsiębiorstwo Wodociągów i Kanalizacji WODOCIĄGI PUŁAWSKIE Sp. z o.o.;(81)4586800;;
Miejskie Przedsiębiorstwo Wodociągów i Kanalizacji WODOCIĄGI PUŁAWSKIE Sp. z o.o.;(81)4586801;;
Miejskie Wodociągi Chojnice Sp. z o.o.;(052)3970001;;
Miejskie Wodociągi Chojnice Sp. z o.o.;(052)3974176;;
Miejskie Wodociągi i Kanalizacja Sp. z o.o.;412661010;;
Miejskie Wodociągi i Kanalizacja Sp. z o.o.;412661200-03;;
Miejskie Wodociągi i Kanalizacja Sp. z o.o.;(89)7514953;;
Miejskie Wodociągi i Kanalizacja Sp. z o.o.;(94)3426268;;
Miejskie Wodociągi i Kanalizacja Sp. z o.o.;(94)3426269;;
Miejskie Wodociągi i Kanalizacja w Bydgoszczy Sp. z o.o.;(52)5860500;;
Miejskie Wodociągi i Kanalizacja w Bydgoszczy Sp. z o.o.;(52)5860590;;
Miejskie Wodociągi i Kanalizacja w Kędzierzynie-Koźlu Sp. z o.o.;(77)4801300;;
Miejskie Wodociągi i Kanalizacja w Kędzierzynie-Koźlu Sp. z o.o.;(77)4801309;;
Miejskie Wodociągi i Kanalizacja w Pile Sp. z o.o.;(67)2125024;;
Miejskie Wodociągi i Kanalizacja w Pile Sp. z o.o.;(67)2122974;;
Międzygminny Związek Wodociągów i Kanalizacji Wiejskich;(65)5719174;;
Międzygminny Związek Wodociągów i Kanalizacji Wiejskich;(65)5719364;;
MROZEK Sp. z o.o.;(22)8687376;;
MROZEK Sp. z o.o.;(22)8464587;;
MTM Nowum Sp. z o.o.;(81)7509840;;
MTM Nowum Sp. z o.o.;(81)7509842;;
MZGK Sp. z o.o. w Dęblinie;(81)8830103;;
MZGK Sp. z o.o. w Dęblinie;(81)8801851;;
Oczyszczalnia Ścieków w Łańcucie;(17)2253427;;
OpolKan Service Sp. z o.o. Sp.komandytowa;(77)4460038;;
OpolKan Service Sp. z o.o. Sp.komandytowa;601080128;;
P.H.U. Sławomir Koperianow;(52)3715381;;
P.H.U. Sławomir Koperianow;601646385;;
P.I. HANIEL-SERWIS S.c. J. i M.Wojtkowscy;(32)7118430;;
P.I. HANIEL-SERWIS S.c. J. i M.Wojtkowscy;606434051;;
P.M.U.H. LeCh-Instal;(77)4119169;;
P.M.U.H. LeCh-Instal;(77)4119170;;
PGKiM KOMOPAL Sp. z o.o.;(61)4476610;;
PGKiM KOMOPAL Sp. z o.o.;(61)4476611;;
PGKiM Sp. z o.o.;(42)7121572;;
PGKiM Sp. z o.o.;(42)7121938;;
Pilchowickie Przedsiębiorstwo Komunalne Sp. z o.o.;(32)3327158;;
Pogotowie Kanalizacyjne SPIRALA;531371144;;
Pogotowie Kanalizacyjne SPIRALA;(12)3113050;;
Poznańskie Przedsiębiorstwo Robót i Usług Specjalistycznych REMKAN Sp. z o.o.;(61)8615363;;
Poznańskie Przedsiębiorstwo Robót i Usług Specjalistycznych REMKAN Sp. z o.o.;(61)6617375;;
PPU INŻBUD Sp. z o.o.;158724781;;
PPU INŻBUD Sp. z o.o.;158724779;;
Preuss Pipe Rehabilitation Polska Sp. z o.o.;(32)3261191;;
Preuss Pipe Rehabilitation Polska Sp. z o.o.;(32)3229049;;
PROWOD Sp. z o.o.;(77)4691181;;
Przedsiębiorstwo Gospodarki Komunalnej DOLINA BARYCZY Sp. z o.o.;(71)3840987;;
Przedsiębiorstwo Gospodarki Komunalnej DOLINA BARYCZY Sp. z o.o.;(71)3840868;;
Przedsiębiorstwo Gospodarki Komunalnej i Mieszkaniowej ŁĘCZNA Sp. z o.o.;(81)7521044-45;;
Przedsiębiorstwo Gospodarki Komunalnej i Mieszkaniowej ŁĘCZNA Sp. z o.o.;(81)7521046;;
Przedsiębiorstwo Gospodarki Komunalnej i Mieszkaniowej Sp. z o.o.;(15)8462641-43;;
Przedsiębiorstwo Gospodarki Komunalnej i Mieszkaniowej Sp. z o.o.;(15)8462546;;
Przedsiębiorstwo Gospodarki Komunalnej Sp. z o.o. w Wolsztynie;(68)3843330;;
Przedsiębiorstwo Gospodarki Komunalnej Sp. z o.o. w Wolsztynie;(68)3474010;;
Przedsiębiorstwo Gospodarki Miejskiej Sp. z o.o.;(76)8462911;;
Przedsiębiorstwo Gospodarki Miejskiej Sp. z o.o.;(76)8462960;;
Przedsiębiorstwo Gospodarki Wodno-Ściekowej GEA-NOVA Sp. z o.o.;(22)7330141;;
Przedsiębiorstwo Gospodarki Wodno-Ściekowej GEA-NOVA Sp. z o.o.;(22)7229005;;
Przedsiębiorstwo Inżynierii Komunalnej Sp. z o.o.;(32)2102086;;
Przedsiębiorstwo Inżynierii Komunalnej Sp. z o.o.;(32)2101372;;
Przedsiębiorstwo NOGAT Sp. z o.o. - Oczyszczalnia;(55)2723753;;
Przedsiębiorstwo NOGAT Sp. z o.o. - Oczyszczalnia;(55)2722166;;
Przedsiębiorstwo Oczyszczania Ścieków GUBIN-GUBEN Sp. z o.o.;(68)4555230-31;;
Przedsiębiorstwo Oczyszczania Ścieków GUBIN-GUBEN Sp. z o.o.;(68)4555233;;
Przedsiębiorstwo Robót Inżynieryjno-Hydrotechnicznych HYDRO-EKO;604456553;;
Przedsiębiorstwo Robót Inżynieryjno-Hydrotechnicznych HYDRO-EKO;(14)6700827;;
Przedsiębiorstwo Robót Wodno-Kanalizacyjnych ROKAN;(17)8549305;;
Przedsiębiorstwo Robót Wodno-Kanalizacyjnych ROKAN;604357252;;
Przedsiębiorstwo Robót Wodociągowych i Kanalizacyjnych WPRWiK S.A.;(58)3431109;;
Przedsiębiorstwo Robót Wodociągowych i Kanalizacyjnych WPRWiK S.A.;(58)3430959;;
Przedsiębiorstwo Usług Komunalnych Korzenna Sp. z o.o.;(18)4453652;;
Przedsiębiorstwo Usług Komunalnych w Sompolnie Sp. z o.o.;(63)2714165;;
Przedsiębiorstwo Usług Komunalnych w Sompolnie Sp. z o.o.;(63)2714241;;
Przedsiębiorstwo Usług Specjalistycznych NAVIGATOR Jacek Saller;(32)4346030;;
Przedsiębiorstwo Usług Wodno-Kanalizacyjnych w PASŁĘKU - Jednostka Operatorska Sp. z o.o.;(55)6494062;;
Przedsiębiorstwo Usług Wodno-Kanalizacyjnych w PASŁĘKU - Jednostka Operatorska Sp. z o.o.;(55)6494063;;
Przedsiębiorstwo Usług Wodnych i Sanitarnych Sp. z o.o.;(91)3920711;;
Przedsiębiorstwo Usług Wodnych i Sanitarnych Sp. z o.o.;(91)3920717;;
Przedsiębiorstwo Wdrożeniowo-Wykonawcze Eltech Sp. z o.o.;(14)6822153;;
Przedsiębiorstwo Wodno-Kanalizacyjne Sp. z o.o.;(71)3891627;;
Przedsiębiorstwo Wodno-Kanalizacyjne Sp. z o.o.;(71)3891132;;
Przedsiębiorstwo Wodociągowo-Kanalizacyjne Kwidzyn Sp. z o.o.;(55)2793919;;
Przedsiębiorstwo Wodociągowo-Kanalizacyjne PŁONIA Sp. z o.o.;(95)7462100;;
Przedsiębiorstwo Wodociągowo-Kanalizacyjne PŁONIA Sp. z o.o.;(95)7479197TelefonAlarmowy;;
Przedsiębiorstwo Wodociągowo-Kanalizacyjne Sp. z o.o.;(76)8185576;;
Przedsiębiorstwo Wodociągowo-Kanalizacyjne Sp. z o.o.;(76)8183450;;
Przedsiębiorstwo Wodociągów i Kanalizacji NYSA Sp. z o.o.;(75)6456860;;
Przedsiębiorstwo Wodociągów i Kanalizacji NYSA Sp. z o.o.;(75)6469090;;
Przedsiębiorstwo Wodociągów i Kanalizacji Ostróda Sp. z o.o. w Tyrowie;(89)6467212;;
Przedsiębiorstwo Wodociągów i Kanalizacji Ostróda Sp. z o.o. w Tyrowie;(89)6428767;;
Przedsiębiorstwo Wodociągów i Kanalizacji S.A.;(34)3655448;;
Przedsiębiorstwo Wodociągów i Kanalizacji S.A.;(34)3773199;;
Przedsiębiorstwo Wodociągów i Kanalizacji Sp. z o.o.;(32)7840270;;
Przedsiębiorstwo Wodociągów i Kanalizacji Sp. z o.o.;(32)7840246;;
Przedsiębiorstwo Wodociągów i Kanalizacji Sp. z o.o.;(32)4328099;;
Przedsiębiorstwo Wodociągów i Kanalizacji Sp. z o.o.;(32)4328000;;
Przedsiębiorstwo Wodociągów i Kanalizacji Sp. z o.o.;(22)7762121;;
Przedsiębiorstwo Wodociągów i Kanalizacji Sp. z o.o.;(22)7763358;;
Przedsiębiorstwo Wodociągów i Kanalizacji Sp. z o.o.;(25)7923024;;
Przedsiębiorstwo Wodociągów i Kanalizacji Sp. z o.o.;(25)7920051;;
Przedsiębiorstwo Wodociągów i Kanalizacji Sp. z o.o.;(25)7585860;;
Przedsiębiorstwo Wodociągów i Kanalizacji Sp. z o.o.;(25)7586712;;
Przedsiębiorstwo Wodociągów i Kanalizacji Sp. z o.o.;(95)7285950;;
Przedsiębiorstwo Wodociągów i Kanalizacji Sp. z o.o.;(95)7285955;;
Przedsiębiorstwo Wodociągów i Kanalizacji Sp. z o.o.;(61)4360547;;
Przedsiębiorstwo Wodociągów i Kanalizacji Sp. z o.o.;(89)5327944;;
Przedsiębiorstwo Wodociągów i Kanalizacji Sp. z o.o.;(89)5266606;;
Przedsiębiorstwo Wodociągów i Kanalizacji Sp. z o.o.;(32)6430174;;
Przedsiębiorstwo Wodociągów i Kanalizacji Sp. z o.o.;0800431415;;
Przedsiębiorstwo Wodociągów i Kanalizacji Sp. z o.o.;(85)8733032;;
Przedsiębiorstwo Wodociągów i Kanalizacji Sp. z o.o.;(85)8733034;;
Przedsiębiorstwo Wodociągów i Kanalizacji Sp. z o.o.;(94)3740139;;
Przedsiębiorstwo Wodociągów i Kanalizacji Sp. z o.o.;(94)3753333;;
Przedsiębiorstwo Wodociągów i Kanalizacji Sp. z o.o.;(32)3300150;;
Przedsiębiorstwo Wodociągów i Kanalizacji Sp. z o.o.;(32)3300169;;
Przedsiębiorstwo Wodociągów i Kanalizacji Sp. z o.o. w Gdyni;(58)6687311;;
Przedsiębiorstwo Wodociągów i Kanalizacji Sp. z o.o. w Gdyni;(58)6219162;;
Przedsiębiorstwo Wodociągów i Kanalizacji Sp. z o.o. w Jarocinie;(62)7473160;;
Przedsiębiorstwo Wodociągów i Kanalizacji Sp. z o.o. w Jarocinie;(62)7473487;;
Przedsiębiorstwo Wodociągów i Kanalizacji Sp. z o.o. w Przemyślu;(16)6783259;;
Przedsiębiorstwo Wodociągów i Kanalizacji Sp. z o.o. w Rudzie Śląskiej;(32)3424300;;
Przedsiębiorstwo Wodociągów i Kanalizacji Sp. z o.o. w Rudzie Śląskiej;(32)2443132;;
Przedsiębiorstwo Wodociągów i Kanalizacji w Bytomiu Sp. z o.o.;(32)2810015;;
Przedsiębiorstwo Wodociągów i Kanalizacji w Bytomiu Sp. z o.o.;(32)2814085-86;;
Przedsiębiorstwo Wodociągów i Kanalizacji w Głogowie Sp. z o.o.;(76)8342131;;
Przedsiębiorstwo Wodociągów i Kanalizacji w Głogowie Sp. z o.o.;(76)8342131w.30;;
Przedsiębiorstwo Wodociągów i Kanalizacji w Malborku Sp. z o.o.;(55)2723627-28;;
Przedsiębiorstwo Wodociągów i Kanalizacji w Malborku Sp. z o.o.;(55)2725524;;
Przedsiębiorstwo Wodociągów i Kanalizacji w Nowym Tomyślu Sp. z o.o.;(61)4422080;;
Przedsiębiorstwo Wodociągów i Kanalizacji w Nowym Tomyślu Sp. z o.o.;(61)4422091;;
Przedsiębiorstwo Wodociągów i Kanalizacji w Obornikach Sp. z o.o.;(61)2961502;;
Przedsiębiorstwo Wodociągów i Kanalizacji w Obornikach Sp. z o.o.;(61)2961525;;
Przedsiębiorstwo Wodociągów i Kanalizacji w Śremie Sp. z o.o.;(61)2830459;;
Przedsiębiorstwo Wodociągów i Kanalizacji w Śremie Sp. z o.o.;(61)2830475;;
Przedsiębiorstwo Wodociągów i Kanalizacji WODNIK Sp. z o.o.;(75)7303501;;
Przedsiębiorstwo Wodociągów i Kanalizacji WODNIK Sp. z o.o.;(75)7303516;;
Przedsiębiorstwo Wodociągów i Kanalizacji Żory Sp. z o.o.;(32)4341915;;
Przedsiębiorstwo Wodociągów i Kanalizacji Żory Sp. z o.o.;(32)4344632;;
Przedsiębiorstwo Zaopatrzenia Rolnictwa w Wodę Wodrol-Olsztyn w Dywitach Sp. z o.o.;(89)5267859;;
PUK Przedsiębiorstwo Usług Komunalnych Sp. z o.o. w Rokietnicy;(61)8145743;;
PUK Przedsiębiorstwo Usług Komunalnych Sp. z o.o. w Rokietnicy;(61)8145838;;
PUM Produkty i Pomysły;(61)8733200;;
PWiK Sp. z o.o.;(24)2533320;;
PWiK Sp. z o.o.;(24)2542844;;
PWiK WODOCIĄGI KOŚCIERSKIE Sp. z o.o.;(58)6862006;;
PWiK WODOCIĄGI KOŚCIERSKIE Sp. z o.o.;(58)6864608;;
Regionalne Wodociągi i Kanalizacja Sp. z o.o. w Białogardzie;(94)3123215;;
Regionalne Wodociągi i Kanalizacja Sp. z o.o. w Białogardzie;(94)3123319;;
Rejonowe Przedsiębiorstwo Wodociągów i Kanalizacji w Dąbrowie Tarnowskiej Sp. z o.o.;(14)6422850;;
Rejonowe Przedsiębiorstwo Wodociągów i Kanalizacji w Dąbrowie Tarnowskiej Sp. z o.o.;(14)6422397;;
Rejonowe Przedsiębiorstwo Wodociągów i Kanalizacji w Sosnowcu S.A.;(32)2925590-92;;
Rejonowe Przedsiębiorstwo Wodociągów i Kanalizacji w Sosnowcu S.A.;(32)3644301;;
Rejonowe Przedsiębiorstwo Wodociągów i Kanalizacji w Tychach S.A.;(32)2274031-33;;
Rejonowe Przedsiębiorstwo Wodociągów i Kanalizacji w Tychach S.A.;(32)3257005;;
REKNICA Sp. z o.o.;(58)6827411;;
REKNICA Sp. z o.o.;(58)6827412;;
RODMOST Przedsiębiorstwo Specjalistyczne;(095)7239905;;
RODMOST Przedsiębiorstwo Specjalistyczne;601721610;;
ROLBUD II S.c.;(17)2245170;;
ROLBUD II S.c.;(17)2245978;;
RZGW Regionalny Zarząd Gospodarki Wodnej w Warszawie;(22)5870200;;
RZGW Regionalny Zarząd Gospodarki Wodnej w Warszawie;(22)5870211;;
Sanockie Przedsiębiorstwo Gospodarki Komunalnej Sp. z o.o.;(13)4647800;;
Sanockie Przedsiębiorstwo Gospodarki Komunalnej Sp. z o.o.;(13)4647900;;
Sanwir;(76)7227202;;
Sanwir;607708037;;
SAUR NEPTUN Gdańsk S.A.;(58)3013091;;
SAUR NEPTUN Gdańsk S.A.;(58)3014513;;
SEWiK Tatrzańska Komunalna Grupa Kapitałowa Sp. z o.o.;(18)2024450;;
SEWiK Tatrzańska Komunalna Grupa Kapitałowa Sp. z o.o.;(18)2024460;;
Spółka Wodno-Ściekowa GWDA Sp. z o.o.;(67)2124898;;
Spółka Wodno-Ściekowa GWDA Sp. z o.o.;(67)2124559;;
Spółka Wodno-Ściekowa Jezioro BIAŁE-GLINKI;(82)5721341;;
Spółka Wodno-Ściekowa Jezioro BIAŁE-GLINKI;(82)5724080;;
Spółka Wodno-Ściekowa SWARZEWO;(58)6741508;;
Spółka Wodno-Ściekowa SWARZEWO;(58)6741569;;
Spółka Wodociągowa w Bystrej;(33)8171619;;
Stryszowskie Przedsiębiortwo Wodociągowo-Kanalizacyjne ŚRODOWISKO w Stryszowie Sp. z o.o.;510120566;;
Stryszowskie Przedsiębiortwo Wodociągowo-Kanalizacyjne ŚRODOWISKO w Stryszowie Sp. z o.o.;510120567;;
Strzeleckie Wodociągi i Kanalizacja Sp. z o.o.;(77)4612708;;
Strzeleckie Wodociągi i Kanalizacja Sp. z o.o.;(77)4613965;;
Szagru Sp. z o.o.;(32)4490000;;
Szagru Sp. z o.o.;(32)2128714;;
Szczyrba S.c.;(32)4512220;;
Szczyrba S.c.;(32)4512241;;
Świdnickie Przedsiębiorstwo Wodociągów i Kanalizacji Sp. z o.o.;(74)8515810;;
Świdnickie Przedsiębiorstwo Wodociągów i Kanalizacji Sp. z o.o.;(74)8515836;;
Tarnobrzeskie Wodociągi Sp z o. o.;(15)8232295;;
Tarnobrzeskie Wodociągi Sp z o. o.;(15)8232203;;
TEKOM Sp. z o.o.;(65)5432159;;
TELE-DROG Sp. z o.o.;(15)8320779;;
TELE-DROG Sp. z o.o.;(15)8320672;;
TORGAN Sp. z o.o.;(81)5240339;;
Toruńskie Wodociągi Sp. z o.o.;(56)6586400;;
Toruńskie Wodociągi Sp. z o.o.;(56)6540151;;
TRANS-G Grzegorz Ryczko;608343307;;
TYLISZCZAK Antoni Tyliszczak;(68)4531556;;
UNIMARK Sp. z o.o.;(33)8720516;;
UNIMARK Sp. z o.o.;(33)8234289;;
URANOS Z.P.H.U. Ireneusz Piegrzyk;(32)2255384;;
URANOS Z.P.H.U. Ireneusz Piegrzyk;(32)2256316;;
Usługi Asenizacyjne Grzegorz Jackiewicz;(22)7224587;;
Usługi Asenizacyjne Grzegorz Jackiewicz;607361306;;
Usługi Hydrauliczno-Kanalizacyjne;662177566;;
Usługi Wodociągowe Jacek Pikuła;(32)2322652;;
Usługi Wodociągowe Jacek Pikuła;604569735;;
VAPRO Sp.j.;(085)6619144;;
VAPRO Sp.j.;(085)6546452;;
Wadowickie Przedsiębiorstwo Wodociągów i Kanalizacji Sp. z o.o.;(33)8235626;;
Wadowickie Przedsiębiorstwo Wodociągów i Kanalizacji Sp. z o.o.;(33)8234638;;
WALTHER Przedsiębiorstwo Innowacyjno-Wdrożeniowe Sp. z o.o.;(22)6121892;;
WALTHER Przedsiębiorstwo Innowacyjno-Wdrożeniowe Sp. z o.o.;603766606;;
Wałbrzyskie Przedsiębiorstwo Wodociągów i Kanalizacji Sp. z o.o.;(74)6488114;;
Wałbrzyskie Przedsiębiorstwo Wodociągów i Kanalizacji Sp. z o.o.;(74)6488115;;
WEMA S.c.;(58)6839196;;
WEMA S.c.;501672993;;
Wielkopolski Zarząd Melioracji i Urządzeń Wodnych w Poznaniu;(61)6475401;;
Wielkopolski Zarząd Melioracji i Urządzeń Wodnych w Poznaniu;(61)8522069;;
Wod-Kan Trans;505205400;;
Wodkan - przyłącza wodociągowe i kanalizacyjne;601264641;;
WODKAN Przedsiębiorstwo Wodociagów i Kanalizacji S.A.;(62)7387700;;
WODKAN Przedsiębiorstwo Wodociagów i Kanalizacji S.A.;(62)7387712;;
WODMEL;(86)2752013;;
WODMEL;(86)2752032;;
WODNIK Wodociągi i Kanalizacje Marek Wnuk;(87)5671108;;
Wodociąg Marecki Sp. z o.o.;(22)7813532;;
Wodociąg Marecki Sp. z o.o.;(22)7714693;;
Wodociągi Białostockie Sp. z o.o.;(85)7458100;;
Wodociągi Białostockie Sp. z o.o.;(85)7458113;;
Wodociągi i Kanalizacja AKWA Sp. z o.o.;(77)4334316;;
Wodociągi i Kanalizacja AKWA Sp. z o.o.;(77)4334037(pogotowiewodociągowe);;
Wodociągi i Kanalizacja HYDROKOM Sp. z o.o.;(77)4181471;;
Wodociągi i Kanalizacja HYDROKOM Sp. z o.o.;(77)4181472;;
Wodociągi i Kanalizacja Sp. z o.o.;(74)8323701-04;;
Wodociągi i Kanalizacja Sp. z o.o.;(74)8323705;;
Wodociągi i Kanalizacja Sp. z o.o.;(48)6170426;;
Wodociągi i Kanalizacja Sp. z o.o.;(77)5445941;;
Wodociągi i Kanalizacja Sp. z o.o.;(77)5449654;;
Wodociągi i Kanalizacja w Opolu Sp. z o.o.;(77)4435500;;
Wodociągi i Kanalizacje Miejskie Sp. z o.o.;(87)6445211;;
WODOCIĄGI KĘPIŃSKIE Sp. z o.o.;(062)7822450;;
WODOCIĄGI KĘPIŃSKIE Sp. z o.o.;(062)7829974;;
WODOCIĄGI KIELECKIE Sp. z o.o.;(41)3653100;;
WODOCIĄGI KIELECKIE Sp. z o.o.;(41)3455220;;
Wodociągi Miejskie Sp. z o.o. w Braniewie;(55)2432876;;
Wodociągi Miejskie Sp. z o.o. w Braniewie;(55)6442417;;
Wodociągi Niepołomice Sp. z o.o.;(12)2811661;;
Wodociągi Niepołomice Sp. z o.o.;(12)2812423;;
Wodociągi Pińczowskie Sp. z o.o.;(41)3575546;;
Wodociągi Płockie Sp. z o.o.;(24)3644200;;
Wodociągi Płockie Sp. z o.o.;(24)3644250;;
WODOCIĄGI SŁUPSK Sp. z o.o.;(59)8426051;;
WODOCIĄGI SŁUPSK Sp. z o.o.;(59)8422207;;
Wodociągi Sp. z o.o.;(77)4391932;;
Wodociągi Sp. z o.o.;(77)4392932;;
WODOCIĄGI USTKA Sp. z o.o.;(59)8144727;;
WODOCIĄGI USTKA Sp. z o.o.;(59)8146151;;
Wodociągi Ziemi Cieszyńskiej Sp. z o.o.;(33)8542244;;
Wodociągi Ziemi Cieszyńskiej Sp. z o.o.;(33)8543725;;
WODOCIĄGI-ESOX Sp. z o.o.;(32)4560974;;
WODOCIĄGI-ESOX Sp. z o.o.;(32)4560975;;
Z.U.W.K. WOKAN S.c.;(32)7602698;;
Z.U.W.K. WOKAN S.c.;(32)7602351;;
Zabrzańskie Przedsiębiorstwo Wodociągów i Kanalizacji Sp. z o.o.;(32)2755226-27;;
Zabrzańskie Przedsiębiorstwo Wodociągów i Kanalizacji Sp. z o.o.;(32)3769830;;
Zakład Betoniarski Elżbieta Kasprowska;(32)2265308;;
Zakład Eksploatacji i Wykonawstwa Wodociągów;(63)2743436;;
Zakład Eksploatacji i Wykonawstwa Wodociągów;(63)2743437;;
Zakład Gospodarki Komunalnej;(24)2311103;;
Zakład Gospodarki Komunalnej i Mieszkaniowej w Kamieniu Krajeńskim Sp. z o.o.;(52)3887065;;
Zakład Gospodarki Komunalnej i Mieszkaniowej w Koronowie;(52)5860418;;
Zakład Gospodarki Komunalnej i Mieszkaniowej w Koronowie;(52)3822386;;
Zakład Gospodarki Komunalnej Sp. z o.o.;(52)3882286;;
Zakład Gospodarki Komunalnej Sp. z o.o.;(52)3882849;;
Zakład Gospodarki Komunalnej Sp. z o.o. w Więcborku;(52)3897010;;
Zakład Gospodarki Komunalnej Sp. z o.o. w Więcborku;(52)3897178;;
Zakład Gospodarki Komunalnej w Konstancinie-Jeziornie;(22)7564251;;
Zakład Gospodarki Komunalnej w Konstancinie-Jeziornie;(22)7564683;;
Zakład Gospodarki Komunalnej w Lwówku;(61)4414514;;
Zakład Gospodarki Komunalnej w Lwówku;(61)4414087;;
Zakład Gospodarki Komunalnej w Radzionkowie;(32)3888750;;
Zakład Gospodarki Komunalnej w Radzionkowie;(32)2894276;;
Zakład Instalacyjny Jan Tomiński;606351024;;
Zakład Instalacyjny Jan Tomiński;608661713;;
Zakład Instalatorstwa Sanitarnego Tadeusz Szamrej;(42)6722266;;
Zakład Instalatorstwa Sanitarnego Tadeusz Szamrej;502244403;;
Zakład Komunalny Gminy Zblewo;(58)5884273;;
Zakład Komunalny Gminy Zblewo;513027950;;
Zakład Płukania i Dezynfekcji Urządzeń Wodociągowych AQUACLEAR;(68)3563404;;
Zakład Płukania i Dezynfekcji Urządzeń Wodociągowych AQUACLEAR;601742043;;
Zakład Usług Budowlanych BUDMEL Sp.j.;(42)7198102;;
Zakład Usług Komunalnych Sp. z o.o.;(61)8108139;;
Zakład Usług Komunalnych Sp. z o.o.;(61)8108155;;
Zakład Usług Komunalnych Sp. z o.o.;(71)3178166;;
Zakład Usług Komunalnych Sp. z o.o.;(71)3178162;;
Zakład Usług Komunalnych Sp. z o.o.;(71)3988036-39;;
Zakład Usług Komunalnych Sp. z o.o.;(71)3988181;;
Zakład Usług Komunalnych Sp. z o.o. w Brzezinach;(46)8742752;;
Zakład Usług Komunalnych Sp. z o.o. w Brzezinach;(46)8743284;;
Zakład Usług Komunalnych w Chmielniku Sp. z o.o.;(41)3544430;;
Zakład Usług Komunalnych w Odolanowie;(62)7331314;;
Zakład Usług Komunalnych w Odolanowie;(62)7333325;;
Zakład Usług Komunalnych w Rakoniewicach Sp. z o.o.;(61)4441168;;
Zakład Usług Komunalnych w Rakoniewicach Sp. z o.o.;(61)4441161;;
Zakład Usług Specjalistycznych MPWiK Sp. z o.o.;(12)6485768;;
Zakład Usług Specjalistycznych MPWiK Sp. z o.o.;(12)6476529;;
Zakład Usług Wodnych AQUARIUS;(89)5238267;;
Zakład Usług Wodnych AQUARIUS;(89)5272177;;
Zakład Usług Wodnych Sp. z o.o.;(89)6161416;;
Zakład Usług Wodnych Sp. z o.o.;(89)6161376;;
Zakład Usługowy MARTEL S.c.;(22)7297793;;
Zakład Usługowy MARTEL S.c.;602256239;;
Zakład Wodociągów i Kanalizacji;(48)6183617;;
Zakład Wodociągów i Kanalizacji Sp. z o.o.;(12)2761289;;
Zakład Wodociągów i Kanalizacji Sp. z o.o.;(12)2761291;;
Zakład Wodociągów i Kanalizacji Sp. z o.o.;(33)8752640;;
Zakład Wodociągów i Kanalizacji Sp. z o.o.;(33)8752655;;
Zakład Wodociągów i Kanalizacji Sp. z o.o.;(22)7757307;;
Zakład Wodociągów i Kanalizacji Sp. z o.o.;(22)7757338;;
Zakład Wodociągów i Kanalizacji Sp. z o.o.;(95)7172027;;
Zakład Wodociągów i Kanalizacji Sp. z o.o.;(95)7171541;;
Zakład Wodociągów i Kanalizacji Sp. z o.o.;(91)3214531;;
Zakład Wodociągów i Kanalizacji Sp. z o.o.;(91)4426200;;
Zakład Wodociągów i Kanalizacji Sp. z o.o.;(74)8541304;;
Zakład Wodociągów i Kanalizacji Sp. z o.o.;(74)8541378;;
Zakład Wodociągów i Kanalizacji Sp. z o.o. w Wałczu;(67)2582478;;
Zakład Wodociągów i Kanalizacji w Chełmnie;(56)6864933;;
Zakład Wodociągów i Kanalizacji w Ciechanowie Sp. z o.o.;(23)6722960;;
Zakład Wodociągów i Kanalizacji w Ciechanowie Sp. z o.o.;(23)6722961;;
Zakład Wodociągów i Kanalizacji w Oławie Sp. z o.o.;(71)3039521;;
Zakład Wodociągów i Kanalizacji w Oławie Sp. z o.o.;(71)3039533;;
Zakład Wodociągów i Kanalizacji w Prudniku Jednoosobowa Spółka Gminy Prudnik z o.o.;(77)4363617;;
Zakład Wodociągów i Kanalizacji w Strzelinie Sp. z o.o.;(71)7962900;;
Zakład Wodociągów i Kanalizacji w Strzelinie Sp. z o.o.;(71)7962929;;
Zakład Wodociągów i Kanalizacji w Świerklańcu;(32)2844617;;
Zakład Wodociągów i Kanalizacji w Świerklańcu;(32)3902620;;
Zakład Wodociągów i Kanalizacji w Wołczynie Sp. z o.o.;(77)4188458;;
Zakład Wodociągów i Kanalizacji w Wołczynie Sp. z o.o.;(77)4188502;;
Zakład Wodociągów i Usług Komunalnych EKOWOD Sp. z o.o.;(77)4105222;;
Zakład Wodociągów i Usług Komunalnych EKOWOD Sp. z o.o.;(77)4101482;;
Zakład Wodociągów Kanalizacji i Usług Komunalnych Sp. z o.o.;(68)3822623;;
Zakład Wodociągów Kanalizacji i Usług Komunalnych Sp. z o.o.;(68)3822411;;
Zambrowskie Ciepłownictwo i Wodociągi Sp. z o.o.;(86)2713192;;
Zambrowskie Ciepłownictwo i Wodociągi Sp. z o.o.;(86)2713198;;
Zielonogórskie Wodociągi i Kanalizacja Sp. z o.o.;(68)4519300-02;;
Zielonogórskie Wodociągi i Kanalizacja Sp. z o.o.;(68)4519340;;
Złote Runo Sp. z o.o.;(22)6226943;;
Złote Runo Sp. z o.o.;(22)6210128;;
ZPU ALIMA;(13)4464511;;
ZPU ALIMA;604177365;;
ZUK Tworóg Sp. z o.o.;(032)3810050;;
ZUK Tworóg Sp. z o.o.;(032)2846793;;
Żagańskie Wodociągi i Kanalizacje Sp. z o.o.;(68)3773975;;
Żagańskie Wodociągi i Kanalizacje Sp. z o.o.;(68)3681840;;
Żaneta Staszewska P.H.U.;530830174;;
EKOBAK Marcin Grochla;507218363;;
HydraTec usługi hydrauliczne;881679899;;
Agencja Pośrednictwa Usługowego i Handlowego INFO-GLOBAL;(32)2020587;;
Agencja Pośrednictwa Usługowego i Handlowego INFO-GLOBAL;604334641;;
ALAN Andrzej Kruk;602706181;;
ALAN Andrzej Kruk;(61)8680000;;
AMITECH Poland Sp. z o.o.;(61)6503494;;
AMITECH Poland Sp. z o.o.;(61)6503499;;
AQUA B.R.Tomczykowie Sp.j. Regały wysokiego składowania;(42)6365033;;
AQUA B.R.Tomczykowie Sp.j. Regały wysokiego składowania;(42)6361357;;
AQUA-PROJECT Zakład Inżynierii Wodno-Ściekowej w Bydgoszczy;(52)3221246;;
AQUA-PROJECT Zakład Inżynierii Wodno-Ściekowej w Bydgoszczy;(52)3493462;;
AQUAPULS - Gospodarka Wodna;(58)7650241;;
AQUAPULS - Gospodarka Wodna;691039193;;
ARES;609751834;;
Armatura Przemysłowa i Pompy MAR-MAG;(56)6553493;;
Armatura Przemysłowa i Pompy MAR-MAG;(56)6231360;;
ARTBUD Sławomir Gromek;603528806;;
ATA TECHNIK Spółka z ograniczoną odpowiedzialnością S.K.A.;(67)2844184;;
ATA TECHNIK Spółka z ograniczoną odpowiedzialnością S.K.A.;(67)2844185;;
ATLAS Sp. z o.o.;(62)7343492;;
ATLAS Sp. z o.o.;(62)7343363;;
Beskid-Ekosystem Sp. z o.o.;(33)8641300-01;;
Beskid-Ekosystem Sp. z o.o.;(33)8640223;;
BETONSTAL Sp. z o.o.;(91)4643726;;
BETONSTAL Sp. z o.o.;(91)4643660;;
BETPROD;662316784;;
Bio & Energy Sp. z o.o.;(22)7220138;;
Bio & Energy Sp. z o.o.;(22)7220392;;
Biowoma;(48)6673607;;
Biowoma;603638312;;
Biuro Projektowe SYNTECH Synowiec i Juda Sp.j.;(75)7533857;;
Biuro Projektów Gospodarki Wodnej i Ściekowej BIPROWOD-WARSZAWA Sp. z o.o.;(22)6339273;;
Biuro Projektów Gospodarki Wodnej i Ściekowej BIPROWOD-WARSZAWA Sp. z o.o.;(22)6339373;;
Biuro Techniczno–Handlowe Ciepłownictwa Wodociągów i Kanalizacji CEWOK Sp. z o.o.;(22)6183886;;
Biuro Techniczno–Handlowe Ciepłownictwa Wodociągów i Kanalizacji CEWOK Sp. z o.o.;(22)8685062;;
Boss Hydraulik;602618153;;
Boss Hydraulik;(22)6660926;;
Brawotec Watersystems Sp. z o.o.;(68)4200767;;
Brawotec Watersystems Sp. z o.o.;(68)4200762;;
Brzostowski;608800604;;
Brzostowski;698895510;;
Cons Control System;(68)3278615;;
Cons Control System;(68)3278679;;
DAR-MAC Maciej Srokowski;508292943;;
DIGTEL Arkadiusz Gonsior;695940107;;
Dipl.-Ing. Murowicki Haustechnikservice;0049308516943;;
Dipl.-Ing. Murowicki Haustechnikservice;0049308514772;;
DZT Service Sp. z o.o.;(74)8544670;;
DZTO Hydro-Top Sp. z o.o.;(68)3553989;;
DZTO Hydro-Top Sp. z o.o.;(68)3553600;;
EKOMA S.c.;(022)8946447;;
EKOMA S.c.;(022)8946443;;
ELGET Krystyna i Tadeusz Głowaccy;(48)6770069;;
ELGET Krystyna i Tadeusz Głowaccy;696442398;;
Energetyka Sp. z o.o.;(76)8478512;;
Energetyka Sp. z o.o.;(76)8478514-15;;
ENWOS Sp. z o.o.;(33)8461290;;
ENWOS Sp. z o.o.;(33)8461377;;
EROBUD Budownictwo Wodne i Melioracjne Ewa Maksym;(91)4164603;;
EROBUD Budownictwo Wodne i Melioracjne Ewa Maksym;606999362;;
Esanit Sp. z o.o.;(74)8569096;;
Esanit Sp. z o.o.;604700680;;
EURO-WIERT Sp. z o.o.;(15)8225770;;
EURO-WIERT Sp. z o.o.;608510002;;
EvU Kielce;(41)3434720;;
EvU Kielce;608284285;;
EW-Invest;(91)4349670;;
EW-Invest;(91)4349671;;
F.U.P.H. WODOSERWIS;501145659;;
Firma EKO-INSTAL Zbigniew&Roman;(22)7398887;;
Firma Handlowo Usługowa Ryś;(58)6878428;;
Firma Handlowo Usługowa Ryś;(58)6878071;;
Firma Usługowo-Handlowa TOMEX;(32)3000177;;
Firma Usługowo-Handlowa TOMEX;502412209;;
GLOBAL CONCEPTS 2000 POLSKA Sp. z o.o.;(91)4340158;;
GLOBAL CONCEPTS 2000 POLSKA Sp. z o.o.;(91)4832720;;
Górnośląskie Przedsiębiorstwo Wodociągów S.A.;(32)6038861;;
Górnośląskie Przedsiębiorstwo Wodociągów S.A.;(32)6038614;;
Gulik & WC Serwis Janusz Diakonow;(32)4223755;;
Gulik & WC Serwis Janusz Diakonow;604157899;;
HABA RL;(61)3070172;;
HABA RL;519050549;;
Hema-Pol Henryk Mazurek;(91)4345024;;
Hema-Pol Henryk Mazurek;501042810;;
HV KOMMUNALTECHNIK GMBH Sp. z o.o. Oddział w Polsce;(32)2306662;;
HV KOMMUNALTECHNIK GMBH Sp. z o.o. Oddział w Polsce;(32)2306648;;
Hydro-Bruk;887048323;;
HydroSCHICK;(32)2702024;;
HydroSCHICK;509497014;;
ILMAR Jerzy Ilków;(71)3217305;;
ILMAR Jerzy Ilków;601787666;;
INSTAL WARSZAWA S.A. Przedsiębiorstwo Instalacji Przemysłowych;(022)6204828;;
INSTAL WARSZAWA S.A. Przedsiębiorstwo Instalacji Przemysłowych;(022)6546220;;
Instalgrunt;663571704;;
Instalgrunt;667290416;;
ISTAL Zakład Ślusarsko-Instalacyjny Wod-Kan., C.O. Gaz Marek Boniek;(52)3405296;;
ISTAL Zakład Ślusarsko-Instalacyjny Wod-Kan., C.O. Gaz Marek Boniek;797656883;;
IWRA Iwona Napierała-Piątkowska;(65)5123050;;
IWRA Iwona Napierała-Piątkowska;602138215;;
J.C. IMPEX;(22)7519921;;
Kanwod-Invest;791777712;;
Kartuskie Przedsiębiorstwo Wodociągów i Kanalizacji Sp. z o.o.;(58)6810246;;
Kartuskie Przedsiębiorstwo Wodociągów i Kanalizacji Sp. z o.o.;(58)6810454;;
Kingspan Environmental Sp. z o.o.;(61)8144400;;
Kingspan Environmental Sp. z o.o.;(61)8145499;;
KODRAIN;509612415;;
Kozienicka Gospodarka Komunalna Sp. z o.o.;(48)6142403;;
Kozienicka Gospodarka Komunalna Sp. z o.o.;(48)6142446;;
Lubelskie Przedsiębiorstwo Instalacji Sanitarnych ELPIS Sp. z o.o.;(81)4613630;;
Lubelskie Przedsiębiorstwo Instalacji Sanitarnych ELPIS Sp. z o.o.;(81)4613636;;
Łęczyńska Energetyka Sp. z o.o. w Bogdance;(81)4625553;;
Łęczyńska Energetyka Sp. z o.o. w Bogdance;(81)4431102;;
M.P.W.i K. EKOWIK Sp. z o.o.;(58)6741566-centrala;;
M.P.W.i K. EKOWIK Sp. z o.o.;(58)6741577;;
MAKMAR Usługi Koparko-Ładowarką Marcin Trzeszczak;662149176;;
Marek Tomalski;(032)2314929;;
Marek Tomalski;(032)2307052;;
MAST Technika Grzewcza i Sanitarna;601292632;;
MAST Technika Grzewcza i Sanitarna;(44)6323946;;
MAZUR Sp. z o.o.;(52)3333460;;
MAZUR Sp. z o.o.;(52)3333464;;
Meliorant Tadeusz Zając i Spółka Sp.komandytowa;(25)6820158;;
Meliorant Tadeusz Zając i Spółka Sp.komandytowa;(25)6820153;;
Miejska Gospodarka Komunalna Sp. z o.o. w Oleśnicy;(71)3967110;;
Miejska Gospodarka Komunalna Sp. z o.o. w Oleśnicy;(71)3143958;;
Miejski Zakład Gospodarki Komunalnej i Mieszkaniowej Sp. z o.o.;(29)7522844;;
Miejskie Przedsiębiorstwo Gospodarki Komunalnej-Krośnieński Holding Komunalny Sp. z o.o.;(13)4368311;;
Miejskie Przedsiębiorstwo Gospodarki Komunalnej-Krośnieński Holding Komunalny Sp. z o.o.;(13)4748320;;
Miejskie Przedsiębiorstwo Wodociągów i Kanalizacji Sp. z o.o.;(54)2836224;;
Miejskie Przedsiębiorstwo Wodociągów i Kanalizacji Sp. z o.o.;602396161;;
Miejskie Wodociągi i Oczyszczalnia Sp. z o.o.;(056)4504901;;
Miejskie Wodociągi i Oczyszczalnia Sp. z o.o.;(056)4504934;;
Miejskie Zakłady Komunalne Sp. z o.o.;(95)7279600;;
Miejsko-Przemysłowa Oczyszczalnia Ścieków Sp. z o.o.;(33)8473433;;
Miejsko-Przemysłowa Oczyszczalnia Ścieków Sp. z o.o.;(33)8474502;;
MILO-pol Sp. z o.o.;(34)3627211;;
MILO-pol Sp. z o.o.;(34)3628312;;
MILO-pol Sp. z o.o. Oddział;(34)3651505;;
MK Budownictwo Sp. z o.o.;781979072;;
MK Budownictwo Sp. z o.o.;(34)3286174;;
MON-TEX S.c.;(61)6521652;;
MON-TEX S.c.;601721405;;
NAT-MAR Bogusław Zbrzyzny;513098806;;
P.H.U. ASBUD S.c.;(24)3661685;;
P.H.U. ASBUD S.c.;(24)3674744;;
P.H.U. JESBET Honorata Rybska;502037636;;
P.H.U. JESBET Honorata Rybska;500200036;;
P.P.H. EKO-SUM;(34)3149651;;
P.P.H. EKO-SUM;(34)3435258;;
P.U. JANBAR S.c.;(89)7673295;;
P.U.P. SANBUD Edward Rataj;(62)7612583;;
P.U.P. SANBUD Edward Rataj;(62)7612584;;
P.W. Marcin Ławicki;(056)6784310;;
P.W. Marcin Ławicki;601633708;;
PK Pojazdy Komunalne Tymborowscy Sp. z o.o.;(41)3461293;;
PK Pojazdy Komunalne Tymborowscy Sp. z o.o.;(41)3461217;;
Podhalańskie Przedsiębiorstwo Komunalne Sp. z o.o.;(18)2665242;;
Podhalańskie Przedsiębiorstwo Komunalne Sp. z o.o.;(18)2640779;;
Pogotowie Hydrauliczne 24h;666744277;;
PPHU ARIES Zbigniew Kochański;(95)7550110-11;;
PPHU ARIES Zbigniew Kochański;(95)7550112;;
PPHU Trans-Mark;(43)6775488;;
PPHU Trans-Mark;603076098;;
PPUH SAGA Małgorzata Huzar, Krystyna Gardecka Sp.j.;(71)3501464;;
PPUH SAGA Małgorzata Huzar, Krystyna Gardecka Sp.j.;(71)3501474;;
PRESKPOL Sp. z o.o.;(22)7319971-72;;
PRESKPOL Sp. z o.o.;(22)7319973;;
Prz-Kor;605721976;;
Prz-Kor;(71)3277119;;
Przedsiębiorstwo Budowlano-Handlowe Z.Niziński;(29)7426270;;
Przedsiębiorstwo Budowlano-Handlowe Z.Niziński;(29)7430281;;
Przedsiębiorstwo Budownictwa Wodno - Melioracyjnego MELBUD Sp. z o.o.;(024)2751094;;
Przedsiębiorstwo EKOLOBUD S.A.;(87)5664811;;
Przedsiębiorstwo EKOLOBUD S.A.;(87)5631571;;
Przedsiębiorstwo Gospodarki Komunalnej i Mieszkaniowej Sp. z o.o.;(17)2761103;;
Przedsiębiorstwo Gospodarki Komunalnej i Mieszkaniowej Sp. z o.o.;(17)2761211;;
Przedsiębiorstwo Gospodarki Komunalnej i Mieszkaniowej Sp. z o.o.;(62)7254233;;
Przedsiębiorstwo Gospodarki Komunalnej i Mieszkaniowej Sp. z o.o.;(62)7255741;;
Przedsiębiorstwo Gospodarki Komunalnej i Mieszkaniowej Sp. z o.o.;(24)7212285;;
Przedsiębiorstwo Gospodarki Komunalnej i Mieszkaniowej Sp. z o.o.;(24)7213511;;
Przedsiębiorstwo Gospodarki Komunalnej Sp. z o.o.;(44)6830630;;
Przedsiębiorstwo Gospodarki Komunalnej Sp. z o.o.;(44)6834377;;
Przedsiębiorstwo Gospodarki Komunalnej Sp. z o.o.;(13)4341549;;
Przedsiębiorstwo Gospodarki Komunalnej Sp. z o.o.;(13)4341591;;
Przedsiębiorstwo Handlowo Wykonawcze ENERGOINSTAL Bartosz Siemiński;(67)2500063;;
Przedsiębiorstwo Handlowo Wykonawcze ENERGOINSTAL Bartosz Siemiński;515240544;;
Przedsiębiorstwo Inżynieryjne DREWA-HYDROINSTAL Sp. z o.o.;(58)6722987;;
Przedsiębiorstwo Inżynieryjne DREWA-HYDROINSTAL Sp. z o.o.;(58)6724181;;
Przedsiębiorstwo Inżynieryjno-Budowlane ARCHBUD Sp.j.;(32)2765205-06;;
Przedsiębiorstwo Inżynieryjno-Budowlane ARCHBUD Sp.j.;506064910;;
Przedsiębiorstwo Inżynieryjno-Budowlane ZETPRI-EKO Sp. z o.o.;(44)6496871;;
Przedsiębiorstwo Komunalne MIERZEJA Sp. z o.o.;(55)2478463;;
Przedsiębiorstwo Komunalne MIERZEJA Sp. z o.o.;(55)2476446;;
Przedsiębiorstwo Komunalne PEGIMEK Sp. z o.o.;(81)7512044-46;;
Przedsiębiorstwo Komunalne PEGIMEK Sp. z o.o.;(81)7512775;;
Przedsiębiorstwo Komunalne Sp. z o.o.;(62)7421664;;
Przedsiębiorstwo Komunalne Sp. z o.o.;(62)7412332;;
Przedsiębiorstwo Komunalne Sp. z o.o.;(59)8342200;;
Przedsiębiorstwo Komunalne Sp. z o.o.;(59)8342209;;
Przedsiębiorstwo POLNET Sp. z o.o.;(087)6432114;;
Przedsiębiorstwo POLNET Sp. z o.o.;(087)6435753;;
Przedsiębiorstwo Robót Inżynieryjnych KANRYD Sp.j.;(41)3110486;;
Przedsiębiorstwo Robót Inżynieryjnych KANRYD Sp.j.;(41)2607354;;
Przedsiębiorstwo Robót Wodno Inżynieryjnych Melwobud Sp. z o.o.;(23)6722710;;
Przedsiębiorstwo Robót Wodno Inżynieryjnych Melwobud Sp. z o.o.;(23)6722020;;
Przedsiębiorstwo Techniczno-Usługowe ELMAL Sp.j.;(58)3415086;;
Przedsiębiorstwo Techniczno-Usługowe ELMAL Sp.j.;(58)3410315;;
Przedsiębiorstwo Urządzeń Ochrony Środowiska BIOTOP Sp. z o.o.;(84)6386979;;
Przedsiębiorstwo Urządzeń Ochrony Środowiska BIOTOP Sp. z o.o.;(84)6391939;;
Przedsiębiorstwo Usług Inżynieryjno-Komunalnych PUIK Sp. z o.o.;(25)7812408;;
Przedsiębiorstwo Usług Inżynieryjno-Komunalnych PUIK Sp. z o.o.;(25)7813078;;
Przedsiębiorstwo Usług Komunalnych Sp. z o.o.;(83)3713277;;
Przedsiębiorstwo Usług Komunalnych Sp. z o.o.;(83)3716791;;
Przedsiębiorstwo Usług Specjalistycznych KAN-REM Sp. z o.o.;(71)3538536;;
Przedsiębiorstwo Usług Specjalistycznych KAN-REM Sp. z o.o.;(71)3538537;;
Przedsiębiorstwo Wielobranżowe HRUSZKA Stefan Hruszka;(59)8345358;;
Przedsiębiorstwo Wielobranżowe HRUSZKA Stefan Hruszka;(59)8345359;;
Przedsiębiorstwo Wielobranżowe NOWICKI;(71)3644647;;
Przedsiębiorstwo Wielobranżowe NOWICKI;(71)7901788;;
Przedsiębiorstwo Wodociągów i Kanalizacji w Bolesławcu Sp. z o.o.;(75)7341010;;
Przedsiębiorstwo Wodociągów i Kanalizacji w Bolesławcu Sp. z o.o.;(75)7341022;;
PTM Maszyny Budowlane Sp. z o.o.;(77)4578748;;
PTM Maszyny Budowlane Sp. z o.o.;(77)4417059;;
PW TRANS-REM Sp. z o.o.;(32)2320001;;
Rejonowe Przedsiębiorstwo Komunalne Sp. z o.o.;(76)8783137;;
Rejonowe Przedsiębiorstwo Komunalne Sp. z o.o.;(76)8783682;;
ROBINSTAL Zakład Instalacyjno Budowlany;609621755;;
Sanitex II Elżbieta Wojtas;(16)6488854;;
SPAWEX;(23)6623518;;
SPAWEX;602758037;;
Spółdzielnia Pracy ELEKTRA;(58)6241337;;
Spółdzielnia Pracy ELEKTRA;(58)6241169;;
Spółka Wodna Międzyodrze;(91)4623965;;
Spółka Wodna Międzyodrze;501155567;;
Sulechowskie Przedsiębiorstwo Komunalne SuPeKom Sp. z o.o. w Sulechowie;(68)3852407;;
Sulechowskie Przedsiębiorstwo Komunalne SuPeKom Sp. z o.o. w Sulechowie;(68)3852407;;
SZAMBA GŁUSZYNA BIO-EKO Dariusz Nowacki;(061)8700658;;
SZAMBA GŁUSZYNA BIO-EKO Dariusz Nowacki;509151450;;
Talis Polska Sp. z o.o.;(32)7705000;;
Talis Polska Sp. z o.o.;(32)7704773;;
Techbud;(52)3423198;;
TECO Sp. z o.o.;(71)7847087;;
TECO Sp. z o.o.;(71)7847088;;
TEKS Kaczmarek, Tatara Sp.j.;(32)2225068;;
TEKS Kaczmarek, Tatara Sp.j.;(32)3162200;;
Teredo Sp. z o.o. Spółka komandytowa;(71)3276986Wrocław;;
Teredo Sp. z o.o. Spółka komandytowa;(71)3527803Wrocław;;
TERMBUD Sp.j. Dariusz Kobiak i Lucjan Zapalski;(076)7229783;;
TERMBUD Sp.j. Dariusz Kobiak i Lucjan Zapalski;601197422;;
Thomsen Polska Sp. z o.o.;(71)7231621;;
Thomsen Polska Sp. z o.o.;(71)7231306;;
TRACTEBEL ENGINEERING S.A.;(32)3588888;;
TRACTEBEL ENGINEERING S.A.;(32)3588800;;
UNI-KAN SERWIS pogotowie hydrauliczne 24h;(22)4356282;;
UNI-KAN SERWIS pogotowie hydrauliczne 24h;(22)4356283;;
UNIVERS Andrzej Małecki;(42)6729475;;
UNIVERS Andrzej Małecki;605046782;;
Usługi Asenizacyjne;(12)6541565;;
Usługi Asenizacyjne;602352545;;
VATIS Filip Kozłowski;607549980;;
VATIS Filip Kozłowski;(68)4200985;;
VIP Usługi Asenizacyjne Kamil Kulczycki;501146062;;
VIP Usługi Asenizacyjne Kamil Kulczycki;501760253;;
Warszawskie Usługi Kanalizacyjne WUKO Damian Kwiatkowski;602122252;;
Warszawskie Usługi Kanalizacyjne WUKO Damian Kwiatkowski;(22)7574223;;
WIFABET Sp. z o.o.;(22)8729791;;
WIFABET Sp. z o.o.;(22)6127198;;
WOD-BUD Śleziak Sp.j.;(13)4470140;;
WOD-BUD Śleziak Sp.j.;(13)4470150;;
WOD-INSTAL K.Kapała & E.Kapała Zakład Robót Wodociągowo-Kanalizacyjnych;(32)2100146;;
WOD-INSTAL K.Kapała & E.Kapała Zakład Robót Wodociągowo-Kanalizacyjnych;(32)7387636;;
WODNIK Idus Tomasz;609484378;;
WODNIK Idus Tomasz;(34)3276168;;
Wodociągi Miejskie Sp. z o.o.;(59)8222203;;
Wykonawstwo i Usługi Wodno-Inżynieryjne WODNIK Sp. z o.o.;(74)8674153;;
Z.U.P.H. TOHARA Tadeusz Haracz;509576010;;
Zakład Budownictwa Wodnego i Melioracji;(77)4833609;;
Zakład Budownictwa Wodnego i Melioracji;(77)4818301;;
Zakład Gospodarki Komunalnej i Mieszkaniowej;(29)7573022;;
Zakład Gospodarki Komunalnej i Mieszkaniowej;(29)7573193;;
Zakład Gospodarki Komunalnej i MIeszkaniowej w Wielichowie Sp. z o.o.;(61)4421185;;
Zakład Gospodarki Komunalnej NOWA SARZYNA Sp. z o.o.;(17)2413575;;
Zakład Gospodarki Komunalnej NOWA SARZYNA Sp. z o.o.;(17)2411513;;
Zakład Gospodarki Komunalnej Sp. z o.o.;(71)3113933;;
Zakład Gospodarki Komunalnej Sp. z o.o.;(71)3166167-68;;
Zakład Gospodarki Komunalnej Sp. z o.o.;(71)3166512;;
Zakład Gospodarki Komunalnej w Chęcinach;(41)3151095;;
Zakład Gospodarki Komunalnej w Ostrowi Mazowieckiej Sp. z o.o.;(29)6457301;;
Zakład Gospodarki Komunalnej w Ostrowi Mazowieckiej Sp. z o.o.;(29)6457302;;
Zakład Instalacji Budowlanych Witold Szostak i Andrzej Duda Sp.j.;602236433;;
Zakład Instalacji Budowlanych Witold Szostak i Andrzej Duda Sp.j.;602474606;;
Zakład Instalacji Sanitarnych Bogusław Latos;505020469;;
Zakład Instalacji Sanitarnych MRÓZ Sp.j.;(29)7605604;;
Zakład Instalacji Sanitarnych MRÓZ Sp.j.;(29)7605080;;
Zakład Inżynierii Miejskiej Sp. z o.o.;(32)2180551-52;;
Zakład Inżynierii Miejskiej Sp. z o.o.;(32)2180553;;
Zakład Projektowo-Usługowy PROJFIT S.c.;(68)3272359;;
Zakład Projektowo-Usługowy PROJFIT S.c.;683290422;;
Zakład Robót Instalacyjno-Inżynieryjnych inż. Janusz Spytek;(71)3479145;;
Zakład Usług Komunalnych;(15)8763077;;
Zakład Usług Komunalnych Sp. z o.o.;(56)4742447;;
Zakład Usług Komunalnych Sp. z o.o.;(56)4726339;;
Zakład Usług Komunalnych w Mosinie;(61)8136315;;
Zakład Usług Komunalnych w Mosinie;(61)8132337;;
Zakład Usług Komunalnych w Skoczowie;(33)4799470;;
Zakład Usług Komunalnych w Skoczowie;(33)4799471;;
Zakład Usługowo-Handlowo-Produkcyjny Wojciech Wojciechowski;660747348;;
Zakłady Komunalne Sp. z o.o.;(18)2677395;;
Zakłady Komunalne Sp. z o.o.;(18)2676912;;
Zakłady Laminatów Poliestrowych TROKOTEX Sp. z o.o.;(56)6390751;;
Zakłady Laminatów Poliestrowych TROKOTEX Sp. z o.o.;(56)6390758;;
Zakłady Wyrobów Kamionkowych MARYWIL S.A.;(41)2543030;;
Zakłady Wyrobów Kamionkowych MARYWIL S.A.;(41)2544029;;
Zarząd Gospodarki Komunalnej i Mieszkaniowej;(23)6912364;;
ZIĘBUD Usługi Wodno-Kanalizacyjne;(71)7245646;;
ZIĘBUD Usługi Wodno-Kanalizacyjne;(71)3326236;;
