AFJ Sp. z o.o.;691617036;;
AFJ Sp. z o.o.;(71)7160435;;
Archeton Sp. z o.o. Dom na Miarę;(12)2950571;;
Archeton Sp. z o.o. Dom na Miarę;695210497;;
DREW-DOM;781769244;;
EBO Domki Drewniane;(89)5260908;;
EBO Domki Drewniane;602760701;;
Findrewno Sp. z o.o.;(43)8238307;;
Findrewno Sp. z o.o.;601394934;;
Hat-Bud Domy Drewniane, Szkieletowe i Rekreacyjne;(13)4353994;;
Hat-Bud Domy Drewniane, Szkieletowe i Rekreacyjne;603205518DyrektorDziałuSprzedaży;;
P.P.H.U. DOM-HURT;(33)8631486;;
P.P.H.U. DOM-HURT;(33)8631471;;
WIKPOL Sp. z o.o.;+48795376591;;
WIKPOL Sp. z o.o.;607603247;;
Brzechwa Sp.j.;(61)6464600;;
Brzechwa Sp.j.;(61)6464601;;
Centrum Wyrobów Ogrodowych PPHU Import-Eksport;(75)7240650;;
Centrum Wyrobów Ogrodowych PPHU Import-Eksport;(75)7221542;;
DomLux;664443074;;
DREMEX;(22)7245522;;
DREMEX;505124524;;
ECO-HOUSE S.c. Małgorzata i Piotr Marek;609622450;;
ECO-HOUSE S.c. Małgorzata i Piotr Marek;(58)6848640;;
F.P.H.U. ODNOVA;(18)2688970-73;;
F.P.H.U. ODNOVA;(18)2688974;;
Firma Produkcyjno-Usługowo-Handlowa MALORZ;607092504;;
Firma Produkcyjno-Usługowo-Handlowa MALORZ;501229280;;
Mazurskie Domy - domy drewniane z bali;502085849;;
P.P.H.U. FEDDE;507183867;;
P.P.H.U. FEDDE;512090434;;
PUH IRBIS Grzegorz Dużyński;505017869;;
A2 Domki Grillowe;501225994;;
A2 Domki Grillowe;(41)2421310;;
AT.Drewbud Sp. z o.o.;696771856;;
AT.Drewbud Sp. z o.o.;725608829;;
BALIGÓWKA Marek Bartyzel;535455012;;
DOMPOL Zakład Konstrukcji Drewnianych;(33)8170997;;
DOMPOL Zakład Konstrukcji Drewnianych;604231835;;
DREW-DOM - Drewniane Budownictwo Szkieletowe;604228192;;
DREW-DOM Bieszczady S.c.;(13)4677060;;
DREW-DOM Bieszczady S.c.;(13)4678127;;
Drew-Hat Domy Drewniane;(13)4347094;;
Drew-Hat Domy Drewniane;609201243;;
DREWMAR Jacek Przybylski;604949398;;
DREWNIANE ZIELONE DOMY S.c.;884990884;;
EKO-BUD Usługi Stolarsko-Ciesielskie Mariusz Deminiak;696499377;;
EKODOM Domy Drewniane;(58)3012854;;
EKODOM Domy Drewniane;504860309;;
F.H.U. BASIA A.Stachowicz;601705206;;
F.H.U. BASIA A.Stachowicz;601705207;;
Firma Produkcyjno-Usługowo-Handlowa STBud;510231542;;
Hanlo-Dom Polska Sp. z o.o.;(58)3523484;;
Hanlo-Dom Polska Sp. z o.o.;790709330;;
JAGRAM S.A.;(22)6289772;;
JAGRAM S.A.;505055472;;
MAREK - Drewniane domy, altany, wiaty;509831844;;
MAREK - Drewniane domy, altany, wiaty;(22)7522716;;
Mefra Bau System Sp. z o.o.;(61)2921338;;
Mefra Bau System Sp. z o.o.;609203494;;
NaturDom;691354605;;
P.P.H.U. OLIMP Piotr Mielczarek;509437499Właściciel;;
P.P.H.U. OLIMP Piotr Mielczarek;502401154Sprzedaż;;
P.W. Taxlas Sp.j.;(56)6544299;;
P.W. Taxlas Sp.j.;(56)6596534;;
PHU Kormal;(59)5720122;;
PHU Kormal;600873734;;
PLASTAL Producent Domów z Drewna;(65)5299148;;
PLASTAL Producent Domów z Drewna;(65)5121210;;
PPH Foder;603708037;;
PPH Foder;(32)2381871;;
PPH LIMBA;(71)3107115;;
PPHU Naw-Mar Nawrot Marzena;504168246;;
PPHU Naw-Mar Nawrot Marzena;603555314;;
RUFKON;601719061;;
Stolarstwo Borucki;695657220;;
Stolarstwo Borucki;727930711;;
SŁOWINEX;(59)8400900;;
SŁOWINEX;(59)8400407;;
BATPOL;(18)4447288;;
BATPOL;(18)4447200;;
Domy i Domki SUMMARUM Sp. z o.o.;(22)7544099;;
Domy i Domki SUMMARUM Sp. z o.o.;501471601;;
Domy z Bali PROEKO Sp. z o.o. Sp.komandytowa;(12)2571095;;
Domy z Bali PROEKO Sp. z o.o. Sp.komandytowa;604292045;;
Gospodarstwo Agroturystyczne POPIELÓWKA;(18)4468221;;
Gospodarstwo Agroturystyczne POPIELÓWKA;660745071;;
INTER BUD DOM Mirosław Szafczyk;604622166;;
NORDICA-VILLAN Sp. z o.o.;606999505;;
PPUH DOMEX Sp.j.;(84)6867201;;
PPUH DOMEX Sp.j.;(84)6880819;;
WMS BUDOWNICTWO;(56)4711399;;
WMS BUDOWNICTWO;(56)4711398;;
Dom-Let;506034882;;
GINES SYSTEM - Tartak Wydminy;(87)4210016;;
P.W. PRONAT Roman Bochniarz;(81)7520895;;
P.W. PRONAT Roman Bochniarz;(81)7520894;;
PH PODHALE Sp. z o.o.;(18)4431762;;
PH PODHALE Sp. z o.o.;(18)4404741;;
PPUH PINEA DOMEX Stanisław Sułocha;(18)2673087;;
PPUH PINEA DOMEX Stanisław Sułocha;663706070;;
PROFI-CAN mgr inż.Jerzy Kuźmiński;(32)2876659;;
PROFI-CAN mgr inż.Jerzy Kuźmiński;601506591;;
Reisser-Pol Sp. z o.o.;500456786;;
RODEO Dariusz Rewers;668646566;;
STOLARKA ZAPERT Stylowe Kuchnie i Meble Drewniane;503836887;;
Zarządzanie Nieruchomościami ATTYKA Mirosława Stanulewicz;(58)3013639;;
Zarządzanie Nieruchomościami ATTYKA Mirosława Stanulewicz;(58)3015883;;
ARCHITEKTURA OGRODOWA Jan Tomys;517089180;;
ARCHITEKTURA OGRODOWA Jan Tomys;783711214;;
Drew-Max;(18)3516028;;
Drew-Max;507131514;;
Drewniana Chata;502276835;;
ELMET Maciocha Paweł;605545544;;
HB Studio;(71)7843936;;
HB Studio;502133157;;
JACHMAX;(14)6825320;;
JACHMAX;606718881;;
MEBLO-DREW Piotr Kożak;609821863;;
OGRODY ROSZAK Domki Drewniane;604249096;;
P.P.U. DREWAR Jan Wardyn;(58)6873305;;
PLUSART architekci;501594622;;
POL-DREWNO;605032005;;
POL-DREWNO;733160686;;
POL-PŁOT;669065894;;
Pracownia Projektowa Iwanek Łukasz;(33)4797971;;
Pracownia Projektowa Iwanek Łukasz;(33)4797972;;
Przedsiębiorstwo Produkcji Drzewnej POLTRAK Sp. z o.o.;(44)7560891;;
Przedsiębiorstwo Produkcji Drzewnej POLTRAK Sp. z o.o.;(44)7560809tartak;;
STRZECHPOL Tomasz Włochowicz;721722700;;
STRZECHPOL Tomasz Włochowicz;663854365;;
Tartak-Stolarnia, Domy z Litych Bali Ryszard Stasiak;(87)4218370;;
Tartak-Stolarnia, Domy z Litych Bali Ryszard Stasiak;603067481;;
TERMAX - Schody Drewniane Jerzy Krzyżewski;604121848;;
TRAKDREW;(77)4644605;;
TRAKDREW;516125089;;
Woda Redox;(51)6355162;;
Zakład Stolarski Krysiak;(89)7226142;;
Zakład Stolarski Krysiak;695240605;;
ZPD Drewno Do Ogrodu Edmund Marczak;(25)7575110;;
ZPD Drewno Do Ogrodu Edmund Marczak;693936066;;
AltanyOstrowski;796120875;;
MARAS.DACH.BUD.;883707246;;
MARAS.DACH.BUD.;501137834;;
ADAVIC;(56)4681368;;
ADAVIC;698135327;;
Adavic Bolesław Tarczykowski;667331208;;
ADRUG;(58)6920734;;
ADRUG;(58)6920774;;
AGBUD domy z drewna;792538007;;
AGBUD domy z drewna;501769649;;
ALBERTO Sp. z o.o.;725550440;;
ALBERTO Sp. z o.o.;(65)5442509;;
AleDomyDrewniane.pl;(12)6563541;;
AleDomyDrewniane.pl;(12)3973115;;
ALTANY Z BALA;601567747;;
ALTANY Z BALA;502779187;;
AMAR Sp. z o.o.;(32)4558896;;
AMHouse;884999224;;
AN-POL RABSKI;601917631;;
Apartamenty Zakopane - Chileccy S.c.;(18)2011303;;
Apartamenty Zakopane - Chileccy S.c.;502511818;;
APIS S.A.;(15)8791003;;
APIS S.A.;(15)8791529;;
ARBOL S.c. Woźniak;(25)6854802;;
ARBOL S.c. Woźniak;601954007;;
ARDOM-Arkadiusz Zuchniak;(25)6831390;;
ARDOM-Arkadiusz Zuchniak;604344032;;
ART-DOM CONSTRUKTION;(91)5626115;;
ART-DOM CONSTRUKTION;785193091;;
Arte Marmi;(91)4898915;;
Arte Marmi;(91)4898916;;
AskorpDomy;535566755;;
AskorpDomy;792865144;;
ATLASDOMKOW.PL;505057570;;
Balik Kamil Biernacki;506745298;;
BALO-WOOD;(63)2765848;;
BALO-WOOD;508860899;;
Baltic House Sp. z o.o.;608678736;;
BARTEK Fabryka Domów Drewnianych;(83)3527686;;
BARTEK Fabryka Domów Drewnianych;501511888;;
Baston;(41)3431330;;
Beskidzie Domy z Bali;513012789;;
BIALDOM;(85)7111919;;
BIALDOM;692725233;;
BIOIKOS Sp. z o.o.;(51)2121599;;
BIOIKOS Sp. z o.o.;601217373;;
BonusDomBud;606994711;;
BOX HAUS;606330011;;
BRONKA Domy z Bala;606390782;;
BUDIMEX DANWOOD Sp. z o.o.;(85)7300033;;
BUDOMEX-DOM;(22)7835628;;
BUDOMEX-DOM;607052203;;
Budostol;(22)7590085;;
Budostol;604112308;;
BudoTech;(75)7751555;;
BudoTech;509663630;;
Budowa Domków Letniskowych i Całorocznych - Stolarstwo i Ciesielstwo Władysław Kędzior;501628955;;
Budowa Domów Drewnianych STYLBUD;664332772;;
Budowa Domów Drewnianych STYLBUD;662108013;;
Budowa Góralskich Domów od A do Z!;796413305;;
Budownictwo Drewniane SEGURI;790890508;;
Budownictwo Ogólne EKO-DOM Piotr Lipowczan;502168773;;
BUDOWNICTWO W DREWNIE Krzysztof Lasiak;602123612;;
BuDrev domy z drewna;(33)8638068;;
BuDrev domy z drewna;607117677;;
Bukowinka-Domek w Krempnej;694666817;;
BYDDREW Domy Drewniane i Szkieletowe;516170994;;
BYDDREW Domy Drewniane i Szkieletowe;667266094;;
BZ BACÓWKA Barbara Zielińska;502052214;;
BZ BACÓWKA Barbara Zielińska;(12)3591507;;
CEDREW Krzysztof Piotrowski;603300419;;
CEDREW Krzysztof Piotrowski;(81)7501500;;
CELIN Eksport-Import;602739787;;
CELIN Eksport-Import;(68)4579312;;
Centrum Budownictwa Drewnianego;(058)3016851;;
Centrum Budownictwa Drewnianego;(058)3055722;;
Centrum Budownictwa Drewnianego;(58)3016851;;
Centrum Ogrodnicze PARK;513091678;;
Centrum Ogrodniczo-Budowlane DOMATOR;(25)7575110;;
Chalupki pod Giewontem;600302607;;
Ciesielstwo Roboty Ogólnobudowlane BRACHA Jan Obyrtacz;(18)2757910;;
Ciesielstwo Roboty Ogólnobudowlane BRACHA Jan Obyrtacz;608060906;;
Ciesielstwo Roboty Ogólnobudowlane Kukulak Władysław;(18)2072598;;
Ciesielstwo Roboty Ogólnobudowlane Kukulak Władysław;693361518-19;;
CIESIELSTWO-STOLARSTWO Jerzy Morawski;(48)3441077;;
CIESIELSTWO-STOLARSTWO Jerzy Morawski;502348940;;
ComfortHome Sp. z o.o.;519513217;;
ComfortHome Sp. z o.o.;519513210;;
Complex-Partner Pośrednictwo Handlowe Wojciech Żelechowski;505096765;;
CONSTRUCTION;515368742;;
CONSTRUCTION;509353806;;
D&M Eko Bud;665051588;;
DARLEY Sp. z o.o.;(22)3790382;;
DARLEY Sp. z o.o.;(22)3790289;;
DEERT Mariusz Wawrzyniak;(42)7657574;;
DEGAT;607220606;;
DEGAT;607228027;;
Dejan Grzegorz Juroszek;607879538;;
DEMETER Przedsiębiorstwo Handlowo-Usługowo-Produkcyjne Tomasz Laskowski;603647272;;
DEMETER Przedsiębiorstwo Handlowo-Usługowo-Produkcyjne Tomasz Laskowski;(91)3264300;;
Depsan Sp. z o.o.;(61)6467711;;
Depsan Sp. z o.o.;(61)6467719;;
DK - Domy z Drewna;600666824;;
DKD GROUP Domy Konstrukcje Drewniane;(58)7195505;;
DMK Woodhouse;602113173;;
DOM BAL;607924718;;
Dom i Rekreacja Sp. z o.o.;(89)6701378;;
Dom i Rekreacja Sp. z o.o.;(89)6701379;;
DOM Jan Zrajkowski;(85)7418252;;
DOM Jan Zrajkowski;602536545;;
DOM MISTRZA Timber Cabins UAB;(71)7166976;;
Dom z Drewna Mieczysław Mikołajczuk;(85)7177144;;
Dom z Duszą Tadeusz Dusza;608299790;;
Dom z Duszą Tadeusz Dusza;607403404;;
DOM-BAL;601155522;;
DOM-BAL;(33)8557214;;
DOM-BAL;601369222;;
Dom-Druch Sławomir Druch;(43)8230835;;
Dom-Druch Sławomir Druch;601328699;;
DOM-ECO Wiesław Weznerowicz;502165969;;
DOM-SŁAW Producent Domów Drewnianych i Kanadyjskich;693882399;;
Domart Żółkiewski Sp.j.;(84)6410144;;
Domart Żółkiewski Sp.j.;513140287;;
Domat Sp. z o.o.;(95)7489580;;
Domat Sp. z o.o.;(95)7636510;;
DOMBAL Adam Ziółek;604305338;;
DOMBAL Adam Ziółek;(25)6830383;;
DOMDREV PPUH Domy z Drewna Ewa Puda;511712074;;
DOMDREV PPUH Domy z Drewna Ewa Puda;507811447;;
DomDrewno100 Maria Gritsch;885394154;;
Domek na Stromej;(18)2066780;;
Domek na Stromej;607555114;;
DOMIX;(32)2109085;;
DOMIX;503137468;;
Domki Drewniane;694503733;;
Domki Drewniane Doruch;695539183;;
Domki Drewniane Józef Warmuz;(18)2666604;;
Domki Drewniane Józef Warmuz;667311561;;
Domki Drewniane MARIAN GAWRYŚ;885163023;;
Domki Jarmarkowe PL;501272994;;
Domki Jarmarkowe PL;(58)6615476;;
Domkibanie.pl;508131667;;
DOMKOR Sp. z o.o.;600735723;;
DOMLET.AK;667633007;;
DOMTOP;696467481;;
DOMTOR Domy z Drewna;509435261;;
DOMTOR Domy z Drewna;500002935;;
DOMY BESKIDY;511662377;;
DOMY BESKIDY;792837290;;
Domy Drewniane Chrzanowscy;603194778;;
Domy Drewniane DANMAR;(58)6843950-51;;
Domy Drewniane DANMAR;601640884;;
Domy Drewniane DOMAR Mariusz Kochanski;692330757;;
Domy Drewniane DREWSTOL1 Jan Pietrzykowski;(85)7375063;;
Domy Drewniane DREWSTOL1 Jan Pietrzykowski;509790651;;
Domy Drewniane FIEDOR;507104672;;
Domy Drewniane Konstrukcji Szkieletowej S.c.;(87)5688060;;
Domy Drewniane Konstrukcji Szkieletowej S.c.;696093996;;
Domy Drewniane SOSNOWSKI;511100035;;
Domy Drewniane SOSNOWSKI;794141584;;
DOMY DREWNIANE Stanisław Palinker;(33)8456716;;
DOMY DREWNIANE Stanisław Palinker;601847871;;
Domy Drewniane SZTURC;(33)8552651;;
Domy Drewniane SZTURC;509715414;;
Domy Kanadyjskie Jacek Szostak;608817511;;
Domy Kanadyjskie Jacek Szostak;602108990;;
DOMY W DECHE;793139664;;
Domy z Bala Romuald Ambroziak;502024010;;
Domy z bali CHATA STAROPOLSKA;(81)8545313;;
Domy z bali CHATA STAROPOLSKA;607235136;;
Domy z Bali DREW-PASZ;(42)7194283;;
Domy z Bali Henryk Gorczyca;504351329;;
Domy z Bali MARKISZ;691868668;;
Domy z Bali MARUX;(74)8535052;;
Domy z Bali MARUX;693932020;;
Domy z Bali Paweł Gmyz;691912799;;
DOMY Z BALI Stanisław Biernacki;(25)6750560;;
DOMY Z BALI Stanisław Biernacki;602656200;;
DOMY Z BALI Zbigniew Szewczyk;(43)8297573;;
DOMY Z BALI Zbigniew Szewczyk;600546320;;
Domy z Drewna Bojanowski;691025385;;
Domy z Drewna Stanisław Rusnak;667256828;;
Domy z Klimatem Frączek Szymon;669091929;;
Domy-z-bali.com.pl;661522300;;
Domy-z-bali.com.pl;(058)7109971;;
domyszkieletowe24.pl;691220553;;
domyszkieletowe24.pl;782977258;;
DPE Sp. z o.o.;(71)3109812;;
DPE Sp. z o.o.;601206000;;
DREV-IMED;(33)8651011;;
DREV-IMED;509216542;;
Drev-Mex Daniel Cebrat;(33)8622175;;
Drev-Mex Daniel Cebrat;515903603;;
Drevo Haus Sp. z o.o.;(33)4790230;;
Drevo Haus Sp. z o.o.;604275300;;
DREW-BUD;792385695;;
DREW-EKO;784416692;;
Drew-Gont Jan Miesiarczyk;(18)2642752;;
Drew-Gont Jan Miesiarczyk;600542311;;
DREW-KON TARTAK Sp. z o.o.;(52)3341506;;
DREW-STOL Mirosław Delegacz;731297262;;
DREWBUD Usługi Budowlane Zenon Bielak;665192128;;
DREWCZAR;796550587;;
DrewDom;(41)2495187;;
DrewDom;603379853;;
DREWEX Józef Pojawis;(87)5161769;;
DrewHome Sp. z o.o.;570007200;;
DREWIKS;782698284;;
DREWLAND Przedsiębiorstwo Budowlane;(89)7672476;;
DREWLAND Przedsiębiorstwo Budowlane;(89)7675706;;
DREWMAR;609172386;;
DREWMAR;(44)6103939;;
DREWMAX GROSZYK Sp.j.;(29)7416212;;
DREWMAX GROSZYK Sp.j.;(29)7416211;;
Drewnar;(24)2351684;;
Drewnar;512437800;;
Drewniane Domy;(44)7442991;;
Drewniane Domy;514543274;;
Drewniane Domy Mieszkalne;(71)3114399;;
Drewniane Zakopane;606202907;;
DrewnianeDomki.com;532441822;;
Drewniany Dom LTD;(89)7629565;;
Drewnix;(23)6627317;;
Drewnix;608303886;;
DREWNO-BUD Waldemar Omański;508701707;;
DREWNO-SPEC;501844508;;
DREWNO-SPEC;664054806;;
DrewnoDom PUH Emil Ziebura;600112667;;
DREWNOLIT;607040097;;
DREWNOLIT;(81)8803159;;
DREWNOMAX Sławomir Frąk;503139553;;
DYDUCH POLSKA Sp. z o.o.;(33)8747776;;
Ecco-Legdom Sp. z o.o.;(22)2159461;;
Ecco-Legdom Sp. z o.o.;(22)3711323;;
ECO HOUSE Maciej Podskarbi;535445566;;
ECO-BALDOM;508981936;;
ECO-DOM;(18)2773801;;
ECO-DOM;792227979;;
ECO-EuroDOM;533019460;;
EFIN Sp. z o.o.;(22)6419788;;
EFIN Sp. z o.o.;(22)2035108;;
EKO DOM Krzysztof Trochanowski;519190378;;
EKO DOM Krzysztof Trochanowski;513005028;;
EKO-DOM;512138244;;
EKO-HOUSE Sp. z o.o.;501787770;;
EKO-HOUSE Sp. z o.o.;(12)6379476;;
EKODOMY;(62)7693114;;
EKODOMY;603130902;;
EMMAR;516007424;;
ENBUD Producent Domów z Drewna;(33)8570731;;
ENBUD Producent Domów z Drewna;603510044;;
Energo-Drew;697408484;;
Energo-Drew;504408484;;
EUROBRUS Sp. z o.o.;507224335;;
EURODOM FUH Zenon Hołota;(91)4202279;;
EURODOM FUH Zenon Hołota;(91)4202277;;
EWEL-BUD Sławomir Pitura;602158349;;
F.H. GIEWONT S.c.;501062006;;
F.H. GIEWONT S.c.;(18)2688121;;
F.H.P.U. PINEA Eko Domy Drewniane;(32)7539333;;
F.H.P.U. PINEA Eko Domy Drewniane;601227993;;
F.H.U. Canada System;601823510;;
F.H.U. Canada System;606136857;;
F.H.U. Halifax Zenon Sitek;(33)8556094;;
F.H.U. Halifax Zenon Sitek;502085097;;
F.H.U. ŁK-Serwis;514077161;;
F.H.U. ŁK-Serwis;607962322;;
F.H.U.P. Wódka Łukasz;501448442;;
F.P.H.U. ALT-BUD;(17)2775816;;
F.P.H.U. ALT-BUD;603184139;;
F.P.H.U. COLDER;793266564;;
F.P.H.U. Dom z Bieszczad S.c.;(13)4914950;;
F.P.H.U. Dom z Bieszczad S.c.;(13)4915086;;
F.P.H.U. Drewdom Mętel;(33)8740737;;
F.P.H.U. Drewdom Mętel;605099602;;
F.P.H.U. STOL-KAL Maciej Wysokiński;(58)5889623;;
F.P.H.U. STOL-KAL Maciej Wysokiński;502543775;;
F.P.U.H BASTER;605661364;;
F.P.U.H BASTER;535489812;;
F.U.H. KLIMEK;694258159;;
F.U.H.P. BLUM-MAR;605739200;;
Fabryka Domów SPOMET P.W. SPOMET Sp.j.;(33)4965444;;
Fabryka Domów SPOMET P.W. SPOMET Sp.j.;608491945;;
Fabryka Domów z Drewna JUHAS Dawid Lach;509769881;;
FACH–DOM Usługi Budowlane;504571133;;
FACH–DOM Usługi Budowlane;602270459;;
FDPL Sp. z o.o.;(42)6581555;;
FELDEN Domy z Bali;513022663;;
FELDEN Domy z Bali;606585111;;
FERBUD;601260313;;
FERBUD;605030741;;
FHU DOMAR;660797241;;
FHU DOMAR;604610733;;
FIDES;(58)7101575;;
FIDES;508734133;;
FILJAN - Domy Drewniane;(58)6876059;;
FILJAN - Domy Drewniane;730723456;;
FINCOMFORT POLSKA OY Sp.komandytowa;(22)8510302;;
FINCOMFORT POLSKA OY Sp.komandytowa;508079490;;
Firma Anex;(82)5631027;;
Firma Anex;603752608;;
Firma Budowlana Budomek S.c.;(85)8749691;;
Firma Budowlana Budomek S.c.;602503178;;
Firma Budowlano-Usługowa DOMY I DOMKI;(41)3619951;;
Firma Budowlano-Usługowa DOMY I DOMKI;509585280;;
Firma DAR-BUDMAX;782695416;;
Firma DREW-DOM;(43)8215107;;
Firma DREW-DOM;698806869;;
Firma DREW-MARK;500434003;;
Firma GACEK Szczepan Gacek;(018)4712735;;
Firma GACEK Szczepan Gacek;(018)4717236;;
Firma Handlowo Usługowa Lipowski Dariusz;513207413;;
Firma Handlowo Usługowa Lipowski Dariusz;509503261;;
Firma Handlowo-Usługowa MAZBUD;887635114;;
Firma J.I.W Przemysł Drzewny;(22)2011687;;
Firma J.I.W Przemysł Drzewny;695401559;;
FIRMA PROBAL;601980943;;
Firma Remontowo-Budowlana ZUBEK;(18)2071218;;
Firma Remontowo-Budowlana ZUBEK;886227965;;
Firma SKORPION;888270383;;
Firma SKORPION;888255695;;
Firma Usługowa ART.-BUD;667211406;;
Firma Usługowa ART.-BUD;694804701;;
Firma Usługowa Remontowo-Budowlana Józef Talaga;(12)2736222;;
Firma Usługowa Remontowo-Budowlana Józef Talaga;661023924;;
Firma WOJDYŁA;602513328;;
Firma WOLDREW;(33)8647133;;
Firma WOLDREW;500725699;;
Firma Woodbood;534053263;;
Firma Woodbood;507676745;;
Flabek Sp. z o.o.;(68)3744964;;
Flabek Sp. z o.o.;(68)3636015;;
FORESTUS - IPOZ CONSULTING Sp. z o.o.;660502205;;
FPHU GRZEGORZ Grzegorz Roman;(41)2715564;;
FPHU GRZEGORZ Grzegorz Roman;603557763;;
Gabi-Bud Gabriel Liszczyński;605541489;;
GALAND II Michał Drab;(44)6153214;;
GALAND II Michał Drab;511215215;;
GALLA Firma Produkcyjno Usługowo-Handlowa;(33)8583613;;
GAMEBO-DOM;(33)8228880;;
GAMEBO-DOM;502501453;;
GATER Budownictwo Drewniane;604583769;;
GAZDA Domy z Drewna;607744724;;
GAZDA Domy z Drewna;665188512;;
GEDROB Sp. z o.o.;(74)8540292;;
GEDROB Sp. z o.o.;505028155;;
GOLDREW - Usługi Stolarskie i Ciesielskie;660497063;;
GOLDREW - Usługi Stolarskie i Ciesielskie;602741182;;
GONT-BUD;507567913;;
GÓR-DOM eko-domy z drewna Józef Sułocha;(18)2673597;;
GÓR-DOM eko-domy z drewna Józef Sułocha;606133832;;
GÓRAL Zakład Usług Ogólnobudowlanych Robert Siwiec;(33)8647062;;
GÓRAL Zakład Usług Ogólnobudowlanych Robert Siwiec;508329691;;
Góral Żywiec;(33)8666910;;
Góral Żywiec;600141600;;
GRAND DLL;(34)3251178;;
GRAND DLL;602571958;;
Green House;609515988;;
Green-Pack.pl-Smart IBS Przemysław Obijalski;665646300;;
Green-Pack.pl-Smart IBS Przemysław Obijalski;(52)5222193;;
GreenArch Sp. z o.o.;733029813;;
GreenLog;664266064;;
GREENSTECH - Technologie Przyszłości;(58)6851994;;
GREENSTECH - Technologie Przyszłości;509107107;;
HAAB;(33)8222427;;
HAAB;513216820;;
HABAS-BUD;500081062;;
HABAS-BUD;887729688;;
HANDUS Zakład Handlowo-Usługowy;(32)6138221;;
HANDUS Zakład Handlowo-Usługowy;(32)6119003;;
HANTVERK;601602086;;
HANZA S.c.;(61)8676961;;
HANZA S.c.;601710687;;
HANZA s.c.-Zakład Produkcyjny;(61)8676961;;
HANZA s.c.-Zakład Produkcyjny;601710687;;
HEBAN - domy z drewna;601064327;;
HERMAX;604184040;;
HERMAX;(44)6162629;;
Hortus;(52)3487150;;
Hortus;784380995;;
IMUPOL Sp. z o.o.;509269474;;
Inez Co. Domy Kanadyjskie;(22)7561335;;
Inez Co. Domy Kanadyjskie;(22)7561333;;
Invest Poland Sp. z o.o.;(94)3148124;;
Invest Poland Sp. z o.o.;(94)3148135;;
ITS Sp. z o.o.;(94)3475035;;
ITS Sp. z o.o.;601449194;;
JAGODZIŃSKI Sp. z o.o. i Wspólnicy Sp.komandytowa;(46)8334854;;
JAGODZIŃSKI Sp. z o.o. i Wspólnicy Sp.komandytowa;(46)8334639;;
JARZĄBEK;601419928;;
Józef Marekwica;(33)8557542;;
Józef Marekwica;660303666;;
JUHAS ENERGIA Sp. z o.o.;(33)8643028;;
JUHAS ENERGIA Sp. z o.o.;608167721;;
Juma-Krakus;790726702;;
Kamarbud S.c.;603980545;;
Kamarbud S.c.;605855457;;
Kamil Pawelak Domki Drewniane;509017029;;
KAMP-BUD Marcin Sułek;(48)3221907;;
KAMP-BUD Marcin Sułek;600495455;;
KASMO Sp. z o.o.;(42)2270207;;
KASMO Sp. z o.o.;601098777;;
KATALPA - Producent Domów Drewnianych;601596563;;
KATALPA - Producent Domów Drewnianych;665290730;;
KEMPAR;880419604;;
KJT Konstrukcje Drewniane Sp. z o.o.;501936600;;
KJT Konstrukcje Drewniane Sp. z o.o.;509438787;;
KOMPLEKS;(58)6841512;;
KOMPLEKS;601250916;;
Kompleksowe Usługi Budowlane ZUHEK;(33)8626394;;
Kompleksowe Usługi Budowlane ZUHEK;505180121;;
Konform S.c.;602750709;;
Konform S.c.;501345912;;
Konińskie Składy Budowlane Sp. z o.o.;(63)2415830;;
Konińskie Składy Budowlane Sp. z o.o.;(63)2408527;;
Konstrukcje Drewniane;794957852;;
Kontenex;(75)7553251;;
Kontenex;692446425;;
KOPEK Krzysztof Kopek;602526701;;
KOSACKI Domy;(81)4643281;;
KOSACKI Domy;509216541;;
Kruca Fuks;783881666;;
KRYGIER Domy Drewniane;604237080;;
KRYGIER Domy Drewniane;605533791;;
KUBAS GROUP Sp. z o.o.;511344788;;
LABO BPM Sp. z o.o.;(33)4862855;;
LABO BPM Sp. z o.o.;(33)4862856;;
Lesola Gryfice;(91)3844495;;
Lesola Gryfice;603880264;;
LEWAND Sp. z o.o. Domy z Drewna;(85)7449977;;
LEWAND Sp. z o.o. Domy z Drewna;(85)7169266;;
LEZNA P.H.U.P.;(56)6865542;;
LEZNA P.H.U.P.;509229561;;
LOG HOUSE;(12)3732231;;
LOG HOUSE;695558976;;
LogBud;503412568;;
LOGPOL Sp. z o.o.;(44)6316847;;
Logs-Domy z Bali S.c. Agnieszka i Roman Trochanowscy;500268974;;
Logs-Domy z Bali S.c. Agnieszka i Roman Trochanowscy;(95)7419728;;
LUX DOMKI;728480361;;
M-B-H S.c.;665123161;;
MAGWER;504053509;;
MAKAOZ;(43)6771215;;
MAKAOZ;(43)6771019;;
MAR Mieczysław Rynkiewicz;(18)2659681;;
MAR Mieczysław Rynkiewicz;502370609;;
MARBUD;605289165;;
MASTER-DOM Cieślicki Sp.j.;603931888;;
Mechaniczna Obróbka Drewna Andrzej Zegar;509670011;;
MEGA-DREW Domy Drewniane;(52)3822632;;
MEGA-DREW Domy Drewniane;(52)3822631;;
MILEKTRON;(43)8232839;;
Miś-Bud Jan Michniak;604053601;;
MK-DOMY.PL Produkcja i Montaż Domów Drewnianych;691655271;;
MODRZEW Usługi Wielobranżowe Zdzisław Dźwierzyński;(84)6279268;;
MODRZEW Usługi Wielobranżowe Zdzisław Dźwierzyński;696629512;;
Moskała Domy Jacek Moskała;(33)8536693;;
Moskała Domy Jacek Moskała;504167712;;
MultiComfort Sp. z o.o.;509771195;;
MultiComfort Sp. z o.o.;(12)3832392;;
MUSTER Żaneta Wiśniewska-Szyrmel;517830074;;
MUSTER Żaneta Wiśniewska-Szyrmel;667277277;;
N.TRADE S.c. Ogrodosfera.pl;0801011929;;
N.TRADE S.c. Ogrodosfera.pl;(22)3499336;;
NAJ Konstrukcje i Wyroby z Drewna;609555046;;
Natur Eko Dom;512483578;;
NO PROBLEM Domy Kanadyjskie;668384197;;
NORD LINE Domy Drewniane;(17)7103403;;
NORD LINE Domy Drewniane;885975885;;
NORITO;502659644;;
NORITO;609007212;;
OgroDomki.pl;(22)2062187;;
Ogrodowy Styl Załęcze Rafał Cembik;607710318;;
Ogrodowy Styl Załęcze Rafał Cembik;663734143;;
OL-BUD Jacek Szopa;(24)2656311;;
OL-BUD Jacek Szopa;501018197;;
ORATOR Sp. z o.o.;(43)8430605;;
ORATOR Sp. z o.o.;506104706;;
ORDO Sp. z o.o.;(81)5337937;;
ORDO Sp. z o.o.;603452848;;
OSKAR domy z bali;606207283;;
OSKAR domy z bali;693838591;;
OST-COMMERZ POLSKA Sp. z o.o.;(71)3505050;;
OST-COMMERZ POLSKA Sp. z o.o.;693344444;;
P-P Sp. z o.o.;600924360;;
P. H. U. SZAŁAS;(18)2624340;;
P. H. U. SZAŁAS;501229186;;
P.B.M. DREW-BUD;609668454;;
P.B.P. MOTYL arch. Adam Motylewski;(61)6524038;;
P.B.P. MOTYL arch. Adam Motylewski;(61)6491403;;
P.H.U Sen-Bal-Dom Urban Andrzej;665893627;;
P.H.U. CHATKA PUCHATKA;508515469;;
P.H.U. DOM Krzysztof Bonar;606316632;;
P.H.U. DOM Krzysztof Bonar;606893710;;
P.H.U. DREWBAL, Grażyna Brandt;(59)8471360;;
P.H.U. DREWBAL, Grażyna Brandt;692762507;;
P.H.U. WALDEX;(18)2084171;;
P.H.U. WALDEX;602105671;;
P.P.H.U KAM-BUD Kamil Ociepa;510106009;;
P.P.H.U. Canbud;(48)3833061;;
P.P.H.U. Canbud;(48)6753240;;
P.P.H.U. DREWDOM Sp.j. J.Rybiński, M.Wiloch;(89)6476598;;
P.P.H.U. EURO TECH;607103312;;
P.P.H.U. EURO TECH;691220553;;
P.P.H.U. FLOTEX Roman Kamiński;(46)8351314;;
P.P.H.U. FLOTEX Roman Kamiński;606950082;;
P.P.H.U. GRUSKA Budownictwo w Drewnie;506019009;;
P.P.H.U. GRUSKA Budownictwo w Drewnie;509471570;;
P.P.H.U. JARPOL Wojciech Przynoga;(61)8125112;;
P.P.H.U. JARPOL Wojciech Przynoga;607165341;;
P.P.H.U. ROSTKOWSCY Waldemar Rostkowski;(29)7647914;;
P.P.H.U. ROSTKOWSCY Waldemar Rostkowski;(29)7613540;;
P.P.H.U. Sokołowski;662184036;;
P.P.H.U. Sokołowski;662184035;;
P.P.H.U. TALBUD;(33)8631722;;
P.P.H.U. TALBUD;600998800;;
P.P.H.U. WDWJ s.c.;(32)4514129;;
P.P.H.U. WDWJ s.c.;502452347;;
P.P.U.H EBENISTA;501598412;;
P.P.U.H EBENISTA;(55)2610867;;
P.P.U.H. Janstyl;601306788;;
P.P.U.H. Janstyl;607475689;;
P.P.U.H. MIŁOSZEWSKI;(89)5126144;;
P.T.U. SKOT-TUR Dariusz Skotarczak;692445608;;
P.U.H. LIGAR;601706726;;
P.U.H. LIGAR;(91)5762422;;
P.U.P. GALAND;603924701;;
P.W. APIS H.Oziębło, D.Oziębło Sp.j.;(15)8791003;;
P.W. APIS H.Oziębło, D.Oziębło Sp.j.;(15)8791529;;
P.W. FUDALI;(17)8516507;;
P.W. FUDALI;(17)8516508;;
PaJa Domy z Drewna;600892807;;
PaJa Domy z Drewna;606968297;;
PATI Domy Drewniane;(22)7710026;;
PATI Domy Drewniane;601286081;;
PerfectWoodHouse PWH Sp. z o.o.;668753253;;
PHU MEGA-SZLIF;(34)3632818;;
PHU MEGA-SZLIF;502277183;;
PICZURA-DOM S.c. Leopold Piczura, Stanisław Piczura;601965606;;
PICZURA-DOM S.c. Leopold Piczura, Stanisław Piczura;880861800;;
PINEA Budowa Domów z Bali;(18)2659187;;
PINEA Budowa Domów z Bali;(18)5417360;;
PŁAZDOM;(18)2656766;;
PŁAZDOM;723779299;;
Podlaskie Centrum Budownictwa Pasywnego Sp. z o.o.;501468896;;
Podlaskie Centrum Budownictwa Pasywnego Sp. z o.o.;504040812;;
POLANZ-DOM;(58)6861587;;
POLANZ-DOM;606678308;;
POLGARD Patrycja Siwek;(91)3172085;;
POLGARD Patrycja Siwek;(91)3172084;;
Polska Drewniana Sp. z o.o.;(22)3202979;;
PPH ELNAT;(62)7401960;;
PPH ELNAT;(62)7401575;;
PPH Polbór 2 Sp. z o.o.;(94)3739233;;
PPH Polbór 2 Sp. z o.o.;(94)3739140;;
PPH Wako Sp.j.;(94)3470844;;
PPH Wako Sp.j.;(94)3470845;;
PPHU DEMETER;603647272;;
PPHU DEMETER;(91)3264300;;
PPHU DORTEX Domy Drewniane;(43)6761581;;
PPHU DORTEX Domy Drewniane;605422506;;
PPHU Drew House;509210608;;
PPHU Drew House;796798605;;
PPHU DREW-DOM;693050131;;
PPHU DREW-DOM;693392570;;
PPHU JARI Jarosław Lejza;(71)3743036;;
PPHU JARI Jarosław Lejza;606854306;;
PPHU LARIX;(91)8128807;;
PPHU LARIX;505605608;;
PPHU P&P Sp. z o.o.;(61)2858698;;
PPHU P&P Sp. z o.o.;601179729;;
PPHU PIODO Zbigniew Papież;(33)4706572-73;;
PPHU PIODO Zbigniew Papież;500129465;;
PPHU SAS S.c. Witold Rataj;(42)2153411;;
PPHU SAS S.c. Witold Rataj;602588667;;
PPUH Sevenpol-Drewmix S.c.;602311521;;
PPUH TARTAK Wojciech Stasiak;(89)5124412;;
PPUH TARTAK Wojciech Stasiak;515084866;;
Pracownia Budownictwa Organicznego ORGANICA;502078321;;
ProArch - Domy Drewniane;(91)8128274;;
ProArch - Domy Drewniane;502927185;;
PRODREW Elewacje Drewniane Sp. z o.o.;(91)5621413;;
PRODREW Elewacje Drewniane Sp. z o.o.;508039242;;
PRODREW Łukasz Rynkiewicz;793088703;;
Producent Domów Drewnianych TRAK;601655988;;
Producent Domów Szkieletowych GESTELL;503117502;;
Produkcja Domów z Drewna Bogdan Pokora;697917048;;
PROFF budownictwo drewniane;784907766;;
PROFF budownictwo drewniane;723323664;;
PROFIS-BUD;531822822;;
PROFIS-BUD;668257582;;
Project-Dom;606371325;;
PROMAR Domy Prefabrykowane Wojciech Ogórkiewicz;(52)3547525;;
PROMAR Domy Prefabrykowane Wojciech Ogórkiewicz;(52)3547525;;
Przedsiębiorstwo Drzewne Aleksander Raczek;(033)8636286;;
Przedsiębiorstwo Produkcji i Usług Przemysłu Drzewnego BOZIR Bogusław Zielonka;(75)6425464;;
Przedsiębiorstwo Produkcji i Usług Przemysłu Drzewnego BOZIR Bogusław Zielonka;(75)7553199;;
Przedsiębiorstwo Produkcyjno-Handlowe ANRO Sp. z o.o.;(54)4137372-73;;
Przedsiębiorstwo Produkcyjno-Handlowe ANRO Sp. z o.o.;(54)4138010;;
Przedsiębiorstwo Produkcyjno-Handlowe Mirosław Kropidłowski;(58)6843358;;
Przedsiębiorstwo Produkcyjno-Handlowe Mirosław Kropidłowski;600806413;;
Przedsiębiorstwo Wielobranżowe Centrum Drewna;(42)6596960;;
Przedsiębiorstwo Wielobranżowe Centrum Drewna;(42)6596961;;
PTAK Domy z Drewna;(42)6112240;;
PTAK Domy z Drewna;501056573;;
Raj-Bud, Andrzej Kośka;(81)7486929;;
Raj-Bud, Andrzej Kośka;601923735;;
RAMZA;(81)8541570;;
RAMZA;607857060;;
RELAX-DOM;501565385;;
REM-BUD;517976545;;
ROB-GONT;500297081;;
ROB-GONT;(18)2771728;;
Roboty Stolarsko-Ciesielsko-Budowlane Paweł Staszel;660742074;;
RS BUDOWA;(32)7299758;;
RS BUDOWA;796080086;;
RWD CYDZIK;889022666;;
RWD CYDZIK;886813727;;
S.c. PIAST;(87)5656721;;
S.c. PIAST;508319896;;
SENDOM Domy Drewniane Seweryn Mazur;(58)5733880;;
SENDOM Domy Drewniane Seweryn Mazur;(58)6876618;;
Siedlisko Konstrukcje Drewniane;695843259;;
SIELANKA;(71)7253422;;
SIELANKA;(71)7230021;;
SIMPLE HOUSE;(22)7173265;;
SKIBIŃSKI Domy z Drewna;502638346;;
SKIBIŃSKI Domy z Drewna;604233502;;
SOLIDBUD S.c.;660258531;;
SOLIDBUD S.c.;504099543;;
SOWA Domy z Bali;(17)2245483;;
SOWA Domy z Bali;(17)3119841;;
STANKO Witold Łaski;695901978;;
STIMEO;733535354;;
Stolarstwo Budowlane, Mieczysław Lange;(58)6762683;;
Stolarstwo Budowlane, Mieczysław Lange;600403571;;
Stolarstwo DREW-DOM Michał Rusinek;(67)2547252;;
Stolarstwo DREW-DOM Michał Rusinek;501052880;;
Stolarstwo Jerzy Szorc;693809044;;
Stolarstwo Jerzy Szorc;607319727;;
STOLARSTWO Mirosław Jankowski;(29)7176460;;
STOLARSTWO Mirosław Jankowski;509259815;;
Stolarstwo-Ciesielstwo Józef Filas;(18)2685154;;
Stolarstwo-Ciesielstwo Józef Filas;600368060;;
STOLDARK Dariusz Kalinowski;603314828;;
STOLHAUS Sp. z o.o.;(68)3836456;;
STOLHAUS Sp. z o.o.;(68)3830091;;
Stolhurtex;(59)8147000;;
Stolhurtex;(59)8473941;;
STOLORBUD;693808775;;
STOLPAST Wiesław Pasterny;(33)8536202;;
STOLPAST Wiesław Pasterny;602324209;;
STOLWID;(43)6773206;;
STOLWID;692435003;;
STRONGWOOD POLSKA Mirosław Hałasa;508089744;;
STRONGWOOD POLSKA Mirosław Hałasa;(89)5141214;;
STYLOWY DOM;608244266;;
SweetHome;512420311;;
SweetHome;691616731;;
SZAŁAS POD LIMBĄ;784505012;;
Śledzik Wojciech Ciesielstwo;605217322;;
Świerkowe Domy;661563891;;
T&M-POL;515148812;;
TAJAKS Sp. z o.o.;(94)3548772;;
TAJAKS Sp. z o.o.;(94)3548774;;
TATRA HOUSE LTD producent domów drewnianych;(18)2675272;;
TATRA HOUSE LTD producent domów drewnianych;(18)2674189;;
TATRA-DREW;(018)2064325;;
TATRA-DREW;725700464;;
TDD;606331716;;
TECHMA;609166229;;
TIMBER FRAME;504909512;;
TIMBER FRAME;510769157;;
Timberlog;(18)4463846;;
Timberlog;602416673;;
TM Construction;(32)7007677;;
TM Construction;723500500;;
TOKDREW Mariusz Tokarczyk;(18)4466219;;
TOKDREW Mariusz Tokarczyk;502710673;;
TOMDOM®;(52)3181313;;
TOMDOM®;(52)3181344;;
TOMSTOL Tomasz Kuć;602378370;;
Trak-Bud;(94)3510455;;
Trak-Bud;(94)3510459;;
TROMAR;(58)6712960;;
Twój Dom;(33)8545593;;
Twój Dom;600616162;;
UNICAR Jerzy Mudlaff;(58)6243086;;
UNICAR Jerzy Mudlaff;500751332;;
UNIHAUS Fabryka Domów;(33)3334400;;
UNIHAUS Fabryka Domów;570001114;;
URBUD;607080633;;
URBUD;(33)8616251;;
Usługi Budowlane Gruszka Józef;693973493;;
Usługi Budowlane Ryszard Grądzki;(86)2163986;;
Usługi Budowlane Ryszard Grądzki;512127257;;
Usługi Ciesielskie Rafał Szymczak;500063191;;
Usługi Ogólnobudowlane Andrzej Tobota;502769433;;
Usługi Ogólnobudowlane Tadeusz Pindur;501190220;;
Usługi Stolarskie Bogdan Wensierski i Jacek Kreft;667625295;;
Usługi Stolarskie Bogdan Wensierski i Jacek Kreft;(058)6728282;;
Usługi Stolarskie Marek Olszewski;(84)6607410;;
Usługi Stolarskie Marek Olszewski;(84)6607525;;
Usługi Stolarskie Waldemar i Paweł Sławińscy;606322064;;
Usługi Stolarskie Waldemar i Paweł Sławińscy;502928278;;
USŁUGI STOLARSKIE Włodzimierz Zalewski;(29)7411723;;
Usługi Stolarsko-Ciesielskie R-K Styl Robert Kabaciński;667355366;;
Usługi Wielobranżowe MODRZEW;(84)6279268;;
VICTORIA Sp. z o.o.;(86)2735125;;
VICTORIA Sp. z o.o.;(86)2735126;;
Viola;(32)2256559;;
Viola;509593260;;
Warszawsko-Mazurskie Przedsiębiorstwo Handlowe WASCO;(89)6226807;;
Warszawsko-Mazurskie Przedsiębiorstwo Handlowe WASCO;(89)6226838;;
Warsztat Stolarski Piotr Kamela;(32)2280326;;
Warsztat Stolarski Piotr Kamela;(32)2286719;;
WB Koncept;600979349;;
Wiaty-Domki-Altany Dariusz Polok;665222386;;
WIÓREK Grzegorz Osipowski;608888347;;
WKRA - domy drewniane Janusz Pawłowski;(023)6931808;;
WKRA - domy drewniane Janusz Pawłowski;509896453;;
WOJDBUD Domki z Drewna;601307545;;
WOJDBUD Domki z Drewna;608828596;;
Wojtke Sp.j.;(32)4011346;;
Wojtke Sp.j.;(32)2387272;;
Wood House;505949468;;
WOOD HOUSE Drewniane Konstrukcje Szkieletowe;(71)3102670;;
WOOD HOUSE Drewniane Konstrukcje Szkieletowe;600276388;;
WOOD-MIX S.c.;(41)2712350;;
WOODHOME Sp. z o.o.;(58)5629355;;
WOODHOME Sp. z o.o.;502543775;;
Woodhouse;692686133;;
WOODPECKER Sp. z o.o.;505096765;;
Wu-Bud;(33)8437373;;
Wu-Bud;606320513;;
Wyroby z Drewna Józef Zbylut;602537869;;
Wyroby z Drewna Józef Zbylut;506701481;;
Wyrób Domków Wiesław Bździuch;(84)6857997;;
Wyrób Domków Wiesław Bździuch;665725929;;
Z.P.H.U. DREW MAX Karol Antecki;692592302;;
Z.P.H.U. Drew-Remsz;(32)2841125;;
Z.P.H.U. Drew-Remsz;(32)2841371;;
Z.P.R.B. Arex;(33)8654654;;
Z.P.R.B. Arex;601853006;;
Z.U. MAZJ;(42)7121416;;
Z.U. MAZJ;604907375;;
Zakład Budowlany Krzysztof Olewiński;(54)2531320;;
Zakład Budowlany Krzysztof Olewiński;502271553;;
Zakład Budowlany WANAT;601553972;;
Zakład Budowlany WANAT;(63)2444850;;
Zakład Budownictwa Kanadyjskiego EKO-DOM;888606369;;
ZAKŁAD CIESIELSKI Tomasz Bartkowiak;604929700;;
ZAKŁAD CIESIELSKI Tomasz Bartkowiak;(61)6491214;;
Zakład Produkcji Handlu Usług PAKARD;(74)8801165;;
Zakład Produkcyjno-Usługowo-Handlowy DOM KAM;506066707;;
Zakład Produkcyjny INTER-DOM;(91)3213388;;
Zakład Produkcyjny INTER-DOM;505175583;;
Zakład Przemysłu Drzewnego Sp.j. Zbigniew i Robert Bernacik;(48)6210036;;
Zakład Przemysłu Drzewnego Sp.j. Zbigniew i Robert Bernacik;506115069;;
Zakład Przetwórstwa Drewna Bogusław Zuziak;(94)3581071;;
Zakład Przetwórstwa Drewna Bogusław Zuziak;(94)3581416;;
Zakład Remontowo-Budowlany Paweł Chrzan;(34)3189116;;
Zakład Remontowo-Budowlany Paweł Chrzan;606767965;;
Zakład Stolarski Adam Kaliciak;(91)4188396;;
Zakład Stolarski Adam Kaliciak;509619799;;
Zakład Stolarski Henryk Malek;667410510;;
Zakład Stolarski Roman Marusiak;609425014;;
Zakład Stolarski WALD-BUD Bodzon;607385907;;
Zakład Stolarski WALD-BUD Bodzon;694550286;;
Zakład Stolarsko-Rzeźbiarski Wiesław Wojtas;512492232;;
Zakład Stolarsko-Usługowo-Budowlany BIELSKI;(18)2621546;;
Zakład Stolarsko-Usługowo-Budowlany BIELSKI;501323311;;
Zakład Usług Leśnych Jan Syryło;(16)6318195;;
Zakład Usług Leśnych Jan Syryło;606424873;;
Zakład Usług Stolarskich Bolesław Porada;(62)7611245;;
Zakład Usług Stolarskich Bolesław Porada;660747316;;
Zakład Usługowo Produkcyjno Handlowy Sławomir Mirgos;604195284;;
Zakład Usługowo Produkcyjno Handlowy Sławomir Mirgos;227275310;;
Zakład Usługowo-Handlowy Krzysztof Cukrowski;(91)3118576;;
Zakład Usługowo-Handlowy Krzysztof Cukrowski;693298704;;
Zakład Usługowy JAWOR;(18)2682361;;
Zakład Usługowy JAWOR;503844694;;
Zakład Usługowy Joanna Hilbrecht;502201182;;
Zakład Usługowy Joanna Hilbrecht;517015403;;
Zakład Wielobranżowy DOMASTER;604984586;;
Zakład Wielobranżowy DOMASTER;664912335;;
ZEW-BUD Zbigniew Baradziej;606303138;;
Zielone Domy;(52)3951674;;
Zielone Domy;733114433;;
ZIELONY DOM Anna Pelc;(87)4218087;;
ZIELONY DOM Anna Pelc;508311188;;
ZODAN Zakład Obróbki Drewna Adam Nowak;(67)2871226;;
ZODAN Zakład Obróbki Drewna Adam Nowak;792888111;;
ZPHU E.T.D;691637111;;
ZPUH ASKOR;(61)4473238;;
ZPUH ASKOR;(61)4478892;;
Grey Modern Wooden Houses;517796961;;
Solcraft Sp. z o.o.;(22)7238327;;
Solcraft Sp. z o.o.;696008603;;
Usługi Remontowo-Budowlane STRECHTRIM Tomasz Wereda;662015296;;
ABIES POLSKA Sp. z o.o.;(32)7202819;;
ABIES POLSKA Sp. z o.o.;881517423;;
AGRO-FLORA;(32)2277945;;
AGRO-FLORA;601315343;;
Amber Sauny Domowe i Ogrodowe;602316340;;
Amber Sauny Domowe i Ogrodowe;(58)3485435;;
ANDREWEX Sp. z o.o.;(63)2804100;;
ANDREWEX Sp. z o.o.;(63)2804141;;
ARCHITEKTON;(75)7526807;;
ARCHITEKTON;(75)7675150;;
Architektura Ogrodowa Adam Kulikowski;(75)7892310;;
Architektura Ogrodowa Adam Kulikowski;798754959;;
Atmanstyl.pl;502621743;;
BHB Bertsch Holzbau Sp. z o.o.;(18)4444170;;
BIMAR;(91)3113379;;
BIMAR;(91)3113547;;
Bio-Dom;(71)3832214w.42;;
Bio-Dom;(71)3830845;;
BOMIR-DACHY Marcin Oleszkiewicz;(22)4359134;;
BOMIR-DACHY Marcin Oleszkiewicz;602256590;;
BOR-BUD S.c.;606736523;;
BOR-BUD S.c.;606837682;;
BOXI Sklep dla Ogrodu;(33)8792313;;
BOXI Sklep dla Ogrodu;606818236;;
BudHaus Michał Jażdżewski;880034925;;
Budownictwo Drewniane Grzegorz Brączek;798143601;;
CANADA SYSTEM FHUP;(18)3375724;;
Carpenter Sp. z o.o.;607140149;;
Carpenter Sp. z o.o.;603750868;;
CASTOR Producent Domów Drewnianych;(89)6422700;;
CASTOR Producent Domów Drewnianych;(89)6460387;;
CDM Sp. z o.o.;(81)7509040;;
CDM Sp. z o.o.;(81)7509041;;
CELBUD;(22)7897063;;
Centrum Budownictwa Szkieletowego;(22)7593838;;
Centrum Budownictwa Szkieletowego;(22)7593828;;
CHABER wyroby z drewna;(68)3750860;;
CHABER wyroby z drewna;601216950;;
CHATKA usługi stolarskie, budowa domów z drewna;692458150;;
CIESIELNIA Mirosław Nowocień;505709168;;
D&G GROUP;(22)8133317;;
D&G GROUP;666036374;;
DABO Przedsiębiorstwo Projektowo-Budowlane mgr inż. Bogdan Korentz;(33)8543578;;
DABO Przedsiębiorstwo Projektowo-Budowlane mgr inż. Bogdan Korentz;602621797;;
DACH I OKNO S.c.;668129859;;
DACH I OKNO S.c.;668443514;;
DACH-MIR Mirosław Lewiński;692293131;;
Design Providers S.c. Michał Kula, Zbigniew Korcz;507358361;;
DOM NATURA S.c.;(22)4202250;;
DOM NATURA S.c.;(22)4202251;;
Domikon Sp. z o.o.;(44)7260409;;
Domikon Sp. z o.o.;608624310;;
Domy Kanadyjskie Ryszard Muter;602439291;;
DRALEX;(32)4571250;;
Drew-Dom Adam Szymonik;(15)8761134;;
Drew-Dom Adam Szymonik;503142028;;
DREW-GEN Stolarstwo-Ciesielstwo Eugeniusz Lidzbarski;(58)6762766;;
DREW-GEN Stolarstwo-Ciesielstwo Eugeniusz Lidzbarski;886341295;;
DREWEX Sp. z o.o.;(032)2711288;;
DREWGONT Producent Gontów Drewnianych;(18)2771906;;
DREWGONT Producent Gontów Drewnianych;501622389;;
DREWKAN;(75)7132497;;
DREWKAN;(75)7649884;;
DREWMAT Zakład Przerobu Drewna Jan Szołtysik;(34)3577415;;
DREWMAT Zakład Przerobu Drewna Jan Szołtysik;603997765;;
DREWNEX mgr Czesław Rusnak;(18)2688716;;
DREWNEX mgr Czesław Rusnak;606756142;;
Drewniany Dom;(075)7125106;;
Drewniany Dom;695576143;;
DREWOLANDIA;533262731;;
DREWOLANDIA;698104824;;
Drewspec Stolarskie Usługi Szmankowski Michał;660778653;;
DZ Konstrukcje Budowlane;600923042;;
DZ Konstrukcje Budowlane;600498091;;
Dzięcioł;668525004;;
EDMAR Zakład Stolarski Maria Pietrzak;(52)3537995;;
EDMAR Zakład Stolarski Maria Pietrzak;603600584;;
EKO DREWNO BUD;504025050;;
EKO-DREW Paweł Safijański;606609418;;
EKO-DREW-DOM;(018)2771081;;
EKO-DREW-DOM;606283294;;
EKO-INVEST Artur Smelczyński;607337381;;
EKO-INVEST Artur Smelczyński;887060006;;
EKO-STYL;(094)3754545;;
Ekologiczne Dachy Wiórowe;608757984;;
EL-BUD Władysław Dublinowski;660712522;;
ERAGA Sp. z o.o.;(22)2111890;;
ERAGA Sp. z o.o.;(22)8911306;;
ERAGA Sp. z o.o. Zakład Produkcyjny;(52)5524610;;
ERAGA Sp. z o.o. Zakład Produkcyjny;(52)5610259;;
Euro-Meble Michał Jastrzębski;508837792;;
Euroco Sp. z o.o.;(22)8706612;;
F.B. DREW-DOM;(82)5721353;;
F.B. DREW-DOM;(82)5718289;;
F.H.U.B. ARTBUD S.c.;(14)6296025;;
F.H.U.B. ARTBUD S.c.;(14)6284026;;
F.P.H.U. PILGRÓD;(14)6700695;;
F.P.H.U. PILGRÓD;602576928;;
F.U. Drewnobud;504276879;;
F.U. Drewnobud;696989955;;
FHU NOVA;606899482;;
FHU NOVA;603854004;;
FHU TICADA Eugeniusz Skwirus;(42)6520275;;
FHU TICADA Eugeniusz Skwirus;(42)6520124;;
Firma Budowlana GMBUD;693999560;;
Firma Budowlano-Stolarska HAMAL;(85)7124396;;
Firma Budowlano-Stolarska HAMAL;602102920;;
Firma Handlowa K2 Ogrody;(61)4265080;;
Firma Handlowa K2 Ogrody;600899909;;
Firma KORA;881581200;;
Firma Produkcyjno-Handlowa FROST Jan Frost;(91)3874806;;
Firma Produkcyjno-Handlowa FROST Jan Frost;602131760;;
Firma Produkcyjno-Handlowo-Usługowa HEBELDOM Zdzisław Czaja;502493998;;
Firma Usługowa Dach-Gont Stanisław Kapuściak;(18)2853648;;
Firma Usługowa Dach-Gont Stanisław Kapuściak;601086385;;
FUH CYREK Damian Cyrek;888528407;;
FUH CYREK Damian Cyrek;783748143;;
FUP HEBAN;(74)8132168;;
FUP HEBAN;663105194;;
Gartenholz H&H Sp. z o.o.;(61)2913019;;
Gartenholz H&H Sp. z o.o.;(61)2913241;;
GEBCO–Fabryka Domów Energooszczędnych i Pasywnych;(34)3405935;;
GEBCO–Fabryka Domów Energooszczędnych i Pasywnych;(34)3405935wew.25;;
GLOBAL TRADE;(58)5545386;;
GLOBAL TRADE;(58)5229263;;
GREKA BUD;603777745;;
GREKA BUD;605666621;;
Hamar A.M.Benedykcińscy Sp.j.;(54)2311314;;
Hamar A.M.Benedykcińscy Sp.j.;(54)2311334;;
Handel Usługi Pośrednictwo Bogusław Plewik;607054492;;
Hatek Janusz Zaręba Sp.j.;(23)6927731;;
Hatek Janusz Zaręba Sp.j.;(23)6927732;;
iBudHaus;(32)2101592;;
iBudHaus;783997149;;
Inoma;(032)2010743;;
Inoma;601407799;;
JaśDrew;696086528;;
K39 Zakład Konstrukcji Drewnianych;503776531;;
KĘDZIORA Sp. z o.o.;(46)8621770;;
KĘDZIORA Sp. z o.o.;(46)8621771;;
KONSBUD Projektowanie i Realizacja Konstrukcji Budowlanych;(91)8125387;;
KONSBUD Projektowanie i Realizacja Konstrukcji Budowlanych;(91)8128387;;
Konstrukcyjny.pl S.c.;600332985;;
KOWBUD Firma Ogólnobudowlana, Krzysztof Kowal;602124375;;
Krężel Sp. z o.o.;(91)5645105;;
Krężel Sp. z o.o.;(91)5645108;;
KUBIK Beata Kozłowska;(34)3270707;;
KUBIK Beata Kozłowska;603274050;;
Kuźnia Piasek;(34)3566011;;
Kuźnia Piasek;(34)3566067;;
LEURO;(89)6265108;;
LEURO;602481250;;
MAGIA DREWNA S.c.;604808095;;
MAGIA DREWNA S.c.;608035678;;
MARKOS Design Poland;(33)8556230;;
MARKOS Design Poland;502097870;;
MATBUD Maciej Matlak;515976783;;
MIDREW Przedsiębiorstwo Handlowo Usługowe Grzegorz Michura;(18)3376770;;
MIDREW Przedsiębiorstwo Handlowo Usługowe Grzegorz Michura;(18)3376226;;
MIRABEL PLUS Sp. z o.o.;(22)8115030;;
MODUŁDOM Budownictwo Modułowo-Drewniane Sylwia Kuc;(12)3521515;;
MODUŁDOM Budownictwo Modułowo-Drewniane Sylwia Kuc;502386619;;
Osik Tomasz Jankowski;604558389;;
OSTROVIA Sp.j.;(85)7221419;;
P.B.D. DREW-INWEST;(33)8637727;;
P.B.D. DREW-INWEST;(33)8637754;;
P.H.U. Krispol Krzysztof Śpiewak;503945279;;
P.H.U. Krispol Krzysztof Śpiewak;(34)3284570;;
P.H.U. TWÓJ DOM;(85)6501349;;
P.H.U. TWÓJ DOM;604182190;;
P.P.H. Mega;(75)7212296;;
P.P.H.G.D. WESKO S.c.;(61)8146616;;
P.P.H.G.D. WESKO S.c.;603747650;;
P.P.H.U. Budrew;(52)5699699;;
P.P.H.U. Budrew;608437172;;
P.P.H.U. DREWKOP Z.D.J. SŁOMIAN Sp.j.;(34)3186844;;
P.P.H.U. DREWKOP Z.D.J. SŁOMIAN Sp.j.;(34)3176105;;
P.W. Floryszczak-domy;511366144;;
P.W. Floryszczak-domy;729177188;;
Pherenika Sp. z o.o.;782281851;;
PHU ASKI;502949314;;
PHU Dachy Domagała;507125396;;
PIGB CARPATIA Oddział w Średniej Wsi;(13)4696783;;
PIOMAR Firma-Handlowa SZALEK;609066599;;
Pokoje Pod Sosnami Łukasz Parzątka;(18)2653753;;
Polbus Sp. z o.o.;(032)2675505;;
Polbus Sp. z o.o.;608228070;;
PolskieDrewno.pl Marek Krawczyk;(75)7841101;;
PolskieDrewno.pl Marek Krawczyk;601055550;;
POLWOOD Sp. z o.o.;(91)4167560;;
POLWOOD Sp. z o.o.;(91)4167576;;
PPB Maryland Sp. z o.o.;(94)3162397;;
PPB Maryland Sp. z o.o.;509157407;;
PPHU Henryk Witas;(33)8636265;;
PPHU Henryk Witas;605947049;;
PPHU STOL-WOOD Abucewicz;(89)7620180;;
PPHU STOL-WOOD Abucewicz;605275682;;
PPHU THIEL-HOLZER Michał Szafranek;(32)4571220;;
PPUH Robal;725007153;;
PPUH Robal;(52)3824715;;
PRB BUDNICKI;(52)3822240;;
PRB BUDNICKI;507443861;;
PRO-EKO-ART;601688035;;
PRO-EKO-ART;695947327;;
ProEkoArt.pl;601688035;;
ProEkoArt.pl;695947327;;
PROGLOBAL Domy Syberyjskie;(22)7824450;;
PROGLOBAL Domy Syberyjskie;605786333;;
Projektujemydomy.pl;602772666;;
Przedsiębiorstwo MAGNUS;(43)6752408;;
Przedsiębiorstwo MAGNUS;(43)6753444;;
Przedsiębiorstwo Ogólnobudowlane CONTRACO;508540504;;
Przedsiębiorstwo Ogólnobudowlane CONTRACO;505212903;;
Przedsiębiorstwo Partner Sp. z o.o.;(91)4621756;;
Przedsiębiorstwo Partner Sp. z o.o.;(91)4621420;;
Przedsiębiorstwo Przemysłu Drzewnego STOLMAT;(77)4366700;;
Przedsiębiorstwo Przemysłu Drzewnego STOLMAT;(77)4364021;;
Przedsiębiorstwo TAGA;(74)8151716;;
Przedsiębiorstwo TAGA;(74)8157549;;
Przedsiębiorstwo Usługowo Handlowo Produkcyjne Resbud Marek Duda;(41)3021302;;
Przedsiębiorstwo Usługowo Handlowo Produkcyjne Resbud Marek Duda;(41)3021195;;
Przedsiębiorstwo Wielobranżowe DRAKA Dariusz Raszewski;(68)3413578;;
Przedsiębiorstwo Wielobranżowe OPTYMEX Sp. z o.o.;(52)3819253;;
Przedsiębiorstwo Wielobranżowe OPTYMEX Sp. z o.o.;502638542;;
Przedsiębiorstwo Wielobranżowe Uladzimir Peuchykh;889770789;;
Przyjazne Domy Jankowiak i Krzyżak Sp.j.;(91)4317574;;
Przyjazne Domy Jankowiak i Krzyżak Sp.j.;508062324;;
PUP COMPLEX Sp. z o.o.;(58)3410095;;
PUP COMPLEX Sp. z o.o.;(58)3410718;;
Rajgród Maria Gutowska;513220023;;
Rajgród Maria Gutowska;(086)2721469;;
ROBINIA WOOD;533055614;;
ROSPOL Syberyjska Spółka Drzewna Sp. z o.o.;515469975;;
RUSTOALL Zenon Rudź;(86)2186616;;
RUSTOALL Zenon Rudź;604296064;;
SailorNe;(22)4274413;;
SailorNe;(22)4274979;;
SAUNA HOUSE;692789934;;
SAUNA HOUSE;695422424;;
Sauny i Domki Letniskowe Wittchen;606268355;;
Skrzypek na Dachu;(14)6820352;;
Skrzypek na Dachu;606330219;;
SOBEX Sp. z o.o.;(95)7624705-06;;
SOBEX Sp. z o.o.;(95)7624591;;
Solidago Construtions;(77)4165371;;
Solidago Construtions;512323350;;
STAN-WOOD;791427090;;
Stolarstwo Budowlano-Meblowe Robert Błocinski;696427355;;
Stolarstwo-Wyroby z Drewna;506102847;;
Stolarstwo-Wyroby z Drewna;(033)8661189;;
Stowarzyszenie Dom Drewniany;(58)3016854;;
Stowarzyszenie Dom Drewniany;(58)3055722;;
SUR-POLSKA;505455324;;
Tartak Celiński Sławomir;(83)3759739;;
Tartak i Produkcja Folii S.c.;(82)5677265;;
Tartak Istebna Leszek Czepczor;605587368;;
TARTAK JASIEŃ Ostkam Sp. z o.o. PPHU;(54)2876468;;
TARTAK JASIEŃ Ostkam Sp. z o.o. PPHU;606808873;;
Tartak Kołbon Sp.j.;(18)4457228;;
Tartak Kołbon Sp.j.;(18)4457091;;
Tartak WOOD-MAX;668204709;;
Tartak WOOD-MAX;606453498;;
TELLOS Budownictwo;(85)6550524;;
TELLOS Budownictwo;880254366;;
Trzcina-Eko-Dach-Strzecha Grzegorz Wojtkowski;609088871;;
Trzcina-Eko-Dach-Strzecha Grzegorz Wojtkowski;609088876;;
UNIHOUSE Oddział UNIBEP S.A.;(85)7303477;;
UNIHOUSE Oddział UNIBEP S.A.;(85)7303478;;
Unikalny Ogród Marcin Fertacz;664192646;;
Usługi Budowlane Ciesielsko-Stolarskie Sylwester Jusiński;(22)7250317;;
Usługi Budowlane Ciesielsko-Stolarskie Sylwester Jusiński;501660709;;
Usługi Ciesielskie, Dekarskie i Ogólnobudowlane Cieśl@ Piotr Pawłowski;504616442;;
Usługi Ogólnobudowlane Kotas Jacek;510576578;;
Usługi Wnętrzarskie Stolarstwo Andrzej Gaudyn;603094373;;
VIDAL Andrzej Ajtner;(061)8213323;;
VIDAL Andrzej Ajtner;(061)8223367;;
VIP TARASY Grzegorz Białkowski;694522849;;
WalBud Waldemar Włodarczyk;605364673;;
WARSKOP - Przedsiębiorstwo Budowlane;(022)6433814;;
WARSKOP - Przedsiębiorstwo Budowlane;501827318;;
Willa Jaśmin;(94)3160160;;
Willa Jaśmin;604583160;;
Wooden Houses;606763095;;
Wooden Houses;(12)2577969;;
Z.P.H.U. Domex Koczyk Zbigniew;(22)7272195;;
Z.P.H.U. Domex Koczyk Zbigniew;502274570;;
Zaklad Stolarski Jacek Kasperek;(81)5821110;;
Zaklad Stolarski Jacek Kasperek;604175825;;
Zakład Drzewny TB Sp. z o.o.;(14)6833404;;
Zakład Drzewny TB Sp. z o.o.;(14)6821510;;
Zakład Produkcyjno Handlowy GALANT;(58)5609215;;
Zakład Produkcyjno Handlowy GALANT;502082654;;
Zakład Produkcyjno-Handlowo-Usługowy RAJDA JAN;(33)8703287;;
Zakład Produkcyjno-Handlowo-Usługowy RAJDA JAN;602760407;;
Zakład Produkcyjno-Handlowy Dębski Andrzej;660417482;;
Zakład Produkcyjno-Handlowy Dębski Andrzej;(68)3412097;;
Zakład Remontowo-Budowlany Henryk Matusiewicz;608397564;;
Zakład Remontowo-Budowlany Henryk Matusiewicz;(87)5164447;;
Zakład Remontowo-Budowlany i Stolarstwo Usługowe DŹWIGAR S.c. Izabela Rogalińska-Kokoszka, Jarosław Kokoszka;(43)8282009;;
Zakład Remontowo-Budowlany i Stolarstwo Usługowe DŹWIGAR S.c. Izabela Rogalińska-Kokoszka, Jarosław Kokoszka;510145200;;
Zakład Stolarski Andrzej Miedziński;784326929;;
Zakład Stolarski Andrzej Miedziński;784503074;;
Zakład Stolarski CYREK & CYREK;730329008;;
Zakład Stolarski CYREK & CYREK;509915442;;
Zakład Stolarski Ireneusz Makowiecki;605048054;;
Zakład Stolarski Ratajczak;(61)4383690;;
Zakład Stolarski Ratajczak;(61)4382372;;
Zakład Stolarski Rączka Zbigniew;(18)2674150;;
Zakład Stolarski Rączka Zbigniew;606789852;;
Zakład Stolarski Tadeusz Gajda;604406655;;
Zakład Stolarski Wiesław Szwed;(91)4182327;;
Zakład Stolarski Wiesław Szwed;601755293;;
Zakład Stolarski-Władysław Przybylak;(43)8225250;;
Zakład Stolarski-Władysław Przybylak;601381620;;
Zakład Stolarski, Export-Import Eugeniusz Maciejczek;(33)8533410;;
Zakład Stolarski, Export-Import Eugeniusz Maciejczek;(33)4792230;;
Zakład Stolarsko-Budowlany Władysław Szalbót;(33)8553611;;
Zakład Stolarsko-Budowlany Władysław Szalbót;502742848;;
Zakład Usług Stolarskich STOMASZ;(89)7412720w.22;;
Zakład Usług Stolarskich STOMASZ;503046023;;
Zakład Usługowo-Handlowy ROLMEX;502167711;;
Zakład Usługowo-Handlowy ROLMEX;(54)2873368;;
Zakład Usługowo-Produkcyjny Przerobu Drewna Jerzy Krakus;(95)7521455;;
Zakład Usługowo-Produkcyjny Przerobu Drewna Jerzy Krakus;(95)7521052;;
Zakłady Drzewne POLDAN Eksport-Import Zygmunt Kroplewski;(59)8104248;;
Zakłady Drzewne POLDAN Eksport-Import Zygmunt Kroplewski;(59)8104250;;
ZPH Ogród Radosław Malinowski;509795120;;
ZPH Ogród Radosław Malinowski;(62)7312183;;
ZPU TRACZEK;508377319;;
ZPU TRACZEK;505499398;;
