AKIE Sp. z o.o.;(12)4305507;;
AKIE Sp. z o.o.;501321905;;
IMESO AESTHETIC GROUP;503179482;;
IMESO AESTHETIC GROUP;730898002;;
POLONUS Sp. z o.o.;(22)7810163;;
POLONUS Sp. z o.o.;(22)7719323;;
ABACOSUN Sp.j.;(58)6646451;;
ABACOSUN Sp.j.;(58)7816666;;
ARS BEAUTY;887888008;;
ARS BEAUTY;(22)4688488;;
ARS TATTOO;(22)6293335;;
ARS TATTOO;609322161;;
Centrum Kosmetyki Profesjonalnej IMS nails;(52)3737460;;
Centrum Kosmetyki Profesjonalnej IMS nails;605785489;;
DORES;(25)7580755;;
DORES;515282147;;
F.H.U. Cosmetix;510450946;;
F.H.U. Cosmetix;881708010;;
IFA PRO medical & aesthetic;(22)7816592;;
Let`s SPA;507096334;;
Let`s SPA;(42)6594132;;
MUSTAF Producent Śliniaków Dentystycznych;(34)3628612;;
ARKADIA Hurtownia Kosmetyków Profesjonalnych Adam Półtorak;(67)3491848;;
ARKADIA Hurtownia Kosmetyków Profesjonalnych Adam Półtorak;691280232;;
BIURO MEBLE Sp. z o.o.;(94)3731335;;
BIURO MEBLE Sp. z o.o.;(94)3740939;;
ORACLE Polska Sp. z o.o.;(22)5324700;;
ORACLE Polska Sp. z o.o.;(22)5324701;;
SILOG Sp. z o.o.;(22)6517256-58;;
SILOG Sp. z o.o.;663999210;;
Aseo Paper Sp. z o.o.;(32)4500301;;
Aseo Paper Sp. z o.o.;(32)4500304;;
COSMETICS GROUP Sp. z o.o.;(32)6096222;;
COSMETICS GROUP Sp. z o.o.;(32)2054120;;
FUTURE SYSTEM Gabinet Kosmetyczny;(42)6307765;;
gebiss.pl;(42)2031226;;
gebiss.pl;(42)2031189;;
Ideal Partner Dorota i Jarosław Dojlidko Sp.j.;(85)7193899;;
Ideal Partner Dorota i Jarosław Dojlidko Sp.j.;(85)7193999;;
KOZŁOWSKI-PĘDZLE Sp.j.;(81)5030900;;
KOZŁOWSKI-PĘDZLE Sp.j.;(81)5030901;;
MJ Cosmetics Center - Hurtownia Fryzjersko - Kosmetyczna;531733997;;
Centrum Szkoleniowe HEROS;(22)4248484;;
Centrum Szkoleniowe HEROS;0801002428;;
COSME SUN Andrzej Modrzejowski;(71)3371900;;
COSME SUN Andrzej Modrzejowski;601342434;;
Cosnet Sp. z o.o.;(71)7120303;;
Cosnet Sp. z o.o.;502594563;;
MONA S.c.;(34)3608254;;
MONA S.c.;(34)3608255;;
PediKos LZ Gabinet Podologiczno-Kosmetyczny Lidia Zawadzka;510622628;;
PediKos LZ Gabinet Podologiczno-Kosmetyczny Lidia Zawadzka;691410747;;
Przedsiębiorstwo Biuromaks Meble Biurowe;(62)7656028;;
Przedsiębiorstwo Biuromaks Meble Biurowe;(62)7656027;;
STUDIO9;(22)6482963;;
STUDIO9;694329007;;
Primroses Sp. z o.o.;516298180;;
Primroses Sp. z o.o.;516298195;;
AB-art Anita Bokun;607079808;;
AB-art Anita Bokun;(22)7591378;;
ACTIVESHOP;(71)7254171;;
AFK Artykuły Fryzjersko-Kosmetyczne;(18)3530415;;
AFK Artykuły Fryzjersko-Kosmetyczne;(18)3537815;;
AlleTipsy.pl;512930666;;
ArcoTech;794131550;;
ART COSMETICS;(22)7696999;;
ART COSMETICS;501220200;;
ARTESIAN POLSKA Sp. z o.o.;511039993;;
ARTESIAN POLSKA Sp. z o.o.;511039998;;
Ascent3 S.c.;(42)6450721;;
Ascent3 S.c.;(42)6870805;;
ASPA;(76)7277780;;
ASPA;609180466;;
aurorum solarium serwis;(59)8481000;;
aurorum solarium serwis;(59)8481002;;
BAYLLA S.c.;(32)2210185;;
BAYLLA S.c.;509890848;;
Beauty & SPA Group;(22)6784066;;
Beauty & SPA Group;791696880;;
Beauty Art;(22)8265361;;
Beauty Art;662777441;;
BEAUTY DIRECT Marcin Rusiniak;(71)7581052;;
BEAUTY DIRECT Marcin Rusiniak;669435853;;
Beauty Equipment 4 You;(17)8611715;;
Beauty Equipment 4 You;785304060;;
Beauty Farm;787664739;;
Beauty Farm;795229397;;
BEAUTY MAXX - VIOLET;696216130;;
BEAUTY MAXX - VIOLET;(48)3871157;;
BEAUTY PLANET;603300500;;
BEAUTY PROJEKT Agnieszka Mikołajczuk;(33)8220666;;
BEAUTY PROJEKT Agnieszka Mikołajczuk;601295673;;
Beauty Service;(85)7445755;;
Beauty Service;669270007;;
Beauty System Sp. z o.o.;791993754;;
Beauty System Sp. z o.o.;790765176;;
BEAUTY-SECRET Sp.j.;(71)7904174;;
BEAUTY-SECRET Sp.j.;794322414;;
Beauty&SpaExpert Urządzenia Kosmetyczno-Medyczne;(22)8636691w.101;;
Beauty&SpaExpert Urządzenia Kosmetyczno-Medyczne;(22)8636691w.102;;
Beautynova Centrum Dystrybucji i Kształcenia mgr kosmetologii Lucyny Sodol;(42)6740402;;
Beautynova Centrum Dystrybucji i Kształcenia mgr kosmetologii Lucyny Sodol;500415114;;
BEAUTYTECH;(32)3071919;;
BEAUTYTECH;797358363;;
bioLogica;(22)8632014;;
BIOMAK Sp.j.;(22)7237072;;
BIOMAK Sp.j.;(22)7236954w.201;;
Biotronik;(22)8370816;;
Biotronik;600212037;;
BODYBELL POLAND;(32)2752254;;
BODYBELL POLAND;600140753;;
Centrum Kosmetyki Profesjonalnej ATENA;(12)6328580;;
Centrum Kosmetyki Profesjonalnej ATENA;602526649;;
Centrum Kosmetyki Profesjonalnej SIGMA;(12)3410119;;
Centrum Kosmetyki Profesjonalnej SIGMA;(12)3410120;;
Centrum Szkoleniowe BIO-MAS;509803875;;
Centrum Zaopatrzenia Salonów Kosmetycznych i Fryzjerskich TIMO;(67)2681430;;
Centrum Zaopatrzenia Salonów Kosmetycznych i Fryzjerskich TIMO;882154402;;
Centrum Zdrowego Leczenia;663770796;;
Centrum Zdrowego Leczenia;(34)3172210;;
CLARENA Sp. z o.o. Sp.komandytowa;(71)3280711;;
CLARENA Sp. z o.o. Sp.komandytowa;(71)7234984;;
CoFri S.c.;(22)4971676;;
CoFri S.c.;(22)4971677;;
Cosme-Sun Wyposażenie Gabinetów Kosmetycznych i Solaryjnych;(71)3478238;;
Cosme-Sun Wyposażenie Gabinetów Kosmetycznych i Solaryjnych;695780088;;
Cosmed24 Jarosław Łukasik;720300700;;
Cosmeticsnails;(42)2880525;;
Cosmeticsnails;664233001;;
COTRON COSMETICS S.c.;(22)6461737;;
COTRON COSMETICS S.c.;(22)6461727;;
CRX;506245429;;
DOMIS;(33)8123370;;
DOMIS;(33)8123358;;
EK NAMITO;(58)6810072;;
EK NAMITO;662468179;;
EMIS;(22)3987591;;
EMIS;(22)3987590;;
EUROKOS Halina Skrzypczak;(61)8517303-04;;
EUROKOS Halina Skrzypczak;(61)8517694;;
EURTEX P.P.U.H. Salon Beauty Skin Expert;782604601;;
Eversun Dawid Sipowicz;513358867;;
Eversun Dawid Sipowicz;583500077;;
EWA-MEDICAL;502575350;;
EWA-MEDICAL;(71)7501652;;
EXCELL COSMETICS GROUP;(71)7073148;;
EXCELL COSMETICS GROUP;661127366;;
F.H.U. AGMAT;(17)8527892;;
F.H.U. AGMAT;(17)8501854;;
F.H.U. AnnCo;(12)6833400;;
F.H.U. AnnCo;(12)6833407;;
F.H.U. ESTILO;535997889;;
F.H.U. Rafał Juszczak;(62)5023029;;
F.H.U. Rafał Juszczak;608363803;;
F.H.U. SIERGIEJ;601661796;;
Fantoma;(22)8651430;;
FILEN Ltd;(75)6474117;;
FILEN Ltd;697082753;;
Firma Handlowa ADA S.c.;514934539;;
Firma Handlowa ADA S.c.;501151899;;
Firma K&M;508177307;;
Firma K&M;(22)7540179;;
Firma SYNERGIA;508941927;;
FOR HAIR Furtownia Fryzjersko-Kosmetyczna;(22)7562013;;
FOR HAIR Furtownia Fryzjersko-Kosmetyczna;663999211;;
ForSpa Sp. z o.o.;(22)8583922;;
ForSpa Sp. z o.o.;(22)8583923;;
GANC-SERVICE Polskie Centrum Serwisowe IPL;696186963;;
GEVE Sp. z o.o.;(71)7104610;;
GEVE Sp. z o.o.;505528741;;
Gold Sun Solaria;(71)3197091;;
Gold Sun Solaria;501558885;;
GOODMEN POLAND Sp. z o.o.;(22)4875255;;
GOODMEN POLAND Sp. z o.o.;606300730;;
HAIRPLAY;(71)7975990;;
HAIRPLAY;(71)7218243;;
HOT INSTRUMENT;796506902;;
HOT INSTRUMENT;502339374;;
Hurtownia ADE;694403776;;
Hurtownia Fryzjersko-Kosmetyczna DOMINIUM;(55)2343899;;
Hurtownia Kosmetyków Centrum Prestige;(52)3291793;;
Hurtownia Kosmetyków Centrum Prestige;500078400;;
Hurtownia Medyczno-Kosmetyczna Cosmobelle;504255322;;
infratherm;(91)3507183;;
infratherm;(91)8853360;;
InterEstetic;(58)7193989;;
InterEstetic;533330031;;
ITALPRO Wyposażenie Salonów;(77)5472211;;
ITALPRO Wyposażenie Salonów;668668200;;
Kamilanet;606200651;;
KATE BEAUTY PROFESSIONAL;502102763;;
KATE BEAUTY PROFESSIONAL;504370469;;
KAZARO;(32)7689200;;
KAZARO;(32)7689232;;
KerPRO S.c.;(22)3546332;;
KESKE Katarzyna Stolarska;(34)3435900;;
KESKE Katarzyna Stolarska;(34)3435830;;
KK BEAUTY;511778534;;
KOSMED;(61)8280562;;
KOSMED;601181125;;
KosmetErion Hurt i Detal Art. Kosmetyki Profesjonalnej;(22)6140674;;
KosmetErion Hurt i Detal Art. Kosmetyki Profesjonalnej;698865895;;
KRIDOS;(68)3550219;;
Laser3000.pl;516829223;;
Laser3000.pl;502339374;;
Laseron;502373480;;
Laseron;602309652;;
Luxor Profesjonalny Sprzęt Kosmetyczny;608497862;;
LUXUS NATURY;729008585;;
LUXUS NATURY;537008585;;
M.S. STYL;(12)2948844;;
M.S. STYL;500046464;;
MAGREG BIS P.H.U. Grzegorz Czajka;(;;
MAGREG BIS P.H.U. Grzegorz Czajka;607449377;;
MaxMedik;794151415;;
MaxMedik;(71)3504765;;
MIMARI Michał Mirocha;(71)7864711;;
MIMARI Michał Mirocha;792202456;;
MOBIL STUDIO LASER;502530380;;
MOSATI;(52)5114600;;
MOSATI;608771792;;
MOV;515166572;;
MOV;(59)7256318;;
NASTROJE PIĘKNA Paulina Wacek-Miezgiel;(67)3491567;;
NASTROJE PIĘKNA Paulina Wacek-Miezgiel;509923475;;
NBS Danuta Łazarczyk;(32)3876464;;
NBS Danuta Łazarczyk;500193557;;
Newface Group Sp. z o.o.;(22)1021945;;
NOTTI;662655656;;
Nova Beauty Tomasz Osytek;500000226;;
NOVA GROUP;(22)6463300;;
ORIKO COSMETICS S.c.;505338161;;
P.H.U. LONPOL W.Lasiota i M.Stachowiak;(71)3290027;;
P.H.U. LONPOL W.Lasiota i M.Stachowiak;(71)3293440;;
P.P.H SEEM;(33)8422205;;
P.P.H SEEM;505405526;;
Paznokcie5zl.pl;516527580;;
Perfect Beauty;(18)4423388;;
Perfect Beauty;697555570;;
PHU MPM;(32)7810232;;
PHU MPM;(32)7810233;;
Polfran Janusz Waszkiewicz Sp.j.;(85)6622242;;
Polfran Janusz Waszkiewicz Sp.j.;(85)6649038;;
PowerSlim;(58)5525575;;
Pracownia Sprzętu Kosmetycznego i Rehabilitacyjnego Dr Pisarski;(32)2554207;;
Pracownia Sprzętu Kosmetycznego i Rehabilitacyjnego Dr Pisarski;601480471;;
PRESTIŻ S.C. M. GŁADKOWSKI, M. GŁADKOWSKA;509501191;;
PRESTIŻ S.C. M. GŁADKOWSKI, M. GŁADKOWSKA;(85)7460501;;
PRETTY NAILS;509333988;;
PRETTY NAILS;504783013;;
PRO BEAUTY;502599424;;
Profesjonalna Kosmetyka Europejskie Centrum Edukacji ABANT Sp.j.;(61)8218758;;
Profesjonalna Kosmetyka Europejskie Centrum Edukacji ABANT Sp.j.;513059007;;
PROFI Sp.j.;(68)3257520;;
PROFI Sp.j.;(68)3222507;;
PROFI Wyposażenie Salonów Kosmetyczno-Fryzjerskich;(42)6724573;;
PROFI Wyposażenie Salonów Kosmetyczno-Fryzjerskich;513135308;;
PROSTUDIO Anna Patas;536838898;;
Przedsiębiorstwo Handlowe PROGRESS;(61)4374980;;
Przedsiębiorstwo Handlowe PROGRESS;(61)4374990;;
QFAIR COSMETICS & MORE;505104610;;
QFAIR COSMETICS & MORE;608488325;;
RONOMED Sp.j.;(71)3461884;;
RONOMED Sp.j.;(71)3458845;;
SABELL hurtownia kosmetyków profesjonalnych;(22)3039999;;
SABELL hurtownia kosmetyków profesjonalnych;603039999;;
SigmaLight Sp.j.;(12)3115386;;
SINCLER Sp. z o.o.;(17)8561333;;
SINCLER Sp. z o.o.;(17)8632894;;
SIYA Wyposażenie Salonów SPA;506093102;;
Sklep Internetowy GoldNails;512646630;;
SolidNet;(22)6719859;;
SolidNet;601141414;;
SORISA;(22)7239019;;
SORISA;(22)7239388;;
SPECTEK;696070222;;
STUDEX Poland Ltd.;(42)6711990;;
STUDEX Poland Ltd.;(42)6711323;;
Studio REHAB;794761317;;
Studio REHAB;883112220;;
SWISSBEAUTY;(22)3000516;;
SWISSBEAUTY;(22)3000517;;
Szwedo Group S.c.;(77)4363725;;
Szwedo Group S.c.;609464114;;
TechnoTan;(61)6561046;;
TechnoTan;602745299;;
TISCALI - Sklep Internetowy Importmania.pl;519667074;;
TISCALI - Sklep Internetowy Importmania.pl;889953307;;
TRI STAR SOLAR Zbigniew Polakow;(58)3456445;;
TRI STAR SOLAR Zbigniew Polakow;(58)3456699;;
UNICORN S.c.;(12)3575544;;
UNICORN S.c.;602770140;;
Unimat-Serwis;(22)8346426;;
Unimat-Serwis;506147640;;
Unitron Computer;(81)7465567;;
Unitron Computer;722125679;;
VACU FIT Sp. z o.o. Sklep Internetowy sklepfitness24.pl;(32)2746922;;
Venus Michał Matuszak;697201835;;
VITA Hurtownia Kosmetyki Profesjonalnej;(89)5410121;;
VITA Hurtownia Kosmetyki Profesjonalnej;(89)5410320;;
Zakład Galanterii i Wyrobów Metalowych WIRMET;(22)6156378;;
Zakład Galanterii i Wyrobów Metalowych WIRMET;(22)8154952;;
F.U.H RENA Sławomir Magielski;506370490;;
INSIMIA Profesjonalne Kosmetyki dla Twojej Urody;503928278;;
Studio Depilacji Depilea;660307798;;
A.Z. Prestige-Salon Kosmetyki Estetycznej;601670069;;
ABER Hurtownia Fryzjersko-Kosmetyczna;501669887;;
ADAPIO Sp.j.;602105980;;
Akademia Infiniti;720808949;;
ALL-PROF;(22)7238366;;
ALL-PROF;(22)7238366w.100-101;;
ALLE Akademia Paznokcia & Świat Włosa;508610802;;
ALLE Akademia Paznokcia & Świat Włosa;(24)3666611;;
AMA Artykuły Fryzjersko-Kosmetyczne;(15)8444616;;
AMA Artykuły Fryzjersko-Kosmetyczne;(15)8423030;;
APDECOR produkcja sztukaterii elewacyjnej i wewnętrznej;500700749;;
APDECOR produkcja sztukaterii elewacyjnej i wewnętrznej;503383345;;
APTEKAdesign Specjalistyczne Meble do Aptek;(61)8687945;;
APTEKAdesign Specjalistyczne Meble do Aptek;(61)8161311;;
Arkadia;606906080;;
Aura S.c. Hurtownia Kosmetyków Katarzyna Maziewska, Krzysztof Maziewski;(85)7460186BOK,Szkolenia;;
Aura S.c. Hurtownia Kosmetyków Katarzyna Maziewska, Krzysztof Maziewski;(85)7460187BOK;;
AYALA;(22)7020334;;
AYALA;(22)7020335;;
BardoMed Sp. z o.o.;(12)4441297;;
BardoMed Sp. z o.o.;(12)4441296;;
BarTEC Sp. z o.o.;516055818;;
BEAUTY EXPERT Szkoła Kosmetyczna i Fryzjerska;607412001;;
Beauty Vital Akademia Piękna i Zdrowia;(67)3491211;;
Beauty Vital Akademia Piękna i Zdrowia;535255901;;
BEAUTYEXPERT;(68)4145417;;
BEAUTYEXPERT;(68)4145402;;
BETRIS Hurtownia Fryzjersko-Kosmetyczna;(32)2170999;;
BETRIS Hurtownia Fryzjersko-Kosmetyczna;501374141;;
BROADWAY BEAUTY Europejska Szkoła Kosmetyczna;(32)7020209;;
BROADWAY BEAUTY Europejska Szkoła Kosmetyczna;(32)7020249;;
Cambella Kamil Piekarczyk;510179242;;
CEL-MAN Import-Export Przedsiębiorstwo Wielobranżowe;(77)4581722;;
CEL-MAN Import-Export Przedsiębiorstwo Wielobranżowe;608509955;;
Centrum Dystrybucji IMAGE;(63)2491509;;
Centrum Dystrybucji IMAGE;690519168;;
Centrum Estetyki Ciała EFEKT;(68)3241930;;
Centrum Estetyki Ciała EFEKT;660250991;;
Centrum Podologiczne na Zdrowiu;(42)6111215;;
Centrum Podologiczne na Zdrowiu;784937022;;
Centrum Szkoleniowe Secret Lashes;501473980;;
Centrum Szkoleniowe Secret Lashes;(58)7819151;;
COHERENT POLSKA;(12)4303368;;
COHERENT POLSKA;(12)4303860;;
COSMETICA Sp. z o.o.;(71)3644645;;
COSMETICA Sp. z o.o.;(71)3644168;;
CoZaZapach.pl Pachnący Sklep Internetowy;881066099;;
deKEA Polska - Graficzne Rozwiązania dla Twojego Domu;532499375;;
deKEA Polska - Graficzne Rozwiązania dla Twojego Domu;505801130;;
DERMAPROF Ilona Junga;600431348;;
DERMAPROF Ilona Junga;604235110;;
DermoSys;501538563;;
DermoSys;(22)3035024;;
EGOO Kosmetyki Profesjonalne;666040041;;
EGOO Kosmetyki Profesjonalne;(56)6231313;;
Elegance Sp. z o.o.;(58)3000196;;
Elegance Sp. z o.o.;(58)6922212;;
Esté Group;796176770;;
Esté Group;662253329;;
EuMedia Sklep hkhf.pl;(42)2960271;;
EuMedia Sklep hkhf.pl;500777767;;
Ewelina Afand Sklep Orientalny Casablanca;888421995;;
F.H. MARMOT;530883054;;
F.H.U. ALICJA Sklep Internetowy NAILS-ART.pl;518735816;;
F.H.U. ALICJA Sklep Internetowy NAILS-ART.pl;513837718;;
FH WITO;(17)8520337;;
Fitnesswell;(59)8423633;;
Fitnesswell;609264126;;
FRICOS Firma Handlowo-Usługowa;726282825;;
Hurtownia Artykułów Fryzjersko-Kosmetycznych ART-FRYZ Iwona Bromka;(24)2685680;;
Hurtownia Artykułów Fryzjersko-Kosmetycznych ART-FRYZ Iwona Bromka;(24)2643534;;
Hurtownia Fryzjerska Kosmetyczna Best4Hair Małgorzata Glonek;690448486;;
Hurtownia Fryzjersko Kosmetyczna MAGNOLIA;(81)4444923;;
Hurtownia Fryzjersko Kosmetyczna MAGNOLIA;(81)5242588;;
Hurtownia Fryzjersko-Kosmetyczna "KENZI";788049677;;
Hurtownia Fryzjersko-Kosmetyczna AllePaznokcie;(18)2646414;;
Hurtownia Fryzjersko-Kosmetyczna PASADOR;664262639;;
Hurtownia Kosmetyczna OngleS;(22)2668042;;
Hurtownia Kosmetyczna OngleS;0801003042;;
Hurtownia Kosmetyczna VANITY;500050254;;
Hurtownia Kosmetyczna VENICE;501027799;;
Hurtownia Kosmetyczno-Fryzjerska JULIA-PROFESSIONAL;(33)8147074;;
Hurtownia Kosmetyczno-Fryzjerska JULIA-PROFESSIONAL;517548654;;
Hurtownia Kosmetyki Profesjonalnej VANILLA;(17)8569482;;
Hurtownia Kosmetyki Profesjonalnej VANILLA;662065262;;
Hurtownia Perfum i Kosmetyków Nitai;(71)3070474;;
Hurtownia Perfum i Kosmetyków Nitai;690010474;;
IDEALNAILS Karol Wojciechowski;781989071;;
INFOBIS Sklep Internetowy Dobrarada.com.pl;601662442;;
Inter-Szyk;(32)2496841;;
KERN;(22)7862329;;
KERN;(22)6733853;;
KONAD Polska;508878739;;
KOSME PRO Anna Powiecka;732730399;;
KOSMEIN-KOSIMA;(42)2072222;;
KOSMEIN-KOSIMA;600522155;;
KosmetykShop Hurtownia Fryzjersko-Kosmetyczna;697882777;;
MARTIMO;(22)4878996;;
MARTIMO;500420720;;
MAXIMUS Solaria;(58)6249050;;
MAXIMUS Solaria;(58)6249119;;
Media Net Losmedicos;530721777;;
Micro Sun;(61)2963265;;
Micro Sun;502361400;;
MODNA KAJA Katarzyna Walenda;(48)6641428;;
MODNA KAJA Katarzyna Walenda;783660466;;
MROTEX P.P.H.;(71)3459055;;
MROTEX P.P.H.;(71)3479319;;
MSCOSMETICS;794263224;;
MSCOSMETICS;788414804;;
Multidrogeria.pl;(71)3375880;;
MUSICPRO S.c. Magdalena Dołęga, Patryk Dołęga;(41)3750022;;
MUSICPRO S.c. Magdalena Dołęga, Patryk Dołęga;(41)3750020;;
Nail Center;571255416;;
NANO-TECHNOLOGY Technologie Estetyczne;(58)3550045;;
NANO-TECHNOLOGY Technologie Estetyczne;510634910;;
Nov-Med Piotr Nowak;(61)2219495;;
Nov-Med Piotr Nowak;697183852;;
P.H. Visal.pl;(71)3479284;;
P.H. Visal.pl;(71)3276636;;
P.H.U MDM-Styl;694025114;;
P.H.U MDM-Styl;881516881;;
P.P.H.U. INTER-STOL Import-Export Zenon Wnuczyński;(55)2473535;;
P.P.H.U. INTER-STOL Import-Export Zenon Wnuczyński;(55)2472421;;
P.W. Amstar;(41)3442666;;
P.W. Amstar;(41)3445966;;
PERFECT STUDIO;722123344;;
PERFECT STUDIO;693663277;;
PHU Expert;(22)7582226;;
PHU MEGA-CH Sklep Internetowy nailsclub.com.pl;662678159;;
PHU MEGA-CH Sklep Internetowy nailsclub.com.pl;600940796;;
PHU Showerwis;(32)7220252;;
PHU Showerwis;(32)3077117;;
PODOMED;(22)2702850;;
Polskie Centrum Zaopatrzenia Kosmetycznego PCZK;(71)7242505;;
Polskie Centrum Zaopatrzenia Kosmetycznego PCZK;881483212;;
PPHU MAR-KOS;(52)3209948;;
PPHU MAR-KOS;664759273;;
PROF KOS;(17)8571958;;
PROF KOS;603097738;;
PROGRESS;(22)8186177;;
PROLATIO Sp. z o.o.;(32)4500793;;
PROLATIO Sp. z o.o.;(32)4500794;;
RAGAZZE;(94)3480070;;
RAGAZZE;664576932;;
RBS KOSMETIK - Kosmetyki Profesjonalne;(12)4224038;;
RBS KOSMETIK - Kosmetyki Profesjonalne;661352100;;
RENOMED Sp. z o.o. Technika Medyczna, Centrum Frezowania;(61)8685517;;
RENOMED Sp. z o.o. Technika Medyczna, Centrum Frezowania;(61)8685924;;
SABA S.c. Artykuły Kosmetyczno-Fryzjerskie;(12)4119940;;
SAF Super Artykuły Fryzjerskie;(71)3500144;;
SAF Super Artykuły Fryzjerskie;691033840;;
SANMED;887067887;;
SANMED;608536993;;
SILHOUETTE DCD;(74)6459030;;
Skander;795063133;;
Skander;509063133;;
SOLARIS;(32)3544664;;
SOLARIS;(32)3544666;;
Solarium Słoneczne Studio;(71)3439890;;
Solarium Słoneczne Studio;501153740;;
Spiżarnia Wrocławska - Sklep Internetowy Spa-Medica.eu;535192209;;
Spiżarnia Wrocławska - Sklep Internetowy Spa-Medica.eu;795910553;;
STAND-ART Sp. z o.o.;(22)8369192;;
STAND-ART Sp. z o.o.;693539496;;
STREFA URODY;(68)3253090;;
STREFA URODY;796787332;;
SUN Cosmetics;(22)4346871;;
SUN Cosmetics;(22)3001671;;
SUPERNOVA;(22)7591712;;
SUPERNOVA;(22)7591713;;
SYIS Sp. z o.o.;(71)7253720;;
SYIS Sp. z o.o.;795456733;;
Team Beauty-Klinika Urody;(22)6238111;;
Team Beauty-Klinika Urody;503185546;;
VAMES Sebastian Matwiejko Sklep Internetowy AvitaMed;(71)784417217;;
VITACO Sp. z o.o.;(22)2472964;;
WORLD NAILS Świat Paznokci;(58)3413776;;
WORLD NAILS Świat Paznokci;515799788;;
Yoko Salon;666853001;;
