Sherpa International Force Sp. z o.o.;(77)4564504;;
Sherpa International Force Sp. z o.o.;(77)4467890;;
Attestor Ewa Kuzilek-Sekścińska, Ewa Suchożebrska;605074241;;
Attestor Ewa Kuzilek-Sekścińska, Ewa Suchożebrska;691033783;;
PERSONAL SYSTEM SERVICE;(44)7260144;;
PERSONNEL COLLEGE Doradztwo Personalne;(61)8433211;;
PERSONNEL COLLEGE Doradztwo Personalne;(61)8475276;;
UniKadr Biuro Doradztwa Personalnego;(91)4882327;;
UniKadr Biuro Doradztwa Personalnego;(91)4340116;;
AIC Recruitment Sp. z o.o.;(71)7947606;;
BUSINESS CONSULTING (search & selection);(22)1151768;;
Centrum Rozwoju Osobistego Alter;790222791;;
Domino Polska Sp. z o.o.;(61)2230476;;
Domino Polska Sp. z o.o.;(61)2230963;;
DPM Sp. z o.o.;(32)2510180;;
DPM Sp. z o.o.;(32)2510198;;
GP People;(56)6510468;;
GP People;(56)6210211;;
HR Executive Sp. z o.o.;(61)8944770;;
HUMAN & HUNTER Byliński Sp.j. Doradztwo Personalne;(32)2031082;;
HUMAN & HUNTER Byliński Sp.j. Doradztwo Personalne;791551116;;
JAK-Marketing Dialog;504044108;;
JAK-Marketing Dialog;502514765;;
L.GRANT HR Consulting;(32)7826480;;
PERFECT CONSULTING;(58)6906060;;
PERFECT CONSULTING;602480170;;
HILLWAY Training & Consulting Sp.j.;(22)2502282;;
SOLARIS Edyta Ponarad;601343309;;
SOLARIS Edyta Ponarad;(22)7269308;;
Adrian Brandeburski EURONET;(22)6190460;;
Adrian Brandeburski EURONET;501252584;;
Agencja Szkolenia i Promocji Kadr SUPRA;(59)8624612;;
Agencja Szkolenia i Promocji Kadr SUPRA;516195701;;
Biuro Rachunkowe EFEKT Agnieszka Świderska;(22)8705136;;
Biuro Rachunkowe EFEKT Agnieszka Świderska;(22)7621000;;
GRUPA MOST WANTED! Sp. z o.o.;(22)5725696;;
GRUPA MOST WANTED! Sp. z o.o.;(22)8255235;;
Knowledge Sp. z o.o.;(22)6355576;;
Knowledge Sp. z o.o.;(22)6355562;;
LIDER S.c. Agencja Pracy, Auto Serwis;603413131;;
LIDER S.c. Agencja Pracy, Auto Serwis;(32)2374704;;
Pro Optima Sp. z o.o.;(12)3977951;;
VALUES Grupa Firm Doradczych;(22)5223600;;
Centrum Psychologiczne WIDNOKRĄG;789249162(sekretariat);;
Centrum Psychologiczne WIDNOKRĄG;782416382;;
Dolnośląski Zakład Doskonalenia Zawodowego;(71)3723214;;
Dolnośląski Zakład Doskonalenia Zawodowego;(71)3434642w.31;;
LSJ HR GROUP - Agencja Pracy;(91)8145252;;
LSJ HR GROUP - Agencja Pracy;(91)8145253;;
Agencja Pośrednictwa Pracy HEADHUNTERS;(91)4348888;;
Agencja Pośrednictwa Pracy HEADHUNTERS;(91)4348877;;
Consensus Sp. z o.o.;(62)7571477;;
Consensus Sp. z o.o.;693602477;;
European Work First;(61)6627516;;
European Work First;(61)6628471;;
EVENT SERVICE GROUP;603232252;;
EVENT SERVICE GROUP;(22)7722112;;
Flame Employment Polska Sp. z o.o.;(52)3332720;;
Flame Employment Polska Sp. z o.o.;(52)3332721;;
HR partners - Rekrutacja Pracowników, Szkolenia, Doradztwo;(42)2070936;;
HR partners - Rekrutacja Pracowników, Szkolenia, Doradztwo;603793838;;
PHU J.W.T. mgr Jacek W.Trzciński;(42)6168209;;
PHU J.W.T. mgr Jacek W.Trzciński;601386673;;
Polsko-Niemiecka Izba Przemysłowo-Handlowa (AHK Polska);(22)5310500;;
Polsko-Niemiecka Izba Przemysłowo-Handlowa (AHK Polska);(22)5310600;;
Prywatna Praktyka Lekarska Antoni Brański Specjalista Psychiatra;601740654;;
Szkoła Pływania PLUSK Kamil Janicki;501212934;;
Work Express Sp. z o.o.;(32)2054242;;
Work Express Sp. z o.o.;(32)7215750;;
WSO Work Solutions & Outsourcing;(42)2078590;;
CERBER corporation Sp. z o.o.;792863029;;
Platforma Kariery;604121542;;
Platforma Kariery;882953230;;
3P PEOPLE Doradztwo Rekrutacyjne;660443424;;
3P PEOPLE Doradztwo Rekrutacyjne;(56)6787422;;
4 direct search;(22)6282165;;
4 direct search;(22)8910810;;
4Farm Sp. z o.o.;(32)7625073;;
4Farm Sp. z o.o.;(32)8886666;;
ABC A HEAD;507462092;;
ABCD Wiśniewska;(56)6746051;;
ABCD Wiśniewska;504101575;;
About You.Pl Sp. z o.o.;(58)3221254;;
ACCORD GROUP Polska Sp. z o.o.;(22)4863001;;
AchA Public Relations;(52)5212072;;
ACONSULTING;(71)7937406;;
ACONSULTING;728897080;;
Active Coaching ALCHEMIA;501099449;;
AD-COACHING;601632525;;
AD-COACHING;(58)7603655;;
ADVISER Doradztwo Personalne;604410840;;
Advisory Group TEST Human Resources;(12)3505600;;
Advisory Group TEST Human Resources;(12)4218750;;
AF Search & Selection;(61)8538211;;
AF Search & Selection;(61)8537250;;
Agencja Doradztwa Personalnego LAVORO;505489542;;
Agencja Doradztwa Personalnego LAVORO;519560626;;
Agencja Pracy Select;(044)6323605;;
AIMS Polska Sp. z o.o.;(22)3316667;;
AIMS Polska Sp. z o.o.;(22)3316694;;
alkam Artur Odalski;(58)7187769;;
alkam Artur Odalski;604050700;;
ALLIANCE HR Consulting and Training;(22)3010309;;
ALLIANCE HR Consulting and Training;606744724;;
Alpha HR Solutions Sp. z o.o.;(22)2223273;;
Alpha HR Solutions Sp. z o.o.;(22)2223271;;
Alterna Grupa Konsultingowa;(22)7565936;;
Alterna Grupa Konsultingowa;(22)7565941;;
Amberstone Associates Sp. z o.o.;(22)3325900;;
AMROP;(22)4564939;;
AMROP;(22)4564929;;
ANDERLAND Polska Sp. z o.o.;603888040;;
Apt Group;(22)6355946;;
ARCHITEKCI BIZNESU;510738268;;
ARCHITEKCI BIZNESU;608680879;;
ARDI CONCEPT;(22)6661149;;
ASAP Doradztwo Personalne;(22)6288550;;
ASAP Doradztwo Personalne;(22)6224153;;
Assessment Systems - AS POLAND;530013888;;
AUDIT Doradztwo Personalne;(95)7351717;;
AUDIT Doradztwo Personalne;(95)7359713;;
AUSTROPOL Sp. z o.o.;(74)8311862;;
AUSTROPOL Sp. z o.o.;(74)8311863;;
AW&T Consulting Doradztwo Personalne i Pośrednictwo Pracy;604838618;;
AW&T Consulting Doradztwo Personalne i Pośrednictwo Pracy;(22)6442810;;
BAAS Barbara Kowalczyk;(22)7832536;;
BAAS Barbara Kowalczyk;(22)4905339;;
BardzoHR;661037676;;
Barnecka Doradztwo Personalne;607332145;;
BCSystems Sp. z o.o.;(22)6229731;;
BCSystems Sp. z o.o.;504217591;;
Be Able;608283097;;
Beyond;695697202;;
BIGRAM S.A.;(22)6469494;;
BIGRAM S.A.;(22)8487030;;
Biuro Aktuarialne Signum;(22)6354534;;
Biuro Aktuarialne Signum;(22)7308642;;
Biuro Doradztwa i Rehabilitacji Zawodowej;(22)2589649;;
Biuro Doradztwa i Rehabilitacji Zawodowej;(22)2521343;;
BKM Consulting;(81)4435090;;
BMJ Doradztwo Personalne Sp. z o.o.;(61)8517196;;
BMJ Doradztwo Personalne Sp. z o.o.;602381090;;
BOGUSZKO.COM S.c.;609547006;;
BOGUSZKO.COM S.c.;603379252;;
BRAND Systemy Zarządzania;(71)7930138;;
BRAND Systemy Zarządzania;668154953;;
Brandston Business Advisory Services;(95)7582649;;
Brunel Polska Sp. z o.o.;(22)2224680;;
Brunel Polska Sp. z o.o.;(22)2224601;;
Business Coach Agnieszka Kasprzyk-Mączyńska;(58)3037195;;
Business Coach Agnieszka Kasprzyk-Mączyńska;691766791;;
Business Image Consulting;607839580;;
Business Technology Support Agency Sp. z o.o.;(22)6778090;;
Career & Business Consulting Center Magdalena Gieras;604137086;;
Carpenter Consulting Sp. z o.o.;(22)4060458;;
Carpenter Consulting Sp. z o.o.;(22)4060459;;
CDE Centrum Doradztwa Europejskiego;(22)6114442;;
Centrum Doradztwa Personalnego Sp. z o.o.;(85)7474286;;
Centrum Doradztwa Zawodowego i Wspierania Osób Niepełnosprawnych Intelektualnie;(16)6212203;;
Centrum Facylitacji ZMIANA.PL;602674403;;
Centrum Rozwoju Personalnego MILADO;(61)6675443;;
Centrum Rozwoju Personalnego MILADO;(61)8517726;;
Centrum Usług Kadrowych;509649830;;
Centrum Usług Kadrowych;505148553;;
Centrum Wspierania Projektów Europejskich S.A.;(71)7979500;;
Centrum Wspierania Projektów Europejskich S.A.;(71)7979505;;
Cigno Consulting Sp. z o.o.;(22)4092531-32;;
Cigno Consulting Sp. z o.o.;(22)6461880;;
CIRCULUS Szkolenia dla Biznesu, Doradztwo Personalne, Konsulting Strategiczny;(71)7345813;;
CIRCULUS Szkolenia dla Biznesu, Doradztwo Personalne, Konsulting Strategiczny;(71)3686404;;
Coach Monika Gil;661946258;;
Coach&Sale;509224224;;
Coachform Grażyna Słomska ZmianaNaDobre.pl;512242791;;
Coaching Polska;608665300;;
CONPERIO;600296932;;
CONPERIO;604998891;;
CONSEA;(12)4217420;;
CONTRAIN;(42)6369703;;
Corporate Coaches - Guz, Proniewska, Wilczyńska Sp.j.;609218188;;
CPC Executive Search;(22)6220318-19;;
CPC Executive Search;(22)6228473;;
Crawford Group;(22)6549039;;
Crawford Group;(22)3000659;;
CREATIVE CENTER;(42)6324222;;
CREATIVE CENTER;(42)6324225;;
CWB Partner Sp. z o.o.;(71)7942212;;
CWB Partner Sp. z o.o.;(71)7943264;;
Czarnocka-Tworzyńska Executive Recruitment CTER;(22)8283667;;
D&M Group Agencja Pośrednictwa i Usług;533716169;;
Del Piero Sp. z o.o.;(32)2517231;;
Development Partners;(71)7297343;;
DEVERSON;516701466;;
DIVERSA Corporate Search;(22)3396510;;
DIVERSA Corporate Search;(22)3396511;;
Diversa Talentor Sp. z o.o.;(22)3396510;;
dk Career Online Sp. z o.o.;(22)8856110;;
dk Career Online Sp. z o.o.;(22)6427888;;
dk Executive Search Sp. z o.o. Sp.komandytowa;(22)8787450;;
dk Executive Search Sp. z o.o. Sp.komandytowa;(22)8787451;;
DM Konsulting Ireneusz Adamczyk;601817838;;
DN Consulting;512157194;;
DN Consulting;(22)2433255;;
DNA JOB Bogdan Chodkowski;(22)3010285;;
DNA JOB Bogdan Chodkowski;605858522;;
DODIDDONE Sp. z o.o. Sp.komandytowa;(22)6023228;;
DOOR Group S.A.;(22)8240792;;
DORADKOM Dorota Jaworska;606498770;;
Doradztwo Gospodarcze Doradcy EU Marcin Kowalczyk;601995958;;
Doradztwo Gospodarcze ROTEW Magdalena Marczak;(17)8625505;;
Doradztwo Gospodarcze ROTEW Magdalena Marczak;603798285;;
Doradztwo Gospodarcze WINER;695496000;;
Doradztwo Gospodarcze WINER;(32)4342391;;
DOradztwo marketingowe Archanioł Uriel;880568883;;
Doradztwo Personalne - TALENT SELECT;(32)4450588;;
Doradztwo Personalne - TALENT SELECT;508138508;;
Doradztwo Personalne GEPOL;(61)8430710;;
Doradztwo Personalne GEPOL;(61)8430709;;
Doradztwo Personalne HAER;(14)6283210;;
Doradztwo Personalne HAER;(14)6283173;;
Doradztwo Personalne Ilona Lizak;606901926;;
Doradztwo Personalne Ilona Lizak;(42)2115208;;
Doradztwo Personalne Jacek Straszak;(12)3789244;;
Doradztwo Personalne Jacek Straszak;(12)3789284;;
DORADZTWO PERSONALNE Marcin Kruszyński;607711838;;
Doradztwo Personalne MASTER;(32)2713614;;
Doradztwo Personalne Polański Jarosław;(71)3575407;;
Doradztwo Personalne SARNA&WOLFOWICZ S.c.;(22)8288436;;
Doradztwo Personalne SET Sztomberska-Ejdys Teresa;(24)2620335;;
Doradztwo Personalne SET Sztomberska-Ejdys Teresa;695711600;;
Doradztwo Personalne Wojciech Herra;604109909;;
Doradztwo Personalne Wojciech Herra;696015204;;
Dories Aria Sp. z o.o.;(22)8171340;;
Dories Aria Sp. z o.o.;(22)8171341;;
DOSKAM Sp. z o.o.;(32)7298037;;
DOSKAM Sp. z o.o.;(32)7298036;;
Dyrda Strategie Personalne;512006804;;
Easy Select S.c.;(22)5335001;;
Easy Select S.c.;516059366;;
EbPartners Poland;(71)3437440;;
EbPartners Poland;(71)3437440;;
EFEKT SERWIS Sp. z o.o.;500004797;;
ekontakt.net;(22)8283808;;
Elhan Consulting;(22)7168442;;
Elhan Consulting;604633277;;
EMA Partners Poland Sp. z o.o.;(22)4089930;;
EMA Partners Poland Sp. z o.o.;(22)4086001;;
EMPIRE.PL;503779855;;
EMPIRE.PL;509124273;;
EMPLEO;696357128;;
EMPLO Doradztwo Personalne;(32)7281990;;
EMPLO Doradztwo Personalne;505081677;;
EMPOWER GROUP;(22)8260855;;
EMPOWER GROUP;535050525;;
ENNILL Rafał Markiewicz;(61)8164701;;
ENNILL Rafał Markiewicz;604704414;;
EP Personel i Organizacja;608741341;;
EURICA LTD Oddział w Polsce;693412278;;
EURICA LTD Oddział w Polsce;506779669;;
EURO-CONSULTING Doradztwo Gospodarcze Bartosz Wolański;(71)7253661;;
EURO-CONSULTING Doradztwo Gospodarcze Bartosz Wolański;(71)7231368;;
Euro-Kon Sp. z o.o.;(71)3399383;;
Euro-Kon Sp. z o.o.;500027562;;
EUROKONTAKT PROJEKT SERWIS Sp. z o.o.;(71)3619065;;
EUROKONTAKT PROJEKT SERWIS Sp. z o.o.;(71)3619066;;
EXE-PROF Sp. z o.o.;(91)4347041;;
EXECUTIVE NETWORK Sp. z o.o.;(22)2527730;;
Fabryka Kadr Sp. z o.o.;793115503;;
Fabryka Kadr Sp. z o.o.;(22)3325701;;
Factory of Competencies Joanna Szot-Zwierz;606891033;;
FANCYFACTORY Studio Kreatywne Michał Świderek;500737509;;
Firma Handlowo-Usługowa Adam Dąbrowski;607362091;;
ForManWay;604806308;;
FORMUŁA HR Aleksander Bik;501021364;;
ForUnit Nowysz i Wspólnicy Sp.j.;(71)7336566;;
ForUnit Nowysz i Wspólnicy Sp.j.;(71)7336774;;
Fundacja Rozwoju Demokracji Lokalnej Regionalny Ośrodek w Lublinie;(81)5326470;;
FutureTime Doradztwo Personalne;691091091;;
G&G Consulting Sp. z o.o.;(58)6604785;;
G&G Consulting Sp. z o.o.;(58)6619339;;
Gambit Kontrakt Sp. z o.o.;(22)6541731;;
Gambit Kontrakt Sp. z o.o.;(22)6541732;;
Gi WORKER Sp. z o.o;(32)2535077-78;;
Gi WORKER Sp. z o.o;(32)6080109;;
Global Business Solutions S.c.;(12)4285069;;
Global Business Solutions S.c.;(12)4285068;;
GLOBAL TRADING Sp. z o.o.;(71)7889540;;
GLOBAL TRADING Sp. z o.o.;(71)7889541;;
Globetek Sp. z o.o. Oddział w Polsce;(32)3512960;;
Globetek Sp. z o.o. Oddział w Polsce;(32)3512961;;
Gravet Consulting Sp. z .o.o.;(42)2506936;;
GROPIUS Doradztwo Personalne;603311960;;
Grupa Doradcza HUMAN POWER Sp. z o.o.;506951800;;
Grupa Doradcza PROFESJA S.c. - Doradztwo Personalne, Pośrednictwo Pracy, Usługi Rekrutacyjne;(12)3573776;;
Grupa Doradcza PROFESJA S.c. - Doradztwo Personalne, Pośrednictwo Pracy, Usługi Rekrutacyjne;(12)3783624;;
Grupa Doradcza RESH;693873473;;
Grupa HRC S.A.;(22)8623812;;
Grupa HRC S.A.;(22)8623991;;
GRUPA KONSULTACYJNA;(85)6623740;;
GRUPA KONSULTACYJNA;(85)6623741;;
Haerfa Zuzanna Kubińska;519725105;;
HAYS Poland Sp. z o.o.;(22)5845650;;
HAYS Poland Sp. z o.o.;(22)5845651;;
HCE Sp. z o.o. Sp.komandytowa - Milton Hunt Advisory;(22)3816177;;
HCE Sp. z o.o. Sp.komandytowa - Milton Hunt Advisory;(22)3816001;;
HCF Human Changes Factory Sp. z o.o.;606858170;;
HEADHUNTERS GROUP sales & marketing recruitment;(22)8398875;;
HEADHUNTERS GROUP sales & marketing recruitment;(22)8398942;;
HINT Business Services Sp. z o.o.;(22)2035571;;
Holbern Sp. z o.o.;(71)7072485;;
HORYZONT Katarzyna Jasielewicz;694046025;;
Horyzont S.c.;(032)7755712;;
Horyzont S.c.;(032)7907759;;
HR Base;(22)3001669;;
HR Concept Katarzyna Marczak;881258811;;
HR Consulting;660043084;;
HR Consulting Sp. z o.o.;(61)8471014;;
HR FOCUS Doradztwo Personalne;(61)2853040;;
HR FOCUS Doradztwo Personalne;600897591;;
HR Format;691140909;;
HR High Touch;501139700;;
HR High Touch;(22)1195521;;
HR Invent;(22)6199110;;
HR Invent;500163303;;
HR Leader;723728151;;
HR MASTERS;(32)3321635;;
HR MASTERS;(32)2304480;;
HR PARTNER;(22)2428540;;
HR PARTNER;(22)2428550;;
HR Partner;(58)7421207;;
HR Partner;(58)7421205;;
HR Practice Sp. z o.o.;509270380;;
HR Practice Sp. z o.o.;516087847;;
HR Progress Sp. z o.o.;(22)3292500;;
HR Solutions;(22)6162226;;
HR Solutions;(22)6162225;;
HR TIME;(22)2244035;;
HR Vision-Centrum Doradztwa Personalnego;(22)3797449;;
HR Vision-Centrum Doradztwa Personalnego;(22)2578531;;
HR WORK FORCE Sp. z o.o.;(71)3420352;;
HR WORK FORCE Sp. z o.o.;(71)3431228;;
hr.consultants;510751929;;
HR24 Sp. z o.o.;(61)8402357;;
HR24 Sp. z o.o.;(61)8402361;;
Hrcompass;(12)4226135;;
HRM partners S.A.;(22)2441550;;
HRM partners S.A.;(22)2441551;;
HRSOLO Doradztwo Personalne, Rekrutacje;603991686;;
HRSOLO Doradztwo Personalne, Rekrutacje;601226844;;
Huberts Mozes & Partners;(22)4355000;;
Huberts Mozes & Partners;(22)4354995;;
Human Art Doradztwo Personalne;(12)4431367;;
Human Capital Executive Search Sp. z o.o.;(22)8277667;;
Human Direct;796059990;;
Human Direct;796059991;;
Human Resources International Polska Sp. z o.o.;(22)6213210;;
Human Resources International Polska Sp. z o.o.;501080965;;
Human Resources Poland Sp. z o.o.;(22)8554234-36;;
HUMAN SOLUTIONS;(22)3535030;;
HUMAN SOLUTIONS;(22)8450407;;
IBBC Group;(22)2035371;;
ICAS Poland Sp. z o.o.;(58)3501900;;
IDEA HR Doradztwo Personalne S.c.;(95)7350554;;
IDEA HR Doradztwo Personalne S.c.;507192919;;
IDES Consultants Polska Sp. z o.o.;(42)6300433;;
IDES Consultants Polska Sp. z o.o.;(42)6370199;;
IFT Consulting Sp. z o.o. Sp.komandytowa;(71)3612233;;
IFT Consulting Sp. z o.o. Sp.komandytowa;608476667;;
IMCB marketing rekrutacyjny;660513366;;
In-House Managers Szabelewski i Wspólnicy Sp.j.;(22)3439497;;
In-Time Personal Solutions Polska;(71)7828288;;
In-Time Personal Solutions Polska;(71)7828770;;
Innov8 Konsulting Sp. z o.o.;(22)8252698;;
Innov8 Konsulting Sp. z o.o.;(22)8758632;;
INNOVATION;(22)4354998;;
INNOVATION;(22)4354995;;
INTENDI consulting szkolenia coaching;(32)7390545;;
INTENDI consulting szkolenia coaching;693641952;;
Inter-Recruitment.pl;(22)4018724;;
Inter-Recruitment.pl;663857111;;
InterCare Sp. z o.o.;(42)2797091;;
InterCare Sp. z o.o.;(42)2797093;;
INTERMUNDIA Sp. z o.o.;(58)3058199;;
INTERMUNDIA Sp. z o.o.;(58)3203867;;
International Service Group (ISG) Polska Sp. z o.o.;(22)8219875;;
InterviewMe - znajdź lepszą pracę;502455153;;
Invent Grupa Doradztwa i Treningu Sp. z o.o.;(22)8264264;;
Investin;(22)8357733;;
Investin;(22)2050885;;
Inwenta Sp. z o.o.;(022)5023470;;
Inwenta Sp. z o.o.;(022)5023471;;
Inżynieria Personalna Sp. z o.o.;(71)3427138;;
Inżynieria Personalna Sp. z o.o.;502069650;;
IPK Sp. z o.o. w Poznaniu;(61)8430744;;
IPK Sp. z o.o. w Poznaniu;(61)8435225;;
IPK Sp. z o.o. w Warszawie;(22)8771894;;
IPK Sp. z o.o. w Warszawie;607332234;;
IPK Sp. z o.o. we Wrocławiu;(71)3369596;;
IPK Sp. z o.o. we Wrocławiu;(71)3360436;;
ISSP Sp. z o.o.;(71)3778800;;
ISSP Sp. z o.o.;(71)3778833;;
Izba Przemysłowo-Handlowa Południowej Wielkopolski;(62)7356749;;
Izba Przemysłowo-Handlowa Południowej Wielkopolski;(62)7356733;;
J&M Job Service;(12)6334498;;
J&M Job Service;(12)6335510;;
JKM Consulting Doradztwo Personalne;(22)8623725;;
JKM Consulting Doradztwo Personalne;(22)8681841;;
JMB Consulting;(32)2536717;;
JMB Consulting;(32)2069609;;
JP Group;509744977;;
JP Group;501425541;;
JPB Doradztwo Personalne;(22)6183500;;
JPB Doradztwo Personalne;(22)6189100;;
K&K SELEKT Centrum Doradztwa Personalnego;(17)8504173;;
KADEKA Doradztwo Personalne;605960509;;
KADEKA Doradztwo Personalne;(58)5245051;;
KADRY POLSKIE Sp. z o.o. Filia Gdańsk;(058)3202854;;
KADRY POLSKIE Sp. z o.o. Filia Gdańsk;(058)3202855;;
KADRY-WORLD & WORK Agencja Zatrudnienia i Pośrednictwa Pracy;(12)4225887;;
KADRY-WORLD & WORK Agencja Zatrudnienia i Pośrednictwa Pracy;(61)8220565Poznań;;
Kappa Consulting;(58)7186564;;
Kappa Consulting;(58)7421639;;
Karczewski Doradztwo Personalne;(58)7191228;;
Kariera Service;531316588;;
KASHIAGO Instytut Kreowania Wizerunku;535808208;;
KASHIAGO Instytut Kreowania Wizerunku;796408608;;
KB Doradztwo Personalne;(22)7112723;;
Keytalent Sp. z o.o.;(61)6686870;;
Keytalent Sp. z o.o.;(61)6686869;;
Kienbaum Sp. z o.o.;(22)5212100;;
Kienbaum Sp. z o.o.;(22)5212101;;
KK - KADRY Doradztwo Personalne i Zawodowe;(32)2304333;;
KK - KADRY Doradztwo Personalne i Zawodowe;504222794;;
KNAP Consultants Sp. z o.o.;502250774;;
KNAP Consultants Sp. z o.o.;502250775;;
KONSULTANT A.G. Sp. z o.o.;(32)2311714;;
KONSULTANT A.G. Sp. z o.o.;(32)2311990;;
Kopsky Solutions Poland Sp. z o.o.;(22)7569077;;
Kopsky Solutions Poland Sp. z o.o.;502328588;;
KORGO Sp. z o.o.;(12)2629126;;
KORGO Sp. z o.o.;(12)2629125;;
KOWALSKI Consulting Sp. z o.o.;(58)3074693;;
KOWALSKI Consulting Sp. z o.o.;(58)3074760;;
Krakowski Holding Komunalny S.A.;(012)2691505;;
Krakowski Holding Komunalny S.A.;(012)2691510;;
Krakowski Instytut Technologii Sp. z o.o.;(12)6288689;;
Kreatorzy Kariery;532434241;;
Kreatorzy Kariery;795399398;;
Krzysztof Wojaczek;660497807;;
KTM Doradztwo Personalne;(22)4906715;;
LEASINGTEAM Sp. z o.o.;(22)8165000;;
LEASINGTEAM Sp. z o.o.;(22)8165060;;
LEBO Recruitment;512509295;;
LEBO Recruitment;508070166;;
Lege Artis;(22)3896883;;
LINK CONSULTING Doradztwo Personalne;(32)7819901;;
LINK CONSULTING Doradztwo Personalne;(32)2505003;;
Mackwall Polska;(042)6168920;;
Mackwall Polska;(042)6168921;;
MAGNUS Consulting Sp. z o.o.;(22)4240321;;
MAGNUS Consulting Sp. z o.o.;(22)4997938;;
Manpower Polska Sp. z o.o.;(22)5040714;;
Manpower Polska Sp. z o.o.;(22)5040717;;
MAR-MAR S.c.;(32)2654935;;
MAR-MAR S.c.;601456219;;
MATARO;(22)4255463;;
MATARO;503669366;;
Max Personel Sp. z o.o.;(68)3244810;;
Max Personel Sp. z o.o.;607701731;;
MAX POWER Sp. z o.o.;(71)7575701;;
MAX POWER Sp. z o.o.;508046786;;
MBTI Testy Osobowości Magdalena Urbanowicz;(61)8501001;;
MBTI Testy Osobowości Magdalena Urbanowicz;501594954;;
MCM Consulting;(62)7645579;;
Mentor & Trener;695890665;;
MERCURI URVAL Polska Sp. z o.o.;(22)2185800;;
MERCURI URVAL Polska Sp. z o.o.;(22)2185801;;
Michael Page International (Poland) Sp. z o.o.;(22)3193000;;
Michael Page International (Poland) Sp. z o.o.;(22)3193055;;
MINDFLOW MULTIMEDIA Sp.j.;(91)4190344;;
MINDFLOW MULTIMEDIA Sp.j.;515175845;;
MindLab Sp. z o.o.;(12)2927583;;
MK KADRY Sp. z o.o.;(22)7284513;;
MK KADRY Sp. z o.o.;(22)7284136;;
NAJ International Sp. z o.o.;(22)6273330;;
NAJ International Sp. z o.o.;(22)6462251;;
Net-people.pl;(61)8289914;;
Net-people.pl;512094679;;
New-Invest Przemysław Bobrowski;666607861;;
New-Invest Przemysław Bobrowski;(61)6115014;;
NewKey Doradztwo i Szkolenia;884999354;;
NewKey Doradztwo i Szkolenia;882691882;;
NOTIO Personnel Progress Assistance Sp. z o.o.;(22)8797836-38;;
NOTIO Personnel Progress Assistance Sp. z o.o.;(22)8797870;;
Nova Praxis sp. z o.o.;(12)2002979;;
Nova Praxis sp. z o.o.;(12)2002977;;
NOWAKOWSKA / WYATT Doradztwo Personalne;508100798;;
NOWAKOWSKA / WYATT Doradztwo Personalne;504202926;;
OCHOJSKI Konsulting;(71)7888591;;
OCHOJSKI Konsulting;(71)7888592;;
OCP Outsource Center Poland;605948413;;
Optimex Consulting;(77)4661526;;
Optimex Consulting;(77)4661426;;
OPTINEO Sp. z o.o.;(22)2583300;;
Orlowski-Patulski-Walczak Sp. z o.o.;(22)6357935;;
Orlowski-Patulski-Walczak Sp. z o.o.;(22)6356868;;
Ozlife.com;+61398582992;;
PBA Doradztwo Personalne;(22)8699700-01;;
PBA Doradztwo Personalne;(22)8699702;;
PEOPLE NETWORK;(22)8271800;;
PEOPLE NETWORK;(22)3001560;;
People Sp. z o.o.;(22)3315454;;
People Sp. z o.o.;(22)3315455;;
PerForm Sp. z o.o.;501741733;;
PERSONAL 24;513748019;;
Personal Expert Sp. z o.o.;508869844;;
Personal Process;(61)6610057;;
Personal Process;(61)6610058;;
Personal Progress Consulting;(12)4132127;;
Personal Progress Consulting;509548202;;
PERSONALITY Doradztwo Personalne;(22)6375295;;
PERSONALITY Doradztwo Personalne;(22)6375294;;
PersonalServices24;697005650;;
PERSONEL PROFIT Sp. z o.o.;(58)5553399;;
PERSONEL PROFIT Sp. z o.o.;(58)5504509;;
Personia Doradztwo;530690700;;
Personia Doradztwo;796377211;;
PERSONIKA Doradztwo Personalne;(22)2246505;;
PERSONIKA Doradztwo Personalne;(22)4986606;;
Personnel Multiservice;(71)7290095;;
Personnel Multiservice;506590141;;
Perspecta;669611915;;
PEZMI Marta Idkowiak;501503903;;
PGB Human Resources;(061)8533141;;
PGB Human Resources;(061)8533143;;
Pm2pm Sp. z o.o.;(12)4230515;;
Pm2pm Sp. z o.o.;508496986;;
POINT Sp. z o.o.;(71)3614494;;
POINT Sp. z o.o.;(71)7835494;;
POLIN Biuro Obsługi Cudzoziemców;(22)3189160;;
POLIN Biuro Obsługi Cudzoziemców;605660992;;
Polski HR;(12)3572266;;
PRACA-STEGMANN Polska Sp. z o.o.;(032)6090550;;
PRACA-STEGMANN Polska Sp. z o.o.;(032)6090559;;
PRACA-STEGMANN Polska Sp. z o.o.;(022)5725500;;
PRACA-STEGMANN Polska Sp. z o.o.;(022)5725509;;
PracaInfo;(22)2441456;;
PracaInfo;(22)4636276;;
Practical Solutions Fory You;606455850;;
PRECISION HR Sp. z o.o.;(12)3070170;;
Premium Consultants Sp. z o.o.;(22)4405790;;
Priority Sp. z o.o.;732734483;;
Pro Consulting Sp. z o.o.;880507090;;
PRO FUTURO CONSULTING;(65)5262701;;
PRO FUTURO CONSULTING;601160065;;
ProfiCadr - Doradztwo Personalne;(32)2302288;;
PROGRESS MANAGEMENT PARTNERS Sp. z o.o.;(22)3816036;;
PROGRESS MANAGEMENT PARTNERS Sp. z o.o.;(22)3816001;;
PROKARIERA;(58)3808585;;
PROMORE.PL;(58)5008966;;
PROMOTE;533330665;;
PROSPERUS;(56)6221008;;
PROSPERUS;604168620;;
PROWORK;(22)8283134;;
PROWORK;(22)3236335;;
PSP International Sp. z o.o.;(22)3318601-03;;
PSP International Sp. z o.o.;(22)6209990;;
Purcon Poland Sp. z o.o.;(22)8565142;;
Purcon Poland Sp. z o.o.;(22)8567598;;
QWay Group;(12)3461253;;
Recruitment & Consulting Anna Bojdo;888921771;;
Recrutamos Doradztwo Personalne Sp. z o.o.;728970456;;
RELATIONS Maria Pawłów;511305151;;
RESOLUTIO Doradztwo Personalne;(22)8336521;;
RI Consultancy Services Poland Sp. z o.o.;(22)8299230;;
RI Consultancy Services Poland Sp. z o.o.;(22)8299231;;
RIBES Doradztwo;(32)4453238;;
RIBES Doradztwo;600004508;;
Runtime Polska Sp. z o.o.;516043907;;
Sales Force Resources Marcin Dziewit;662325346;;
Sales Force Resources Marcin Dziewit;698887539;;
SALUS Human Resources Management Sp. z o.o.;(71)7877540;;
SALUS Human Resources Management Sp. z o.o.;(71)7877541;;
SAM Executive Search Sp. z o.o.;506099823;;
Sedlak & Sedlak;(12)6255910;;
Sedlak & Sedlak;(12)6255920;;
SELECTA Doradztwo Personalne;(91)4858382;;
Sendor Training Sp. z o.o.;600467444;;
Sendor Training Sp. z o.o.;663275557;;
SENIOR INVEST;(58)7422761;;
SENIOR INVEST;(58)3452481;;
SENSUP;(22)8287065;;
Serwis Kadr;(41)3894900;;
Serwis Kadr;(41)3894901;;
SFR Doradztwo Personalne;662325346;;
SFR Doradztwo Personalne;698887539;;
SHL Polska Sp. z o.o.;(22)5095020;;
SHL Polska Sp. z o.o.;(22)5095021;;
Skills & Knowledge;501157510;;
Skills & Knowledge;504222794;;
SkutecznaRekrutacja.pl;784089916;;
Smart HR-doradztwo personalne;505188151;;
Smart MBC;(61)6416330;;
Smart-HR;608609397;;
Smart-HR;668304562;;
SMG/KRC Poland Human Resources Sp. z o.o.;(32)2037454;;
SMG/KRC Poland Human Resources Sp. z o.o.;(32)6086941;;
SOKARI;608459440;;
Solid Bridge Solutions Sp. z o.o.;(22)2623200;;
Solid Bridge Solutions Sp. z o.o.;(22)2623201;;
SOPREMIUM;664129189;;
SOURCE-OPEN Doradztwo Personalne;(22)7507483;;
SOWELO CONSULTING;(12)3945557;;
SOWELO CONSULTING;(12)4431883;;
SP SD Management Sp. z o.o. Strategie Personalne;607740950;;
Spencer Stuart Poland Sp. z o.o.;(022)6208087;;
STAFFER Sp. z o.o.;(22)6292698;;
STAR Express;(77)5431851;;
STAR Express;(77)5431919;;
Start People Sp. z o.o.;(022)6615053;;
STRATEGICAL DEVELOPMENTS Sp. z o.o.;(77)5560304;;
Success Insights Polska;605626382;;
SUPROWICZ Doradztwo Personalne;(081)7436014;;
SUPROWICZ Doradztwo Personalne;501532047;;
SVENBERG Doradztwo Personalne i Organizacyjne;(32)7352442;;
SVENBERG Doradztwo Personalne i Organizacyjne;665665230;;
Synergia Konsulting;(68)3200823;;
Szostek & Partners Sp. z o.o.;(22)8406061;;
Szostek & Partners Sp. z o.o.;(22)6423678;;
Śmiech & Partners Doradztwo Personalne;(22)4639800;;
Śmiech & Partners Doradztwo Personalne;605738667;;
Talent Hunters;(61)8538211;;
Talent Hunters;502545382;;
TALENT PARTNERS;(32)3071700;;
TALENT PARTNERS;516040525;;
Talent Solution;(61)2224964;;
Talents Target Sp. z o.o.;(22)8565181;;
Talents Target Sp. z o.o.;(22)6461917;;
TATAROWICZ - Doradztwo Personalne;607091607;;
TATAROWICZ - Doradztwo Personalne;(22)4077000;;
TEGATE Sp. z o.o.;605850733;;
TEGATE Sp. z o.o.;609560029;;
TGC Corporate Lawyers;(022)6533645;;
TGC Corporate Lawyers;(022)6533644;;
THE HUMAN PROJECT;600406091;;
THE HUMAN PROJECT;600406092;;
TRC Group Sp. z o.o. - Asystentka.pl;698787246;;
TUM Arkadiusz Orzechowski;667527808;;
UBP Consulting Sp. z o.o.;534333057;;
UBP Consulting Sp. z o.o.;603910920;;
UMANO Solutions Sp. z o.o.;(61)8553355;;
Unlimited Career;(22)2571444;;
URSA Doradztwo Personalne;604614238;;
Vademecum Doradztwo-Szkolenia-Pośrednictwo w Oleśnicy;(71)3144994;;
Vademecum Doradztwo-Szkolenia-Pośrednictwo w Oleśnicy;885850805;;
VANGO;(22)3783337;;
Vista Polska;660497300;;
Vista Polska;(22)2128989;;
W&BS Doradztwo Personalne;(12)3984189;;
W&BS Doradztwo Personalne;(12)3984144;;
WAP-HR;(48)3851300;;
WEHTER Personnel Consulting S.c.;(22)3576924;;
WEHTER Personnel Consulting S.c.;(22)3928772;;
WILLIM Consulting;661145986;;
WK Personal Risk Managers;(32)7850051;;
WK Personal Risk Managers;(32)7202674;;
Work Express Sp. z o.o.;(12)4338040;;
Work Express Sp. z o.o.;(12)4220018;;
WORK SYSTEM S.c.;(42)6368174;;
WORK SYSTEM S.c.;(42)6366794;;
WORK TEMPS;(22)6960920;;
WORK TEMPS;(22)6202837;;
WorkStreet Sp. z o.o.;(22)7416447;;
Yellow Heads Polska Sp. z o.o.;(22)8287333;;
Yes-Consensus Sp. z o.o.;(22)6633770;;
Your Concierge Sp. z o.o.;(17)2000217;;
Your Concierge Sp. z o.o.;796700007;;
Zakład Usług Psychologicznych DIAGNOZA;(23)6572661;;
Zewnętrzny Dział Personalny;(22)3213677-78;;
Zewnętrzny Dział Personalny;(22)8221538;;
4change Akademia Biznesu;530396893;;
Agencja Pracy Tymczasowej EMS Sp. z o.o.;512481491;;
Agencja Pracy Tymczasowej EMS Sp. z o.o.;512481471;;
ARS MENTORIS Sp. z o.o.;502709208;;
Barbara Kohlbrenner BRB&CO Solutions;602717800;;
CCTRAINING Szkolenia & Doradztwo;605720615;;
CCTRAINING Szkolenia & Doradztwo;501121347;;
Centrum Pomocy Psychologicznej W Labiryncie;507621115;;
Chillipopo Sp. z o.o.;504306552;;
CoachTrenerka Izabela Janusz;733849687;;
Gabinet Biofeeedback Katarzyna Tutko;601255365;;
INSPIRO Ośrodek Terapeutyczno-Rozwojowy;533782123;;
Modrzejewski Consulting;(54)4295029;;
Modrzejewski Consulting;(54)4295096;;
Resilience Gabinet Psychologiczny;691341984;;
Resilience Gabinet Psychologiczny;662207888;;
RHR+;604766557;;
time2work Sp. z o.o.;789097482;;
time2work Sp. z o.o.;668805134;;
TRAINING TREE;603954363;;
Twój Coach Anna Andrysiak;505607923;;
Wellbeing Project Kamilla Daroszewska;600462626;;
Work Up Poland Sp. z o.o.;734923969;;
Work Up Poland Sp. z o.o.;723352015;;
Zarządzanie Strategiczne MDDP Business Consulting;(22)3226888;;
10110.BIZ Sp. z o.o.;504211039;;
4TG-Tomasz Głuszkowski;601364387;;
4TG-Tomasz Głuszkowski;695364387;;
4VALUE Business Consulting;(22)2985150;;
500Solutions Lewandowski Basiński Sp.j.;(22)4030255;;
A.PAULY euroconsulting Joanna Pauly;(32)7261134;;
A.PAULY euroconsulting Joanna Pauly;(32)4417837;;
AB FINANSE Biuro Finansowo-Księgowe Agnieszka Bochnia;660478005;;
AB Job Service Polska Sp. z o.o. Oddział Kielce;(41)3443816;;
AB Job Service Polska Sp. z o.o. Oddział Kielce;667713111;;
Academy Maritime Services Ltd. Sp. z o.o.;(58)6203108;;
Academy Maritime Services Ltd. Sp. z o.o.;(58)6209715;;
Accounting Expert Sp. z o.o.;725490170;;
Accounting Expert Sp. z o.o.;(95)7259604;;
Actio HR Sp. z o.o.;(58)3409900;;
Actio HR Sp. z o.o.;(58)3409637;;
AD CONSULTING Biuro Rachunkowe - Doradztwo Gospodarcze i Finansowe Anna Drejza;(61)4254303;;
AD CONSULTING Biuro Rachunkowe - Doradztwo Gospodarcze i Finansowe Anna Drejza;603949984;;
ad.Planet Michał Faron;601626444;;
ad.Planet Michał Faron;(12)4420163;;
ADECCO;(22)3760900;;
ADECCO;(22)3760901;;
Adecco Poland Sp. z o.o. Katowice;(32)2536172;;
Adecco Poland Sp. z o.o. Katowice;(32)2536149;;
ADS Polska Sp. z o.o.;(22)6712444;;
ADS Polska Sp. z o.o.;(22)6714566;;
Agencja - Centrum Kształcenia i Doskonalenia Sp. z o.o.;(22)8645421;;
Agencja - Centrum Kształcenia i Doskonalenia Sp. z o.o.;(22)8349969;;
Agencja Pośrednictwa Pracy Doradca Ewa Prus;(91)4853870;;
Agencja Pośrednictwa Pracy Doradca Ewa Prus;603563500;;
Agencja Pośrednictwa Pracy MARVEL Personal Consulting;(91)8312288;;
Agencja Pracy BEETSMA;(71)7949272;;
Agencja Pracy BEETSMA;(71)3307788;;
Agencja Pracy Czasowej TEMPUS A;(42)6326631;;
Agencja Pracy i Doradztwa Personalnego FallWork Sp.z o.o.;(61)6627500;;
Agencja Pracy i Doradztwa Personalnego FallWork Sp.z o.o.;(61)6627501;;
Agencja Pracy i Outsourcingu Wrocław - Workintense Sp. z o.o.;698269131;;
Agencja Pracy i Outsourcingu Wrocław - Workintense Sp. z o.o.;881045183;;
Agencja Pracy POLLUX Sp. z o.o.;(74)8566080;;
Agencja Pracy POLLUX Sp. z o.o.;513122382;;
Agencja Pracy QUICK JOB;(22)3981435;;
Agencja Pracy Tymczasowej ELMAR Sp. z o.o.;513686610;;
Agencja Pracy Tymczasowej LEADER Sp. z o.o.;500033655;;
Agencja Pracy Tymczasowej No Problem;(91)8121236;;
Agencja Pracy Tymczasowej Toolip HR Sp. z o.o. Sp.komandytowa;(58)5519240;;
Agencja Pracy Tymczasowej Toolip HR Sp. z o.o. Sp.komandytowa;607580252;;
Agencja Public PR;607198447;;
Agencja Public PR;(32)2580405;;
Agencja Wywiadowczo-Detektywistyczna ARCANUS Robert Lipke;793100505;;
Agencja Zatrudnienia DK Partner;(42)2091588;;
Agencja Zatrudnienia Trenkwalder Polska;(46)8113091;;
AGNES Consulting & Training;(17)8622823;;
AGNES Consulting & Training;512092899;;
Agnieszka Szwejkowska;501604478;;
AIKI-MANAGEMENT;601457926;;
AIKI-MANAGEMENT;602581731;;
Akademia Consulting;601242297;;
Akademia Rozwoju Osobistego Kompas;500181698;;
Akademia Rozwoju Umiejętności;(71)3217436;;
Akademia Rozwoju Umiejętności;(71)7851008;;
ANACCO Doradztwo Strategiczne i Szkolenia Biznesowe;515803244;;
ANS PR Consulting Anna Niedziela-Strobel;603799879;;
ANTIDOTUM Agencja Zatrudnienia;(61)8438096;;
ANTIDOTUM Agencja Zatrudnienia;(91)4331433;;
APUS Agencja Poradnictwa Zawodowego Instytucja Szkoleniowa;(34)3615615;;
ARCHE CONSULTING Sp. z o.o. Sp.komandytowa;(32)2539844;;
Argante Aleksandra Buczeluk - Grafolog;696031652;;
ARTV AGNIESZKA Strójwąs;664605585;;
Asesoria Group;602695100;;
ASISTNET Work Group;(71)7494890;;
ASSET Business Development Sp. z o.o.;(22)4804625;;
ASSET Business Development Sp. z o.o.;(22)2012149;;
ATEB S.c.;695311171;;
ATEB S.c.;883960309;;
ATL Achievement Through Learning Sp. z o.o.;(22)8533523;;
ATL Achievement Through Learning Sp. z o.o.;607573053;;
ATM Consulting;(061)6482602;;
ATM Consulting;504127047;;
Audyt-Pro Władysław Pietrzak;(52)3820113;;
AUGUSTYN CONSULTING;(22)8852219;;
AUGUSTYN CONSULTING;608365096;;
AVAL Biuro Rachunkowości i Finansów Felicja Orłowska;(68)3242826;;
AVAL Biuro Rachunkowości i Finansów Felicja Orłowska;(68)3299237-38;;
AVALON Sp. z o.o.;606971980;;
AVENHANSEN Sp. z o.o.;(12)3994190;;
AVENHANSEN Sp. z o.o.;(12)3994191;;
Awareness Factory;(22)2084664;;
Awareness Factory;799153777;;
B.O.D. i S. Biuro Organizacji, Doradztwa i Szkolenia;(22)6510115;;
B.O.D. i S. Biuro Organizacji, Doradztwa i Szkolenia;500163950;;
BARABASZ Usługi Księgowe, Doradztwo Podatkowe, Personalne;600973982;;
BARABASZ Usługi Księgowe, Doradztwo Podatkowe, Personalne;602363212;;
Bartosz Lamch Psycholog;509171875;;
BCSystems Sp. z o.o.;(22)6229731;;
BCSystems Sp. z o.o.;504217591;;
BETTERFIELD;(61)6243786;;
BETTERFIELD;(61)6243865;;
betterMe prof. Tomasz Kruszewski;661951113;;
BHP HELP;607444762;;
Biuro Beaty;(22)4275477;;
Biuro Beaty;608324077;;
Biuro Doradztwa Ekonomicznego i Prawnego BUSINESS CONSULTANTS Sp. z o.o.;(058)3417611;;
Biuro Doradztwa Ekonomicznego i Prawnego BUSINESS CONSULTANTS Sp. z o.o.;(058)3418392;;
Biuro Nieruchomości GLOBAL;(12)4232524;;
Biuro Nieruchomości GLOBAL;502022034;;
Biuro PROMETEUSZ;665575883;;
Biuro Rachunkowe EKSPERT;795409892;;
Biuro Rachunkowe EKSPERT;(18)3510293;;
Biuro Usług Kadrowych PERSONA;(18)2015760;;
Biuro Usług Kadrowych PERSONA;502216395;;
Biuro Usług Księgowych Małgorzata Tyska;(55)2320017;;
Biuro Usług Księgowych Małgorzata Tyska;692425030;;
Blue Idea Sp. z o.o.;600900906;;
Blue Idea Sp. z o.o.;533868900;;
Business Bridge Group Sp. z o.o. Centrum Konferencyjne;(71)7880588;;
Business Bridge Group Sp. z o.o. Centrum Konferencyjne;(71)7880488;;
Business Doctors;504180507;;
Business Doctors;607180057;;
Business Inspiration;502517416;;
Business Solutions Wojciech Karłowski;(044)6323605;;
Business Solutions Wojciech Karłowski;503450325;;
BUSINESS STUDIO;(22)4239797;;
BUSINESS STUDIO;691205004;;
Business4Health Sp. z o.o.;507180232;;
Business4Health Sp. z o.o.;507110885;;
CDJ Centrum Doradztwa Jakościowego;(61)8227184;;
CDJ Centrum Doradztwa Jakościowego;505111545;;
CEDEKA Centrum Doskonalenia Kadr;(52)5626061;;
CEDEKA Centrum Doskonalenia Kadr;(52)5222131;;
Centrum Coachingu PROGRES;501756371;;
Centrum Doradztwa Personalnego Marzena Szafrańska;(22)6704250;;
Centrum Doradztwa Personalnego Marzena Szafrańska;792770085;;
Centrum EM-Partner;504554575;;
Centrum EM-Partner;503848757;;
Centrum Kształcenia Zawodowego COGITO;530745266;;
Centrum Kształtowania Osobowości COMPASS;509266751;;
Centrum Promocji i Usług Finansowych RENOMA Sp.j.;(56)6431231;;
Centrum Promocji i Usług Finansowych RENOMA Sp.j.;600894030;;
Centrum Rozwoju dla Par;601532319;;
Centrum Rozwoju i Terapii HARMONIA;505972352;;
Centrum Szkoleń i Psychologii Biznesu;668195211;;
Centrum Terapii i Rozwoju Bliżej Dziecka;790747393;;
Centrum Zdrowia i Urody DAR Warszawa;668291316;;
Centrum Zdrowia i Urody DAR Warszawa;516230500;;
China Business Skills;(61)8660543;;
China Business Skills;504143439;;
CHR Creative Human Resources;723929215;;
Coaching Center;(22)8480551;;
Coaching Center;(22)6460028;;
COGITO Rekrutacja Szkolenia Zarządzanie Personelem;(56)6556138;;
COGITO Rekrutacja Szkolenia Zarządzanie Personelem;(56)6581323;;
CONCORDIA - Konsorcjum Szkoleniowe Sp. z o.o.;(22)6634523;;
CONCORDIA - Konsorcjum Szkoleniowe Sp. z o.o.;(22)2267238;;
CONGRESSIO;723150050;;
CONSULTOR Sp. z o.o.;(81)7454191;;
CONSULTOR Sp. z o.o.;(81)7454192;;
ConTact Ewa Kosmowska COACHING and TRAINING;503111706;;
Corporate Finance Advisory Tomasz Mozgawa;507023301;;
CORSON;516823331;;
CPC Consulting Group Sp. z o.o. Sp.komandytowa;(71)3360725;;
CPC Consulting Group Sp. z o.o. Sp.komandytowa;(71)7585516;;
Creative Training Szkolenia i Rozwój;698099800;;
CREATOR Sp. z o.o.;(81)5258045;;
CREATOR Sp. z o.o.;(81)5261802;;
DEDAL Konsulting;509444452;;
DEDAL Konsulting;503007927;;
Dicoria Group Grupa Doradcza;(22)2537151;;
Dicoria Group Grupa Doradcza;(22)4007857;;
Dietetyk Radosław Bernat;504428093;;
Doradztwo Prawne Kancelaria Prawna Pro Legis;609510369;;
Doradztwo Unijne;696062705;;
Doradztwo Unijne;660486992;;
Drop Life Sp. z o.o.;(61)2240044;;
Dudziak i Partnerzy;519441068;;
ECDS Polska Sp. z o.o.;(85)7422005;;
ECDS Polska Sp. z o.o.;(85)7443935;;
EDUPHARMA;602296605;;
EKO SKOLAR;(22)3538830;;
EKO SKOLAR;(22)2198830;;
ELITA Biuro Prawa Pracy;(12)4134428;;
ELITA Biuro Prawa Pracy;501346656;;
eMGrow Monika Grochalska;509775561;;
Emplor S.c.;(22)3933930;;
ERTA Europejska Agencja Rekrutacyjna;(12)4210854;;
ERTA Europejska Agencja Rekrutacyjna;(12)3783276;;
EST-POLSKA Sp. z o.o.;(17)8625694;;
EuCO S.A.;693855107;;
EUJOB Sp. z o.o.;(95)7295150;;
EURO-KADRA;508287293;;
Euro-Konsulting Sp. z o.o.;608456600;;
EURO+;(25)7857016;;
European Active Projects Ltd. Sp. z o.o.;(58)3422307;;
Europejski Instytut Rozwoju Kadr Sp. z o.o.;(022)8823692-93;;
Europejski Instytut Rozwoju Kadr Sp. z o.o.;(022)8867435;;
Europejskie Centrum Dochodzenia Roszczeń;(61)8833805;;
EXCELLENCE CONSULTING Pietrasińscy Sp.j.;(56)6522900;;
EXCELLENCE CONSULTING Pietrasińscy Sp.j.;601988448;;
eXigma agencja pracy i doradztwa personalnego;503100101;;
Extreme Management Solutions;(22)4482538;;
Extreme Management Solutions;(22)2012109;;
Finance Plus Sp. z o.o.;(33)4998889;;
Finanse i Ubezpieczenia Miłosz Linkiewicz;794071050;;
Firma Konsultingowo-Szkoleniowa ErgoTech Jerzy Mórawski;692456740;;
Firma Szkoleniowo-Konsultingowa NOWE PERSPEKTYWY;(32)7772202;;
Firma Szkoleniowo-Konsultingowa NOWE PERSPEKTYWY;501453559;;
FOCUS Sp. z o.o.;(42)2301660;;
FOCUS Sp. z o.o.;533891500;;
FOLLOW;602521476;;
FOLLOW;501091579;;
FPL Sp. z o.o.;(42)6300900;;
FPL Sp. z o.o.;(42)6303993;;
FUTUREA Grupa Doradcza Sp. z o.o.;(22)5237474;;
FUTUREA Grupa Doradcza Sp. z o.o.;(22)5237499;;
Gabinet Diagnozy Psychologicznej oraz Terapii Psychologicznej Dzieci;510695867;;
Gabinet Psychologiczno-Seksuologiczny;665266500;;
Gabinet Psychologiczny Initum Renata Respondek;783308017;;
Gabinet Psychologiczny Joanna Mielniczuk;501806565;;
Gabinet Strategicznej Terapii Krótkoterminowej i Chorób Wewnętrznych;502196391;;
GENERALI T.U. S.A. Filia w Płocku;(24)2635025;;
GENERALI T.U. S.A. Filia w Płocku;(24)2635027;;
GingerPartner Sp. z o.o.;(22)2128785;;
GingerPartner Sp. z o.o.;(22)2012812;;
GiP Consulting;(22)4558596;;
GiP Consulting;(22)4558595;;
Global Business Center Sp. z o.o.;(22)8300591;;
Global Business Center Sp. z o.o.;(22)8300504;;
Global Trade Industry;(56)6231625;;
GO UP Recruitment;(22)4354999;;
GO UP Recruitment;(22)4354995;;
GOOD ADVICE;601302111;;
Górnośląska Agencja Przedsiębiorczości i Rozwoju sp. z o.o.;(32)3393110;;
Górnośląska Agencja Przedsiębiorczości i Rozwoju sp. z o.o.;(32)3393117;;
Grafton Recruitment Polska;(22)6544646;;
GROW Coaching & Consulting;(22)8394067;;
GrowinGame Krzysztof Szewczak;503975022;;
Grupa Eurokadra - Agencje Pracy Tymczasowej i Doradztwa Personalnego;(32)4419200;;
Grupa Eurokadra - Agencje Pracy Tymczasowej i Doradztwa Personalnego;(32)2047090;;
Grupa Tempo;500211153;;
Grupa Tempo;(32)3317525;;
Hands2Work Sp. z o.o.;(58)5110220;;
HILL International Sp. z o.o.;(22)6200250;;
HILL International Sp. z o.o.;(22)6200252;;
HPC High Performance Center;511584061;;
HR Internal Consultants;(22)3928612;;
HR Internal Consultants;(22)2072527;;
HR Serwis Małgorzata Kirziejonek;605248240;;
HR-PARTNER Sp. z o.o.;882120872;;
HR-PARTNER Sp. z o.o.;692430139;;
HRM-SYSTEM Centrum Usług Kadrowo-Płacowych;(17)8521268;;
HRM-SYSTEM Centrum Usług Kadrowo-Płacowych;(17)8521043;;
HRpoint Human Resources Consulting;501669087;;
Human Lab;(61)6792242;;
Human Lab;500450510;;
HUMAN PRO Sp. z o.o.;(71)7509030;;
HUMAN PRO Sp. z o.o.;668132172;;
HUMAN SOLUTIONS FOR BUSINESS;(71)7000244;;
HUMAN SOLUTIONS FOR BUSINESS;(32)4420707;;
IDEA! Management Consulting Sp. z o.o.;(22)3316699;;
IDEA! Management Consulting Sp. z o.o.;(22)3316694;;
IDEAL WORK Sp. z o.o.;(12)3453939;;
IDEAL WORK Sp. z o.o.;(12)3453920;;
IFLEXS;(77)4746808;;
IFLEXS;(77)4748926;;
ILLUSTRO Szkolenia Doradztwo;(77)4428554;;
ILLUSTRO Szkolenia Doradztwo;(77)4428708;;
Immobilien & Consultingcenter Pohl;+49(0)3581767502;;
Immobilien & Consultingcenter Pohl;+49(0)3581767502;;
IMPEL HR SERVICE Sp. z o.o.;(71)7846300;;
IMPEL HR SERVICE Sp. z o.o.;(71)7846370;;
IMPULSON Agencja Pracy i Doradztwa Personalnego;(12)3461659;;
IN PERSONA;506178506;;
INCOME Biuro Rachunkowe;664932388;;
INFOR Training Sp. z o.o.;(22)5304401;;
INFOR Training Sp. z o.o.;(22)5304309;;
INSPIRE;606126009;;
INSPIRE;604103101;;
Instytut Doradztwa Psychologicznego ANIMATOR Zbigniew Heryng;(61)8536696;;
Instytut Doradztwa Psychologicznego ANIMATOR Zbigniew Heryng;602656680;;
Instytut Komunikacji i Rozwoju MUKOID;690860188;;
Instytut Komunikacji i Rozwoju MUKOID;666696956;;
Instytut QMS Hanna Gołaś;601250560;;
Instytut QMS Hanna Gołaś;603126745;;
Instytut Rozwoju Biznesu;(22)6188583;;
Instytut Rozwoju Biznesu;(22)6185159;;
Instytut Rozwoju i Kształcenia;607185790;;
Instytut Skutecznego Działania;(22)3803190-93;;
Instytut Skutecznego Działania;(22)4361597;;
INTEGRA Consulting Poland Sp. z o.o. Sp.komandytowa;(61)6613080;;
INTERAKCJE szkolenia, coaching i doradztwo;501233755;;
InterKadra Sp. z o.o.;(12)2902244;;
InterKadra Sp. z o.o.;(12)4441847;;
InVision Adam Kapusta;607291370;;
iPCC Sp. z o. o.;(22)7404444;;
IPK Sp. z o.o.;(58)5501116;;
IPK Sp. z o.o.;(58)5502845;;
ISG Imar Service Group;(22)8627600-01;;
ISG Imar Service Group;(22)6316204;;
IT CONNECT Sp. z o.o.;(22)6538592;;
IT CONNECT Sp. z o.o.;509515622;;
It Rekruter;889915710;;
ITALENTS S.A. Outsourcing, Doradztwo Personalne, Szkolenia, Oprogramowanie;(22)6461160;;
ITALENTS S.A. Outsourcing, Doradztwo Personalne, Szkolenia, Oprogramowanie;(22)6461159;;
ITPL HR Consulting S.c.;(22)2035905;;
Izar Sp. z o.o.;(32)2023132;;
Izar Sp. z o.o.;(32)2023138;;
J.A. Lukas;501590466;;
JKF Partners;(71)3303149;;
JKF Partners;606134944;;
Job Coaching;600959019;;
Justyna Dawiskiba-Spaleniak Dobra Zmiana Coaching;607610802;;
KADRY Plus - Outsourcing kadrowo płacowy;501509282;;
KADRY Plus - Outsourcing kadrowo płacowy;660227722;;
KADRY POLSKIE Sp. z o.o. Filia Gliwice;(032)3315098;;
KADRY POLSKIE Sp. z o.o. Filia Gliwice;(032)3315099;;
KADRY POLSKIE Sp. z o.o. Filia Lubliniec;(034)3564307;;
KADRY POLSKIE Sp. z o.o. Filia Poznań;(061)6628070;;
KADRY POLSKIE Sp. z o.o. Filia Poznań;(061)6628075;;
KADRY POLSKIE Sp. z o.o. Filia Racibórz;(032)4149000;;
KADRY POLSKIE Sp. z o.o. Filia Racibórz;(032)4149001;;
KADRY POLSKIE Sp. z o.o. Filia Szczecin;(091)4323230;;
KADRY POLSKIE Sp. z o.o. Filia Szczecin;(091)4323233;;
KADRY POLSKIE Sp. z o.o. Filia Świdwin;(094)3650130;;
KADRY POLSKIE Sp. z o.o. Filia Warszawa;(022)6211200;;
KADRY POLSKIE Sp. z o.o. Filia Wrocław;(071)3435709;;
KADRY POLSKIE Sp. z o.o. Filia Wrocław;(071)3435719;;
KADRY SERWIS Agencja Pracy Sp. z o.o.;(91)8525051;;
KADRY SERWIS Agencja Pracy Sp. z o.o.;(91)3508206;;
Kancelaria EUROFISS S.A.;795000652;;
Kancelaria Gospodarcza EGIDA Sp. z o.o.;(58)7657875;;
Kancelaria Gospodarcza EGIDA Sp. z o.o.;(58)7657874;;
Kancelaria Podatkowo-Prawna Małgorzaty Kardas-Gołębiowskiej;(22)8350273;;
Kancelaria Prawna Grupa Konsensus Sp. z o.o.;(32)7538230;;
Kancelaria Radcy Prawnego Magdalena Żurawska;505657 474;;
Kancelaria Radcy Prawnego Piotr Fluder;(61)8657095;;
Kancelaria Radcy Prawnego Piotr Fluder;(61)8657097;;
Katedra Technologii i Urządzeń Zagospodarowania Odpadów Wydział Inżynierii Środowiska i Energetyki Politechnika Śląska;(32)2371213sekretariat;;
Katedra Technologii i Urządzeń Zagospodarowania Odpadów Wydział Inżynierii Środowiska i Energetyki Politechnika Śląska;(32)2371167;;
Katolicki Ośrodek Pomocy Psychologiczno-Pastoralnej Poradnia Dewajtis;660511566;;
kBk Biuro Kadrowo-Księgowe;504282995;;
Kennemerland Polska Sp. z o.o.;(032)2538020;;
KMT CONSULTING Katarzyna Tomala-Masny;510119456;;
KONKRET - Profesjonalne Rozwiązania dla Firm;(85)7331035;;
Konsultor Doradztwo i Księgowość P.Pawliszyn i Wspólnicy Sp. z o.o.;(32)7264188;;
Kontekst HR Polska Sp. z o.o.;(22)8587957;;
KORDIS Sp. z o.o.;(95)7390708;;
KORDIS Sp. z o.o.;(95)7390709;;
KPR CONSULTING Agencja Doradztwa Personalnego Elżbieta Kunecka;784665166;;
KRA Agnieszka Nieciecka;793016474;;
Krzysztof Roguś Work For Us;(22)2668626;;
Krzysztof Roguś Work For Us;(22)2668625;;
KS Service Sp. z o.o.;(91)4302710;;
Labor Sp. z o.o.;(22)8471142;;
Lauren Peso Polska S.A.;(32)4453555;;
LCC Szkoła Coachów Opole;781663670;;
LCC Szkoła Coachów Opole;601498684;;
LECHAA Consulting Sp. z o.o.;(81)7593011;;
LECHAA Consulting Sp. z o.o.;(81)7593010;;
LEGEND Human Resources Advisors;(22)6470300;;
LEGEND Human Resources Advisors;(22)8530097;;
Level Work Agencja Pracy i Doradztwa Personalnego;507378143;;
LG Consalting;(58)5628397;;
LG Consalting;605939233;;
Lider S.c.;604587589;;
LIFE COMPASS;602645443;;
LIFE PROJECT;668928388;;
Magdalena Kreczmańska Office Management;501864234;;
MANARA Group Company;(12)2655082;;
MANARA Group Company;530166344;;
Marta Tymoszewicz Fitness Studio,Fitness Coaching;602696603;;
Marta Tymoszewicz Fitness Studio,Fitness Coaching;501099092;;
MCS JOB S.c.;(77)4821547;;
MCS JOB S.c.;660391025;;
MCTraining DEVCON Michał Czarnocki;601628628;;
Meritum S.c. Marta Łukowska, Robert Łukowski;(22)2996419;;
Meritum S.c. Marta Łukowska, Robert Łukowski;512127551;;
METROPOLIS BTL;(22)8504898;;
METROPOLIS BTL;(22)8504899;;
MeWe We Love Innovations;604566441;;
MIDAN Consulting;788163567;;
ML Consulting Biuro Usług Biznesowych i Handlu Mariusz Lesiak;609106119;;
MM Consulting Group;602332069;;
MM Consulting Group;698932069;;
MonSier;(65)5205219;;
MonSier;666895922;;
MORE&BETTER;534193067;;
MOTORBIKE;(41)2511930;;
MOTORBIKE;500026685;;
MOTYLARNIA Ośrodek Rozwoju Osobistego i Zawodowego dla Kobiet;697094805;;
MRIJA;882115188;;
MS JOBS Agencja Pracy i Doradztwa Personalnego;(46)8621474;;
MW Consulting;791200809;;
MW Consulting;(91)4310938;;
Nabi Consulting;501096186;;
Nadmorskie Nieruchomości;(91)3821226;;
Nadmorskie Nieruchomości;604110947;;
NBC Sp. z o.o.;(71)7583400;;
Never Stop Exploring Coaching;783685994;;
Niepubliczna Poradnia Psychologiczno-Pedagogiczna MY FUTURE;(41)3156639;;
Niepubliczna Poradnia Psychologiczno-Pedagogiczna MY FUTURE;503850001;;
OBIETTIVO LAVORO POLSKA;(58)3015015;;
OBIETTIVO LAVORO POLSKA;(58)3025015;;
OKTI - Chmielna Business Center;(22)2060211;;
OKTI - Chmielna Business Center;(22)2060201;;
Onagra Sp. z o.o.;(17)8629146;;
Onagra Sp. z o.o.;609141143;;
Optimum Training Agnieszka Beśka-Zasadowska;608667444;;
orientis.eu;(+370698)18399;;
orientis.eu;37052487353;;
Ośrodek Badań Psychologicznych;(74)8429332;;
Ośrodek Badań Psychologicznych;603131231;;
Ośrodek Psychoterapii i Pomocy Psychologicznej Pomarańczowe Ja;608240260;;
Ośrodek Psychoterapii i Pomocy Psychologicznej Pomarańczowe Ja;500166084;;
P&M GROUP Malinowski & Partners;(22)6566314;;
P&M GROUP Malinowski & Partners;(22)6566315;;
PARETTi Rekrutacja;(77)5432389;;
PARETTi Rekrutacja;500487111;;
PERŁA Szkolenia i Coaching;601477764;;
PERŁA Szkolenia i Coaching;514973792;;
Personal HR;(61)8765273;;
Personal HR;(61)8745281;;
Personal Project Service Paweł Korek, Tomasz Korek Sp.j.;(32)2706534;;
Personal Project Service Paweł Korek, Tomasz Korek Sp.j.;502331849;;
Personnel Solutions Sp. z o.o.;(32)7815940;;
Personnel Solutions Sp. z o.o.;(32)7815953;;
PERSPEKTIVA Doradztwo Personalne & Outsourcing Services;668039170;;
PERSPEKTIVA Doradztwo Personalne & Outsourcing Services;608294215;;
PHU Nowa Sztuka;607493784;;
PHU Nowa Sztuka;(41)2611132;;
Piasecka & Żylewicz S.c.;698692961;;
Piasecka & Żylewicz S.c.;698692949;;
Piotr Benedyk - certyfikowany coach ICC;501142316;;
Placówka Doradztwa, Szkoleń i Doradztwa Zawodowego ZKLING 2;(32)3260293;;
POLKADR Grupa Konsultingowa;(91)4344261;;
POLKADR Grupa Konsultingowa;(91)4344468;;
Pomorska Izba Finansowo-Handlowa Sp. z o.o.;(56)6402899;;
Pomorska Izba Finansowo-Handlowa Sp. z o.o.;(56)6522866;;
PONIATOWSKI I WSPÓLNICY Sp.j.;501006714;;
PONIATOWSKI I WSPÓLNICY Sp.j.;516071083;;
PPHU RIMA Krzysztof Richter;510068256;;
PPHU RIMA Krzysztof Richter;509203099;;
PRACA-PARTNER Agencja Pracy Tymczasowej;511090716;;
Pracownia Psychologiczno-Szkoleniowa Izabela Borejko;796179362;;
Pracownia Satysfakcji Sp. z o.o.;505144546;;
Pracownia Satysfakcji Sp. z o.o.;666300887;;
Precision Consulting Polska;(58)7116684;;
Precision Consulting Polska;506795059;;
PROAKTA bhp kadry i płace Monika Iskrzycka;660104285;;
PROCES Psychoterapia, Doradztwo, Szkolenia Łukasz Krawętkowski;791055604;;
PROCES Psychoterapia, Doradztwo, Szkolenia Łukasz Krawętkowski;535054595;;
Professional Business Service-Doradztwo Personalne S.c.;(22)6224884;;
Professional Outsourcing Services Sp. z o.o.;(32)7286726;;
Profi Biznes Group;500540915;;
PROFIcare;(52)3221013;;
PROFIcare;602388290;;
ProFiS Sp.j.;(85)7222527;;
ProFiS Sp.j.;(85)7222528;;
PROGRESJA Biuro Rozwoju Organizacji;(58)3440571;;
PROGRESJA Biuro Rozwoju Organizacji;(58)3460800;;
PROGRESS Terapia Coaching;506465420;;
Progresso Sp. z o.o.;722366900;;
Progresso Sp. z o.o.;721888721;;
Projekty Personalne Małgorzata Parzelska;513130742;;
PROSPERUS;601398758;;
Przedsiębiorstwo Marketingowo Usługowe Collage;502415170;;
PSI Polska;(22)5369600;;
Quest Training & Consulting;(22)8269766;;
Quest Training & Consulting;502196387;;
Rado Radosław Zasada;667120559;;
Rafał Zdańkowski ProBono A.R. Zdańkowscy Psychologia w biznesie;(77)4665108;;
Rafał Zdańkowski ProBono A.R. Zdańkowscy Psychologia w biznesie;602113748;;
Randstad Sp. z o.o.;(22)4622500;;
Randstad Sp. z o.o.;(22)4622600;;
RCS Sp. z o.o.;(85)7408673;;
Recruitment Company Sp.j.;(22)8982810;;
Rimec Sp. z o.o.;(12)4267860;;
Rimec Sp. z o.o.;(12)4294991;;
RM Consulting Szkolenia;602390814;;
RM Consulting Szkolenia;(71)7353229;;
RoRa Konsulting&Bussines Solutions;604487512;;
Russell Reynolds Associates Sp. z o.o.;(22)8516838;;
SAS LOGISTICS Sp. z o.o.;(22)3102822;;
SAS LOGISTICS Sp. z o.o.;503046196;;
SEMPRE Sp. z o.o.;790707557;;
SEMPRE Sp. z o.o.;(71)7242135;;
SENS;602585111;;
SENS;502024511;;
SID Sp. z o.o.;(22)6305940;;
SID Sp. z o.o.;(22)6305941;;
SLG Thomas International Poland Sp. z o.o.;(22)3553300;;
SLG Thomas International Poland Sp. z o.o.;(22)3553301;;
Solid Service Polska Sp. z o.o.;(42)6370057;;
Solid Service Polska Sp. z o.o.;(42)6370053;;
SOLUTION Sp. z o.o.;(58)6229080;;
SOLUTION Sp. z o.o.;(58)6229190;;
Soulinvest Sp. z o.o.;(58)6614785;;
Soulinvest Sp. z o.o.;(58)6617596;;
Spółka Audytorsko-Konsultingowa TAX Sp. z o.o. Kancelaria Doradztwa Podatkowego FIN-TAX & HR FIN-TAX;(58)3019600;;
StaffPoland Sp. z o.o.;(022)6533563;;
StaffPoland Sp. z o.o.;(022)6533632;;
STIGMA OFFICE Kancelaria Prawna;668398095;;
STIGMA OFFICE Kancelaria Prawna;(58)5334152;;
Studio HR Małgorzata Mickiewicz;(58)5118050;;
Studio Języków Obcych Eurocenter S.c.;(91)4874586;;
Studio Języków Obcych Eurocenter S.c.;609103838;;
Studio Rozwoju Biznesu Monika Jurzec-Wiercińska;605215920;;
SUENO Anna Tomiczek;(22)2199095;;
Systemy Komunikacji Wizualnej Kamil Roszewski;690013155;;
Szkolenia - Doradztwo Personalne - Rekrutacje Marcin Cisek;600422311;;
Szkolenia - Doradztwo Personalne - Rekrutacje Marcin Cisek;(32)7934120;;
Szkolenia, Doradztwo Personalne, Strategie Rozwoju Paweł Kasprzyk;607336836;;
Szkolenia, Doradztwo Personalne, Strategie Rozwoju Paweł Kasprzyk;(032)2171472;;
Telekadra;(12)3474200;;
Time For Team Sp. z o.o.;(22)8665478;;
Time For Team Sp. z o.o.;(22)8665479;;
TOP-PROJEKT Krzysztof Derbiszewski;(91)8206690;;
TOP-PROJEKT Krzysztof Derbiszewski;608599550;;
TOPTRADE Sztuka Profesjonalnego Handlu;(32)2923995;;
TOPTRADE Sztuka Profesjonalnego Handlu;(32)2923816;;
TQM Training & Consulting Polska Sp. z o.o.;(22)2668064;;
TQM Training & Consulting Polska Sp. z o.o.;(22)2668063;;
Twój Konsulting;602471137;;
UNIQUE SELLING POINT Szkolenia i Doradztwo;608207424;;
Unlimited Group Polska;533993337;;
UNTERER Sp. z o.o.;(71)7939922;;
UNTERER Sp. z o.o.;(71)7939923;;
Usługi Księgowe Danuta Szurdak;(12)6805655;;
Usługi Księgowe Danuta Szurdak;(12)6866747;;
Vesti Sp. z o.o.;602784497;;
Vesti Sp. z o.o.;660805561;;
VIA AGENDI;(22)6161042;;
VIA AGENDI;509755002;;
VINDEX Rychter & Kostański S.c.;(61)6618558;;
VINDEX Rychter & Kostański S.c.;(61)6619800;;
WAKAT Agencja Pośrednictwa Pracy i Doradztwa Personalnego;(22)6727000;;
WAKAT Agencja Pośrednictwa Pracy i Doradztwa Personalnego;(22)6178770;;
Walton Consulting Sp. z o.o.;(22)5470040;;
Walton Consulting Sp. z o.o.;(22)5470001;;
Warto Szkolić;608816943;;
WINSA Dorota Nowakowska;535926949;;
Work Max Doradztwo Personalne i BHP;(34)3735341;;
Work Max Doradztwo Personalne i BHP;(34)3735342;;
Work Support Polska Sp. z o.o.;(77)4746808;;
Work Support Polska Sp. z o.o.;(77)4748926;;
WORK WONDERS Sp. z o.o.;(29)7609490;;
WORK WONDERS Sp. z o.o.;(29)6424020;;
Workcraft - Agencja Pracy Tymczasowej i Doradztwo Kadrowe;(61)8687876;;
Workcraft - Agencja Pracy Tymczasowej i Doradztwo Kadrowe;(61)6624327;;
Worktrans Polska Sp. z o.o.;(61)8222833;;
Worktrans Polska Sp. z o.o.;(61)8222832;;
Wygraj Siebie;602650693;;
Zdrowa Żywność Bezglutenowa;536406557;;
Zespół Ekspertów MANAGER;(12)4232345;;
Zespół Ekspertów MANAGER;(12)4232348;;
