LEHNER Karol Jezioro;(12)2768663;;
LEHNER Karol Jezioro;609100021;;
Mag&Kar Irmina Żurawska;508262006;;
Mag&Kar Irmina Żurawska;515561555;;
PPHU LARION LTD Sp. z o.o.;(32)2557190;;
PPHU LARION LTD Sp. z o.o.;(32)2557160;;
EKO-TRANS Adam Kołodziejczyk;603783812;;
EKO-TRANS Adam Kołodziejczyk;608420676;;
Firma Handlowo-Usługowa TRANSKOP S.c.;(14)6810655;;
Firma Handlowo-Usługowa TRANSKOP S.c.;(14)6810656;;
TCRJ Jakub Janda;605596996;;
TCRJ Jakub Janda;(61)8488479;;
BOGMAR Sp. z o.o.;(52)3817600;;
BOGMAR Sp. z o.o.;(52)3817428;;
MARKOP;502824941;;
Przedsiębiorstwo Cama Sp. z o.o.;(12)4132075;;
Przedsiębiorstwo Cama Sp. z o.o.;502526563;;
RECYKLING Katarzyna Baranowska, Albert Kasprzak;(61)8780260;;
RECYKLING Katarzyna Baranowska, Albert Kasprzak;(61)8780207;;
Auto Service POLITOWICZ;(61)8705072;;
Auto Service POLITOWICZ;601161546;;
GRANI-TEC;505058436;;
PPHiU Wujek Sp.j.;(71)3566708;;
PPHiU Wujek Sp.j.;(71)3593496;;
Centrum Utylizacji i Rekultywacji Sp. z o.o.;512151800;;
EMBER;(24)3620081;;
EMBER;(24)3620632;;
HADES Edyta Korzeniowska;660378307;;
PERFEKT Piekut i Partnerzy S.c.;(68)3828016;;
PERFEKT Piekut i Partnerzy S.c.;601847237;;
Diament s.c.;(55)2782431;;
Diament s.c.;502371008;;
F.H.U. WIERCIAK;(12)2772068;;
F.H.U. WIERCIAK;519141300;;
JAGEZ Firma Transportowo-Usługowa Zdzisław Jagiełło;602257172;;
JAGEZ Firma Transportowo-Usługowa Zdzisław Jagiełło;(42)6468902;;
Krzysztof Ślusarczyk Przedsiębiorstwo Handlowo-Usługowe;602476614;;
Krzysztof Ślusarczyk Przedsiębiorstwo Handlowo-Usługowe;(32)6278144;;
MINEX-Budownictwo i Wyburzenia Sp. z o.o.;(91)4623086-87;;
MINEX-Budownictwo i Wyburzenia Sp. z o.o.;501329934;;
P.W.T.U.H. Trans-Kop S.c. Wysoczański;(61)6524858;;
P.W.T.U.H. Trans-Kop S.c. Wysoczański;601726481;;
PPUH ARGO;509329510;;
Prace Ziemne Damian Kruczek;663746587;;
Ren-Trans Sp. z o.o.;(52)3428740;;
Ren-Trans Sp. z o.o.;(52)3610870;;
ZRB KAROL K.Rutkowski, M.Charkiewicz Sp.j.;667782634;;
ZRB KAROL K.Rutkowski, M.Charkiewicz Sp.j.;603701780;;
ALPINISTA Zakład Usług Wysokościowych;(71)3103873;;
ALPINISTA Zakład Usług Wysokościowych;602234659;;
ANI-BUD Sp. z o.o.;601701690;;
ANI-BUD Sp. z o.o.;(91)4160004;;
Digger Sp. z o.o.;730195452;;
Digger Sp. z o.o.;507020470;;
DUET Firma Handlowo-Usługowa;601646820;;
DUET Firma Handlowo-Usługowa;500205889;;
F.H.U. OMEGA;667211250;;
Millenium S.c.;(71)3928076;;
Millenium S.c.;(71)3928077;;
P.P.U.H. WIBA;(33)8100384;;
P.P.U.H. WIBA;(33)8281300-01;;
SAPER PATROL;(95)7463173;;
SAPER PATROL;692373286;;
STD Dąbrowski Jarosław;504232966;;
TRANS-ZŁOM S.c. Łukasz Czapla, Katarzyna Orman;(32)3309710;;
TRANS-ZŁOM S.c. Łukasz Czapla, Katarzyna Orman;608641671;;
Usługi Budowlane Janusz Nowak;(61)8925195;;
Usługi Budowlane Janusz Nowak;602518275;;
Usługi Ogólno-Sprzętowo-Transportowe, Roboty Drogowe, Żwirownia Teresa Groth;(58)7782767;;
Usługi Ogólno-Sprzętowo-Transportowe, Roboty Drogowe, Żwirownia Teresa Groth;(58)6722454;;
ZARABSKI Wywóz Odpadów;(95)7206407;;
ZARABSKI Wywóz Odpadów;606335841;;
ZIOBRO S.c. Danuta Ziobro, Ryszard Ziobro, Marzena Ziobro-Wróbel, Sylwia Caputa;(32)4471812;;
ZIOBRO S.c. Danuta Ziobro, Ryszard Ziobro, Marzena Ziobro-Wróbel, Sylwia Caputa;608612574;;
ZUH KOMINEK;(32)2232410;;
ZUH KOMINEK;600853025;;
Firma Usługowo-Transportowa STAW-TRANS;513108319;;
ROB-POL;501846891;;
4 BAU Sp. z o.o.;(85)7499993-94;;
4 BAU Sp. z o.o.;(85)7499996;;
AUTO-BAU;791708909;;
BaKaCHEM Sp. z o.o.;(22)6782906;;
BaKaCHEM Sp. z o.o.;602346763;;
Bat-Pol wyburzenia i rozbiórki;575532975;;
BOJAN ROAD Sp. z o.o.;(22)6327898;;
BOJAN ROAD Sp. z o.o.;501221236;;
BUMspec.pl;(71)7197831;;
BUMspec.pl;600993367;;
CLIPBUD;691338325;;
COMPLEX STAL;500503227;;
COMPLEX STAL;530630260;;
Delfin Sp. z o.o.;(41)2651190;;
Delfin Sp. z o.o.;693755553;;
Demolition Scrap Recycling CATARIN Sp. z o.o.;(81)8264096;;
Demolition Scrap Recycling CATARIN Sp. z o.o.;665888222;;
Doradztwo i Projektowanie Prac Wyburzeniowych DE-MONT;(14)6764155;;
Doradztwo i Projektowanie Prac Wyburzeniowych DE-MONT;695926441;;
Drewlax Construction Sp. z o.o.;690312147;;
Drewlax Construction Sp. z o.o.;506058725;;
EKO-MIN S.c.;608375773;;
EKO-TOM Turguła Sp.j.;609107107;;
ENERGOKON-PLUS Sp. z o.o.;(32)2660546;;
ENERGOKON-PLUS Sp. z o.o.;(32)2665994;;
EXPLOSIVE S.c. Oddział Warszawa;(22)4057354;;
EXPLOSIVE S.c. Oddział Warszawa;606417415;;
F.H.U. Rabek;(14)6843441;;
F.H.U. STE-BUD;608743553;;
F.H.U.P. TIM;692186352;;
F.H.U.P. TIM;(18)3522624;;
FH ITOS;(71)3878525;;
FH ITOS;791322777;;
Firma KROLL-BUD;661292929;;
Firma KROLL-BUD;668300836;;
Firma WABUD;602478316;;
Firma WABUD;(32)4518119;;
GAL POL;509230330;;
GAL POL;(12)2804577;;
Global Liberty Enterprises Branch Poland Limited Sp. z o.o.;504354495;;
GREGCZAR Sp. z o.o.;662852528;;
Grupa DMD;607165405;;
GWiRZB Mazur Julian;(32)7801098;;
GWiRZB Mazur Julian;(32)7801108;;
Herkules;514891978;;
HERKULES Usługi Rozbiórkowo-Budowlane Szymon Ostapiuk;(59)8472918;;
HERKULES Usługi Rozbiórkowo-Budowlane Szymon Ostapiuk;505157355;;
InwestDom Katowice Sp. z o.o.;666500200;;
JG JUZYK;(32)7265141;;
JG JUZYK;(32)4729712;;
JMR-TRANS;500490588;;
JMR-TRANS;(22)3579406;;
JUGAL Sp. z o.o.;(32)7265141;;
JUGAL Sp. z o.o.;(32)7930641;;
KALBUD;503487157;;
Karol i Tomasz Janicki Sp.j.;(71)7927060;;
Karol i Tomasz Janicki Sp.j.;(71)7927061;;
KL-Wyburzenia Roboty Ziemne Sp. z o.o.;507604704;;
KONKRET;(22)7200667;;
KONKRET;609457522;;
LAJSBUD;604898600;;
LAJSBUD;(41)3465254;;
LENPOL;605895476;;
LEVIATAN Przedsiębiorstwo Usługowo-Rozbiórkowe Marek Łukowski;(71)3254962;;
LEVIATAN Przedsiębiorstwo Usługowo-Rozbiórkowe Marek Łukowski;605996551;;
LOZOWSCY rozbiórki budynków;(42)6792666;;
LOZOWSCY rozbiórki budynków;604076214;;
MAX-KOP;509709624;;
MEGAKOP Andrzej Pilinoga;(22)6687999;;
MEGAKOP Andrzej Pilinoga;601235286;;
METAL-TRANS Piotr Maraj;(71)3133111;;
MIRHEND;664048170;;
MIRHEND;510117577;;
MODERATOR Sp.komandytowa;(77)4118082;;
MODERATOR Sp.komandytowa;516146628;;
P.H.U.T. Krzysztof Nadobnik;(65)5124920;;
P.H.U.T. Krzysztof Nadobnik;601555823;;
P.P.H.U. JUMAR S.c. Technika Diamentowa;(41)3114747;;
P.P.H.U. JUMAR S.c. Technika Diamentowa;502370436;;
P.P.U.H. URANOS;(32)7196136;;
P.P.U.H. URANOS;664744300;;
P.P.W MAT Jan Matynia;(42)7164413;;
P.P.W MAT Jan Matynia;(42)7162403;;
P.T.B. ŚWIERCZEWSKI;(22)7814140;;
P.T.B. ŚWIERCZEWSKI;(22)3579741;;
P.W. ROBO-KOP;501521028;;
P.W. ROBO-KOP;504446992;;
P.W. SONNENFELD;(56)4648174;;
P.W. SONNENFELD;(56)4649348;;
PGW Polska Grupa Wyburzeniowa Sp. z o.o.;(22)6327898;;
PGW Polska Grupa Wyburzeniowa Sp. z o.o.;500345345;;
PHU MIDAS;603120172;;
PHU MIDAS;605608172;;
PIRO-MAN Zakład Rozbiórkowo-Wyburzeniowy;603090444;;
PIRO-MAN Zakład Rozbiórkowo-Wyburzeniowy;503158604;;
PPHU CLASSIC Sławomir Giża;(52)3531036;;
PPHU CLASSIC Sławomir Giża;508061773;;
PPHU DROP Recykling;(91)8228220;;
PPHU DROP Recykling;609740740;;
PPHU EWE-MAR;603600928;;
PPHU EWE-MAR;(44)7197299;;
PRO-VEKTRA;503166567;;
Przedsiębiorstwo Budowlano-Wyburzeniowe FORTIS;(71)3520899;;
Przedsiębiorstwo Budowlano-Wyburzeniowe FORTIS;(71)3520909;;
Przedsiębiorstwo Budowlano-Wyburzeniowe Grażyna Grabowska;(56)4651053;;
Przedsiębiorstwo Budowlano-Wyburzeniowe Grażyna Grabowska;695032300;;
Przedsiębiorstwo Budownictwa Inżynieryjnego TRANS-ZIEM Zbigniew Jasiewicz;(12)4117087;;
Przedsiębiorstwo Budownictwa Inżynieryjnego TRANS-ZIEM Zbigniew Jasiewicz;(12)4118759;;
Przedsiębiorstwo GRAŃ Sp. z o.o.;(32)6430851;;
Przedsiębiorstwo GRAŃ Sp. z o.o.;(32)6493950;;
Przedsiębiorstwo Handlowo Usługowe Marek Augustynowicz;607245258;;
Przedsiębiorstwo Handlowo-Produkcyjne JAXA-POL Sp. z o.o.;(61)8780205;;
Przedsiębiorstwo Handlowo-Produkcyjne JAXA-POL Sp. z o.o.;(61)8780847;;
Przedsiębiorstwo Techniczno-Usługowe KORAB;(58)7634130;;
Przedsiębiorstwo Techniczno-Usługowe KORAB;501508210;;
PUH MAR-TRANS Katarzyna Zabłocka;(94)3165951;;
PUH MAR-TRANS Katarzyna Zabłocka;(94)3165367;;
PW MAKER;(41)3317874;;
PW MAKER;603890740;;
R-CUT S.c.;693004996;;
R-CUT S.c.;665957681;;
Radbud-Bis Puławy;(81)8879404;;
Radbud-Bis Puławy;(81)4713166;;
RECYKLING Bondyra;(84)5381392;;
RECYKLING Bondyra;(84)5387888;;
SFW Warwas Specjalistyczna Firma Wyburzeniowa;(32)4345607;;
SFW Warwas Specjalistyczna Firma Wyburzeniowa;(32)4751013-14;;
SPEC-MIN;(91)4601434;;
SPEC-MIN;605665170;;
STAL-MET NIECZAJ Sp. z o.o.;(71)3812125;;
STAL-MET NIECZAJ Sp. z o.o.;(71)3812124;;
StemStal;504396802;;
StemStal;500025532;;
TECH-BUD Wyburzenia, Rozbiórki Budynków, Uslugi Brukarskie;660411760;;
TECH-BUD Wyburzenia, Rozbiórki Budynków, Uslugi Brukarskie;(32)4698712;;
TOMTECH Wyburzenia;502074167;;
TOMTECH Wyburzenia;609330809;;
TRANSTAD S.c.;603762730;;
TRANSTAD S.c.;603600191;;
TREE Polska Sp. z o.o.;(22)7574003;;
TREE Polska Sp. z o.o.;(22)7573140;;
Usługi Transportowe Ew-Trans S.c.;(22)8635920;;
Usługi Transportowe Ew-Trans S.c.;602780311;;
Usługi Transportowo Sprzętowe JAN KAMELAK;(42)6717653;;
Usługi Transportowo Sprzętowe JAN KAMELAK;502243164;;
Z.U.H. MEGA-POL;(34)3579077;;
Z.U.H. MEGA-POL;506149170;;
Zakład Budowlano-Rozbiórkowy Jerzy Balcerek;(61)8689392;;
Zakład Budowlano-Rozbiórkowy Jerzy Balcerek;601829353;;
ZRW Łódź Sp.j. Dariusz Zdanowski, Michał Szczytkowski;(42)6491333;;
Żebrowski Henryk Usługi transmsportowe;602747869;;
Żebrowski Henryk Usługi transmsportowe;606228903;;
BAL-KOP S.c.;510552072;;
BAL-KOP S.c.;511878499;;
BANBUD Bandyszewski Ryszard;601787273;;
BANBUD Bandyszewski Ryszard;600345348;;
Explosive S.c. Transport Morski i Śródlądowy;(58)3090094;;
Explosive S.c. Transport Morski i Śródlądowy;606900139transportwodny;;
INARO;731065645;;
Spółdzielnia Usługowo-Handlowa w Rokitkach Tadeusz Labuda;606608530;;
Spółdzielnia Usługowo-Handlowa w Rokitkach Tadeusz Labuda;511865646;;
Usługi Koparko-Ładowarką, Koparka Michał Suwalak;790401067;;
102 PATROL Bogdan Jaster;501450960;;
Agencja RAKI;(81)7451155;;
Agencja RAKI;606443098;;
AGMA-KOP;608754236;;
AKPE GROUP Sp. z o.o.;697847395;;
AKT Kazimierz Tomala;601938260;;
ALPIN-BUD Zenon Hałabis;600832094;;
ALPIN-BUD Zenon Hałabis;604185066;;
AN-TRANS;505173563;;
ARHEN;(22)7240462;;
ARHEN;608041602;;
ARTKOP;669969133;;
AUTO-TRANS HUBERTUS Hubert Holik;604918867;;
AUTO-TRANS HUBERTUS Hubert Holik;(32)4401396;;
AWT Building Sp. z o.o.;515251256;;
AWT Building Sp. z o.o.;(33)4961984;;
BETON ATAK M&D Łukaszewicz;602439366;;
BETON ATAK M&D Łukaszewicz;609472577;;
BETON-BRUK PHU;606516816;;
BIENIEK Roboty Ziemne i Wyburzeniowe;602364933;;
BIENIEK Roboty Ziemne i Wyburzeniowe;(33)8173174;;
BIG-KOP;668789794;;
BIURO INŻYNIERSKIE Arkadiusz Peremicki;884907259;;
BOB-KOP;606413871;;
BORR Kupiński Krzysztof;609190187;;
BORR Kupiński Krzysztof;609950187;;
BUB-MAX Firma Handlowo-Budowlano-Usługowa;602612309;;
BUD-MIR & DOM-MIR Sp.j.;791111666;;
BUD-MIR & DOM-MIR Sp.j.;502650460;;
BUD-RAF;506135519;;
BUD-REX Michał Zieliński;501389544;;
BUD-TRANS;604107389;;
BUD-TRANS;606283489;;
Budownictwo Drogowe BUDAR Sp. z o.o.;(41)3739471-74;;
Budownictwo Drogowe BUDAR Sp. z o.o.;(41)3739476;;
CAT-BUD Leon Rosik;886637876;;
CAT-BUD Leon Rosik;(22)7838918;;
CEMBUD Sp. z o.o.;(82)5632787;;
Cevamit;(12)6586243;;
Cevamit;601742929;;
COMPLEX BUD Sp. z o.o.;(14)6440240;;
COMPLEX BUD Sp. z o.o.;(14)6440241;;
CONTEX Sp. z o.o.;(61)6566935;;
CZYSTOŚĆ Sp.j. Szpańscy Jerzy, Jacek, Dawid;(22)7877570;;
CZYSTOŚĆ Sp.j. Szpańscy Jerzy, Jacek, Dawid;(22)7999487;;
DAMAR Harald Bussek;(32)2303462;;
DAMAR Harald Bussek;788990193;;
DAVI Mirosław Stasiulewicz;600437927;;
De Kreij Polska Sp. z o.o.;(61)8671429;;
DELTA;502412111;;
DELTA;(81)8816900;;
Developer i Recykling Sp. z o.o.;(32)3761610;;
Developer i Recykling Sp. z o.o.;(32)3761011;;
Domar;(94)3163562;;
Domar;(94)3160941;;
DROG-BUD Usługi Budowlane;(13)4364937;;
DROG-BUD Usługi Budowlane;510146845;;
DS INVEST Dominik Szumski;698498866;;
DS INVEST Dominik Szumski;(91)3070606;;
DSBUD Sp. z o.o.;(12)2760108;;
DSBUD Sp. z o.o.;791012132;;
EKO GRAND;(34)3142553;;
EKO GRAND;608366394;;
EKO-GRUZ;509522220;;
EKO-GRUZ;506733141;;
Eksploatacja Kruszywa Naturalnego Jan Formella;602632639;;
Eksploatacja Kruszywa Naturalnego Jan Formella;503122285;;
EL-KOP;(58)6214970;;
EL-KOP;(58)5528382;;
eM-Tech Sp. z o.o.;(56)6452040;;
eM-Tech Sp. z o.o.;(56)6451903;;
Energopol-Trade-Tarnobrzeg Sp. z o.o.;(15)8233978;;
Energopol-Trade-Tarnobrzeg Sp. z o.o.;512033701;;
ESTA Szczepan Tadeusiak;604184913;;
ESTA Szczepan Tadeusiak;(22)7516993;;
Euro-BUD;503041456;;
Euro-BUD;(91)3282032;;
Euro-Bud Zbigniew Godzisz, Tomasz Godzisz;(14)6702409;;
Euro-Bud Zbigniew Godzisz, Tomasz Godzisz;532193527;;
EURO-PROJEKT;(71)3280550;;
EURO-PROJEKT;601417886;;
EURO-TRANS-BUD Sp. z o.o.;601955745;;
EUROKOP;691943816;;
EUROLOGIC;608725488;;
EUROLOGIC;606234700;;
F.H.U. MICH-KOP;605546802;;
F.H.U. PROFI-BUD AG Jerzy Kleśta;602311702;;
F.H.U. PROFI-BUD AG Jerzy Kleśta;604124106;;
F.H.U. SYLMAK;660784376;;
F.T.H.U. NOWA 3 Usługi Remontowo-Budowlane;(32)3823122;;
F.T.H.U. NOWA 3 Usługi Remontowo-Budowlane;(32)6307295;;
F.U. DYNAMIT Krzysztof Falandysz;(24)2629459;;
F.U. DYNAMIT Krzysztof Falandysz;605837580;;
F.U.H.P. TRANSKOP;(33)8732366;;
F.U.H.P. TRANSKOP;693727856;;
F.U.H.P. TRANSKOP;(33)8732366;;
F.U.H.P. TRANSKOP;693727856;;
FABER I SPÓŁKA Sp.j.;(32)2706400;;
FABER I SPÓŁKA Sp.j.;(32)7218716;;
FADROZIEM;(12)6386053;;
FADROZIEM;501410659;;
Fast Kraków Sp. z o.o. Sp.komandytowa;(12)6478991;;
FHU ALLAN Kamil Pieczonka;504169156;;
FHU ALLAN Kamil Pieczonka;501674752;;
FHU FLOS Leszek Flos;(33)8165051;;
FHU FLOS Leszek Flos;509402985;;
FHU FOR-DACH;694349355;;
FHU KRZYCHO;604327754;;
FILIP S.c. Ewa Ciepła, Radosław Pawiłojć;(71)3494596;;
FILIP S.c. Ewa Ciepła, Radosław Pawiłojć;512225252;;
Firma Budowlana MOLDOM Marcin Muc;601424051;;
Firma Budowlana TRANS-MATEX;507189274;;
Firma Budowlana TRANS-MATEX;507189271;;
Firma Handlowo Usługowa AGRON Monika Jurczak;601301841;;
Firma Instalacji Sanitarnej POLAN Sp. z o.o.;(34)3591515;;
Firma Instalacji Sanitarnej POLAN Sp. z o.o.;(34)3591082;;
Firma Jan Opolka;501445411;;
Firma JARBUD Jarosław Czosnyka;(14)6788195;;
Firma JARBUD Jarosław Czosnyka;509524662;;
Firma Transportowo-Handlowo-Usługowa Paweł Basa;(41)2652372;;
Firma Transportowo-Handlowo-Usługowa Paweł Basa;607581924;;
Firma Transportowo-Usługowo-Produkcyjna DARBAGOS Sp. z o.o.;146530720;;
Firma Usługowo Handlowa STAR-KOP Urbańczyk;(12)2800002;;
Firma Usługowo Handlowa STAR-KOP Urbańczyk;602351281;;
Firma Usługowo-Handlowa FACHMAN S.c. Dorota i Jerzy Kawaler;(12)6440173;;
Firma Usługowo-Handlowa FACHMAN S.c. Dorota i Jerzy Kawaler;501196382;;
Firma Usługowo-Handlowa Marek Kwiatkowski;(18)4432784;;
Firma Usługowo-Handlowa Marek Kwiatkowski;664059860;;
FUHB STAKOPBUD;785858464;;
FUHB STAKOPBUD;785200201;;
FULKO Krzysztof Staniec;530742936;;
FULKO Krzysztof Staniec;795702687;;
FUMAR;(33)8119127;;
FUMAR;(33)8119129;;
GEOPROFIT Joanna Ćwioro;721201721;;
GEOPROFIT Joanna Ćwioro;(68)3853913;;
Golmat Mateusz Gmiński;(91)3860342;;
Golmat Mateusz Gmiński;600357413;;
GRAND-BUD Paweł Owczarczak Usługi Brukarskie;787249406;;
GRAVPOL;(56)4659342;;
GRAVPOL;791079788;;
Green Service;789353541;;
Green Service;504447845;;
GruntBudowa S.c.;(12)2910264;;
GruntBudowa S.c.;(12)2910256;;
Grupa EURO-SORT;(12)4192626;;
Grupa EURO-SORT;506500646;;
Gruzownik;603600600;;
GTW DREKAR Żwirownia Rokitki;(58)5311561;;
GTW DREKAR Żwirownia Rokitki;(58)5311683;;
GUTBRUK;604959396;;
GUTBRUK;660671727;;
Hadson Sp. z o.o. Sp.komandytowa;501153850;;
Hadson Sp. z o.o. Sp.komandytowa;608760517;;
HDPU KRAWCZYK;(61)4274201;;
HDPU KRAWCZYK;(61)4257596;;
INTERBUD;508268244;;
INTERBUD;692044373;;
Jacek Kubik;737528512;;
JAEKEL-BUD-TECH Sp. z o.o.;(32)2499193;;
JAEKEL-BUD-TECH Sp. z o.o.;(32)2499177;;
JAN FAMILIEN TRANS Transport Ciężarowy, Usługi Ziemne Jan Wiercik;600939523;;
JAN FAMILIEN TRANS Transport Ciężarowy, Usługi Ziemne Jan Wiercik;606305504;;
JANA Sp. z o.o.;781975649;;
JANA Sp. z o.o.;609887050;;
JARMET;(13)4489096;;
Jarpol;691981271;;
JM&TRANS Usługi Transportowo-Ziemne;515100979;;
Junior S.c. Mieczysław i Andrzej Seneszyn;(75)7325515;;
Junior S.c. Mieczysław i Andrzej Seneszyn;603913748;;
JW ALFA;505355378;;
KOLMAR;514489075;;
Kompleksowe Usługi Ziemne PROK-BUD;516192159;;
Kompleksowe Usługi Ziemne PROK-BUD;605535954;;
KOMPREM S.c. Usługi Remontowo Budowlane;(22)7235645;;
KOP-TRANS;605760240;;
KOPPOL;(71)3177287;;
KOPPOL;607608259;;
KRECIK Usługi Koparką;509213512;;
KRITA Sp. z o.o.;(71)3224733;;
KRITA Sp. z o.o.;(71)3224832;;
Langpol;602664984;;
Langpol;(22)8126317;;
Łępecki & Matuszczak Sp.j.;601701037;;
Łępecki & Matuszczak Sp.j.;601157158;;
M-BUD Roboty Ziemne i Wyburzeniowe;502330015;;
Makowski Budownictwo Sp. z o.o.;512017536;;
Makowski Budownictwo Sp. z o.o.;(22)8127376;;
MARBUD Remonty-Budownictwo-Wyposażenie Sp. z o.o.;(33)8753104;;
MARBUD Remonty-Budownictwo-Wyposażenie Sp. z o.o.;515232770;;
Maxus Sp. z o.o. Sp.komandytowa;(12)4105000;;
Maxus Sp. z o.o. Sp.komandytowa;(12)4105001;;
MetZłom Sp.j.;(59)8457071;;
MetZłom Sp.j.;509670793;;
MGMK Sp. z o.o.;(58)6920078;;
Miner-PBG Sp. z o.o.;(22)8112536;;
MIX BUD;609501659;;
MM POŁUDNIE Sp. z o.o.;(33)8104376;;
MM POŁUDNIE Sp. z o.o.;600253653;;
MOL-GRYF;(76)8339657;;
MOL-GRYF;603117392;;
MORPOL-ZAWIŚLE;(54)2371463;;
Mr Łoś Sp. z o.o.;(12)2964320;;
Mr Łoś Sp. z o.o.;795541284;;
MUR-MAN Sp.j. Rutkowski- Trzecki;(52)3183139;;
OLMET Sp. z o.o. Sp.komandytowa;(32)7683213;;
OLMET Sp. z o.o. Sp.komandytowa;(32)7683219;;
P.H.U. FRAMIKOP;604081182;;
P.H.U. FRAMIKOP;602868866;;
P.H.U. HEDO;(61)8798322;;
P.H.U. HEDO;507047090;;
P.H.U. INSIDE;(25)7593505;;
P.H.U. MANEX-BIS;608324114;;
P.H.U. Marex;(32)3482435;;
P.H.U. Marex;(32)2495429;;
P.H.U. SPUREK;(41)3680666;;
P.H.U. SPUREK;(41)3450865;;
P.H.U.T. EP,a;(62)7257129;;
P.H.U.T. EP,a;(62)7254237;;
P.P.H.U. Jerzy Kołodziejczyk;601362502;;
P.P.H.U. Jerzy Kołodziejczyk;603123753;;
P.P.H.U. SAS-TRANS-POL;(22)7558783;;
P.P.H.U. SZEWBUD;(52)3574523;;
P.P.H.U. SZEWBUD;602159394;;
P.U. KAGRA INSTAL Kazimierz Graszek;602313537;;
P.U. KAGRA INSTAL Kazimierz Graszek;604873574;;
P.U.H. CYNK S.c. Edward Cynka i wspólnicy;(61)2836881;;
P.U.H. CYNK S.c. Edward Cynka i wspólnicy;601398751;;
P.U.H. TRANSMON;502222111;;
P.U.H. TRANSMON;501299778;;
P.W. Marbud;519796715;;
P.W. STABUD Stanisław Grzegrzułka;602287218;;
PAJZERT-INSTAL Zbigniew Pajzert;667616824;;
PALTRANS Usługi Transportowe Jacek Paluch;601543848;;
PHU Krusz-Trans Wacław Pecio;(81)8811634;;
PHU MJOLNIR;515455169;;
PHU TORMEX;500388805;;
PHU TORMEX;605276590;;
PIKOMAR Marek Borkowski;504140065;;
PIOMAR;604771521;;
PMS BARTNICKI;(22)7878530;;
POPIELSAN & CHATKA TROLLA;508332579;;
POPIELSAN & CHATKA TROLLA;793931251;;
PORT-SERWIS Sp. z o.o.;(91)3277222;;
PORT-SERWIS Sp. z o.o.;725707703;;
Pośrednictwo Handlowe JACARS Jacek Piotrowski;690419520;;
PROFIDIAM;788344086;;
PROJEKT-METAL Sp. z o.o.;(74)6683190;;
PROJEKT-METAL Sp. z o.o.;601866277;;
Przedsiębiorstwo Inżynieryjno-Drogowe DUR-FAN;(71)3542086;;
Przedsiębiorstwo Inżynieryjno-Drogowe DUR-FAN;(71)3542580;;
Przedsiębiorstwo Przerobu Złomu Metali SEGROMET Sp. z o.o.;(25)7872771;;
Przedsiębiorstwo Przerobu Złomu Metali SEGROMET Sp. z o.o.;(25)7872750;;
Przedsiębiorstwo Sprzętowo Transportowe TRANSFADROM;(61)8700805;;
Przedsiębiorstwo Sprzętowo Transportowe TRANSFADROM;(61)8700837;;
Przedsiębiorstwo Usługowo-Handlowe TRANS-SPRZĘT;502547119;;
Przedsiębiorstwo Wielobranżowe Bactrans;(71)3175721;;
Przedsiębiorstwo Wielobranżowe Bactrans;510148472;;
Przedsiębiorstwo Wydobywczo-Drogowe Żwirbud Tadeusz Podoliński;(85)7493240;;
Przedsiębiorstwo Wydobywczo-Drogowe Żwirbud Tadeusz Podoliński;600410915;;
PW MIKSYL;(32)7683539;;
PW MIKSYL;601862761;;
PW PETRA Koparki;(61)4274719;;
PW PETRA Koparki;501608965;;
R-BUD Szymon Ruciński;502325627;;
R-BUD Szymon Ruciński;(46)8748033;;
RECSTAL S.c.;663327211;;
RECSTAL S.c.;728820676;;
REGKOP;691364770;;
Rent2Rent;696690990;;
Rent2Rent;696696014;;
ROBO-TRANS Grzegorz Zapała;604849831;;
Roboty Ziemne;501658407;;
Roboty Ziemne;501658131;;
Roboty Ziemne KAMPA;602396338;;
Roboty Ziemne KAMPA;661980690;;
ROBOTY ZIEMNE Maria Walczak;603582086;;
Roboty Ziemne Piotr Patela;508385029;;
Roboty Ziemne Rafał Wierczyński;880417327;;
Roboty Ziemne URBANEK;661257444;;
Roboty Ziemne Usługi Transportowe Andrzej Pieńkowski;(22)7812116;;
Roboty Ziemne Usługi Transportowe Andrzej Pieńkowski;501129882;;
ROMBUD Firma Budowlana;502313613;;
ROMBUD Firma Budowlana;(61)8115242;;
Safework Sp. z o.o.;(71)3605916;;
SAPER Przedsiębiorstwo Usługowe;(32)4946548;;
SAPER Przedsiębiorstwo Usługowe;(32)2110881;;
SCRAPERS;500501501;;
SCRAPERS;501500501;;
SPEC-BUD Krzysztof Górczyński;(22)7743547;;
SPEC-BUD Krzysztof Górczyński;602261406;;
SPECBAU Roboty Ziemne i Wyburzeniowe;(71)3557754;;
SPECBAU Roboty Ziemne i Wyburzeniowe;500234840;;
SPEED-BUD;696473251;;
STA-POL Przemysław Stachowiak;793512396;;
Stanbud Sp. z o.o.;609948165;;
Stanbud Sp. z o.o.;723484201;;
START Andrzej Gołębiewski;506405330;;
STEF-KOP Stefan Chełstowski;(22)7836889;;
STEF-KOP Stefan Chełstowski;601258248;;
SUPER KOPARKA;513716997;;
ŚWIDER;608338888;;
ŚWIDER;502261429;;
TAD-BUD Sp. z o.o.;(14)6340916;;
TAD-BUD Sp. z o.o.;(14)6743629;;
TADKOP;602471030;;
TOM-BUD Constructions;501859220;;
TOM-BUD Constructions;506540544;;
TOM-KRIS Krzysztof Tomczyk;668485959;;
Tornar Polska Sp. z o.o.;(71)3442300;;
TRANS-BUD HARAZIŃSKI;517737393;;
TRANS-BUD HARAZIŃSKI;505028204;;
Trans-Budowa S.c.;(89)7510180;;
Trans-Budowa S.c.;601205699;;
TRANS-KRUSZ P.W.R.Witold Makuła;666599555;;
TRANS-MECH Łukasz Gunerka;609222120;;
Transport Ciężarowy FRAIND Żwirownia;600160102;;
Transport Ciężarowy FRAIND Żwirownia;604470817;;
TRANSTOL;(58)6714606;;
TRANSTOL;501609834;;
Usługi Dźwigowo-Transportowe Roman Łużyński;(91)5791193;;
Usługi Dźwigowo-Transportowe Roman Łużyński;(91)4662490;;
Usługi Koparko Ładowarką i Transportowe;604257447;;
Usługi Koparko-Ładowarką Andrzej Siekierka;501167621;;
Usługi Koparko-Ładowarką G.W. Lisak;697971093;;
Usługi Koparko-Ładowarką Górkiewicz Jarosław;502217305;;
Usługi Koparko-Ładowarką MIREX;660596991;;
Usługi Koparko-Ładowarką Tomasz Długołęcki;508341172;;
Usługi Koparko-Ładowarką Tomasz Długołęcki;502172407;;
Usługi Transportowe Milewski Michał;603084977;;
Usługi Transportowe Milewski Michał;793331193;;
Usługi Transportowe Roboty Ziemne i Drogowe Bednarski Marek;602494653;;
Usługi Transportowe Roboty Ziemne i Drogowe Bednarski Marek;733910630;;
Usługi Transportowe Sprzętowo-Handlowe BOGUCKI;501219813;;
Usługi Transportowe Sprzętowo-Handlowe BOGUCKI;501219885;;
Usługi Transportowe Tomasz Salachna;501056464;;
Usługi Transportowe, Budowlane i Drogowe Ireneusz Ziemiecki;(23)6931753;;
Usługi Transportowe, Budowlane i Drogowe Ireneusz Ziemiecki;501433206;;
UXO;722002242;;
UXO;(14)6764155;;
VICTORIA;(32)2312222;;
VICTORIA;502315924;;
WEG-BET;(22)8389071;;
WĘGLOTRANS S.c. Piotr Witecki, Aleksandra Mazurczak;(68)3882903;;
WĘGLOTRANS S.c. Piotr Witecki, Aleksandra Mazurczak;608352482;;
Wizaż-Bud;512448138;;
WozimyPiasek.pl;606116823;;
Z.P.H.U. Remonty Budowlane Sługocki Waldemar;(71)3493034;;
Z.P.H.U. Remonty Budowlane Sługocki Waldemar;502208998;;
Z.P.U.H. Sprzęt-Bud Sosnowicz Kazimierz;(44)6354306;;
Z.P.U.H. Sprzęt-Bud Sosnowicz Kazimierz;(44)6176508;;
ZAKŁAD BUDOWLANY JACEK MIKOŁAJCZAK;(23)6743629;;
Zakład Sprzętowo-Transportowy S.c.;(32)4224799;;
Zakład Sprzętowo-Transportowy S.c.;605670351;;
Zakład Transportowo-Budowlany Włodzimierz Sulkowski;(24)3668656;;
Zakład Usługowo-Budowlany KOBUD;698624218;;
Zakład Usługowo-Handlowy Andrzej Lewandowski;(48)6752868;;
Zakład Usługowo-Handlowy Andrzej Lewandowski;502397247;;
ZUHP ŚWISTRANS Marek Świst;601969727;;
ZUHP ŚWISTRANS Marek Świst;601969717;;
