DOM RECYKLINGU Sp. z o.o.;601555339;;
DOM RECYKLINGU Sp. z o.o.;609632266;;
e-Recykling Sp. z o.o.;(62)7425152;;
e-Recykling Sp. z o.o.;503002140;;
HERMES RECYCLING Sp. z o.o.;(85)6643885;;
HERMES RECYCLING Sp. z o.o.;(85)6643886;;
PERFEKT Piekut i Partnerzy S.c.;(68)3828016;;
PERFEKT Piekut i Partnerzy S.c.;601847237;;
Wtórplast - Recykling Jerzy Jabłoński;(61)8939246;;
Wtórplast - Recykling Jerzy Jabłoński;(61)8939247;;
AGD RTV Utylizacja i Recycling P.P.H.U. POLBLUME;(22)7273587-zakładutylizacji;;
AGD RTV Utylizacja i Recycling P.P.H.U. POLBLUME;(22)7569661-biuro;;
Centrum Recyklingu EKO-MAX Makowski, Szymkiewicz Sp.j.;(95)7415471;;
Centrum Recyklingu EKO-MAX Makowski, Szymkiewicz Sp.j.;601857328;;
EUROBAC Organizacja Odzysku Opakowań S.A.;(52)5640505;;
EUROBAC Organizacja Odzysku Opakowań S.A.;(52)5640509;;
F.U.H. HOLDMAR Szymański Sławomir;601242226;;
F.U.H. HOLDMAR Szymański Sławomir;(22)7890635;;
ŁUKAPATR - Prasa, Schredder, Rozdrabniarki do Recyclingu;602300646;;
PPH BOMAX Zakład Przetwórstwa Tworzyw Sztucznych;(46)8622484;;
PPH BOMAX Zakład Przetwórstwa Tworzyw Sztucznych;(46)8622527;;
PPHU ERGPET Sp. z o.o.;(14)6806308;;
PPHU ERGPET Sp. z o.o.;(14)6926516;;
Wastes Service Group Sp. z o.o. i Wspólnicy Sp.k.;(71)7887077;;
Wastes Service Group Sp. z o.o. i Wspólnicy Sp.k.;(71)7887078;;
AMS METAL Sp. z o.o.;(32)6091331;;
AMS METAL Sp. z o.o.;(32)6091332;;
ARTGLAS Recykling;(68)3604127;;
ARTGLAS Recykling;(68)4129843;;
EDELMET Sp. z o.o.;(32)2556111;;
F.P.H.U. BŁACHUT;(33)8601072;;
F.P.H.U. BŁACHUT;508379910;;
GLOB-TERM S.c.;(91)4868686;;
GLOB-TERM S.c.;601872410;;
Hamburger Recycling Polska Sp. z o.o.;(77)4414448;;
Hamburger Recycling Polska Sp. z o.o.;(77)4414449;;
KAT-RECYKLING Sp. z o.o.;889064306;;
KAT-RECYKLING Sp. z o.o.;534994306;;
KOLTEX Sp. z o.o.;(17)2273682;;
KOLTEX Sp. z o.o.;(17)2274444;;
Medien Partner Recykling Dariusz Bogdański;(22)7256256;;
Medien Partner Recykling Dariusz Bogdański;885858884;;
Zakład Wtórnego Obrotu Zużytym Ogumieniem;(74)8559585;;
Zakład Wtórnego Obrotu Zużytym Ogumieniem;601081114;;
BATERPOL S.A.;(32)7792000;;
BATERPOL S.A.;(32)7792009;;
DISONI Trade House Sp. z o.o.;(22)7752392;;
DISONI Trade House Sp. z o.o.;(22)7757975;;
P.H.U. KRYGIER;501286176;;
P.H.U. KRYGIER;(33)8119144;;
WEGA MIKOŁÓW Sp. z o.o. Sp.komandytowa;(32)7384328;;
WEGA MIKOŁÓW Sp. z o.o. Sp.komandytowa;(32)7384329;;
ABR Sp. z o.o. Oddział Pszczyna;(32)4475626;;
ABR Sp. z o.o. Oddział Pszczyna;604319462;;
Adam Rzepecki Opał i Złom;(23)6923358;;
Adam Rzepecki Opał i Złom;695747573;;
ADAT Auto-Eko-Service;(68)3275781;;
ADAT Auto-Eko-Service;(68)3214067;;
Centrum Produkcji i Logistyki Opakowań ECO-PAL;509778940;;
Centrum Produkcji i Logistyki Opakowań ECO-PAL;512057308;;
Centrum Recyklingu Palet WOPAL Sp. z o.o.;(55)2358088;;
Centrum Recyklingu Palet WOPAL Sp. z o.o.;(55)2366145;;
ELANA PET Sp. z o.o.;(56)6561517;;
ELANA PET Sp. z o.o.;(56)6562965;;
F.U.H. AL-EKO Aniela Reiske;(94)3470843;;
F.U.H. AL-EKO Aniela Reiske;(94)3470848;;
Instytut Metali Nieżelaznych w Gliwicach Oddział w Legnicy;(76)8505500;;
Instytut Metali Nieżelaznych w Gliwicach Oddział w Legnicy;(76)8505501;;
Logo Group Sp. z o.o. Sp.komandytowa;(32)2712621;;
Logo Group Sp. z o.o. Sp.komandytowa;733987272;;
NAJLON Zakład Tworzyw Sztucznych;(54)2845064;;
NAJLON Zakład Tworzyw Sztucznych;(54)2845424;;
P.P.U. TORKONSTAL Sp. z o.o.;(77)4362057;;
P.P.U. TORKONSTAL Sp. z o.o.;605360925;;
Plastrecycling - granulaty tworzyw sztucznych;608350765;;
Plastrecycling - granulaty tworzyw sztucznych;(71)3400297;;
Rekopol Organizacja Odzysku S.A.;(22)4367830-33;;
Rekopol Organizacja Odzysku S.A.;(22)4367834;;
REMONDIS Electrorecycling Sp. z o.o.;(22)7556224;;
REMONDIS Electrorecycling Sp. z o.o.;(22)2050406;;
Sanit-Trans Sp. z o.o.;(33)8157974;;
Sanit-Trans Sp. z o.o.;(33)8145912;;
Scholz Polska Sp. z o.o.;(32)3687700;;
Scholz Polska Sp. z o.o.;(32)2673340;;
SoftPlast;(63)2458937;;
SoftPlast;504292821;;
TRANSDŹWIG Zawadzcy Sp.j.;(87)6431060;;
ALKOM Firma Komunalno-Porządkowa;(61)2247100;;
ALKOM Firma Komunalno-Porządkowa;(61)2247221;;
DataBank Sp. z o.o.;(22)7599660;;
DataBank Sp. z o.o.;(22)7289342;;
ECO-PROJEKT Konrad Bulanda;(58)7657272;;
ECO-PROJEKT Konrad Bulanda;(58)7657273;;
EKO-JUMIR Sp. z o.o.;(32)7637454;;
EKO-JUMIR Sp. z o.o.;784918685;;
Eko-Partner Bogusław Popko;(85)7402131;;
Eko-Partner Bogusław Popko;725724725(wymianakontenera);;
Eko-Wtór Sp. z o.o.;(33)8457271;;
Eko-Wtór Sp. z o.o.;(33)8459018;;
EKOLOGIKA;692424367;;
EKOLOGIKA;535412451;;
EKOMER K.Wróblewska Sp.j.;(56)6585855;;
EKOMER K.Wróblewska Sp.j.;(56)6548998;;
FUREX PHU;601369869;;
FUREX PHU;(48)6271176;;
GPK-SITA Głogów Sp. z o.o.;(76)7265656;;
GPK-SITA Głogów Sp. z o.o.;(76)7265666;;
Lidmann & Megger;(52)5836155;;
Lidmann & Megger;(52)5836154;;
Miejski Zakład Oczyszczania w Pruszkowie Sp. z o.o.;(22)7594552;;
Miejski Zakład Oczyszczania w Pruszkowie Sp. z o.o.;(22)7595616;;
Partner Holding Sp. z o.o. Oddział MADRO Wrocław;(71)3363639;;
Partner Holding Sp. z o.o. Oddział MADRO Wrocław;(71)3111187;;
PHU MAKSUR;(42)6484150;;
PHU MAKSUR;(42)6488577;;
PIAP Przemysłowy Instytut Automatyki i Pomiarów;(22)8740164;;
PIAP Przemysłowy Instytut Automatyki i Pomiarów;(22)8740221;;
Przedsiębiorstwo Zaopatrzeniowe MARK-POL;(56)6890700;;
Przedsiębiorstwo Zaopatrzeniowe MARK-POL;(56)6890704;;
REMONDIS Tarnowskie Góry Sp. z o.o.;(32)2854618;;
REMONDIS Tarnowskie Góry Sp. z o.o.;(32)2852056;;
SIPEKO Sp. z o.o.;(16)6213571;;
SIPEKO Sp. z o.o.;(16)6231013;;
Stabilizacja Gruntu WIBRA Recycling Czesław Pierzchała;(12)2706557;;
Stabilizacja Gruntu WIBRA Recycling Czesław Pierzchała;694431797;;
STALMOR;(58)6838592;;
STALMOR;664410786;;
STOP CO2 Sp. z o.o. Sp.komandytowa;692424300;;
STOP CO2 Sp. z o.o. Sp.komandytowa;692483483;;
Zakład Ślusarski Przetwórstwo Tworzyw Sztucznych Sp.j. Feliks Gajos, Bolesław Dutkiewicz;(77)4358813;;
Zakład Ślusarski Przetwórstwo Tworzyw Sztucznych Sp.j. Feliks Gajos, Bolesław Dutkiewicz;(77)4352961;;
BARTPOL;(41)3871211;;
BARTPOL;602475049;;
DTJ Sp. z o.o.;(61)6731148;;
DTJ Sp. z o.o.;(61)4448425;;
ECO-SERVICE S.c. Oddział Bytom;(32)7202889;;
ECO-SERVICE S.c. Oddział Bytom;(32)7206531;;
ECOSYSTEM Sp. z o.o.;(84)6641562;;
EKO-REGION Sp. z o.o.;(44)6330815;;
EKO-REGION Sp. z o.o.;(44)6330819;;
EKOPUSTE Marcin Rola Zakład Przetwarzania Sprzętu Elektrycznego i Elektronicznego;(32)7001200-02;;
EKOPUSTE Marcin Rola Zakład Przetwarzania Sprzętu Elektrycznego i Elektronicznego;507240907;;
F.P.H.U. ALMET;(33)8544037;;
F.P.H.U. ALMET;600872849;;
FEB-EKO Sp. z o.o.;516195423;;
FEB-EKO Sp. z o.o.;508094019;;
Geotrade Sp. z o.o.;(71)7921503;;
Geotrade Sp. z o.o.;(71)7921505;;
IWS Sp. z o.o.;792435577;;
IWS Sp. z o.o.;605047962;;
JAGAN Jacek Kalinowski;(58)6715791;;
JAGAN Jacek Kalinowski;602443214;;
JAKMAR Mariusz Jakubaszek;(22)4995822;;
JAKMAR Mariusz Jakubaszek;(22)4995823;;
JD HYDRO Janusz Dąbrowski;609909117;;
JULNET;502062263;;
JULNET;(61)2913221;;
K. Schroeder Polska Sp. z o.o.;(68)3760300;;
K. Schroeder Polska Sp. z o.o.;(68)3760333;;
KLUTHE POLAND Sp. z o.o.;(48)6635552;;
KLUTHE POLAND Sp. z o.o.;(48)6635305;;
MERKURY Goławski Sp.j.;(83)3443992;;
MERKURY Goławski Sp.j.;(83)3425386;;
OSTRÓDA Recycling;(89)6422651;;
OSTRÓDA Recycling;501641976;;
P.M.S. KAMA Drąg Kazimierz;(17)8517017;;
P.M.S. KAMA Drąg Kazimierz;604525676;;
PATREX Poland Import-Export;(55)2342757;;
PATREX Poland Import-Export;(55)2341056;;
Przedsiębiorstwo Techniczno-Handlowe PESTAR www.pestar.net;(58)5601909;;
Przedsiębiorstwo Techniczno-Handlowe PESTAR www.pestar.net;606611721;;
Skup i Sprzedaż Złomu STARMET M.Buszko, K.Parnowski Sp.j.;(91)5791007;;
Skup i Sprzedaż Złomu STARMET M.Buszko, K.Parnowski Sp.j.;(91)4662362;;
T.M.T. - PLAST S.c. Tadeusz, Mariusz, Tomasz Gurtman;(34)3697160;;
Zakład Handlowo-Usługowy WELTMAR S.c. Tadeusz Foltyn, Małgorzata Gmyrek;(33)8125479;;
Zakład Handlowo-Usługowy WELTMAR S.c. Tadeusz Foltyn, Małgorzata Gmyrek;502507188-189;;
ZARABSKI Wywóz Odpadów;(95)7206407;;
ZARABSKI Wywóz Odpadów;606335841;;
ZIOBRO S.c. Danuta Ziobro, Ryszard Ziobro, Marzena Ziobro-Wróbel, Sylwia Caputa;(32)4471812;;
ZIOBRO S.c. Danuta Ziobro, Ryszard Ziobro, Marzena Ziobro-Wróbel, Sylwia Caputa;608612574;;
ZLOMUJ.PL Autorecykling Rafał Lokwenc;516020516;;
ZLOMUJ.PL Autorecykling Rafał Lokwenc;516990345;;
WTÓR-STEEL Sp. z o.o.;(15)8135739;;
WTÓR-STEEL Sp. z o.o.;(15)8135769;;
ECO-SERVICE S.c. Oddział Żarów;(74)6622085;;
ARTVINYL-POL Sp. z o.o.;(33)8709714;;
ARTVINYL-POL Sp. z o.o.;(33)8763695;;
Ecotrade Group Poland Sp. z o.o.;799299400;;
Papirus Recykling;696995990;;
Papirus Recykling;604971930;;
ACME Recykling;725083410;;
ACME Recykling;783835157;;
Ago Recykling;(22)2242995;;
Ago Recykling;(22)2252909;;
AGRO - Krzysztof Knap;(17)2420292;;
AGRO - Krzysztof Knap;501148658;;
AJR;506429728;;
amos glass recycling szkła;(61)8939274;;
amos glass recycling szkła;601730721;;
ARCUS;(25)7585111;;
ARCUS;(25)7584221;;
ARGO-FILM Spółdzielnia Pracy;(14)6202780;;
ARGO-FILM Spółdzielnia Pracy;(14)6202782;;
Argus;601692083;;
Argus;(58)6710539;;
ART-EKO Asenizacja, Utylizacja, Recykling Sp. z o.o.;(71)7922135;;
ART-EKO Asenizacja, Utylizacja, Recykling Sp. z o.o.;(71)3645516;;
ASEO Recykling System Sp. z o.o.;696944211;;
ASEO Recykling System Sp. z o.o.;516471297;;
ATK RECYKLING;(48)3651140;;
ATOL Sp. z o.o.;(17)8504407;;
ATOL Sp. z o.o.;(17)8523630;;
Baj-Pros Eko Sp. z o.o.;(22)4634683;;
Baj-Pros Eko Sp. z o.o.;(22)4634697;;
BAJ-PROS Sp. z o.o.;(22)4634680;;
BAJ-PROS Sp. z o.o.;(22)4634522;;
BALOT;(61)8980960;;
BALOT;607553220;;
BEMARS Przedsiębiorstwo Recyklingowe;(61)2822295;;
BEMARS Przedsiębiorstwo Recyklingowe;(61)2822785;;
Beskidzkie Centrum Recyklingu Sp. z o.o.;(33)8753340;;
Beskidzkie Centrum Recyklingu Sp. z o.o.;600892741;;
Bio Eko Pellet;519089124;;
Bio Eko Pellet;519089129;;
BioCore Recycling Sp. z o.o.;(32)2568264;;
BIOMIKA;601241306;;
BM Recykling Sp. z o.o.;(032)2280969;;
BM Recykling Sp. z o.o.;604478373;;
BOWI;(34)3740319;;
BOWI;(34)3740320;;
BRABUS Sp. z o.o.;501504406;;
CABAŃSKI Recykling Sp.j.;(61)4428424;;
CABAŃSKI Recykling Sp.j.;(61)4428432;;
Computer-Recycling;(62)7350628;;
Computer-Recycling;(62)7356546;;
CS Recycling Sp. z o.o;(24)3675000;;
DEKOPOL Sp. z o.o.;(52)5814334;;
DEKOPOL Sp. z o.o.;(52)5814335;;
DEKURA Polska Sp z o.o.;(24)2549300;;
DEKURA Polska Sp z o.o.;(24)2549301;;
DK Recykling S.c.;664916133;;
DK Recykling S.c.;664058207;;
Drum Clean Recycling Sp. z o.o.;(44)6163083;;
Drum Clean Recycling Sp. z o.o.;(44)6163070;;
DSS Recykling Sp. z o.o.;(32)2608970;;
DSS Recykling Sp. z o.o.;(32)2608971;;
DUAL;(22)4093959;;
DUAL;501091144;;
e-cycling Szymon Pawłowski;515034520;;
e-cycling Szymon Pawłowski;693300626;;
ECER RECYKLING Sp. z o.o.;(61)8139897;;
ECER RECYKLING Sp. z o.o.;(61)8139895;;
ECO RECYCLE;503145422;;
Eco Service Sp. z o.o.;801345345;;
Eco Service Sp. z o.o.;(42)6345345;;
ECO SERWIS Sp. z o.o.;(12)6263105-06;;
ECO SERWIS Sp. z o.o.;(12)6263107;;
ECOMARK Przedsiębiorstwo Produkcyjno-Usługowo-Handlowe;(61)8221735;;
EcoMaster Systemy Recyklingu Marek Głuszek;(22)8721762;;
EcoMaster Systemy Recyklingu Marek Głuszek;(22)8721761;;
ED-PLAST S.c.;(32)2626126;;
ED-PLAST S.c.;600059813;;
EKO TRADE Ltd. Sp. z o.o.;(55)2471816;;
EKO TRADE Ltd. Sp. z o.o.;(55)6212310;;
EKO-SORT;508663844;;
EKO-SORT;(13)4383128;;
Eko-System F.U.H. Skup Tonerów;600361186;;
Eko-System F.U.H. Skup Tonerów;662107152;;
EKO-TECH Tomasz Pyrsz;602498900;;
EKO-TECH Tomasz Pyrsz;602497498;;
EKO.Recycling Sp. z o.o.;(22)4808535-36;;
EKO.Recycling Sp. z o.o.;(22)4808537;;
EKOGRANULAT Polskie Produkty Recyklingu S.c.;(22)4259440;;
EKOGRANULAT Polskie Produkty Recyklingu S.c.;(22)4259441;;
EKOLOG-SERVICE Sp. z o.o.;(77)4105722;;
EKOLOG-SERVICE Sp. z o.o.;694132253;;
EKOMIRTECH.pl;668394975;;
Ekomyst Sp. z o.o.;(61)4386639;;
Ekomyst Sp. z o.o.;(61)8814014;;
EkoPartner Silesia Sp. z o.o.;(32)7362082;;
EkoPartner Silesia Sp. z o.o.;607118011;;
EKOPHONE;607858460;;
Ekopolimer Recykling Odpadów Opakowaniowych;(89)7674453;;
Ekopolimer Recykling Odpadów Opakowaniowych;503997579;;
EKOTECHNIKA;(22)3748762;;
EKOTECHNIKA;(22)4357948;;
Electronic Metal;510191140;;
Electronic Metal;510191141;;
Elektro Recykling;(61)4421565;;
Elektro Recykling;(61)4421563;;
ELEKTRON-KRYG;(13)3537917;;
ELEKTRON-KRYG;502079530;;
Elemental Holding S.A.;(22)3909135;;
Elemental Holding S.A.;(22)3909136;;
Elplast Recycling Sp. z o.o.;(52)3810380;;
Elplast Recycling Sp. z o.o.;(52)3810802;;
ELROW Sp. z o.o.;(32)4328888;;
ELROW Sp. z o.o.;(32)4328887;;
ENERGA Organizacja Odzysku S.A.;(22)3246503;;
ENERGA Organizacja Odzysku S.A.;(22)3246005;;
Energoplan-Innowacje Sp. z o.o.;503749179;;
Energoplan-Innowacje Sp. z o.o.;698090854;;
EnergoRecykling Jan Mech;(76)7245407;;
EnergoRecykling Jan Mech;(76)7245403;;
ENVIRO-TECH S.c.;(32)2613053;;
Ergum;(32)6478730;;
Ergum;(32)6478731;;
ERMET RECYKLING;602404439;;
ERMET RECYKLING;604103004;;
ESBUD Stachurski Marek;(61)8160013;;
ESBUD Stachurski Marek;604523810;;
EURO-STEEL RECYKLING Gospodarka Odpadami;(32)2015002;;
Euroeco Fuels Poland Sp. z o.o.;(91)4308679;;
euroGIELLE POLSKA Remix;(22)6660606;;
euroGIELLE POLSKA Remix;501428410;;
EUROPET Recykling i Transport Sp. z o.o.;(32)7202423;;
EUROPET Recykling i Transport Sp. z o.o.;(32)7202493;;
Europol Holding Sp. z o.o.;(43)8243474;;
EUROTEC RECYCLING SYSTEMS Sp. z o.o.;(67)2683416;;
F.H.U. Atus;(17)7730338;;
F.H.U. Atus;(17)5815596;;
F.H.U. Derewenda;(44)6464309;;
F.H.U. MARIO Marian Władysław Dudziński;(54)2802659;;
F.H.U. MARIO Marian Władysław Dudziński;516508290;;
F.P.U.H. Lilesco Leszek Lipa;600753519;;
FALKOR S.c.;(91)3126732;;
FAXIM-POL Recycling;(95)7274284;;
FAXIM-POL Recycling;604373379;;
FHUP WIBO-RECYKLING Sp. z o.o.;(17)7743573;;
FHUP WIBO-RECYKLING Sp. z o.o.;(17)5863413;;
Filmar-Metal Recycling;(61)6517644;;
Filmar-Metal Recycling;(61)8677961;;
Firma Handlowa Mariusz Wildhirt;798154584;;
Firma KOWALSKI Sławomir Kowalski;(65)5189622-oddziałNietążkowo;;
Firma KOWALSKI Sławomir Kowalski;601678377-oddziałNietążkowo;;
First Recycling Katowice Sp. z o.o.;(32)2903245;;
First Recycling Katowice Sp. z o.o.;(32)2903246;;
First Recycling Poznań Sp. z o.o.;(61)6527060;;
First Recycling Poznań Sp. z o.o.;(61)6526950;;
FOLTOM Recykling;505055576;;
Fox Recykling Sp. z o.o.;(58)6672197;;
Fox Recykling Sp. z o.o.;(58)6637869;;
FPHU Oplast Recykling;(54)2888051;;
FPHU Oplast Recykling;(54)2371298;;
Fundacja RECAL;(22)5389174;;
Fundacja RECAL;0800100205;;
Global Eco Recycling Sp. z o.o.;(87)5642260;;
Global Eco Recycling Sp. z o.o.;(87)5642259;;
Green Plastics - recycling solutions;519089129;;
GREENLAB Małopolskie Centrum Recyklingu Rafał Szychta;606299730;;
GREENLAB Małopolskie Centrum Recyklingu Rafał Szychta;(12)3565963;;
Hakap Eko Północ Sp. z o.o.;(052)3660460;;
Hakap Eko Północ Sp. z o.o.;(052)3286205;;
HELIOS;(81)4761853;;
HELIOS;664782191;;
IMP POLOWAT Sp. z o.o.;(33)4974300;;
IMP POLOWAT Sp. z o.o.;(33)4974303;;
Import-Export Electronics;(22)8178031;;
INTER-CHEM Andrzej Kuzimkowski;(54)2800323;;
INTER-CHEM Andrzej Kuzimkowski;(54)2800164;;
INTERSEROH Organizacja Odzysku S.A.;(22)7421022;;
INTERSEROH Organizacja Odzysku S.A.;(22)6420782;;
Izba Gospodarcza Metali Nieżelaznych i Recyklingu;(32)2042024;;
J.P.T. Recykling Jan Pocztarek;(61)2826506;;
J.P.T. Recykling Jan Pocztarek;(61)2826909;;
J&B Auto Serwis-Recykling Sp.j.;(95)7635243;;
Jantar;(42)2278488;;
Jantar;601887188;;
K&K Recykling System Paweł Kuta;(14)6849510;;
K&K Recykling System Paweł Kuta;600089309;;
KARAT Elektro Recykling S.A.;(56)6589051;;
KARAT Elektro Recykling S.A.;(56)6238091;;
Karolinex-Recykling;(32)6451413;;
KATMAR Marcin Ogrodnik;665967873;;
KPAX Piotr Tworek;668550323;;
KRYNICKI RECYKLING S.A.;(89)5353292;;
KRYNICKI RECYKLING S.A.;(89)5352572;;
Kuusakoski Sp. z o.o.;(58)6607043;;
Kuusakoski Sp. z o.o.;(58)6607044;;
LE GALL POLSKA Sp. z o.o.;(32)2609853;;
LE GALL POLSKA Sp. z o.o.;(32)2931428;;
Lobbingowa Organizacja Odzysku i Recyklingu LOBIS S.A.;(22)8360977;;
Lobbingowa Organizacja Odzysku i Recyklingu LOBIS S.A.;(22)8361163;;
Madimex Bis Sp. z o.o.;(22)4736437;;
Madimex Bis Sp. z o.o.;606924925;;
MAK MAR ElektroRecykling;667345337;;
MAK MAR ElektroRecykling;790507550;;
MAKPOL Recykling Sp. z o.o.;(34)3506134;;
MAKPOL Recykling Sp. z o.o.;519770187;;
MarCo Ltd Sp. z o.o.;(32)2565953;;
MEGA SERVICE RECYCLING Sp. z o.o. Zakład Przetwarzania Sprzętu Elektrycznego i Elektronicznego;(33)8212702;;
MEGA SERVICE RECYCLING Sp. z o.o. Zakład Przetwarzania Sprzętu Elektrycznego i Elektronicznego;(33)8191514;;
Meltal IS d.o.o.;+38622350102;;
MER Recycling;(62)7383535;;
Metaleko Sp. z o.o.;(22)6429132;;
Metaleko Sp. z o.o.;(22)6429133;;
METALSORT Sp. z o.o.;(42)6849006;;
MILLBERY TRADE Krzysztof Kowalski;(22)2432923;;
MILLBERY TRADE Krzysztof Kowalski;500196903;;
ML Recykling;(055)2350983;;
ML Recykling;(055)2350985;;
MT Recykling Sp. z o.o.;(022)3537766;;
MT Recykling Sp. z o.o.;(022)3538899;;
MULTIMETAL RECYKLING;506434909;;
Neptun Recykling Sp. z o.o.;(55)2471816;;
Neptun Recykling Sp. z o.o.;662149451;;
NewCo Sp. z o.o.;(91)3332129;;
NewCo Sp. z o.o.;606680441;;
Ogólnopolska Izba Gospodarcza Recyklingu;(22)8878540;;
Ogólnopolska Izba Gospodarcza Recyklingu;(22)6356139;;
OPOL-EKO Sp. z o.o.;508188508;;
OPOL-EKO Sp. z o.o.;609051180;;
P.P.H.U Eko-Recykling Sp. z o.o.;(32)6271520;;
P.P.H.U Eko-Recykling Sp. z o.o.;606951879;;
P.P.H.U. Florian - iSA;601465328;;
P.P.H.U. Florian - iSA;(34)3172113;;
P.U.H. MIRHAN;(22)7837880;;
P.U.H. MIRHAN;(22)7606403;;
P.W. FOLTEK S.c.;(15)8225244;;
P.W. FOLTEK S.c.;508216533;;
P.W. Future S.c.;(32)2985730;;
P.W. Future S.c.;(32)2935453;;
Pc-Eco System;609818055;;
POLHO Sp. z o.o.;(32)4318300;;
POLINNTECH Sp. z o.o.;518732554;;
POLINNTECH Sp. z o.o.;(17)8549477;;
Polipaso Sp. z o.o.;(032)7303222;;
Polipaso Sp. z o.o.;601524682;;
Polska Grupa Recyklingu PROEKO Sp. z o.o.;(22)7567052;;
Polska Grupa Recyklingu PROEKO Sp. z o.o.;(22)7567051;;
PPHU Luk-Plast;604879592;;
PPHU Luk-Plast;602187837;;
PROPET RECYCLING Podlaski Tomczak Sp.j.;603797287;;
PROPET RECYCLING Podlaski Tomczak Sp.j.;(65)5463052;;
PRT Radomsko Sp. z o.o.;(44)3072604;;
PRT Radomsko Sp. z o.o.;(44)3072603;;
Przedsiębiorstwo Handlowo-Usługowe S-STUDIO;509559233;;
Przedsiębiorstwo Recyklingowe REPLAST;(55)2357050;;
Przedsiębiorstwo Recyklingowe REPLAST;(55)2350045;;
Przedsiębiorstwo Usługowo-Produkcyjno-Handlowe MAG-BAR Gizela Sołtysiak;602113632;;
Przedsiębiorstwo Usługowo-Produkcyjno-Handlowe MAG-BAR Gizela Sołtysiak;604704910;;
Reculer Sp. z o.o.;(44)6452233;;
Reculer Sp. z o.o.;(44)7256233;;
Recykling Plast Przetwórstwo Tworzyw Sztucznych;(42)7165387;;
Recykling Plast Przetwórstwo Tworzyw Sztucznych;693464469;;
Recykling Tworzyw Sztucznych GUMTEX Spółdzielnia Pracy;(95)7411088;;
Recykling Tworzyw Sztucznych GUMTEX Spółdzielnia Pracy;(95)7411861;;
RECYKLING Wojkowice Sp. z o.o.;(32)7696850;;
RECYKLING Wojkowice Sp. z o.o.;(32)7696851;;
recykling-sycow Sp. z o.o.;692900301;;
recykling-sycow Sp. z o.o.;889207707;;
Recykling.pl Fundacja Nasza Ziemia;(22)6228118;;
ReEko Organizacja Odzysku Opakowań S.A.;(22)8317185;;
ReEko Organizacja Odzysku Opakowań S.A.;(22)8315212;;
Rekabet;(42)6515029;;
Rekabet;601392859;;
Rozdrabniacze-Shredding Technology;(22)6415704;;
Rozdrabniacze-Shredding Technology;601214579;;
S-profit;536793929;;
S-profit;698717003;;
SAWO RECYKLING Sp.j.;(42)7164056;;
SAWO RECYKLING Sp.j.;(42)7140168;;
Scholz Recycling Polska Sp. z o.o.;(56)4617510;;
Scholz Recycling Polska Sp. z o.o.;(56)4617517;;
Scrapal;726464140;;
SEGRA;515427127;;
SEMPER Tomasz Wszelaki;(56)6572877;;
SETO Recykling S.c.;502901757;;
SETO Recykling S.c.;697947588;;
Siglo Sp. z o.o.;(22)6100030;;
SKY RECYCLING SYSTEM Sp. z o.o.;501357100;;
SKY RECYCLING SYSTEM Sp. z o.o.;(33)8116622;;
SLAM POLAND Sp. z o.o.;(62)7381976;;
SLAM POLAND Sp. z o.o.;530070507;;
Stena Recycling Sp. z o.o.;(61)8187600;;
Stena Recycling Sp. z o.o.;(22)5202700;;
Stena Recycling Sp. z o.o.;(22)5202701;;
Stołeczne Centrum Recyclingu Sp. z o.o.;(22)8111122;;
Stołeczne Centrum Recyclingu Sp. z o.o.;(22)8141618;;
Surpap Recycling;(18)4420100;;
Syla RECYKLING S.c.;(52)5256366;;
Syla RECYKLING S.c.;500559077;;
TDM Electronics S.A.;(22)7277162;;
TemaPlast Recykling Sp. z o.o.;(32)2646280;;
TERRA Recycling S.A.;(22)3797431;;
TERRA Recycling S.A.;(22)3797496;;
Tesla Recycling Sp. z o.o. Sp.komandytowa;(22)3797821;;
Thornmann Recycling;(22)8503388;;
Tomad Adam Dziodzio;(12)4162710;;
Tomad Adam Dziodzio;501206826;;
TRACH S.c.;(71)3543813;;
TRACH S.c.;501343753;;
Tsunami Recycling Sp. z o.o.;502986884;;
UTIKO;(32)2313759;;
Victoria Recycling;505403120;;
Victoria Recycling;505200245;;
WAGA Recykling Sp. z o.o.;(71)3983239;;
WAGA Recykling Sp. z o.o.;660504154;;
Wtórmet-Recycling Sp. z o.o.;(32)3886020;;
Wtórmet-Recycling Sp. z o.o.;(32)3886031;;
Wtórpol Recykling;(12)6332923;;
Zakład Unieszkodliwiania Odpadów JANIK Sp. z o.o.;(41)2600266;;
Zakład Unieszkodliwiania Odpadów JANIK Sp. z o.o.;608677534;;
Zakład Usługowy RECYKLON Piotr Radosz Sp.j.;(94)3417232;;
Zielone Miasto JAAR Recykling Sp. z o.o. Sp.komandytowa;(23)6553179;;
ZŁOMREX METAL Sp. z o.o.;(71)3428800;;
ZŁOMREX METAL Sp. z o.o.;(71)3428866;;
MASTIMO Recykling;513051696;;
PUH DOMINIKA;502115706;;
PUH DOMINIKA;507021606;;
Skup Słomu Stalowego Andrzej Bielonko;(85)6537924;;
AGO - Agencja Gospodarki Odpadami;501262584;;
AGO - Agencja Gospodarki Odpadami;609399566;;
ALBA Przedsiębiorstwo Gospodarki Komunalnej Czeladź Sp. z o.o.;(32)2651289;;
ALBA Przedsiębiorstwo Gospodarki Komunalnej Czeladź Sp. z o.o.;(32)7638116;;
ALE-KASACJA S.c. Alechno Grzegorz, Alechno Lukasz;535200566;;
ALE-KASACJA S.c. Alechno Grzegorz, Alechno Lukasz;603603856;;
ALTMETAL Sp.j.;(13)4462209;;
ALTMETAL Sp.j.;500034868;;
AMBIT Sp. z o.o.;(85)7197796;;
AMBIT Sp. z o.o.;(85)7197542;;
Anna Recykling;(22)7898857;;
Anna Recykling;603134906;;
AP-LOGIC Sp. z o.o;(043)8232889;;
ARGS unieszkodliwianie utylizacja;(089)5354860;;
ARGS unieszkodliwianie utylizacja;604780148;;
ASIK;(22)8118451;;
ASIK;602270545;;
ATRAX II PPHU Skup Złomu i Recykling;512198082;;
ATRAX II PPHU Skup Złomu i Recykling;508306050;;
AURAEKO BATERPAK Organizacja Odzysku Opakowań S.A.;(22)3130158;;
Auto-Box;(32)2693611;;
Auto-Box;(32)3631270;;
AUTO-CZĘŚCI Zbigniew Korkuć;(89)5119100;;
AUTO-CZĘŚCI Zbigniew Korkuć;(89)5120877;;
AUTOZŁOMOWANIE;(32)2988837;;
AUTOZŁOMOWANIE;601482007;;
BATEX Maszyny Budowlane S.c.;(22)8341247;;
BATEX Maszyny Budowlane S.c.;601981725;;
BATORY Obara Robert;(56)6400595;;
BATORY Obara Robert;505092249;;
Becker Polska Sp. z o.o.;(76)7486370;;
Becker Polska Sp. z o.o.;666827488;;
BEGRECO Sp. z o.o.;(61)8102163;;
BEGRECO Sp. z o.o.;(61)8106143;;
BIG3 Recycling;690410002;;
BIG3 Recycling;690410003;;
BOLMET S.A.;(32)6421361;;
BOLMET S.A.;(32)6461186;;
Branżowa Organizacja Odzysku S.A.;(14)6283482;;
Branżowa Organizacja Odzysku S.A.;(14)6283486;;
BRONSON Przedsiębiorstwo Handlowo-Usługowe Import-Eksport Marek Brąś;(71)3989731;;
BRONSON Przedsiębiorstwo Handlowo-Usługowe Import-Eksport Marek Brąś;(71)3989732;;
BTE Nova Sp. z o.o.;505187771;;
CARO Centrum Gospodarki Odpadami, Azbestu i Recyklingu;(84)6273013;;
CARO Centrum Gospodarki Odpadami, Azbestu i Recyklingu;608435133;;
CASPER;(42)6112481;;
CASPER;603030988;;
CENTROZŁOM WROCŁAW S.A.;(71)3566600;;
CENTROZŁOM WROCŁAW S.A.;(71)3566666;;
CENTROZŁOM WROCŁAW S.A. Oddział Konin;(63)2202379;;
CENTROZŁOM WROCŁAW S.A. Oddział Konin;(63)2466677;;
Centrum Badawczo-Rozwojowe GLOKOR Sp. z o.o.;(32)7436151;;
Centrum Badawczo-Rozwojowe GLOKOR Sp. z o.o.;(32)7436152;;
Centrum Utylizacji Opon Organizacja Odzysku S.A.;(22)3342400;;
Centrum Utylizacji Opon Organizacja Odzysku S.A.;(22)3342402;;
Chimirec Polska Sp. z o.o.;(22)4379700;;
Chimirec Polska Sp. z o.o.;(22)4379797;;
COFINCO POLAND Sp. z o.o.;(32)2552437;;
CZYSTOŚĆ Sp.j. Szpańscy Jerzy, Jacek, Dawid;(22)7877570;;
CZYSTOŚĆ Sp.j. Szpańscy Jerzy, Jacek, Dawid;(22)7999487;;
De Ygrek S.c.;(32)2264336;;
De Ygrek S.c.;(32)3227273;;
Delco System;(41)3448229;;
Delco System;501558410;;
DELEO PPHU Tomasz Chlastawa NISZCZENIE DOKUMENTÓW;506145376;;
DOKUMENTA Radom;(48)3332796;;
DOL-EKO Organizacja Odzysku S.A.;(71)7959258;;
Dora Plus;602229558;;
DREWNEX RECYCLING PLASTICS Przemysław Miśkiewicz i Spółka;(32)2613190;;
DREWNEX RECYCLING PLASTICS Przemysław Miśkiewicz i Spółka;(32)2686327;;
E-ZŁOM.PL;(17)7788470;;
E-ZŁOM.PL;(17)7788462;;
Eco-nord Recykling;(55)2370990;;
ECOLAKE;(42)2985656;;
ECOLAKE;(42)2966218;;
Eko Basket Recykling Sp. z o.o.;666363381;;
Eko Cykl Organizacja Odzysku S.A.;(22)5103675;;
EKO HARPOON-RECYKLING Sp. z o.o.;(22)4989001-02;;
EKO HARPOON-RECYKLING Sp. z o.o.;(22)7851090;;
EKO KOMPAN;(71)3225055;;
EKO KOMPAN;501524846;;
EKO-7 RECYCLING Bogdan Grzywacz;(022)6201256;;
EKO-7 RECYCLING Bogdan Grzywacz;601806237;;
EKO-PLAST Mariusz Kostecki;(77)5541400;;
EKO-PLAST Mariusz Kostecki;888374065;;
Eko-Sauber Sp. z o.o.;606369414;;
Eko-Silesia;(32)2294618;;
Eko-Silesia;(32)2294608;;
EKO-SORT Zakład Przetwarzania Sprzętu Elektrycznego i Elektronicznego;(33)8190109;;
EKO-SORT Zakład Przetwarzania Sprzętu Elektrycznego i Elektronicznego;513125107;;
EKO-UTYL;(32)4105326;;
EKO-UTYL;530874276;;
EKOLAND Obrót Surowcami Wtórnymi Arkadiusz Okoń;(32)2900877;;
EKOLAND Obrót Surowcami Wtórnymi Arkadiusz Okoń;(32)3607410;;
EKOLINIA Mariusz Mieszkowicz;(17)5819030;;
EKOLINIA Mariusz Mieszkowicz;(17)7743036;;
EKOPLAST-PRODUKT S.c.;(33)8580075;;
EKOPLAST-PRODUKT S.c.;503933206;;
Ekopol-Ż Sp. z o.o.;(15)8656576;;
Ekopol-Ż Sp. z o.o.;603948535;;
EKORD Zakład Gospodarowania Odpadami;(24)2538050;;
EKORD Zakład Gospodarowania Odpadami;609508005;;
EKORECYKLING;(32)3871828;;
EKORECYKLING;(32)3871829;;
EP Serwis S.A.;(48)3820521;;
EP Serwis S.A.;(48)3820522;;
EPAK;(62)5017560;;
EPAK;(62)5033051;;
Euro Metal Sp. z o.o.;509792144;;
Euro Metal Sp. z o.o.;(22)6253373;;
Euro Queis Sp. z o.o.;798443184;;
EUROPLASTIC Polska Sp. z o.o.;(58)6819999;;
EUROPLASTIC Polska Sp. z o.o.;609510152;;
EVONIK Energo Mineral Sp. z o.o.;(32)7869325;;
EVONIK Energo Mineral Sp. z o.o.;(32)7869265;;
F.H.U.P. ABM Baran Sp.j.;600805196;;
F.H.U.P. ABM Baran Sp.j.;(13)4458619;;
F.P.H.U. REKO Jakub Ciupiński;(34)3337444;;
F.P.H.U. REKO Jakub Ciupiński;796904332;;
FERROKRAK Sp. z o.o.;(12)6840120;;
FERROKRAK Sp. z o.o.;(12)6840122;;
FHU AUTORECYKLING Skup Złomu;880069739;;
FHU AUTORECYKLING Skup Złomu;500114473;;
FHU Bogard;571328234;;
FHU Bogard;571327772;;
Firma BSS Sp.j. B.Bobek, J.Frączek;(12)2681466;;
Firma BSS Sp.j. B.Bobek, J.Frączek;(12)3571436;;
Firma Handlowa Promet;(32)6137507;;
Firma Handlowo-Przetwórcza CEMAG Henryk Jaksik & Helena Jaksik;(32)2883543;;
Firma Handlowo-Przetwórcza CEMAG Henryk Jaksik & Helena Jaksik;512429548;;
Firma Handlowo-Usługowa BIMA Włodzimierz Sałata;505105745;;
Firma Handlowo-Usługowa BIMA Włodzimierz Sałata;512274257;;
Firma Usług Ekologicznych i Elektroenergetycznych MDEKO;(56)6529557;;
First Recycling Warszawa Sp. z o.o.;(22)5119900;;
FK-MET Złom i Metale Kolorowe;(84)6861386;;
FK-MET Złom i Metale Kolorowe;(84)6880555;;
Foreco;600317711;;
GEOPLASTIC Sp. z o.o.;601467776;;
GEOPLASTIC Sp. z o.o.;502256727;;
GPR Guma i Plastik Recycling Sp. z o.o.;(16)6401596;;
GPR Guma i Plastik Recycling Sp. z o.o.;(16)6401516;;
Greenfone Sp. z o.o.;(22)6464484;;
Gruba Recykling;532552028;;
Gruba Recykling;694181333;;
Grupa Drotex Sp. z o.o. Sp.komandytowa;792433233;;
Grupa EURO-SORT;(12)4192626;;
Grupa EURO-SORT;506500646;;
GRUPA Polska Firma Paletowa - Produkcja Sp. z o.o.;(32)7501564-65;;
GRUPA Polska Firma Paletowa - Produkcja Sp. z o.o.;(32)7501566;;
Grupa Recyklingowa Pojazdów Recar Sp. z o.o.;515101890;;
HTS Katowice Sp. z o.o.;(32)2098634;;
HTS Katowice Sp. z o.o.;(32)3529991;;
HTS Spaczyńscy Sp. z o.o. Oddział Chorzów;(32)2460951;;
HTS Spaczyńscy Sp. z o.o. Oddział Chorzów;(32)2460953;;
ISKRO-BUD Specjalistyczne Roboty Ziemne;(24)2352646;;
ISKRO-BUD Specjalistyczne Roboty Ziemne;(24)2350624;;
Konsorcjum Olejów Przepracowanych - Organizacja Odzysku Opakowań i Olejów S.A.;(13)4384106;;
Konsorcjum Olejów Przepracowanych - Organizacja Odzysku Opakowań i Olejów S.A.;(13)4384522;;
Konsorcjum Recyklingu Sp. z o.o. Sp. Komandytowo-Akcyjna;731954994;;
KRAKING;501272414;;
KRAKING;602356114;;
KRUŚ Sp. z o.o. Sp.komandytowa;(61)8320078;;
KRUŚ Sp. z o.o. Sp.komandytowa;(61)4471563;;
Laboratorium Katalizy Stosowanej SwingTherm Sp. z o.o.;(12)6328307;;
Laboratorium Katalizy Stosowanej SwingTherm Sp. z o.o.;503126123;;
LAKTOPAK Wyrób Opakowań z Tworzyw Sztucznych S.c.;(52)3533369;;
Lumen Sp. z o.o.;(91)3172333;;
Lumen Sp. z o.o.;(91)3122180;;
Łępecki & Matuszczak Sp.j.;601701037;;
Łępecki & Matuszczak Sp.j.;601157158;;
MAGNEPOL Krzysztof Bartczak;(22)2431915;;
MAGNEPOL Krzysztof Bartczak;(22)2072447;;
MAKMETALIK;(42)6847637;;
MAKMETALIK;530855585;;
Marell Sp. z o.o.;(32)2680316;;
Marell Sp. z o.o.;(32)2680358;;
Markam Kompleksowy Wywóz Odpadów za Rozsądną Cenę;513108230;;
Markam Kompleksowy Wywóz Odpadów za Rozsądną Cenę;515194821;;
Master Pack Sp. z o.o. Sp. komandytowa;(32)2925666;;
Master Pack Sp. z o.o. Sp. komandytowa;(32)2929666;;
MAYA Victory Sp. z o.o.;(44)7314141;;
MAYA Victory Sp. z o.o.;509363848;;
MC Recykling Sp. z o.o.;502838678;;
MERIDAN;505241023;;
METAL-TRANS Piotr Maraj;(71)3133111;;
MetalCo Sp. z o.o.;(32)7834750;;
MetalCo Sp. z o.o.;(32)7834720-29;;
MiA Recykling Sp. z o.o.;(42)2134868;;
MiA Recykling Sp. z o.o.;606600808;;
MIKSPOL S.c. Przedsiębiorstwo Handlowo-Usługowe Agnieszka Mikulska, Henryk Mikulski;(68)3822125;;
MIKSPOL S.c. Przedsiębiorstwo Handlowo-Usługowe Agnieszka Mikulska, Henryk Mikulski;(68)3810420;;
MPS Sp. z o.o.;(61)6638502;;
MPS Sp. z o.o.;(61)6638503;;
Multi-tech;(32)3886010;;
Multi-tech;(32)2829317;;
Multichem Eko Sp. z o.o.;(91)5700676;;
Multichem Eko Sp. z o.o.;513185848;;
Odbiór Elektrośmieci KOTECH;694410980;;
OLTO - Recykling Odpadów;516540734;;
OLTO - Recykling Odpadów;519799248Kierownikds.Logistyki;;
OPTIMA Recykling Sp. z o.o.;(48)6290277;;
Organizacja Odzysku Odpadów i Opakowań EKOLA S.A.;(58)3462473;;
Organizacja Odzysku Odpadów i Opakowań EKOLA S.A.;(58)3056566;;
Organizacja Odzysku Opakowań REBIS S.A.;(22)6205123;;
Organizacja Odzysku Opakowań REBIS S.A.;(22)6206728;;
ORZEŁ BIAŁY S.A.;(32)7796500;;
ORZEŁ BIAŁY S.A.;(32)2813491;;
OS-STAL;(22)7586684;;
OS-STAL;666337703;;
P.H.U. Pal-Drew Piotr Żabiński;(55)2366800;;
P.H.U. Pal-Drew Piotr Żabiński;601202321;;
P.H.U. WIKO Utylizacja Odpadów;(71)3491920;;
P.H.U. WIKO Utylizacja Odpadów;(71)3491922;;
P.P.H INTER-PAK;533812888;;
P.P.H INTER-PAK;601501549;;
P.P.H.U LEKARO;(22)1120284;;
P.P.H.U LEKARO;(22)7890279;;
P.P.H.U. EKO-POL;(81)4688855;;
P.P.H.U. EKO-POL;(81)4683803;;
P.P.H.U. NOW-POL A.Nowak, J.Nowak S.c.;609181833;;
P.P.H.U. NOW-POL A.Nowak, J.Nowak S.c.;693836683;;
P.P.H.U. SREBNICKI Roman Srebnicki;(22)7897928;;
P.P.H.U. SREBNICKI Roman Srebnicki;509532651;;
P.P.U. PRODREX Sp. z o.o.;(32)4482555;;
P.P.U. PRODREX Sp. z o.o.;(32)4482559-60;;
P.P.U.H. KARMAN Sp. z o.o.;(032)2901934;;
P.P.U.H. KARMAN Sp. z o.o.;(032)2664360;;
P.P.U.H. URANOS;(32)7196136;;
P.P.U.H. URANOS;664744300;;
P.U.H. CYNK S.c. Edward Cynka i wspólnicy;(61)2836881;;
P.U.H. CYNK S.c. Edward Cynka i wspólnicy;601398751;;
P.U.P.H. EKOROBUD S.c.;(32)7679100;;
PHJ GOSPODARKA ODPADAMI K.Jadkowski Sp.komandytowa;793332267;;
PHJ GOSPODARKA ODPADAMI K.Jadkowski Sp.komandytowa;(85)6531665;;
PHU Euro-Integra;(89)5119157;;
PHU Euro-Integra;(89)5119158;;
Pion Trade;(022)7885341;;
Pion Trade;604480424;;
Plastica Sp. z o.o.;(56)6843000;;
Plastica Sp. z o.o.;(56)6843010;;
PMS BARTNICKI;(22)7878530;;
PPH LESTER;(55)2792242;;
PPH LESTER;606991505;;
PPHU FIRMA ZIELONKA Jadwiga Zielonka, Henryk Zielonka S.c.;(24)2606073;;
PPHU FIRMA ZIELONKA Jadwiga Zielonka, Henryk Zielonka S.c.;604277621;;
PPHU OWISYSTEM S.c.;(32)2412776;;
PPHU OWISYSTEM S.c.;(32)3460426;;
PPHU ŚPIEWAK;(71)7351510;;
PPHU ŚPIEWAK;(71)7351520;;
PRESSEKO Sp. z o.o.;(61)8923261;;
PRESSEKO Sp. z o.o.;(61)8126254;;
Project Eco Ochrona Środowiska dla Firm;730907400;;
Prolimit Sp. z o.o.;(32)2549050;;
Prolimit Sp. z o.o.;601553818;;
Przedsiębiorstwo Handlowo-Usługowe Tadeusz Gałązka;(89)5391506;;
Przedsiębiorstwo Handlowo-Usługowe Tadeusz Gałązka;(89)5336908;;
Przedsiębiorstwo Handlowo-Usługowo-Przetwórcze METAL-PLAST Sp. z o.o. Sp.komandytowa;(74)6665811;;
Przedsiębiorstwo Handlowo-Usługowo-Przetwórcze METAL-PLAST Sp. z o.o. Sp.komandytowa;(74)6665812;;
Przedsiębiorstwo Produkcyjno-Usługowe i Handlowe AGROBEX Sp. z o.o.;(61)8464000;;
Przedsiębiorstwo Produkcyjno-Usługowo-Handlowe FOLAR Sp. z o.o.;(65)5204637-Leszno;;
Przedsiębiorstwo Produkcyjno-Usługowo-Handlowe FOLAR Sp. z o.o.;(65)5388111-Rydzyna;;
Przedsiębiorstwo Przerobu Złomu Metali SEGROMET Sp. z o.o.;(25)7872771;;
Przedsiębiorstwo Przerobu Złomu Metali SEGROMET Sp. z o.o.;(25)7872750;;
Przedsiębiorstwo Usługowe TELE-MAR Sp. z o.o.;(32)4150242;;
Przedsiębiorstwo Usługowe TELE-MAR Sp. z o.o.;(32)4181548;;
Przedsiębiorstwo Usługowo-Asenizacyjne ASTWA Sp. z o.o.;(85)6539593;;
Przedsiębiorstwo Usługowo-Asenizacyjne ASTWA Sp. z o.o.;(85)6539893;;
Przedsiębiorstwo Wielobranżowe ANNA;510176375;;
Przedsiębiorstwo Wielobranżowe LS-PLUS Sp. z o.o.;(61)4475171;;
Przedsiębiorstwo Wielobranżowe LS-PLUS Sp. z o.o.;694706179;;
Przedsiębiorstwo Wielobranżowe MERCURY Henryk Mikołajczyk;(33)8145909;;
Przedsiębiorstwo Wielobranżowe MERCURY Henryk Mikołajczyk;(33)8160106;;
Przedsiębiorstwo Wielobranżowe MIKI Mieczysław Jakubowski;(12)2675798;;
Przedsiębiorstwo Wielobranżowe MIKI Mieczysław Jakubowski;(12)6530835;;
PTC Plastic Technology Center;(56)6747709;;
PTC Plastic Technology Center;(56)6926889;;
PUH PROBE TRANS;(58)5623000;;
PUH PROBE TRANS;(58)5316318;;
PUKiB Sp. z o.o.;(32)2351062;;
PW Eko-Konsulting Bydgoszcz;(52)3630523;;
PW Eko-Konsulting Bydgoszcz;795541666;;
PW Pop-Fol;(42)6304648;;
PW Pop-Fol;509811508;;
Recyclinic S.A. (dawniej Buhck Recycling Sp. z o.o.);(61)6676600;;
Recyclinic S.A. (dawniej Buhck Recycling Sp. z o.o.);(61)6676619;;
RECYKLER;530300170;;
RECYKLER;694341737;;
REMONDIS Sanitech Poznań Sp. z o.o.;(61)6640733;;
REMONDIS Sanitech Poznań Sp. z o.o.;(61)8322481;;
REMONDIS Sp. z o.o.;(22)5930300;;
REMONDIS Sp. z o.o. Oddział Lębork;(59)8622068;;
REMONDIS Szczecin Sp. z o.o.;(91)4310801;;
REMONDIS Szczecin Sp. z o.o.;(91)4310855;;
SanTa-Eko Sp. z o.o.;(15)8236941;;
SanTa-Eko Sp. z o.o.;(15)6446812;;
Scrapena S.A.;(34)3574242;;
Scrapena S.A.;(34)3574249;;
Sezam Metal;604291465;;
Sezam Metal;795582880;;
SITA PÓŁNOC Sp. z o.o.;(58)3090000centrala;;
SITA PÓŁNOC Sp. z o.o.;(58)3090031;;
Skubik Gospodarka Odpadami;503085512;;
Skubik Gospodarka Odpadami;(81)5021484;;
Skup i Sprzedaż Metali Nieżelaznych Janusz Rogalski;(22)7204098;;
Skup i Sprzedaż Metali Nieżelaznych Janusz Rogalski;602763779;;
SORT-KONT;533380440;;
Sortownix;533380440;;
Spe-Bau Sp. z o.o.;(71)3614612;;
SPEC-MIN;(91)4601434;;
SPEC-MIN;605665170;;
Stowarzyszenie GPP EKOLOGIA;(22)8317185;;
Stowarzyszenie GPP EKOLOGIA;(22)8315212;;
STRAWO Krajewski Stanisław;503125756;;
STRAWO Krajewski Stanisław;(71)3462046;;
SUPERPLAST;(56)4687400;;
SUPERPLAST;(56)4687401;;
Surdramet Sp. z o.o.;(61)3067660;;
Surdramet Sp. z o.o.;(61)3067667-68;;
SYLWO-RECYKLING Skup Zużytego Sprzętu AGD i RTV;721980683;;
SYLWO-RECYKLING Skup Zużytego Sprzętu AGD i RTV;785208019;;
SYNTOM S.A.;(44)7244648;;
SYSTEM RECYCLING - niszczenie dokumentów, skup surowców wtórnych;(22)8707272;;
SYSTEM RECYCLING - niszczenie dokumentów, skup surowców wtórnych;501262887;;
SZOP S.c. Andrzej Brończak, Piotr Brończak, Waldemar Wolniewicz;(52)3573640;;
SZOP S.c. Andrzej Brończak, Piotr Brończak, Waldemar Wolniewicz;695300661;;
Taboss Racing;660519480;;
Taboss Racing;(77)4358539;;
TESKO Tatrzańska Komunalna Grupa Kapitałowa Sp. z o.o.;(18)2015215Sekretariat;;
TESKO Tatrzańska Komunalna Grupa Kapitałowa Sp. z o.o.;(18)2015675BOK;;
TINTOCOLOR;603673790;;
TKM Recykling Polska;794022466;;
TKM Recykling Polska;(71)3392619;;
Total-Chem Sp. z o.o.;(32)4358133;;
Total-Chem Sp. z o.o.;(32)4358760;;
TRANS-TOM Wywóz Odpadów;(42)6842827;;
TRANS-TOM Wywóz Odpadów;603200502;;
Transport Ciężarowy Piotr Piotrowski;602173835;;
Transport Ciężarowy Piotr Piotrowski;(61)8196470;;
TWK-ZAG Sp. z o.o.;(43)6755590;;
TWK-ZAG Sp. z o.o.;(43)6755598;;
Victoria-Recycling;(22)7848595;;
Victoria-Recycling;604913993;;
Vivena-Natura Sp. z o.o.;601094836;;
WASTECH Recycling Sp. z o.o.;(22)4255300;;
WASTECH Recycling Sp. z o.o.;(22)4355345;;
Wibropress Janusz Jarski;(84)6383114;;
Wibropress Janusz Jarski;501652494;;
Wiewiórka.pl Sp. z o.o.;(22)4289770;;
Wizart Tadeusz Stasiak;(13)4912244;;
World Wide Recycling Sp. z o.o.;(61)2927711;;
World Wide Recycling Sp. z o.o.;(61)2927711;;
WROBAN Sp. z o.o.;(32)2290277;;
WROBAN Sp. z o.o.;(32)2290278;;
Zakład Gospodarki Odpadami GEOMAR;(12)6581616;;
Zakład Gospodarki Odpadami GEOMAR;(12)3565443;;
Zakład Obróbki Metali ROCZNIAK Jan Roczniak;(68)3273101;;
Zakład Obróbki Metali ROCZNIAK Jan Roczniak;(68)3273099;;
Zakład Usług Technicznych i Recyklingu ZUTER S.A.;(48)3810034-35;;
Zakład Usług Technicznych i Recyklingu ZUTER S.A.;(48)3810036;;
Zakład Usługowo-Handlowy TOR Skup i Sprzedaż Złomu Złomowanie Pojazdów Janusz Nazimek;(67)2848815;;
Zakład Usługowo-Handlowy TOR Skup i Sprzedaż Złomu Złomowanie Pojazdów Janusz Nazimek;783509725;;
Zakład Usługowo-Produkcyjny RES;607169816;;
Zakład Usługowo-Produkcyjny RES;(77)4834077;;
Zakład Usługowy ROBIC;888777180;;
Zakład Usługowy ROBIC;501820800;;
Zakład Utylizacyjny Sp. z o.o.;(58)3260100;;
Zakład Utylizacyjny Sp. z o.o.;(58)3221576;;
ZAPTECH Sp.j. Sobańscy;(52)3583850;;
ZAPTECH Sp.j. Sobańscy;(52)3583888;;
Złomex;(32)3842981;;
ZRW Łódź Sp.j. Dariusz Zdanowski, Michał Szczytkowski;(42)6491333;;
Zuzper Recyckling;721000031;;
