KOPEX FOUNDRY Sp. z o.o.;(15)8136396;;
KOPEX FOUNDRY Sp. z o.o.;(15)8135968;;
Zakład Produkcji Odlewniczej DOLMET S.c.;(77)4600091;;
BRASS Polska Sp. z o.o.;(81)8205881;;
GARSTKASTUDIO S.c. Piotr Garstka, Andrzej Garstka;691390327;;
GARSTKASTUDIO S.c. Piotr Garstka, Andrzej Garstka;691390326;;
INNOWACJA Sp. z o.o.;(15)8462609;;
INNOWACJA Sp. z o.o.;(15)8463781;;
Jan Felczyński Pracownia Ludwisarska;790531500;;
Jan Felczyński Pracownia Ludwisarska;166787326;;
JB Zakład Złotniczo-Odlewniczy Jarosław Biedermann;(61)8103322;;
JB Zakład Złotniczo-Odlewniczy Jarosław Biedermann;602792509;;
LAWA S.c. A.A.Słota;(32)2675334;;
LAWA S.c. A.A.Słota;502306364;;
MET-CHEM Zakłady Metalowo-Chemiczne Świerczek Halina;(14)6721063;;
MET-CHEM Zakłady Metalowo-Chemiczne Świerczek Halina;(14)6722406;;
NICROMET Sp. z o.o. Sp.komandytowa;(33)8449400;;
NICROMET Sp. z o.o. Sp.komandytowa;(33)8449430;;
Odlewnia RAFAMET Sp. z o.o.;(32)7213351;;
Odlewnia RAFAMET Sp. z o.o.;(32)4192789;;
Odlewnia Żeliwa Lublin Sp. z o.o.;(81)7492711;;
Odlewnia Żeliwa Lublin Sp. z o.o.;(81)7492799;;
PRODLEW Sp. z o.o.;(22)8700430;;
PRODLEW Sp. z o.o.;(22)8102767;;
Przedsiębiorstwo Produkcyjno-Usługowe UNIMAT Sp. z o.o.;(52)3816114;;
Przedsiębiorstwo Produkcyjno-Usługowe UNIMAT Sp. z o.o.;(52)3816115;;
Przegląd Odlewnictwa;(12)2618574;;
Przegląd Odlewnictwa;(12)2618576;;
Zakład Odlewniczy-Teresa Piotrowska Sp.j.;(41)3735267;;
Zakład Odlewniczy-Teresa Piotrowska Sp.j.;(41)3735065;;
Albro Odlewnia Aluminium;(42)6450100;;
Albro Odlewnia Aluminium;505173110;;
ALMET S.c.;(34)3253862;;
ARMATURA Spółdzielnia Pracy - Odlewnia Precyzyjna Staliwa i Metali Nieżelaznych;(42)2536701-03;;
ARMATURA Spółdzielnia Pracy - Odlewnia Precyzyjna Staliwa i Metali Nieżelaznych;(42)2536713-14;;
EKO-ŚWIAT;(34)3281333;;
EKO-ŚWIAT;(34)3281318;;
HARDTOP Centrum Odlewnictwa Sp. z o.o.;(41)3836950;;
HARDTOP Centrum Odlewnictwa Sp. z o.o.;(41)3836854;;
Odlewnia Staliwa ŁABĘDY Sp. z o.o.;(32)7346600;;
Odlewnia Staliwa ŁABĘDY Sp. z o.o.;(32)7346603;;
Odlewnia Żeliwa Bydgoszcz Sp. z o.o.;(52)3259011;;
Odlewnia Żeliwa Bydgoszcz Sp. z o.o.;(52)3259020;;
Pracownia Złotniczo-Odlewnicza Leszek Malicki;(61)8531301;;
Zakład Odlewniczo-Mechaniczno-Handlowy WÓJCIK;(41)3613377;;
Zakład Odlewniczo-Mechaniczno-Handlowy WÓJCIK;(41)3619731;;
CEMAD S.c.;(17)8504746;;
CEMAD S.c.;(17)8504747;;
Cementownia WEJHEROWO Sp. z o.o.;(58)6721327;;
Fabryka Maszyn i Urządzeń do Przemysłu i Górnictwa Odlewnia Żeliwa NOTEĆ;(52)3518018;;
Fabryka Maszyn i Urządzeń do Przemysłu i Górnictwa Odlewnia Żeliwa NOTEĆ;(52)3518019;;
LUX-ODLEW Przedsiębiorstwo Produkcyjno-Handlowo-Usługowe;(23)6926694;;
LUX-ODLEW Przedsiębiorstwo Produkcyjno-Handlowo-Usługowe;502069283;;
Moneva Polska Sp. z o.o.;(74)6650600;;
Moneva Polska Sp. z o.o.;(74)6650601;;
Odlewnia Metali Kolorowych Ryszard Mierzwa & Leopold Faruga Sp.j.;693856114;;
Odlewnia Metali Kolorowych Ryszard Mierzwa & Leopold Faruga Sp.j.;693856113;;
Odlewnia Żeliwa i Metali Nieżelaznych Spółdzielnia Pracy SPOMEL;(59)8633360;;
Odlewnia Żeliwa i Metali Nieżelaznych Spółdzielnia Pracy SPOMEL;(59)8633041;;
P.H.U. Fana Metal;(58)6838834;;
P.H.U. Fana Metal;608200681;;
P.P.H. ALKOR Sp.j.;(16)6759950;;
P.P.H. ALKOR Sp.j.;(16)6780037;;
PEDMO S.A.;(32)2175570;;
PEDMO S.A.;(32)2175091-94;;
Pracownia Brązownicza STOP-MET II;(62)7418311;;
Pracownia Brązownicza STOP-MET II;782152034;;
WU-Tech Engineering Sp. z o.o.;604330271;;
Zakład Metalurgiczny WSK RZESZÓW Sp. z o.o.;(17)7172800;;
Zakład Metalurgiczny WSK RZESZÓW Sp. z o.o.;(17)7172802;;
Odlewnia Dzwonów Braci Kruszewskich;(25)7922341;;
Odlewnia Dzwonów Braci Kruszewskich;600507913;;
Odlewnia Metali Szopienice Sp. z o.o.;(32)6068913;;
Odlewnia Metali Szopienice Sp. z o.o.;(32)6068939;;
PPUH Jopp-pol;(67)2837590;;
PPUH Jopp-pol;(67)2837977;;
HUTA MAŁAPANEW Sp. z o.o.;(77)4018500;;
HUTA MAŁAPANEW Sp. z o.o.;(77)4018515;;
KGHM ZANAM S.A.;(76)8470905;;
KGHM ZANAM S.A.;(76)8471100;;
LAWA Sp. z o.o.;(34)3613328;;
Zakład Wyrobów Galanteryjnych Sp. z o.o.;(16)6329570;;
Atena Sp. z o.o.;(42)6841359;;
Atena Sp. z o.o.;600398199;;
B.S.K. RETURN S.A.;(32)6709670;;
B.S.K. RETURN S.A.;(32)6709689;;
BMC Sp. z o.o.;(22)2434037;;
BMC Sp. z o.o.;(22)2442509;;
Brzeska Fabryka Pomp i Armatury MEPROZET Sp. z o.o.;(77)4164031Centrala;;
Brzeska Fabryka Pomp i Armatury MEPROZET Sp. z o.o.;(77)4162348;;
MULTI-elektro;602174340;;
PLASTMET Sp. z o.o.;(77)4052220-21;;
PLASTMET Sp. z o.o.;(77)4052223;;
Przedsiębiorstwo Innowacyjno-Wdrożeniowe Wifama-Prexer Sp. z o.o.;(42)6764793;;
ArtSakr;(24)2771322;;
ArtSakr;(24)2775494;;
CONTIX INVEST Sp. z o.o. SPÓŁKA KOMANDYTOWA;695429795;;
CONTIX INVEST Sp. z o.o. SPÓŁKA KOMANDYTOWA;506645659;;
DMC Sp. z o.o.;(32)3250920;;
DMC Sp. z o.o.;(32)7801248;;
Hakopar Export-Import;(77)4436771;;
Hakopar Export-Import;(77)4436772;;
L&L Sp. z o.o.;(32)2881255;;
Metaloplastyka Artystyczna JAAR Arkadiusz Pindral;605966281;;
MILAR Sp. z o.o.;(22)7558521;;
MILAR Sp. z o.o.;(22)7248737;;
Odlewnia Żeliwa STAL-TOK;(84)6965334;;
Odlewnia Żeliwa STAL-TOK;506121451;;
Pracownia Jubilerska Wąsowicz;516866142;;
Pracownia Jubilerska Wąsowicz;(14)6798209;;
Puckie Zakłady Mechaniczne AMEX Sp. z o.o.;(58)6732061;;
Puckie Zakłady Mechaniczne AMEX Sp. z o.o.;(58)6732332;;
Rodlew QMD Sp. z o.o.;505804802;;
Rodlew QMD Sp. z o.o.;(32)4220010;;
STALBRO Sp. z o.o.;(12)4441680;;
STALBRO Sp. z o.o.;(12)4441681;;
Zieliński S.c.;(22)6201621;;
Zieliński S.c.;(22)7514470;;
Kooperacja POLKO Sp. z o.o.;(32)2260975;;
Kooperacja POLKO Sp. z o.o.;(32)2263285-86;;
AWiS odlewy żeliwne;605222675;;
AWiS odlewy żeliwne;605542027;;
Onatos;730612144;;
Abitec;(61)6624337;;
Abitec;(61)6624512;;
Adjatech;(61)6624337;;
Adjatech;(61)6624512;;
Alu-Met Sp. z o.o. Odlewnia Sp.komandytowa;(61)8981300;;
Alu-Met Sp. z o.o. Odlewnia Sp.komandytowa;(61)8981301;;
Alu-Pol Sp.j. M.Domagała, S.Kaczmarczyk, G.Kuleszewicz, T.Radzion;(91)8348296;;
Alu-Pol Sp.j. M.Domagała, S.Kaczmarczyk, G.Kuleszewicz, T.Radzion;(91)8348297;;
ALUMET Sp. z o.o.;(91)4160188;;
ALUMET Sp. z o.o.;(91)4160169;;
ALUMETAL S.A.;(33)4707100;;
ALUMETAL S.A.;(33)4707101;;
ALWRO S.A. Zakłady Odlewnicze;(71)3427434;;
ALWRO S.A. Zakłady Odlewnicze;(71)3427431-33;;
ANGO Odlewnia Metali Nieżelaznych;(22)6101810;;
ANGO Odlewnia Metali Nieżelaznych;601992234;;
APOS Odlewy Ciśnieniowe Sp. z o.o. Sp.komandytowa;(61)8125252;;
APOS Odlewy Ciśnieniowe Sp. z o.o. Sp.komandytowa;(61)8125814;;
ART-ODLEW Sp. z o.o.;(77)4540937;;
ART-ODLEW Sp. z o.o.;(77)4538190;;
Artystyczna Pracownia Odlewnictwa i Witraży Stanisław Janieszewski;(58)5527694;;
Artystyczna Pracownia Odlewnictwa i Witraży Stanisław Janieszewski;501791221;;
Artystyczna Pracownia Odlewnicza Mikołaj i Tadeusz Skotarczak;600766291;;
Artystyczna Pracownia Odlewnicza Mikołaj i Tadeusz Skotarczak;(61)8145361;;
BM Odlewnia Metali Nieżelaznych;(22)8385683;;
BM Odlewnia Metali Nieżelaznych;608538405;;
BRĄZART S.c.;(62)7422883;;
BRĄZART S.c.;601748744;;
BRONZO Sp.j.;(61)8674094;;
BRONZO Sp.j.;(61)8687376;;
BUMAR Sp. z o.o. Fabryka Maszyn Budowlanych;(95)7657026;;
BUMAR Sp. z o.o. Fabryka Maszyn Budowlanych;(95)7652522;;
BYTEKS;507762830;;
BYTEKS;(32)7578399;;
Caban-Odlewnia;(46)8809102;;
Caban-Odlewnia;605426474;;
CANET Odlewnia Żeliwa S.c.;(41)3723943;;
CAST-IRON;(34)3173285;;
CAST-IRON;602510701;;
Ciołczyńscy Sp.j. Odlewnia Żeliwa;(32)6732192;;
Ciołczyńscy Sp.j. Odlewnia Żeliwa;(32)6732071;;
Ciśnieniowe Odlewanie Metalu MR;(12)3870540;;
Ciśnieniowe Odlewanie Metalu MR;(12)3872484;;
Crown Center Sp. z o.o.;(52)3233800;;
Crown Center Sp. z o.o.;(52)3233841;;
Dolnośląskie Zakłady Metalurgiczne DOZAMET Sp. z o.o.;(68)3870201;;
Dolnośląskie Zakłady Metalurgiczne DOZAMET Sp. z o.o.;(68)3872892;;
DOZA-MET Dominik Zajączkowski;500093436;;
DPJ SMOLIS;(59)8612585;;
DPJ SMOLIS;600939511;;
Ekopol Opolski Sp. z o.o.;(77)4600541;;
Elektrocarbon-Odlewy Sp. z o.o.;(32)4446642;;
Elektrocarbon-Odlewy Sp. z o.o.;696082384;;
ERMET BIS;(41)3722608;;
EURALU;(81)7238435;;
EZAL Sp. z o.o.;(17)8590562;;
EZAL Sp. z o.o.;(17)8590563;;
F.H.U.P. GREMIX 2 Lidia Grelowska;(33)8472674;;
F.H.U.P. GREMIX 2 Lidia Grelowska;(33)8411603;;
FAM-Technika Odlewnicza Sp. z o.o.;(56)6929000;;
FAM-Technika Odlewnicza Sp. z o.o.;(56)6929362;;
FERREX Sp. z o.o. Odlewnia Żeliwa;(61)8738900;;
FERREX Sp. z o.o. Odlewnia Żeliwa;(61)8793442;;
FeRRUS Sp. z o.o.;(22)6157052;;
FeRRUS Sp. z o.o.;(22)6158211;;
Firma Odlewniczo-Ślusarska MARNY&MARNY;(32)2454561;;
Firma Odlewniczo-Ślusarska MARNY&MARNY;501320381;;
FORMA Przedsiębiorstwo Produkcyjno Usługowe Sp. z o.o. w Gdańsku;(58)3436660;;
FRONTAL Aluminium Sp. z o.o. Sp.komandytowa;(63)2113287;;
FRONTAL Aluminium Sp. z o.o. Sp.komandytowa;(63)2112199;;
Galanteria Modelarska i Odlewnicza Noram Sp. z o.o.;(32)3810520;;
Galanteria Modelarska i Odlewnicza Noram Sp. z o.o.;(32)3810521;;
Gliwickie Zakłady Urządzeń Technicznych GZUT S.A.;(32)3381500;;
Gliwickie Zakłady Urządzeń Technicznych GZUT S.A.;(32)2316908;;
GOTEX Odlewnia Żeliwa;(68)3781745;;
GOTEX Odlewnia Żeliwa;783994062;;
GRAHAM PACKAGING POLAND Sp. z o.o.;(22)7835016;;
GRAHAM PACKAGING POLAND Sp. z o.o.;(22)7835710;;
GRAKO Walcownia Metali S.c.;(22)6318887;;
GTS S.c.;783967118;;
GTS S.c.;693907068;;
GUSS-EX Sp. z o.o.;(22)8619500;;
GUSS-EX Sp. z o.o.;(22)8619515;;
HAWER;601688154;;
HAWER;(33)8106575;;
HORSA;504007374;;
HORSA;601347434;;
HOSS metale;(32)2860068;;
HOSS metale;(32)7335835;;
HSW Odlewnia Sp. z o.o. Zakład STA-ODLEWNIE;(32)3928700;;
HSW Odlewnia Sp. z o.o. Zakład STA-ODLEWNIE;(32)2841188;;
Hüttenes-Albertus Polska Sp. z.o.o.;(81)7451394-97;;
Hüttenes-Albertus Polska Sp. z.o.o.;(81)7451393;;
HW Pietrzak Holding Sp. z o.o.;(24)2641590;;
HW Pietrzak Holding Sp. z o.o.;(24)2680337-38;;
Instytut Metalurgii i Stopów Zakład Produkcyjno-Doświadczalny PRO-DOŚ Sp. z o.o.;(32)6471730;;
Instytut Metalurgii i Stopów Zakład Produkcyjno-Doświadczalny PRO-DOŚ Sp. z o.o.;(32)6424982;;
Instytut Wdrożeń i Technologii Sp. z o.o.;(41)2749859;;
IRONEL Ltd.;(41)3728133;;
IRONEL Ltd.;(41)3728078;;
JOSZKO Modele;(077)4026615;;
KOCHAŃSKI STYL;531374648;;
Koluszki Foundry And Machinery Sp. z o.o.;(44)7146200;;
Koluszki Foundry And Machinery Sp. z o.o.;(44)7146208;;
KOVOSVIT MAS POLSKA Sp. z o.o.;(61)8178265;;
KOVOSVIT MAS POLSKA Sp. z o.o.;(61)8178037;;
KRAKODLEW S.A.;(12)3787613;;
KRAKODLEW S.A.;(12)3787601;;
Krakowskie Zakłady Odlewnicze ZREMB S.A.;(12)2870160;;
Krakowskie Zakłady Odlewnicze ZREMB S.A.;(12)4116806;;
KRATOS Polska Sp. z o.o;(77)4566478;;
LEGART Przedsiębiorstwo Produkcyjno-Handlowe;(22)6767883;;
LENAAL Andrzej Pokusa;(48)3440787;;
LENAAL Andrzej Pokusa;(48)3817517;;
Limatherm Components Sp. z o.o.;(32)7831600;;
Limatherm Components Sp. z o.o.;(32)7831601;;
LMB Lefek Miler Banasik Sp. z o.o.;(41)3726667;;
LMB Lefek Miler Banasik Sp. z o.o.;(41)3727844;;
Ludwisarnia Felczyńskich;(32)2382986;;
Ludwisarnia Felczyńskich;(32)3051484;;
LUDWISARZ Zenon Muszyński;(42)6747685;;
LUDWISARZ Zenon Muszyński;600164123;;
Magnus-Nord Sp. z o.o.;(56)6457882;;
Magnus-Nord Sp. z o.o.;(56)6455337;;
MAR-MOT Sp. z o.o.;(61)4362238;;
MAR-MOT Sp. z o.o.;(61)4366354;;
Markopol Sp. z o.o.;(58)6257107;;
Markopol Sp. z o.o.;(58)6257066;;
MATODLEW Usługi Odlewnicze;(81)5020056;;
MATODLEW Usługi Odlewnicze;693645328;;
Metal Stop Hadyś Marcin;504039736;;
METAL-HANDEL Sp.j. Jacek Galas i Piotr Galas;(41)3727970;;
METAL-HANDEL Sp.j. Jacek Galas i Piotr Galas;662032056;;
Metal-Odlew Sp. z o.o.;(15)8134460;;
Metal-Odlew Sp. z o.o.;(15)8134470;;
METAL-TOP Odlewnia Żeliwa;(25)6856136;;
METAL-TOP Odlewnia Żeliwa;601443327;;
METALODLEW S.A.;(12)6887100;;
METALODLEW S.A.;(12)6887101;;
Metalpress Sp. z o.o.;(61)2825883;;
Metalpress Sp. z o.o.;604479948;;
METALS MINERALS Sp. z o.o.;(22)8619500;;
METALS MINERALS Sp. z o.o.;(22)8619512;;
MOD-GUSS Biuro Techniczno-Handlowe;(56)6597090;;
MOD-GUSS Biuro Techniczno-Handlowe;(56)6230413;;
MODEL-ODLEW;(34)3295103;;
MODEL-ODLEW;530909076;;
Modelarstwo i Odlewnia Metali Kolorowych Z.Olejnik, S.Cieślak S.c.;(91)3911606;;
Modelarstwo i Odlewnia Metali Kolorowych Z.Olejnik, S.Cieślak S.c.;(91)3910850;;
Modelarstwo Odlewnicze Maj-Kowalewicz;(74)8532053;;
Modele i Prototypy POLAK;693102250;;
MODRA Modelarstwo Odlewnicze Hieronim Ratajczak;(61)2837005;;
MODRA Modelarstwo Odlewnicze Hieronim Ratajczak;604850608;;
MTM Modele Sp. z o.o.;604780412;;
NEMAK POLAND Sp. z o.o.;(33)813-5174;;
NEOCAST;(12)6580493;;
NEOCAST;603344845;;
Odlewnia Artystyczna Metali Kolorowych mgr inż. Jerzy Sosiński;(32)6433025;;
Odlewnia Artystyczna Metali Kolorowych mgr inż. Jerzy Sosiński;692234130;;
Odlewnia Białystok S.A.;(85)7413170;;
Odlewnia Białystok S.A.;508693423;;
ODLEWNIA CHEMAR Sp. z o.o.;(41)3675681;;
ODLEWNIA CHEMAR Sp. z o.o.;(41)3675677;;
Odlewnia Ciśnieniowa META-ZEL Sp. z o.o.;(17)7733177;;
Odlewnia Ciśnieniowa META-ZEL Sp. z o.o.;(17)7733151;;
Odlewnia Dzwonów Janusz Felczyński i S-ka;(16)6710023;;
Odlewnia Dzwonów Janusz Felczyński i S-ka;602477669;;
Odlewnia Ferrum-Wodecki Sp.j.;(41)3727851;;
Odlewnia Ferrum-Wodecki Sp.j.;(41)3756073;;
Odlewnia Indukcyjna Staliwa SCATMAN;(22)7243035;;
Odlewnia Indukcyjna Staliwa SCATMAN;(22)7554433-38;;
Odlewnia KAW-MET;(16)6724810;;
Odlewnia KAW-MET;(16)6724811;;
ODLEWNIA METALI KADALT;(59)8222082;;
Odlewnia Metali Kolorowych;(61)8321595;;
Odlewnia Metali Kolorowych;510286668;;
Odlewnia Metali Kolorowych Adam Szpunar;(16)6778840;;
Odlewnia Metali Kolorowych Adam Szpunar;787094712;;
Odlewnia Metali Kolorowych Cichocki Szymon;(22)6787755;;
Odlewnia Metali Kolorowych Cichocki Szymon;509225244;;
Odlewnia Metali Kolorowych Kowala;(33)8541293;;
Odlewnia Metali Kolorowych Kowala;(33)8541551;;
Odlewnia Metali Nieżelaznych;(22)7748691;;
Odlewnia Metali Nieżelaznych;509066028;;
Odlewnia Metali Nieżelaznych;(61)8171246;;
Odlewnia Metali Nieżelaznych;(61)8171234;;
Odlewnia Metali Nieżelaznych Bogdan Żelazowski;(22)7816208;;
Odlewnia Metali Nieżelaznych Bogdan Żelazowski;(22)7814704;;
Odlewnia Metali Nieżelaznych S.c.;(65)5452546;;
Odlewnia MJM;(29)7605134;;
Odlewnia Ostrowiec Sp. z o.o.;(41)2636125;;
Odlewnia Ostrowiec Sp. z o.o.;(41)2636444;;
Odlewnia Precyzyjna KRÓLMET;(32)6724240;;
Odlewnia Precyzyjna KRÓLMET;(32)6716160-62;;
Odlewnia ŚWIDNICA Sp. z o.o.;(74)6402025;;
Odlewnia ŚWIDNICA Sp. z o.o.;(74)6402027;;
ODLEWNIA TARNÓW Sp. z o.o.;(14)6300725;;
ODLEWNIA TARNÓW Sp. z o.o.;(14)6300723;;
Odlewnia Wyrobów Artystycznych KORNILUK;(25)6445912;;
Odlewnia Żeliwa Bolimów;(46)8380351;;
Odlewnia Żeliwa Bolimów;(46)8380321;;
Odlewnia Żeliwa Chotyłów S.c.;(83)3778221;;
Odlewnia Żeliwa Chotyłów S.c.;608665825;;
Odlewnia Żeliwa DRAWSKI S.A.;(67)2539600;;
Odlewnia Żeliwa DRAWSKI S.A.;(67)2539639-40;;
Odlewnia Żeliwa FANSULD Sp.j.;(41)3753210;;
Odlewnia Żeliwa i Metali Kolorowych Eugeniusz Gulczyński;(061)4365307;;
Odlewnia Żeliwa i Metali Kolorowych Eugeniusz Gulczyński;501778079;;
Odlewnia Żeliwa i Metali Nieżelaznych Barbara i Bogdan Sapa;(14)6786006;;
Odlewnia Żeliwa i Metali Nieżelaznych Barbara i Bogdan Sapa;(14)6298012;;
Odlewnia Żeliwa i Metali Nieżelaznych ORWO S.c.;(55)6491305;;
Odlewnia Żeliwa i Metali Nieżelaznych ORWO S.c.;(55)6491304;;
Odlewnia Żeliwa Lisie Kąty Sp.j. Sławomir i Bogusław Mioduszewscy;(56)4681392;;
Odlewnia Żeliwa Lisie Kąty Sp.j. Sławomir i Bogusław Mioduszewscy;(56)4681111;;
Odlewnia Żeliwa Nowa Sól Sp. z o.o.;(68)3875511;;
Odlewnia Żeliwa Nowa Sól Sp. z o.o.;(68)3564331;;
Odlewnia Żeliwa RAWICA Sp.j.;(48)6768089;;
Odlewnia Żeliwa RAWICA Sp.j.;(48)6769940;;
Odlewnia Żeliwa S.A.;(32)6718250sklep;;
Odlewnia Żeliwa S.A.;(32)6718450sklep;;
Odlewnia Żeliwa Simiński-Ordon Sp.j.;(34)3274895;;
Odlewnia Żeliwa Simiński-Ordon Sp.j.;(34)3274896;;
Odlewnia Żeliwa SOLIDUS mgr inż. Cezary Wojnowski;509152363;;
Odlewnia Żeliwa SOLIDUS mgr inż. Cezary Wojnowski;(56)4610954;;
Odlewnia Żeliwa Staliwa i Metali Kolorowych ZUB;326427219;;
Odlewnia Żeliwa Staliwa i Metali Kolorowych ZUB;326427130;;
Odlewnia Żeliwa ŚREM S.A.;(61)2813700;;
Odlewnia Żeliwa ŚREM S.A.;(61)2813580;;
Odlewnia Żeliwa TERLECKI Sp. z o.o. Sp.komandytowa;(34)3183240;;
Odlewnia Żeliwa TERLECKI Sp. z o.o. Sp.komandytowa;(34)3171700;;
Odlewnia Żeliwa Wilcze Piętki;(46)8159493;;
Odlewnia Żeliwa Wilcze Piętki;608337384;;
Odlewnia Żeliwa WULKAN S.A.;(34)3615554;;
Odlewnia Żeliwa WULKAN S.A.;(34)3615547;;
Odlewnia Żeliwa ŻANETA Nowakowski Tomasz;(41)3729029;;
Odlewnia Żeliwa ŻANETA Nowakowski Tomasz;(41)3728990;;
Odlewnia Żeliwa ŻELMET S.c.;(48)6101378;;
Odlewnia Żeliwa ŻELMET S.c.;(48)6101379;;
ODLEWNICTWO Export-Import;(34)3171318;;
ODLEWNICTWO Export-Import;(34)3174022;;
Odlewnictwo Metali Nieżelaznych;(56)4648701;;
Odlewnicza Spółdzielnia Pracy Metali Nieżelaznych;(33)8542317;;
Odlewnicza Spółdzielnia Pracy Metali Nieżelaznych;(33)8542953;;
Odlewy Ciśnieniowe.pl;504682213;;
P.H.P. Augustyn Stefaniak;(61)8143559;;
P.H.P. Augustyn Stefaniak;(61)8946128;;
P.P.H.U. GRACJA Grażyna Kudaj Odlewnia Żeliwa;(46)8577628;;
P.P.H.U. GRACJA Grażyna Kudaj Odlewnia Żeliwa;601398536;;
P.P.H.U. JARMOŁOWICZ Odlewnia Żeliwa PRZYSUCHA S.c. Artur Jarmołowicz i Jan Jarmołowicz;(41)3687835;;
P.P.H.U. KOLMET Marek Biedroń;603687584;;
P.P.H.U. KOLMET Marek Biedroń;607042723;;
P.P.H.U. KOTLEX Sp.j.;(32)6702750;;
P.P.H.U. KOTLEX Sp.j.;(32)6703181;;
P.P.H.U. Prosz-Met;(32)7115658;;
P.P.H.U. Prosz-Met;668499568;;
P.P.M. DOMET Sp. z o.o.;(63)2113178;;
P.P.M. DOMET Sp. z o.o.;(63)2113450;;
P.P.U.H. Zakład Odlewniczy HYDRAL Sp. z o.o.;(71)3251023;;
P.P.U.H. Zakład Odlewniczy HYDRAL Sp. z o.o.;(71)3251473;;
PARTNERPLAST;(58)7820558-59;;
PARTNERPLAST;607289928;;
PHU VALDI Waldemar Ślusarski;(46)8552315;;
PHU VALDI Waldemar Ślusarski;604554127;;
PIOMA-ODLEWNIA Sp. z o.o.;(44)6489578;;
PIOMA-ODLEWNIA Sp. z o.o.;(44)6489407;;
POLMAG;(077)4886864;;
POLMAG;(077)4886087;;
POLODLEW Andrzej Kokosza;601395252;;
POLODLEW Andrzej Kokosza;605564024;;
PPH GICOR;(87)6153850;;
PPH GICOR;(87)6151860;;
PPH M&J Sp. z o.o.;799255488;;
Pracownia Artystyczna JAS S.c.;(71)3742230;;
Pracownia Artystyczna JAS S.c.;(71)7259030;;
Pracownia Metaloplastyczna AS Anna Szczepańska;(32)7984663;;
Pracownia Metaloplastyczna AS Anna Szczepańska;693349128;;
Pracownia Ślusarstwa Artystycznego Grażyna Jachna;(14)6214480;;
Pracownia Ślusarstwa Artystycznego Grażyna Jachna;602738692;;
PREC-ODLEW Sp. z o.o.;(12)2764995;;
PREC-ODLEW Sp. z o.o.;(12)2764994;;
Przedsiębiorstwo Handlowo Produkcyjno Usługowe ALEX Sp. z o.o.;(65)5454535;;
Przedsiębiorstwo Innowacyjne Odlewnictwa SPECODLEW Sp. z o.o.;(12)6349400;;
Przedsiębiorstwo Innowacyjne Odlewnictwa SPECODLEW Sp. z o.o.;(12)6349401;;
Przedsiębiorstwo MAX Sp. z o.o.;(41)3464830;;
Przedsiębiorstwo MAX Sp. z o.o.;(41)3464831;;
Przedsiębiorstwo Monolith-GP S.c.;501566316;;
Przedsiębiorstwo Monolith-GP S.c.;603603740;;
Przedsiębiorstwo Odlewniczo-Mechaniczne KIGEMA Sp. z o.o.;(71)3550678;;
Przedsiębiorstwo Odlewniczo-Mechaniczne KIGEMA Sp. z o.o.;(71)3565479;;
Przedsiębiorstwo Produkcyjne GALJA;(12)3880130;;
Przedsiębiorstwo Produkcyjne Mała Odlewnia Sp. z o.o.;(68)3875511;;
Przedsiębiorstwo Produkcyjne Mała Odlewnia Sp. z o.o.;(68)3564331;;
Przedsiębiorstwo Produkcyjno-Handlowe DEMPAN;(12)2704414;;
Przedsiębiorstwo Produkcyjno-Handlowe DEMPAN;(12)2704388;;
Przedsiębiorstwo Techniczno-Produkcyjne Odlewnictwa SILSTOP Sp. z o.o.;(32)2316184;;
Przedsiębiorstwo Techniczno-Produkcyjne Odlewnictwa SILSTOP Sp. z o.o.;(32)2313358;;
Przedsiębiorstwo Wielobranżowe WTÓRMEX Sp.j.;(44)6835400;;
Przedsiębiorstwo Wielobranżowe WTÓRMEX Sp.j.;(44)6835431;;
PZM WIMET - znaki drogowe;(22)7893115;;
PZM WIMET - znaki drogowe;(22)7893132;;
RB Consulting Robert Balawender;500028828;;
RURARZ Odlewnia Żeliwa S.c. Rurarz Zbigniew i Rurarz Elżbieta;(41)3729144;;
RURARZ Odlewnia Żeliwa S.c. Rurarz Zbigniew i Rurarz Elżbieta;697242474;;
Sami Odlewnia Żeliwa S.c. Kazimierz Miklas, Bożena Sadal;(71)3252857Odlewnia;;
Sami Odlewnia Żeliwa S.c. Kazimierz Miklas, Bożena Sadal;(71)3254438;;
Silesia Castings Workshop;665234048;;
Silesia Castings Workshop;787579476;;
SILUM Sp. z o.o.;(43)8416380-81;;
SILUM Sp. z o.o.;(43)8416746;;
Sklep Eodlewy.pl;507761761;;
SOBOWIDZ Odlewnia Staliwa, Żeliwa i Metali Kolorowych;(58)6828226;;
SOBOWIDZ Odlewnia Staliwa, Żeliwa i Metali Kolorowych;(58)3423740;;
SPINKO Sp. z o.o.;(65)5258800;;
SPINKO Sp. z o.o.;(65)5294870;;
Spomasz-Odlewnia Żeliwa Sp. z o.o.;(62)7355457;;
Spomasz-Odlewnia Żeliwa Sp. z o.o.;(62)7355452;;
STĄPORKÓW-MEIER Sp. z o.o.;(41)3742779;;
STĄPORKÓW-MEIER Sp. z o.o.;(41)3742778;;
STUDIO BRĄZU Pracownia Brązownicza;(33)8218583;;
STUDIO BRĄZU Pracownia Brązownicza;606961811;;
Studio Form Rzeźbiarskich Joanna Mazurek Mirosław Mazurek S.c.;(12)2900655;;
TERIEL Sp. z o.o.;(65)5720820;;
TERIEL Sp. z o.o.;(65)5720864;;
Thoni Alutec Sp. z o.o.;(15)8149800;;
Thoni Alutec Sp. z o.o.;(15)8149809;;
TiTaTe Paweł Pawlina;604317376;;
VENTUS Odlewy Żeliwne;666891804;;
VENTUS Odlewy Żeliwne;664096621;;
WAKO Odlewnia Metali;(22)7237575;;
Warsztat Modeli Odlewniczych S.c.;(61)8772601;;
Warsztat Modeli Odlewniczych S.c.;601534700;;
Waxplast;501237491;;
Z.H.U. IMPORT-EXPORT Marek Barteczko;502514211;;
Zakład Doświadczalno-Wdrożeniowy Odlewnictwa S.c.;(32)2703695;;
Zakład Mechaniczno-Odlewniczy AGJK;(048)3213261;;
Zakład Mechaniczno-Odlewniczy Anna Grochowska;(74)8538733;;
Zakład Mechaniczno-Odlewniczy Anna Grochowska;502682519;;
Zakład Mechaniczny RIBEK;(12)6449805;;
Zakład Mechaniczny RIBEK;(12)4259640;;
Zakład Odlewnictwa Ciśnieniowego ALUM-AK S.c.;600894559;;
Zakład Odlewnictwa Ciśnieniowego ALUM-AK S.c.;600894447;;
Zakład Odlewniczo-Mechaniczny inż. Antoni Wąsała;(81)7500035;;
Zakład Odlewniczo-Mechaniczny inż. Antoni Wąsała;601620275;;
Zakład Odlewniczo-Ślusarski Janusz Kosiór;(61)8143965;;
Zakład Odlewniczy Aluminex;(067)2160160;;
Zakład Odlewniczy Jan Kowalczyk;(41)3742789;;
Zakład Odlewniczy Jan Kowalczyk;(41)3742788;;
Zakład Odlewniczy Jerzy Bąk;(34)3271095;;
ZAKŁAD ODLEWNICZY Józef Lejko, Stanisław Światłowski Sp.j.;(95)7554400;;
ZAKŁAD ODLEWNICZY Józef Lejko, Stanisław Światłowski Sp.j.;(95)7553485;;
ZAKŁAD ODLEWNICZY Łukasz Zwias;(33)8541039;;
Zakład Odlewniczy METAL-KOLOR;(41)2730000;;
Zakład Odlewniczy METAL-KOLOR;(41)2733069;;
Zakład Odlewniczy Metali Nieżelaznych Press Jerzy Musialik;(34)3142318;;
Zakład Odlewniczy Metali Nieżelaznych Press Jerzy Musialik;(34)3142426;;
Zakład Produkcyjno Usługowy ROMBEX Sp. z o.o.;(58)3071202;;
Zakład Produkcyjno Usługowy ROMBEX Sp. z o.o.;(58)6825634;;
Zakład Produkcyjno-Handlowy ETMAMEX;(34)3270098;;
Zakład Produkcyjno-Handlowy ETMAMEX;606355919;;
Zakład Produkcyjno-Handlowy METALKOLOR Ryszard Suchecki;(95)7515579;;
Zakład Produkcyjno-Handlowy METALKOLOR Ryszard Suchecki;(95)7515526;;
Zakład Produkcyjno-Usługowy Bandura Józef;501007969;;
Zakład Produkcyjno-Usługowy Bandura Józef;698679093;;
Zakłady Gospodarcze;609590000;;
Zakłady Gospodarcze;601145590;;
Zakłady Metalurgiczne POMET S.A. Odlewy Staliwne;(61)8762100;;
Zakłady Metalurgiczne POMET S.A. Odlewy Staliwne;(61)8770571;;
Zakłady Modelarsko-Odlewnicze LEGMOD K.Rzuchowski Sp.j.;(76)8511281;;
Zakłady Modelarsko-Odlewnicze LEGMOD K.Rzuchowski Sp.j.;(76)8524645;;
ŻELMET Tomasz Stóżewski;(42)7161312;;
ŻELMET Tomasz Stóżewski;(42)7175160;;
AGATPOL;(32)2267925;;
AGATPOL;609568540;;
AGRO-DAR Dariusz Kawałkowski;(22)7804173;;
AGRO-DAR Dariusz Kawałkowski;(22)7804186;;
ALMOT Jerzy Sobota;508384176;;
Alpha Technology Sp. z o.o. Oddział Herby;(34)3574062;;
ALUDESIGN Sp. z o.o.;(34)3505450;;
ALUDESIGN Sp. z o.o.;(34)3505451;;
Argenta;(41)3685959;;
Argenta;(41)3316289;;
ART PRODUCT Sp. z o.o.;(61)8684793;;
ART PRODUCT Sp. z o.o.;603179134;;
ART-M Wiktor Rusiłko;(12)2850587;;
ART-M Wiktor Rusiłko;501450613;;
BLE-MOD MODELARNIA ODLEWNICZA Roman Bleszcz;(68)4586096;;
BLE-MOD MODELARNIA ODLEWNICZA Roman Bleszcz;507977134;;
CONSTANS-TERMIT Sp. z o.o.;(32)6459670;;
CONSTANS-TERMIT Sp. z o.o.;(32)6424842;;
DARIUSZ KALINOWSKI Zakład Ślusarsko-Mechaniczny;501468850;;
Dezet Ltd;(22)7362234;;
Dezet Ltd;(22)7361118;;
Dort-Metal S.c. Świdnica Dorota Łysoń, Tomasz Łysoń;601638352;;
Dort-Metal S.c. Świdnica Dorota Łysoń, Tomasz Łysoń;601796732;;
ESTERER;(41)2491641;;
ESTERER;(41)2491695;;
F.P.U.H. MODELEX;(33)8171168;;
FAMPRA Sp. z o.o.;(77)4182835;;
FAMPRA Sp. z o.o.;(77)4186928;;
Ferro-Term Sp. z o.o.;(42)2533030;;
Ferro-Term Sp. z o.o.;(42)2502442;;
Filmar-Metal Recycling;(61)6517644;;
Filmar-Metal Recycling;(61)8677961;;
Firma Handlowo Usługowa ENERGO-PRODUKT Maciej Kubica;(33)8165149;;
Firma Handlowo Usługowa ENERGO-PRODUKT Maciej Kubica;666892058;;
Firma WYBRANIEC;(032)6122042;;
Firma WYBRANIEC;606147456;;
FORMA Pracownia Rzeźby Karol Badyna;(12)2649398;;
FORMA Pracownia Rzeźby Karol Badyna;602535761;;
Grupa GREMIX Sp. z o.o.;(33)8472674-sekretariat;;
Grupa GREMIX Sp. z o.o.;(33)8472834;;
Guzera Odlewnictwo;(41)3686135;;
Guzera Odlewnictwo;(41)3686939;;
GWARANT Grupa Kapitałowa S.A.;(32)3593800-05;;
GWARANT Grupa Kapitałowa S.A.;(32)3593806;;
Huta ZABRZE S.A.;(32)3763040;;
Huta ZABRZE S.A.;(32)3763050;;
IWAMET Sp. z o.o.;(15)8136055;;
IWAMET Sp. z o.o.;(15)8136054;;
Mechanika Maszyn-Usługi Modele Odlewnicze Ryszard Kaczmarek;(65)5721533;;
Mechanika Maszyn-Usługi Modele Odlewnicze Ryszard Kaczmarek;(65)5722990;;
METALMODA Małgorzata Pakuła;(042)2278325;;
METALMODA Małgorzata Pakuła;(042)2141176;;
MORELI;(34)3154800;;
MORELI;(34)3154801;;
Odlewnia Żeliwa FONDER Sp.j. Jolanta i Sławomir Kusior;(32)6733230;;
Odlewnia Żeliwa FONDER Sp.j. Jolanta i Sławomir Kusior;(32)6732075;;
P.P.H.U. Wiesław Jobda;(22)7794751;;
P.P.H.U. Wiesław Jobda;(22)7884866;;
P.U.P.H Motomet;(42)6787202;;
P.U.P.H Motomet;(42)6786373;;
PETROFER Polska Sp. z o.o.;(41)3465282;;
PETROFER Polska Sp. z o.o.;(41)3465248;;
PPH PRIMA Adam Szczepaniak;602253172;;
PPH PRIMA Adam Szczepaniak;(42)7169360;;
PPU TRUST;(46)8349095-96;;
PPU TRUST;(46)8349097;;
PRACOWNIA ODLEWNICTWA ARTYSTYCZNEGO Bogdan Szczepaniak, Robert Mazur;(71)3028399;;
PRACOWNIA ODLEWNICTWA ARTYSTYCZNEGO Bogdan Szczepaniak, Robert Mazur;601797250;;
Przedsiębiorstwo Modernizacji Obiektów Przemysłowych CEMA S.A.;(77)4566486;;
Przedsiębiorstwo Modernizacji Obiektów Przemysłowych CEMA S.A.;(77)4538611;;
Przedsiębiorstwo Produkcyjno-Handlowo-Usługowe DEPTUŁA;(89)7673389;;
Przedsiębiorstwo Wielobranżowe KARO mgr inż. Roman Kaczmarek;(61)2819411;;
Przedsiębiorstwo Wielobranżowe KARO mgr inż. Roman Kaczmarek;(61)2810676;;
PUH AKREM;(58)3241602;;
PUH AKREM;502788054;;
STALER pręty żeliwne, odkuwki swobodnie kute i matrycowe;(63)2616775;;
STALER pręty żeliwne, odkuwki swobodnie kute i matrycowe;(63)2205740;;
STALKWAS S.c.;(61)8489613;;
STALKWAS S.c.;(61)8499101;;
STYLMARK;(13)4321364;;
TECHNIKA AEROTECHNIKA;(61)8798250;;
TECHNIKA AEROTECHNIKA;(61)8798901;;
Truck System;(32)2311515;;
Truck System;(32)7003364;;
UMIP PPHU;(42)6322197;;
UMIP PPHU;504279423;;
Usługowy Zakład Elektromechaniczny OLIMPIA;(59)8612888;;
VARIMEX Sp. z o.o.;602211417;;
Walcownia Metali DZIEDZICE S.A.;(32)7143000;;
Walcownia Metali DZIEDZICE S.A.;(32)7143100;;
WAW Mielec Sp. z o.o.;(17)7888319;;
WAW Mielec Sp. z o.o.;(17)7888350;;
Zakład Form Odlewnia Aluminium Mirosław Stempowski;(52)3518073;;
Zakład Form Odlewnia Aluminium Mirosław Stempowski;607953973;;
Zakład Mechaniczny ZYGMUNT;(52)3871383;;
Zakład Mechaniczny ZYGMUNT;604268696;;
Zakład Naprawy Silników Zamet PL Leszek Fronc;(76)8546521;;
Zakład Naprawy Silników Zamet PL Leszek Fronc;600961055;;
Zakład Odlewniczo-Metalowy LIS ODLEW;(32)2652714;;
Zakład Produkcyjno Handlowy MARKO Roman Marek;(12)2746359;;
Zakład Produkcyjno Handlowy MARKO Roman Marek;502330684;;
Zakład Techniki Odlewniczej PROMET Sp. z o.o.;(74)8408312;;
Zakład Techniki Odlewniczej PROMET Sp. z o.o.;(74)8408315;;
Zakład Wielobranżowy Wrzos Józef Wrzosek;(63)2459470;;
Zakład Wielobranżowy Wrzos Józef Wrzosek;(63)2468169;;
Zakłady Mechaniczno-Odlewnicze ZREMB Sp. z o.o.;(75)7525445;;
Zakłady Mechaniczno-Odlewnicze ZREMB Sp. z o.o.;(75)7525449;;
ZETKAMA S.A.;(74)8652111;;
ZETKAMA S.A.;(74)8652100;;
ZF Modelarstwo Odlewnicze;508134696;;
