Cross Poland Sp. z o.o.;(22)7802600;;
Cross Poland Sp. z o.o.;(22)7802602;;
FH LYNX S.c.;(62)7577847;;
Limar Jeans Sp. z o.o.;(34)3614249;;
Limar Jeans Sp. z o.o.;(34)3703262;;
P.H.U. STANLEY Wojciech Świetlik;(46)8142824;;
P.H.U. STANLEY Wojciech Świetlik;(46)8145451;;
LOTOS STYL Krzysztof W.Piwowarczyk;(25)6330627;;
Gracja - Producent Odzieży Dziecięcej i Młodzieżowej;501443927;;
Gracja - Producent Odzieży Dziecięcej i Młodzieżowej;510636701;;
MANTONI FDS;606727179;;
Acostar P.P.H.U.;602277061;;
Americanos & Co Sp. z o.o.;(76)8560796;;
Americanos & Co Sp. z o.o.;(76)8560540;;
Aristo Jeans;(42)6302024;;
Bajeko Sp. z o.o. Texas Club;(17)8600936;;
BRIDLE JEANS;(42)7163122;;
BRIDLE JEANS;601287791;;
D.S. Moro;515046958;;
DINES Agnieszka Glina - Sklep Internetowy JEANS-OUTLET;509151143;;
DINES Agnieszka Glina - Sklep Internetowy JEANS-OUTLET;600855950;;
F.H.U. IZOKLIMA SERVIS;503062117-18;;
H.P.W. ROSSA;(52)5863001;;
H.P.W. ROSSA;(52)3857935;;
Hurtownia Odzieży Jeansowej Stanley;508701478;;
Hurtownia RONI S.c.;(81)4446276;;
Hurtownia RONI S.c.;504130848;;
Hurtownia Spodni Jeansowych CROWN JEANS;(12)6561577;;
Hurtownia Spodni Jeansowych CROWN JEANS;508339850;;
IndianTime;570645558;;
IndianTime;570645559;;
Inter-Shop;(23)6726824;;
Jeans-At-Click;(58)7712858;;
Jeans-At-Click;606712406;;
JEANS.pl;(55)2481775;;
JEANS.pl;(55)2481776;;
Joy-Jeans;(68)3854421;;
Joy-Jeans;693453839;;
Jukon Sklep spodnie jeans;604070551;;
LAROXY;533847446;;
MARKUS;(017)8534062;;
mojejeansy.pl - spodnie, jeansy, szorty damskie;608342752;;
Mustang Jeans;(85)7445660;;
Mustang Jeans;506219048;;
MUSTANG Poland Sp. z o.o.;(022)3386666;;
MUSTANG Poland Sp. z o.o.;(022)3386488;;
NaJeansowo.pl;602599624;;
NaJeansowo.pl;501673245;;
No More Jeans;666085424;;
No More Jeans;666089866;;
Outlet System - Hurtownia Jeans Wrangler, Lee, Tommy Hilfiger;698112211;;
P.P.H. JANEX;(62)7618139;;
P.P.U.H. PAULINA Barbara Sobisiak;(61)4417404;;
P.P.U.H. PAULINA Barbara Sobisiak;604437308;;
PRIMUS Original Jeans & Jackets;(71)3289259;;
Przedsiębiorstwo Produkcyjno Handlowo Usługowe RADER Danuta Janicka;(012)3880030;;
Przedsiębiorstwo Produkcyjno Handlowo Usługowe RADER Danuta Janicka;(012)3880031;;
PW PAKO Krzysztof Cykowski;(32)4223970;;
PW PAKO Krzysztof Cykowski;(32)4221706;;
Remode Sp.j.;(22)7555089;;
Remode Sp.j.;(22)7249883;;
Rocks;(68)3266477;;
Rocks;(68)3288992;;
RyTEX Jeans Ryszard Żuchowicz;(42)6546204;;
RyTEX Jeans Ryszard Żuchowicz;501462661;;
SHARK Zakład Produkcji Odzieży Jeansowej Jarosław Kamiński;(67)2134491;;
SHARK Zakład Produkcji Odzieży Jeansowej Jarosław Kamiński;604404721;;
SILESIA JEANS Sp. z o.o.;(32)2234456;;
Sklepy Firmowe Stanisław Szelągiewicz Sklep Jeansoriginal.pl;669708059;;
SKRZESZEWSCY Sp.j. Sklep Internetowy JEANS24h.pl;(41)3784038;;
SKRZESZEWSCY Sp.j. Sklep Internetowy JEANS24h.pl;668199911;;
STYLE OF JEANS Piaseczyński i Konefał Sp.j.;(12)6371187;;
STYLE OF JEANS Piaseczyński i Konefał Sp.j.;790761908;;
TENOS Group Sp. z o.o.;(68)3236811;;
TENOS Group Sp. z o.o.;(68)3236831;;
TOGER SHOP outlet Odzież Markowa;606326412;;
VEGAS JEANS;(71)3725902;;
Viking Jeans Producent Odzieży Męskiej;(42)2136625;;
Viking Jeans Producent Odzieży Męskiej;(42)2136648;;
VT ORIGINAL Sp.j.;(75)7514051;;
VT ORIGINAL Sp.j.;(75)7523534;;
WEDAN Jeans;(71)3113409;;
WEDAN Jeans;(71)3113471;;
WESTMAN Jan Turek;(042)6492915;;
WESTMAN Jan Turek;(042)6437267;;
Zakład Produkcyjno-Handlowy WOLUX;(43)8234330;;
Zakład Produkcyjno-Handlowy WOLUX;602708611;;
Zakład Produkcyjno-Usługowy GAB-KAR;(85)7115400;;
J&C markowa odzież;600459779;;
ALT-AIR F.H.;(22)2929636;;
ALT-AIR F.H.;606670797;;
ARLENA PPHU S.c. Henryk Baczyński, Paweł Baczyński;(042)6832134;;
ARLENA PPHU S.c. Henryk Baczyński, Paweł Baczyński;(042)6832135;;
BELLMAR S.c.;(12)2630119;;
BELLMAR S.c.;604213210;;
BIGA STYL tania odzież używana;(12)2601065;;
BIGA STYL tania odzież używana;(12)2638988;;
BIGSTAR sk Sklep Internetowy ForEvery.pl;600333117;;
Biuro Organizacji Produkcji WALKUR;(77)4354127;;
BIZA Adam Zawicki - Hafciarnia, Haft Komputerowy;512344773;;
CCPC Sp. z o.o.;(22)3702833;;
CCPC Sp. z o.o.;799141803;;
CHMURA S.c., Sklep Internetowy www.przekot.pl;(41)3682098;;
DobraMarka Daniel Paprzycki;603861236;;
ELEGANT;509986950;;
Etrendi.pl;775472691;;
EXDAN Daniela Przybylska;(62)5981025;;
EXDAN Daniela Przybylska;606873281;;
F.H.U. ULALA Urszula Malecka Sklep Odzieżowy;793207290;;
F.P.U.H JAMA;(71)3571515;;
F.P.U.H JAMA;796350834;;
Firma Handlowa DARNED;(2202929630;;
Firma Handlowa DARNED;535248248;;
FPH TANER Jeans & Jackets;(12)6532081;;
ImperMar;506680304;;
ImperMar;518101608;;
Modio Sp. z o.o.;(61)6535633;;
MULTI BRAND GROUP;0800809900;;
MULTI BRAND GROUP;(85)7333811;;
NOGAFASHION;500120080;;
NOVAMODA S.c.;790455475;;
NOVAMODA S.c.;790455885;;
OUTEXX s.r.o.;600250851;;
Outlet Polska Bilik Sp.j.;(77)4540111;;
P.H.U. B&W;504098330;;
P.H.U. B&W;501404855;;
P.P.H.U. LAID-BACK® Elżbieta Smolarek - Sklep Internetowy CIUCHYNALUZIE;793716160;;
P.P.H.U. LAID-BACK® Elżbieta Smolarek - Sklep Internetowy CIUCHYNALUZIE;605222851;;
P.P.U.H. Inter-Magnus Zbigniew Krzyżanowski;(54)2332875;;
P.P.U.H. Inter-Magnus Zbigniew Krzyżanowski;(54)2338443;;
Pepe Jeans London;(12)4311958;;
POLINVEST Sp. z o.o.;886016837;;
RATEX Przedsiębiorstwo Produkcyjno-Handlowe;(81)7447005;;
RATEX Przedsiębiorstwo Produkcyjno-Handlowe;502450507;;
RECMAN Sp. z o.o.;(87)5632590;;
RECMAN Sp. z o.o.;(87)5632599;;
Royal-Fashion;669909180;;
Royal-Fashion;506151980;;
Sklep CIPO & BAXX;697614074;;
Sklep CIPO & BAXX Denim Brand;795418174;;
Sklep Internetowy BIG STAR LIMITED;(62)7652102;;
Sklep KONTUSZ;(24)2754000;;
TMN Marek Nietopiel;(63)2421353;;
U&K TEXTILES Hurtownia Odzieży;730232327;;
Vertus;(042)7177071;;
Vertus;(042)7177107;;
Victoire Group Sp. z o.o.;690903888;;
Victoire Group Sp. z o.o.;531997706;;
Wolw-Pol Sp. z o.o.;(22)8377758;;
Zakład Galanterii Metalowej Sp.j. J.Rutkowski;(42)6841414;;
Zakład Galanterii Metalowej Sp.j. J.Rutkowski;(42)6402081;;
