Przedsiębiorstwo L-Z;(81)7515708;;
Przedsiębiorstwo L-Z;(81)7515702;;
Wojskowe Zakłady Lotnicze nr 4 S.A.;(22)6851250;;
Wojskowe Zakłady Lotnicze nr 4 S.A.;(22)8364521;;
Wytwórnia Sprzętu Komunikacyjnego PZL-KALISZ S.A.;(62)5046100;;
Wytwórnia Sprzętu Komunikacyjnego PZL-KALISZ S.A.;(62)5046116;;
Wojskowe Zakłady Lotnicze nr 2 S.A.;(52)3628601;;
Wojskowe Zakłady Lotnicze nr 2 S.A.;(52)3628602;;
P.P.H.U Royal-Star;(14)6811916;;
Gardner Aerospace Tczew Sp. z o.o.;(58)5301300;;
Gardner Aerospace Tczew Sp. z o.o.;(58)5301333;;
Zakład Elementów Sprężytych i Lotniczych Sp. z o.o.;(22)8105649;;
Zakład Elementów Sprężytych i Lotniczych Sp. z o.o.;(22)8108014;;
LOT Aircraft Maintenance Services Sp. z o.o.;(22)6068002;;
LOT Aircraft Maintenance Services Sp. z o.o.;(22)6068102;;
4-AIR AIRLINES Sp. z o.o.;(17)8561104;;
4-AIR AIRLINES Sp. z o.o.;604605400;;
AERO-SERVICE;603397810;;
Aus-Pol;(42)2769111;;
Aus-Pol;(42)2769110;;
AVIACOM.PL Sp. z o.o.;(29)7646659;;
AVIACOM.PL Sp. z o.o.;604114718;;
AVIOMECHANIKA Sp. z o.o.;(33)8220054;;
AVIOMECHANIKA Sp. z o.o.;(33)8212964;;
AVIONIC Sp.j.;(33)8539089;;
Bielski Park Technologiczny Lotnictwa Przedsiębiorczości i Innowacji Sp. z o.o.;(32)7508189;;
Bielski Park Technologiczny Lotnictwa Przedsiębiorczości i Innowacji Sp. z o.o.;(32)7508233;;
Bumar Amunicja S.A. Oddział WSK PZL-WARSZAWA II;(22)8102001;;
Bumar Amunicja S.A. Oddział WSK PZL-WARSZAWA II;(22)8108884;;
EADS PZL Warszawa-Okęcie S.A.;(22)5772202;;
EADS PZL Warszawa-Okęcie S.A.;(22)5772203;;
ETC-PZL Aerospace Industries Sp. z o.o.;(22)8465417;;
ETC-PZL Aerospace Industries Sp. z o.o.;(22)8465418;;
Firma Techniczno-Handlowa ANKOL;(17)5840100;;
Firma Techniczno-Handlowa ANKOL;(17)5840120;;
GB Aircraft Sp. z o.o.;601359018;;
Grupa Kama-Eko S.A. Zakład Lotniczy;(32)3534773;;
Grupa Kama-Eko S.A. Zakład Lotniczy;(32)7971268;;
Hamilton Sundstrand Poland Sp. z o.o.;(17)8882000;;
Hamilton Sundstrand Poland Sp. z o.o.;(17)8882251;;
Heli Invest Sp. z o.o.;(22)5718252;;
Heli Invest Sp. z o.o.;(22)5718255;;
HELICONSULTING;606930063;;
JB Investments Sp. z o.o.;601301606;;
Kama Eco Group Silesian Seaplane Company Sp. z o.o.;(32)3534773;;
LINETECH HOLDING Sp. z o.o. S.K.A.;722008008;;
Lotnicze Zakłady Produkcyjno-Naprawcze AERO-KROS Sp. z o.o.;(13)4367023;;
Lotnicze Zakłady Produkcyjno-Naprawcze AERO-KROS Sp. z o.o.;(13)4367397;;
MARCO Export-Import Sp. z o.o.;(17)8640340;;
MARCO Export-Import Sp. z o.o.;606339534;;
NAVITEC Sp. z o.o.;(42)6174591;;
NAVITEC Sp. z o.o.;(42)6174590;;
Osprzęt Lotniczy Jarosław Kaleta;602115841;;
P.P.H.U. EKOLOT;(13)4368897;;
P.P.H.U. EKOLOT;506038843;;
PEZETEL Aviation Sp. z o.o;(22)6684307;;
PEZETEL Aviation Sp. z o.o;(22)2138447;;
PHU POLINAR Sp. z o.o.;(12)4142566;;
PHU POLINAR Sp. z o.o.;(12)4141266;;
Polskie Zakłady Lotnicze Sp. z o.o.;(17)7887921;;
Polskie Zakłady Lotnicze Sp. z o.o.;(17)7887829;;
S4A Sp. z o.o.;793929386;;
S4A Sp. z o.o.;793199774;;
ULTRATECH Sp. z o.o.;(17)7453531;;
ULTRATECH Sp. z o.o.;(17)8503511;;
WALDREX Sp. z o.o. Sp.komandytowa;(17)7737040;;
WALDREX Sp. z o.o. Sp.komandytowa;(17)7737056;;
Wojskowe Zakłady Lotnicze nr 1 S.A.;(42)6815560-64;;
Wojskowe Zakłady Lotnicze nr 1 S.A.;(42)6813318;;
Wojskowe Zakłady Lotnicze nr 1 S.A. Oddział w Dęblinie;(81)8830122;;
Wojskowe Zakłady Lotnicze nr 1 S.A. Oddział w Dęblinie;(81)8830248;;
WSK PZL-Rzeszów S.A.;(17)8546600;;
WSK PZL-Rzeszów S.A.;(17)8546100;;
WSK-Tomaszów Lubelski Sp. z o.o.;(84)6642421;;
WSK-Tomaszów Lubelski Sp. z o.o.;(84)6642053;;
Wytwórnia Sprzętu Komunikacyjnego PZL-Świdnik S.A.;(81)7226140;;
Wytwórnia Sprzętu Komunikacyjnego PZL-Świdnik S.A.;(81)7226308;;
Zakład Kompozytów i Techniki Lotniczj AVIATA Sp. z o.o.;(22)8464416;;
Zakład Naprawczy Sprzętu Lotniczego Antoni Nowak;(33)8618984;;
Zakład Naprawczy Sprzętu Lotniczego Antoni Nowak;601486839;;
Zakłady Lotnicze 3Xtrim Sp. z o.o.;(33)8189121;;
Zakłady Lotnicze Margański & Mysłowski Sp. z o.o.;(33)7841500;;
ZREMB Wojkowice Sp. z o.o.;(32)2678034;;
ZREMB Wojkowice Sp. z o.o.;(32)7696202;;
FLY POLSKA Ośrodek Szkolenia Lotniczego;517910700;;
FLY POLSKA Ośrodek Szkolenia Lotniczego;177887144;;
Helicopter.pl S.A.;(22)5718259;;
Helicopter.pl S.A.;(22)5718255;;
PP-AERO Sp. z o.o.;799237762;;
