Dekoria.pl - sklep internetowy Franc-Textil Sp. z o.o.;(74)6499729;;
Dekoria.pl - sklep internetowy Franc-Textil Sp. z o.o.;(74)6499734;;
EXTRAL;(25)6446949;;
EXTRAL;(25)6333038;;
POLONTEX S.A.;(34)3692000;;
POLONTEX S.A.;(34)3692376;;
Pracownia Firanek i Zasłon Mirka Styl 2001;(61)8427026;;
Pracownia Firanek i Zasłon Mirka Styl 2001;505108111;;
Fabryka Firanek WISAN S.A.;(15)8122215;;
Fabryka Firanek WISAN S.A.;(15)8122303;;
Firma Handlowa OLEŃKA;(87)4281331;;
Firma handlowo-Usługowa KONICER S.c. Gabriela Konicer i Spółka;(67)2633435;;
IGMAR Salon Firan;(32)7374969;;
Król Maciuś Sklep;(22)8152172;;
Król Maciuś Sklep;601970589;;
Romantica;501574032;;
Romantica;503129461;;
ANWO J i A Dawid Sp.j.;(81)4441066;;
ANWO J i A Dawid Sp.j.;(81)4441533;;
APRIORI S.c. A.Trzmiel, J.Trzmiel;(91)4645712;;
APRIORI S.c. A.Trzmiel, J.Trzmiel;(91)4238181;;
Bajkowy Świat Firan;603553456;;
Bajkowy Świat Firan;(94)3520167;;
DECORADA;(22)7824497;;
DECORADA;600882454;;
DOBRY STYL Dekoracje Okien Grażyna i Paweł Górscy;(44)6475659;;
DOBRY STYL Dekoracje Okien Grażyna i Paweł Górscy;604487148;;
EvoArt;(71)7948494;;
EvoArt;663493013;;
FENIX Firany Zasłony;731079865;;
FIRANEX;786816414;;
Firanex S.c. Izabela Kluczyk, Michał Ciechulski;(42)6334033;;
Firanex S.c. Izabela Kluczyk, Michał Ciechulski;502027604;;
MARGO TEXTIL M.Trzpis;(58)5575270;;
MARGO TEXTIL M.Trzpis;(58)5575252;;
Markizeta Salon Dekoracyjny;(12)6380609;;
Markizeta Salon Dekoracyjny;606706335;;
PAREN Firany, Zasłony, Karnisze, Rolety;504462631;;
PPHU MAGDALENA;(15)8238265-66;;
PPHU MAGDALENA;(15)8229385;;
PPUH DARTEX S.c.;(87)5663128;;
Przedsiębiorstwo Produkcyjno-Usługowo-Handlowe KRAWMAR Mariola Święty;(32)4577534;;
Salon Firan Aneta Brzeska;694854424;;
Salon Firan Aneta Brzeska;509406863;;
Spirydon-As Spyridon Cumanis;(91)4832044;;
Spirydon-As Spyridon Cumanis;(91)4328363;;
ŚWIAT FIRAN S.c.;(32)4485033;;
ŚWIAT FIRAN Sklep Wielobranżowy;(74)8315590;;
TINA Beata Klejman;531133667;;
TINA Beata Klejman;(42)6301110;;
ZHU EWMAR;(84)6398116;;
ZHU EWMAR;509755929;;
Firma Handlowa SZYK;(17)8527780;;
Firma Handlowa SZYK;530730534;;
F.H. Roman Szczepanik i Grzegorz Gąsiorowski;(32)2363474;;
F.H. Roman Szczepanik i Grzegorz Gąsiorowski;(32)3362177;;
Haft Komputerowy Adam Tymczuk;603982567;;
Shadow Shop;690877990;;
Shadow Shop;606618812;;
STYL Studio Wnętrz;(61)8209213;;
STYL Studio Wnętrz;796386386;;
ALUTOR Systemy Roletowe S.c.;(41)3442458;;
ALUTOR Systemy Roletowe S.c.;(41)3692370;;
Firma ZBYSZEK;(32)7545876;;
Firma ZBYSZEK;505035462;;
GERSTER Sp. z o.o.;(42)6717566;;
GERSTER Sp. z o.o.;(42)6488212;;
KRISMARG;(17)8523782;;
KRISMARG;883443846;;
Mardom Home Spółka z ograniczoną odpowiedzialnościa Sp.k.;(23)6920148;;
Mardom Home Spółka z ograniczoną odpowiedzialnościa Sp.k.;(23)6920149;;
Adamtex P.P.H. Adam Jaworski;604956196;;
Adamtex P.P.H. Adam Jaworski;(13)4326609;;
Centrum Lniarskie NATURA Mysłakowice;(75)7131460;;
Centrum Lniarskie NATURA Mysłakowice;603080882;;
COMO;(12)2641083;;
COMO;(12)2665308;;
DEKORA Studio Dekoracji Wnętrz;(32)2317487;;
DEKORA Studio Dekoracji Wnętrz;512048146;;
ELEONORE - Design For Your Home;(71)3223681;;
ELEONORE - Design For Your Home;696284408;;
F.H.U. Kaszmir - Sklep Internetowy;795577680;;
Galeria Tkanin Dekoracyjnych LIŚĆ;(22)6215580;;
Galeria Tkanin Dekoracyjnych LIŚĆ;(22)6226892;;
LINEN PARTNER - lniane tkaniny, dzianiny, frotte;728266665;;
LINEN PARTNER - lniane tkaniny, dzianiny, frotte;(75)6477243;;
P.H.U. DECOR Wojciech Chmielewski;(87)5631097;;
P.H.U. DECOR Wojciech Chmielewski;509414795;;
P.H.U. ELKA S.c.;(22)8392817;;
P.H.U. ELKA S.c.;501292682;;
P.P.H.U. DORTA;(58)6731695;;
P.P.H.U. DORTA;531099994;;
Twoje Okno;502051059;;
Twoje Okno;510171971;;
Zakłady Produkcyjno-Usługowe CHEMEKS Sp. z o.o.;(34)3692400;;
Zakłady Produkcyjno-Usługowe CHEMEKS Sp. z o.o.;(34)3692448;;
MON ART Dekoracje Okienne Monika Dzikowska;660617678;;
Serwis Dekoracji Okiennych;665380678;;
Adamaszek S.c.;(94)3163556;;
Adamaszek S.c.;691501113;;
ADZAM Artur Zaremba Nowoczesne Firanki;885144345;;
AGATOM-TWÓJ DOM;660635355;;
Aladekor Salon Firan Alicja Koźlak;504028139;;
ALEKSANDRA-DEKOR;(22)2430506;;
ALENA;600125660;;
ALENA;(15)8441512;;
ALPA Sp.j.;(22)8622176;;
ALPA Sp.j.;(22)6319451;;
Amarello;(42)2526555;;
Amarello;603661455;;
Anbert;(42)2765139;;
Anbert;501084292;;
ANITEX;504144423;;
ANITEX;782144423;;
APOLLO;(32)4752546;;
ARESPOL Sp. z o.o. Sp.komandytowa;(42)6110079;;
ART-MON Pracownia Dekoracji Okien;(58)3409020;;
ART-MON Pracownia Dekoracji Okien;600978049;;
ArtDekor;785636724;;
Aspiro Design;608581160;;
AWBIT Sklep Internetowy Firanek.bazarek.pl;783670788;;
Ballantine`s Światłoch Iwona;518718095;;
Batex Jerzy Kołodziejczyk;600775441;;
Batex Jerzy Kołodziejczyk;506032200;;
BAYER;(22)6398003;;
BB Firany;603638227;;
BB Firany;663656613;;
BeKaWu Beata Warczyńska;510125040;;
Bella;(58)7618212;;
BELVISO Firany i Tkaniny Dekoracyjne;(91)4340090;;
BELVISO Firany i Tkaniny Dekoracyjne;501445077;;
BIANCA Zasłony Stylowe Barbara Ruszkowska;608311184;;
BIANCA Zasłony Stylowe Barbara Ruszkowska;(22)6787816;;
Biuro Handlowe Dorota Białowąs;(68)4594634;;
Brawo Aranżacja Okna - Salon Tkanin Dekoracyjnych;(68)4519246;;
Brawo Aranżacja Okna - Salon Tkanin Dekoracyjnych;503031594;;
CAMELOT - Decor Studio;(48)3340112;;
CAMELOT - Decor Studio;604430454;;
CAMMEO;(32)4490534;;
CAMMEO;502367606;;
Centrum Dekoracji Wnętrz;(94)3546040;;
Centrum Dekoracji Wnętrz;781983986;;
Centrum Wzornictwa i Dekoracji Okien JOLLY Jolanta Lasocka;660456524;;
Centrum Wzornictwa i Dekoracji Okien JOLLY Jolanta Lasocka;227511675;;
CHIMEX Sp. z o.o.;603771309;;
Cortina - Sklep Internetowy;(29)7427916;;
Cortina - Sklep Internetowy;783600120;;
COZA STUDIO Studio Dekorowania Okien;601362500;;
COZA STUDIO Studio Dekorowania Okien;601362925;;
Creadest;(61)4254317;;
CREATIVA HOUSE DECOR;(85)6795040;;
CREATIVA HOUSE DECOR;692442665;;
Damask.pl;(22)8537412;;
Damask.pl;609709949;;
DAVEX Dawid Kubica;666898099;;
DECOMANIA;884779937;;
DECOR;698072358;;
Decora Collection;(58)3459768;;
DECORA Mirosława Byszyńska;(25)7526932;;
DECORA Mirosława Byszyńska;602553433;;
DECORANN;(22)7794106;;
DECORANN;507107694;;
DECORENE;600449628;;
DECORHOME Sp. z o.o.;(61)4254317;;
Decorina Art;(29)7428966;;
Decorina Art;692520615;;
DECOSTYL;(61)6611116;;
DECOSTYL;603964040;;
DEKOPOLIS.PL Anna Pończocha;535321111;;
DEKOR STYL Kompleksowa Dekoracja Okien;(22)4096464;;
DEKOR STYL Kompleksowa Dekoracja Okien;602106155;;
DEKORACJA OKIEN Ewa Olszanowska;692226601;;
DEKORACJA OKIEN Ewa Olszanowska;608592169;;
DEKORACJA OKNA - Serwis Usługi;(58)3460462;;
DEKORACJA OKNA - Serwis Usługi;(58)3414382;;
Dekoracje na Miarę;730901914;;
Dekoracje na Miarę;694438280;;
Dekoracje Okien;(22)7610260;;
DEKORACJE OKIEN Homedecora;(61)2870252;;
DEKORACJE OKIEN Homedecora;697227635;;
Dekorokna;509680216;;
DEKORS;607127778;;
DEKORS;606767644;;
DIANA DECOR Wystrój Wnętrz;694522508;;
DomoweTekstylia.pl;534603475;;
DorStyl;600913290;;
EFFECT Sklep Firmowy;(34)3138769;;
Ekspresowe Szycie Firan Beata Jędraszczak;608060461;;
ELA-DEKOR Studio Firan;(34)3272148;;
ELA-DEKOR Studio Firan;794552649;;
ELIZA Elżbieta Zaczek;(86)2160367;;
ELIZA Elżbieta Zaczek;575647678;;
ELLA Pracownia Firan i Zasłon Elżbieta Kowalska;(52)3212000;;
ELLA Pracownia Firan i Zasłon Elżbieta Kowalska;697693551;;
ELTIUL Studio Dekoracji Okien;(25)6323621;;
ELTIUL Studio Dekoracji Okien;506159961;;
ELŻBIETA Pracownia Dekoracji Okien;600943366;;
EMULTISKLEP Krystyna Łoś;791250850;;
ESTORA Dekoracja Wnętrz Tkaniną;604959789;;
EUROFIRANY Sp.j.;(33)8652366;;
EUROFIRANY Sp.j.;(33)8652501;;
F.H. Textyl S.c.;(41)3832515;;
F.H.U MARKIZETA Krystyna Cwalina;504223518;;
F.H.U. AGA Biesiadecka Agnieszka;(015)8110885;;
F.H.U. AGA Biesiadecka Agnieszka;692412611;;
F.H.U. DEKORTEX;(17)8565976;;
F.H.U. DEKORTEX;608677166;;
F.H.U. Paweł Mrozek;(32)4518422;;
F.H.U.P. NOVA S.c.;(12)4136949;;
F.H.U.P. NOVA S.c.;(12)4117610;;
Fabryka Firanek i Koronek FAKO S.A.;(42)2531200;;
Fabryka Firanek i Koronek FAKO S.A.;(42)2531166;;
Fabryka Firanek i Koronek HAFT S.A.;(62)7686600;;
Fabryka Firanek i Koronek HAFT S.A.;(62)7686801;;
FANTAZJE OKIENNE Joanna Jarząbek;(22)3311375;;
FENESTRA DEKORACJE;603366355;;
FENESTRA DEKORACJE;502739155;;
FH ŻAKARD;693036971ul.Kolegialna;;
FH ŻAKARD;665588257ul.Chopina;;
FHU KREDENS Ewa Bednorz;602634967;;
FHU KREDENS Ewa Bednorz;507400338;;
FHU MAROLA;691682568;;
FHU PILECKI;(15)8121470;;
FHU PILECKI;(15)8121468;;
FHU Piotr Chojnacki I-C-T Internetowe Centrum Tekstylne;(62)7671798;;
FHU Piotr Chojnacki I-C-T Internetowe Centrum Tekstylne;698192715;;
FHUP MARKO-BIS Świat Firan Małgorzata Szkaradek;(32)6277103;;
FHUP MARKO-BIS Świat Firan Małgorzata Szkaradek;600226676;;
FINEZJA Studio;691113522;;
FINEZJA Studio Dekoracji Okien;(17)7885033;;
FINEZJA Studio Dekoracji Okien;500052505;;
FIRANECZKA;512316344;;
Firanela;691852703;;
firanelle.pl;502515950;;
FIRANKI.PL;502974317;;
FIRANKI.PL;500894470;;
FIRANKOWO Agnieszka Pezda;604704630;;
Firante.pl;501370244;;
Firantex S.c.;(22)2198420;;
Firantex S.c.;516105837;;
Firany i zasłony B&M Prestige;(32)7540547;;
FIRANY Kowalczyk Henryk;(22)7395655;;
FIRANY Kowalczyk Henryk;509702960;;
FIRANY SEKA;601350961;;
FIRANY STYL;501602955;;
Firany ZBYSZKO;(89)5411583;;
Firany ZBYSZKO;604599480;;
FIRANY.COM;(32)2273876;;
Firma AUGUSTYNIAK - Salon Dekoracyjny STUDIO ANABELL;601186100;;
Firma AUGUSTYNIAK - Salon Dekoracyjny STUDIO ANABELL;(81)4670641;;
Firma Handlowa DEKOR;(14)6212751;;
Firma Handlowa GIPIUREX;(22)6732998;;
Firma Handlowa LABIRYNT;(25)6323990;;
Firma Handlowa LABIRYNT;607361084;;
Firma Handlowa MAKAR;(17)8525985;;
Firma Handlowa MAKAR;(17)8532521;;
Firma Handlowo-Usługowa REMI-DEKOR;(12)4218657;;
Firma Handlowo-Usługowa REMI-DEKOR;(12)4232168;;
Firma Handlowo-Usługowa SABRINA;502398281;;
Firma JAŚ I MAŁGOSIA Janusz Koczwara Sklep Internetowy Sklep.jasimalgosia.eu;(91)4841420;;
FUH Antonina Dziedzina Sklep Internetowy FIRANKI.biz.pl;694559779;;
Galeria Firan i Zasłon;502676404;;
Galeria Firan i Zasłon;660078875;;
Galeria Pasje;(71)3254998;;
Galeria Pasje;(71)3252221;;
GALICJA;(33)8486553;;
GALICJA;509503467;;
Galtex S.A.;(34)3692500;;
Galtex S.A.;(34)3692590;;
GRAMAR Marian Szymiczek;600685760;;
Handlomer Sp. z o.o.;(94)3746455;;
IMPRESJA Pracownia Krawiectwa Dekoracyjnego;(41)3438066;;
IMPRESJA Pracownia Krawiectwa Dekoracyjnego;781535167;;
IMPRESJA Studio Dekoracji Okien;(91)4832127;;
IMPRESJA Studio Dekoracji Okien;603863786;;
INTERTECH;500120000;;
Italissima Home;(33)8620401;;
Italissima Home;516153122;;
IWA Iwona Jarczyńska;(22)7718113;;
IWA Iwona Jarczyńska;505141084;;
IwDeco aranżacja i decoracja okien i wnętrz;793201073;;
IZABELLA;(12)6586459;;
IZABELLA;502687351;;
JAGRO - Studio Dekoracji Okiennych i Aranżacji Wnętrz;600344510(ul.Wyzwolenia);;
JAGRO - Studio Dekoracji Okiennych i Aranżacji Wnętrz;(61)8982072(ul.Śremska);;
JOELLE JO;603339933;;
JUP Urszula Psujek;601702299;;
JUP Urszula Psujek;(91)4886207;;
KAROLINA Dekoracje Okien;(29)7427916;;
KAROLINA Firany-Zasłony;607870320;;
KAROLINA Firany-Zasłony;(25)7876074;;
Kasandra Firanki Gotowe;731028595;;
KOTARA STORY;(22)8512641;;
Kraina Firan;506373766;;
Krawiectwo Dekoracyjno-Artystyczne ESTETA;(22)6160813;;
Krawiectwo Dekoracyjno-Artystyczne ESTETA;602213693;;
LA PETITE;603701138;;
Lama Jadwiga i Waldemar Krasuscy Sp.j.;(25)6449146;;
Lama Jadwiga i Waldemar Krasuscy Sp.j.;(25)6407265;;
LANDSBERG Dekoracje Okien;(71)3525074;;
LANDSBERG Dekoracje Okien;604262635;;
LAWAL Sp. z o.o.;(22)8537412;;
LAWAL Sp. z o.o.;(22)8471826;;
LONDEX Dekoracja Okien;(22)6738118;;
LONDEX Dekoracja Okien;601570690;;
M-Art;(022)6633979;;
MABELLA Salon Firan i Zasłon;(22)6661996;;
MABELLA Salon Firan i Zasłon;(22)6661997;;
Magma;793572740;;
MAŁGORZATA Dekoracja i Automatyka Sp. z o.o.;(61)8768644;;
MAŁGORZATA Dekoracja i Automatyka Sp. z o.o.;601782190;;
Mantissa-Salon Firan;(33)8185865;;
MargaretaM Michał Maciukiewicz;663791341;;
MargaretaM Michał Maciukiewicz;(22)4804495;;
MARINA 2 S.c.;(32)7718247;;
Markisol International Ltd. Sp. z o.o.;(58)6775757;;
Markisol International Ltd. Sp. z o.o.;(58)6770902;;
MARKIZETA Sp.j.;(15)8110286;;
MATEX Firmowe Firany;509481018;;
MAX-DECOR;(58)6816358;;
MAX-DECOR;501957111;;
MAZZANI Dekoracja Okien;(22)6120687;;
MDecor-studio Dekoracja Okien;(22)3938004;;
MDecor-studio Dekoracja Okien;608677163;;
MDM Firany Sp. z o.o.;(42)2537990;;
MDM Firany Sp. z o.o.;(42)2537996;;
MIX Firany Zasłony;(41)3576400;;
MK DESIGN Katarzyna Szczerbowska;782523367;;
MKM Mariola Mazur;(32)7622301;;
MKM Mariola Mazur;500040100;;
Mona Textil;(58)5537938;;
Mona Textil;501170127;;
NAFIRA Sp. z o.o.;(61)8939566;;
NAFIRA Sp. z o.o.;(61)8939589;;
Net.Com Sklep Internetowy Firany24.pl;505646322;;
Oferta Plus Sp.j.;(76)8874335;;
Oferta Plus Sp.j.;601745001;;
Office5.pl Aranżacja Okien;537200154;;
OKNOSFERA;664720064;;
P.H. JANTAR Chołuj Sp.j.;(32)4751985;;
P.H. JANTAR Chołuj Sp.j.;0801000217;;
P.H.P.U. IJK;(042)7190113;;
P.H.P.U. IJK;(042)7190690-91;;
P.H.U. Agora Sp. z o.o.;(62)7642030;;
P.H.U. Pradom S.c.;(32)2195560;;
P.H.U. Pradom S.c.;660723264;;
P.H.U. Romario;(22)7201633;;
P.H.U. Romario;(22)7206642;;
P.H.U. SCARLETT;(76)7237838;;
P.H.U. Świat Firan;(42)2156852;;
P.H.U. WASIM;(68)4571120;;
P.H.U. WASIM;510030328;;
P.P.H. JANTER Janusz, Teresa Książek;(22)7100200;;
P.P.H. JANTER Janusz, Teresa Książek;601205653;;
P.P.H.U. BAGDAD;(18)4417965;;
P.P.H.U. BAGDAD;600623815;;
P.P.H.U. BATIX;(32)6150424;;
P.P.H.U. BATIX;501462423;;
P.P.H.U. BESTA;(85)7104387;;
P.P.H.U. MARINA;(32)3423811;;
P.P.H.U. MARINA;(32)2487353;;
P.P.H.U. MARKIZA S.c. Pracownia Firan i Zasłon;(52)3221433;;
P.P.H.U. Urszula Ocypa;(22)7897431;;
P.P.H.U. Urszula Ocypa;606612201;;
P.P.U.H. Eufamm;(41)3615409;;
P.P.U.H. Eufamm;530602391;;
P.P.U.H. FIRANY JANCZEWSKI;(94)3468582;;
P.P.U.H. FIRANY JANCZEWSKI;(94)3468527;;
P.P.U.H. LAMBREKIN S.c.;(44)6325736;;
P.P.U.H. LAMBREKIN S.c.;693159096;;
Pastel Studio;(22)6401133;;
Patmar S.c. FIRANKI;(17)8627433;;
Patmar S.c. FIRANKI;798609179;;
PERIMEX;(42)2131196;;
PERSS Hurt Detal Import Eksport;(25)7588834;;
PERSS Hurt Detal Import Eksport;602487496;;
PH Angelo;608307686;;
PHU ARIANA24 Robert Kononowicz;784902141;;
PHU ARIANA24 Robert Kononowicz;604597250;;
PHU BEK Studio Dekoracji Okna KRAWCZYKOWIE;512243317;;
PHU BEK Studio Dekoracji Okna KRAWCZYKOWIE;798976084;;
PHU Export-Import MARIA;(85)7196900;;
PHU Export-Import MARIA;605070970;;
PHU TADMAG - Sklep FIRANY MARZEŃ;504206754;;
PHU TADMAG - Sklep FIRANY MARZEŃ;515107779;;
Polfirany.pl Sebastian Wojdyło;(76)8312942;;
Polfirany.pl Sebastian Wojdyło;787882126;;
PPHU DIANA Beata Gawlik Sklep Internetowy Firany-diany.pl;513516070;;
PPHU IGŁA;(18)4410840;;
PPHU NINEX Maria Pawlikowska-Jóźwiak;506638794;;
PPHU NINEX Maria Pawlikowska-Jóźwiak;501417517;;
PPUH DECOR-STYLE S.c.;604261995;;
Pracownia ANGELA DECOR Dekoracje Okien;(61)8974586;;
Pracownia ANGELA DECOR Dekoracje Okien;505002876;;
Pracownia Artystyczna GIRLANDA;(12)2655216;;
Pracownia Artystyczna Zasłon i Firan Dr inż. Maria Czerwińska;501497577;;
PRACOWNIA FIRAN I ZASŁON;(91)4863204;;
PRACOWNIA FIRAN I ZASŁON Aleksandra Stańczykowska;(022)8395187;;
PRACOWNIA FIRAN I ZASŁON Aleksandra Stańczykowska;604599066;;
Pracownia Tkanin Dekoracyjnych LENA;(61)8994155;;
Pracownia Tkanin Dekoracyjnych LENA;502957373;;
PRIMA DECOR;(22)7167898;;
PRIMA DECOR;501185124;;
PRIMA SORT Tomasz Szymala;500369100;;
PRIMA SORT Tomasz Szymala;(33)4820077;;
Przedsiębiorstwo Handlowo-Usługowe PAMAL;(55)2352486;;
Przedsiębiorstwo Handlowo-Usługowe PAMAL;(55)2335859;;
PUH Mateusz;(34)3199242;;
R.Talik Domi;500282239;;
RAMZES Producent Firan;(62)7352739;;
RAMZES Producent Firan;515165046;;
RCOM Studio Dekoracji Okien;(58)5530444;;
RCOM Studio Dekoracji Okien;660673228;;
RETRO Szycie Firan i Zasłon;603832346;;
RILETA Polska;(76)8566240;;
RILETA Polska;(76)7227655;;
Rococo Teresa Polak-Kuś;(71)7837722;;
Rococo Teresa Polak-Kuś;507520910;;
Rokoko Pracownia Krawiecka;(81)5267637;;
Rokoko Pracownia Krawiecka;609583746;;
ROTEX home textile;(43)8230193;;
ROTEX home textile;(43)8253023;;
RUSTYKA Przemysław Lijewski;509940655;;
Salon Dekoracji TENDINA;793070039;;
Salon DEKORIS;693990331;;
Salon FIRAN;(32)3558600;;
Salon FIRAN;793250517;;
Salon Firan;(67)3516135;;
Salon Firan;601926667;;
Salon Firan ANARIF;501708151;;
Salon Firan Anna Pankowska;(48)3601966;;
Salon Firan Anna Pankowska;600366119;;
Salon Firan DESIGN;(91)4340329;;
Salon Firan DESIGN;608454649;;
Salon Firan ESKA Elżbieta Flacha;(34)3150269;;
Salon Firan Ewelina Czarnota;606950975;;
Salon Firan i Pościeli;784200200;;
Salon Firan i Zasłon FRYŹLEWICZ;(18)2647180;;
Salon Firan i Zasłon FRYŹLEWICZ;501389463;;
SALON FIRAN Jan Pozimski;513851892;;
Salon Firan KONCEPT;(18)2063030(Witkiewicza);;
Salon Firan KONCEPT;(18)2062773(Kościeliska);;
SALON FIRAN M-3 i Ty;(29)7646595;;
Salon Firan Małgorzata Handzlik;608360318;;
Salon Firan Paula Agnieszka Huptys;(32)6732141;;
Salon Firan Paula Agnieszka Huptys;608391434;;
Salon Firan ŻAKARD;883171505;;
Salon Firan ŻAKARD;(34)3171505;;
Salon Idee;(61)8515344;;
Salon Idee;(61)8523365;;
Salon WERA;(56)6581517;;
Salonik Firan SEBA;(32)2237428;;
SARA Andrzej Skrzypiński i Aleksander Roszak Sp.j.;(61)8196197;;
SARA Andrzej Skrzypiński i Aleksander Roszak Sp.j.;604566737;;
SCARLETT Galeria Dekoracji Wnętrz;(22)6660665;;
SCARLETT Galeria Dekoracji Wnętrz;602248360;;
Sklep Art. Dekoracyjnych Danuta Wiśnios;(22)8135321;;
Sklep DEKORA;(75)6424874;;
Sklep Internetowy STYLOWE FIRANY;510689263;;
Sklep Internetowy TurQs;534243647;;
Sklep MAGDA;(82)5762068;;
Sklep z Firankami i Zasłonami szytenaokno.pl;795488710;;
Sklep ZAFI Krystyna Szczerbata;609499121;;
Sklep ZAFI Krystyna Szczerbata;603681271;;
Stol-Kar;(83)3432941;;
Stol-Kar;(83)3432942;;
STOP SUN;500119005;;
STOP SUN;666660092;;
Strefa Firan - Pracownia Firan i Dekoracji Okiennych;730522734;;
Strefa Firan - Pracownia Firan i Dekoracji Okiennych;730522736;;
Studio 26 S.c. Sklep Internetowy planetafiran.pl;(24)2533674;;
Studio 26 S.c. Sklep Internetowy planetafiran.pl;794416809;;
Studio Aranżacji Okna ANNA;502100806;;
Studio Dekoracji JOANNA;(61)8664167;;
Studio Dekoracji JOANNA;(61)8660932;;
Studio Dekoracji Okien;603680996;;
Studio Dekoracji Okien;609026108;;
Studio Dekoracji Okien PIOMATEX;(29)6430230;;
Studio Dekoracji Okien PIOMATEX;501925574;;
Studio Dekoracji Okien TEX-MIX;601989741;;
Studio Dekoracji Okien TEX-MIX;(67)2126860;;
Studio Dekoracji Okien WIKA;(95)7552637;;
Studio Dekoracji Okiennych HAN-ART;602365665;;
Studio Dekoracji Okiennych HAN-ART;(22)7505725;;
Studio Firan Renata Gałuszka;(32)4690250;;
Studio Firan Renata Gałuszka;507257385;;
Studio Firan Ventana;(81)4441099;;
STUDIO FIRANOWE;(89)5273582;;
Studio Mody Antea;(12)6810481;;
Studio Mody Antea;662129961;;
STUDIO OKIENNE INSPIRACJE;669977819;;
Studio Wnętrza;822675809;;
STYL Dekoracje;(22)7874949;;
STYL Dekoracje;601697292;;
SZENIL;(22)6191057;;
SZENIL;513182155;;
ŚWIAT FIRAN;501131455;;
ŚWIAT FIRAN;502315140;;
Świat Firan - Sylwia S.c. D.G. Sulkowscy;(24)2755941;;
Świat Firan, Twój Dom;793395186;;
TADELLA Sp.j. Elżbieta i Maciej Czechowscy;(44)7195133;;
TAFTA;(42)6402204;;
Teresa Zajonz Teresa Styl;603704241;;
Tessutti Polska;(56)6833201;;
Tessutti Polska;(56)6833202;;
TEXTIL HOME;501378267;;
TEXTIL-OKNO Studio Dekoracji Okien;(12)6414625;;
TEXTIL-OKNO Studio Dekoracji Okien;510548199;;
TOP-FIRANY Dekoracja Okna Anna Jabłońska;510547786;;
Twoje Okno Katarzyna Skawska, Piotr Skawski;(018)3311040;;
Twoje Okno Katarzyna Skawska, Piotr Skawski;602367488;;
UNIGLOB Sp. z o.o.;(42)6161201;;
UNIGLOB Sp. z o.o.;(42)6161213;;
Usługi Krawieckie-Handel Elżbieta Dawid;(44)6833095;;
VADAIN International Sp. z o.o.;(56)6425900;;
VADAIN International Sp. z o.o.;(56)6425901;;
VENTURA Sp. z o.o.;507383002;;
Verona Textil S.c. D.Ł.M Zawojowscy A.Zawojowska-Augustyn;(14)6821788;;
Verona Textil S.c. D.Ł.M Zawojowscy A.Zawojowska-Augustyn;508299412;;
ViolProjekt;501636616;;
ViolProjekt;505026248;;
Virtuossi Design;731113813;;
WEDA;(12)6252801;;
WEDA;(12)6252800;;
WESS Sylwia Słodownik;664005839;;
WISAN II;(91)4843018;;
WŁOTER Teresa Lepianka Salon Dekoracji Okien;(22)6131263;;
WŁOTER Teresa Lepianka Salon Dekoracji Okien;601877650;;
Z.P. JOANNA Salon Dekoracji Okien;(85)7447414;;
Z.P.U. Grażka;(17)7798516;;
Z.P.U. Grażka;661500668;;
Z.U.H. Markpol S.c.;(91)4189033;;
Z.U.H. Markpol S.c.;500368510;;
ZAFIRO;(12)2641083;;
ZAFIRO;600850517;;
ZAFIRSTYL Aranżacja i Dekoracja Wnętrz;(61)8131200;;
ZAFIRSTYL Aranżacja i Dekoracja Wnętrz;695994722;;
ZAZDROSTKA S.c. E.Harasimuk, K.Kamińska;(22)8729859;;
ZPH Dromader;(18)4457035;;
ZPH Dromader;503061682;;
ŻAK-ART Pracownia Projektowa;(34)3616494;;
CAKO;608202768;;
CAKO;(58)5627274;;
6 PLUS S.c.;(58)3453431;;
6 PLUS S.c.;507136953;;
ADDOM Maria Kozioł;(17)2506788;;
ADDOM Maria Kozioł;692308988;;
ADIMAT;501623499;;
AGATARN Pracownia Dekoracji;601087009;;
AGGA;(74)8723799;;
AGGA;604789172;;
Aluzaro Dekor;(71)3522805;;
AM Dekor Anna Duraj;(74)8136670;;
AM Dekor Anna Duraj;509908446;;
ANIGO Rolety;513229006;;
Anline Przesłony Okienne;604403417;;
Anna Home Decor;721040132;;
Aranżacja Okna Weda Wioleta Kowalczyk;665334633;;
argos;(58)6617143;;
argos;(58)5545961;;
Art i Craft S.c. Sklep Internetowy domowamozaika.pl;519767104;;
Art Pracownia Pomysłów Krawieckich Iwona Paś;784650673;;
Art-Iwa;(22)4358084;;
Art-Iwa;(22)4358085;;
Blackout Sp. z o.o.;(22)6784440;;
Blackout Sp. z o.o.;501103033;;
Centrum Handlowe Robi;(56)6974391;;
Centrum Handlowe Robi;502292279;;
Centrum Karniszy Kartex;691501408;;
Centrum Karniszy Kartex;693501222;;
Clever System;731901902;;
Comfort & Style Interiors;784570802;;
Czerwona Filiżanka;501743678;;
DARMAG S.c.;783715216;;
DARYMEX D.Gruca i R.Rączka Sp.j.;(32)2111777;;
DARYMEX D.Gruca i R.Rączka Sp.j.;(32)2111672;;
DECOR;(48)3213204;;
DECOR;793830301;;
DECORINA home deco;(61)6616855;;
DECORINA home deco;(61)6616856;;
DECUS Pracownia Dekoracji Materiałowych;504791883;;
DECUS Pracownia Dekoracji Materiałowych;502777973;;
DEKOR SERWIS S.c.;(42)6324425;;
DEKOR SERWIS S.c.;(42)6407412;;
DEKORACJA WNĘTRZ Ewa Bukowska;(22)8683051;;
DEKORACJA WNĘTRZ Ewa Bukowska;(22)8460583;;
Dekoracje Okien PO SCHODKACH;(94)3459828;;
Dekoracje Okien PO SCHODKACH;691979489;;
DEKORATOR Teresa Bożyk-Karwowska;(22)7229691;;
DEKORATOR Teresa Bożyk-Karwowska;506071114;;
DEKOREX;(42)2566710;;
DEKOREX;(42)2566711;;
DELTA Materiały Wykończeniowe;(12)2740750Panele,drzwi,karnisze;;
DELTA Materiały Wykończeniowe;(12)2740751Dywany,wykładziny;;
Design & You Aranżacja Okien Anna Szweda;721516515;;
DEŻAL Rolety Dariusz Dekier;(61)8283311;;
DEŻAL Rolety Dariusz Dekier;603630299;;
DORTEX Dorota Radziszewska;(85)6522665;;
DORTEX Hurtownia Tkanin i Dzianin;(52)3277480;;
DRAPERIA Jakub Dyraga;(22)8130718;;
DRAPERIA Jakub Dyraga;507187247;;
E-kupiec.com;(22)4283617;;
ELANA II;(91)4847329;;
ELANA II;(91)4850106;;
Elisabeth ART;606851648;;
Elitex Producent Artykułów Pościelowych;(17)8731535;;
EuroDecor;(12)3565386;;
EuroDecor;(12)6262423;;
Euromat Sp.j.;(77)4023630-31;;
Euromat Sp.j.;(77)4023640;;
Eva Home;(61)8992601;;
Eva Home;607310709;;
F.H. Wiktoria D i M.Młynarczyk;(48)3603458-ul.Słowackiego;;
F.H. Wiktoria D i M.Młynarczyk;(48)3626638-ul.KellesKrauza;;
F.H.U. SAS Michalec Mirosława;517906919;;
F.P.H. BIEL-COR;(23)6574595;;
F.P.H. BIEL-COR;501172323;;
F.P.H. Kora III;(75)7535212;;
F.U. Usługi Krawieckie MARITA;515283408;;
FELIX;(62)7664043;;
FENIKS-TEXTIL;784658070;;
FENIKS-TEXTIL;784632642;;
FHP WOMS;601973712;;
FINEZJA STUDIO;(22)3955230;;
FINEZJA STUDIO;(22)6440960;;
FIRANOMANIA;796353978;;
Firany Zasłony Butik Wnętrz;509439506;;
Firany Zasłony Butik Wnętrz;502611987;;
Firma Handlowa ADA S.c.;(12)3862563;;
Firma Handlowa ADA S.c.;(12)3862563w.12;;
Firma Handlowa ŻAKARD;(54)2347020;;
Firma Rolland;694288543;;
Firma Rolland;(67)3482420;;
FIRMA ZIK;(61)4425824;;
FIRMA ZIK;601983898;;
FLOKATEX;(42)6760644;;
FLOKATEX;(42)6746884;;
Galantex;(61)8131800;;
Galantex;(61)8102827;;
HAFTKA Haft Komputerowy Karolina Głąb;781999159;;
HAPPY ART;(34)3692339;;
HAPPY ART;604372137;;
HOME&YOU;(58)7622020;;
HOME&YOU;(58)7622060;;
Hurtownia Tkanin i Firan KATEL;(89)5266540;;
Hurtownia Tkanin i Firan KATEL;(89)5358210;;
IBIS Sp. z o.o.;(71)3112713;;
IBIS Sp. z o.o.;(71)3112202;;
IM-STYLE Izabela Wyrzykowska-Kuć;(22)4905649;;
IM-STYLE Izabela Wyrzykowska-Kuć;502564064;;
Inter Deco Art Dekoracja Wnętrz Romuald Miodoński;(33)4446076;;
Inter Deco Art Dekoracja Wnętrz Romuald Miodoński;608151529;;
IWMAR S.c.;(71)3371401;;
IWMAR S.c.;602773316;;
JANUS ART Studio Dekoracji i Osłon Okiennych;536899724;;
Kompleksowa Dekoracja Okien TWÓJ STYL OKNA;(22)6104609;;
Kompleksowa Dekoracja Okien TWÓJ STYL OKNA;606651725;;
KRAWIEC.BO.PL;882421886;;
KRAWIEC.BO.PL;606394191;;
KUFER Monika Kołodziej;(91)4345979;;
KUFER Monika Kołodziej;500287440;;
La Decoration;(71)3746112;;
La Decoration;605746112;;
M&M Decor;(22)5499216;;
MADA Paweł Różański;(43)8260006;;
MADA Paweł Różański;608472920;;
MAGDA;(61)2921675;;
MAGDA;696140733;;
MANUFAKTURA studio aranżacji okien;(56)6640216;;
MANUFAKTURA studio aranżacji okien;501349075;;
Manufaktura Wystroju;(22)8635453;;
Marcin Gural mGural;510042555;;
MARKIZETA;506431766;;
Marzanna Salon Dekoracji Okien;(77)4834252;;
Marzanna Salon Dekoracji Okien;785010484;;
MEGI-LEN;(22)7344490;;
MEGI-LEN;(22)7345560;;
MK STUDIO;(22)2133737;;
MK STUDIO;(22)2130292;;
MODENA - Studio Dekoracji Wnętrz i Salon Sukien Ślubnych;(33)8123551;;
MONAA Studio Aranżacji Okna;(58)6206151;;
MONAA Studio Aranżacji Okna;(58)6205547;;
MONADA;(61)6620910;;
MONADA;(61)6620912;;
MONTI Piotr Urbaniak;(71)7336779;;
MONTI Piotr Urbaniak;(71)7336786;;
MS-Dekor S.c.;(22)6448415;;
MS-Dekor S.c.;691857532;;
MYDEKOR - Liliana Lachowska;668352582;;
NEPO S.c. Ewa i Zbigniew Strozik;(22)6462552;;
NEPO S.c. Ewa i Zbigniew Strozik;(22)6460368;;
Orangeria Sklep Internetowy igolo.pl;730555025;;
OSA Krystian Rutkowski;728454634;;
OSA Krystian Rutkowski;668344813;;
OZLEM Firany-OZLEM Sp. z o.o.;(22)7019335;;
OZLEM Firany-OZLEM Sp. z o.o.;(22)7019337;;
P.H.U PIOLO Piotr Chojnowski;510036475;;
P.H.U. DomLux S.c. Grażyna, Robert Kowalscy;(41)2655599;;
P.H.U. DomLux S.c. Grażyna, Robert Kowalscy;508551838;;
P.H.U.P. DEKORTEX Helena Pończocha;(85)7418555;;
P.H.U.P. DEKORTEX Helena Pończocha;(85)7402203;;
P.P.H.U. DOMAREX;(34)3618298;;
P.P.H.U. DOMAREX;(34)3607335-38;;
P.P.H.U. Frisca;(42)6842040;;
P.P.H.U. Frisca;502408102;;
P.P.H.U. Wszystko dla Domu-Kingdom S.c.;(54)2323223;;
P.P.U.H. ECCO S.c.;(42)6845558;;
P.P.U.H. ECCO S.c.;(42)6833202;;
P.U.H. DOMENA;(52)3846275;;
P.U.H. DOMENA;(52)3844113;;
P.W. PATRYK;514694944;;
P.W. PATRYK;(42)7191147;;
PHP WELO Sp.j.;(61)6511516;;
PHP WELO Sp.j.;(61)8173485;;
PHU Dobretkaniny.pl;(74)8311231;;
PHU Dobretkaniny.pl;604499149;;
PHU PAW;(71)7815711;;
PHU PAW;507118153;;
Pokusa - Tkaniny i Dodatki Krawieckie;601645372;;
Pokusa - Tkaniny i Dodatki Krawieckie;505798840;;
PPH MABO Nowoczesne Systemy Osłonowe;(22)7879812;;
PPH MABO Nowoczesne Systemy Osłonowe;602366559;;
PPH TRETTON Krzysztof Kmiecik;531444545;;
PPH TRETTON Krzysztof Kmiecik;530744844;;
PPHU MARTEX;(68)3871650;;
Pracownia Dekoracji Okien Agnieszka Derek;(61)8157138;;
Pracownia Dekoracji Okien Agnieszka Derek;(61)6510895;;
PRACOWNIA KRAWIECKA Magdaleny Dekier;(61)8283311;;
PRACOWNIA KRAWIECKA Magdaleny Dekier;691860192;;
Przedsiębiorstwo Produkcyjno Handlowe KOŁDREXPOL;(52)3489378;;
Przedsiębiorstwo Produkcyjno Handlowe KOŁDREXPOL;(52)3466755;;
RELEX Rolety, Żaluzje;505595764;;
RENA Sp.j. Irena Pętelska, Andrzej Pętelski;(34)3659595;;
RENA Sp.j. Irena Pętelska, Andrzej Pętelski;608251417;;
Robótki Ręczne Szydełkowe i Na Drutach;605692793;;
Rollpro;604439906;;
ROLTIS;(12)2627374;;
ROLTIS;510800200;;
Room Factory Sp. z o.o.;(22)4648461;;
Room Factory Sp. z o.o.;(22)6738118;;
Ropapol Sp. z o.o.;(33)8532161;;
SATIM Marcin Sadoch Sklep Internetowy Szatydomu.pl;798804287;;
SLS Piotr Ławiński;537111114;;
SONEX-HANTOM - Tekstylia hotelowe;(22)8153683;;
SONEX-HANTOM - Tekstylia hotelowe;(22)8126867;;
SORRENTO Pracownia Stylu;783800310;;
SORRENTO Pracownia Stylu;(52)3461669;;
Spółdzielnia Socjalna W&TEAM;501816716;;
Spółdzielnia Socjalna W&TEAM;501817177;;
Studio Dekoracji Okien;(32)2032355;;
Studio Dekoracji Okien;604092953;;
Studio Dekoracji Okien Pan Twardowski;(91)4884245;;
Studio Dekoracji Okien Pan Twardowski;509848339;;
Studio PERCAL;601766308;;
STYL OKNA DEKORACJE Teresa Witkowska;(87)5650849;;
STYL OKNA DEKORACJE Teresa Witkowska;600069666;;
Stylus.pl;(91)4341437;;
Stylus.pl;509833469;;
SUNROL;500201162;;
SZYK Handel-Usługi Margiel Monika;(81)8845901;;
TEX-LEN plus;(46)8553450;;
Tkaniny-Dywany S.c.;(71)3142946;;
Tutumi.pl Sklep Internetowy Tutumi.pl;662273919;;
Tutumi.pl Sklep Internetowy Tutumi.pl;602607582;;
VEG-POL Sp.j.;(42)6898974-75;;
VEG-POL Sp.j.;(42)6898976;;
VIA-ART Dekoracje;609666566;;
VIA-ART Dekoracje;222517577;;
WANDA-STYL Bis S.c. Dekoratorstwo Dariusz i Mariusz Rozwadowscy;(22)7866440;;
WANDA-STYL Bis S.c. Dekoratorstwo Dariusz i Mariusz Rozwadowscy;601390591;;
WarSen Alina Sarnowska;(22)4252630;;
WarSen Alina Sarnowska;502064131;;
WENUS Maciej, Dominika, Marian Sadowscy;(25)7584370;;
WENUS Maciej, Dominika, Marian Sadowscy;604450418;;
WETREX;601890910;;
WETREX;665773113;;
Woal Dekor;(42)6304086;;
Woal Dekor;(42)6308081;;
Zakład Krawiecki ANNA;(15)8323458;;
Zakład Krawiecki ANNA;507477198;;
Zakład Krawiecki BOŻENA Bożena Osuchowska;(46)8614169;;
ZARZECKA Magdalena Zarzecka-Stolarczyk;(85)6513535;;
ZARZECKA Magdalena Zarzecka-Stolarczyk;(85)6743676;;
