Dom Mediowy Intermedia Sp. z o.o.;(12)6358130;;
MediaAdviser;(71)7948130;;
MediaAdviser;(71)7948131;;
Noble Media Group;609277199;;
RB Sp. z o.o.;(71)7070171;;
RB Sp. z o.o.;(71)3423015;;
Carat Polska;(022)6462008;;
Carat Polska;(022)6461790;;
CHASQUI International Media Services;(61)6683896;;
CHASQUI International Media Services;(61)8401717;;
Dom Mediowy Inventive Media;608149385;;
Dom Mediowy Media Choice;787676323;;
Dom Mediowy Media Concept Sp. z o.o. Sp.komandytowa;(22)5212900;;
Dom Mediowy Media Concept Sp. z o.o. Sp.komandytowa;(22)5212999;;
Dom Mediowy Mediaverse;(71)7165377;;
Dom Mediowy Mediaverse;(71)7165105;;
Dom Wydawniczy MEDIUM;(22)8102124;;
Dom Wydawniczy MEDIUM;(22)8102742;;
House of Numbers;(22)8556100;;
House of Numbers;(22)8944157;;
MAXUS;(22)3100300;;
MAXUS;(22)3100301;;
Media Strateg;665466825;;
MEDIAPOL Sp. z o.o.;(71)7877787;;
MEDIAPOL Sp. z o.o.;(71)3384365;;
Mediasense Sp. z o.o.;(22)2035514;;
Mediasense Sp. z o.o.;(22)2035378;;
PHD Sp. z o.o.;(22)3201400;;
PIMEDIA;(32)2589013;;
POS Media Poland Sp. z o.o.;(022)8406501;;
POS Media Poland Sp. z o.o.;(022)8405958;;
RsGroup Media House Dom Mediowy;(17)2000404;;
Star Media Sp. z o.o.;(22)5439640;;
Star Media Sp. z o.o.;(22)5439649;;
STARCOM;(22) 4939999;;
STARCOM;(22) 4939900;;
Starlink Sp. z o.o.;(22)4345252;;
Starlink Sp. z o.o.;(22)4345253;;
WOJS - Wojciech Zięba;503827638;;
Yellow Pages Association Poland;(58)6225037;;
Ever Press;665547693;;
Ever Press;794418482;;
Nakatomi Sp. z o.o.;(58)7322285;;
Nakatomi Sp. z o.o.;726296116;;
Broker Media S.c.;725527527;;
Broker Media S.c.;609556515;;
Digital Center Patryk Ślązak;(71)3400180;;
Dom Mediowy FILMFACTOR;(33)8181506;;
Dom Mediowy FILMFACTOR;601501290;;
Effective Media Sp. z o.o.;(22)5439898;;
Effective Media Sp. z o.o.;(22)5439899;;
FARMACOM;(32)4553161;;
FARMACOM;(32)4566079;;
Firma SELLSYS VISION Sp. z o.o.;(032)3383985;;
Firma SELLSYS VISION Sp. z o.o.;(032)3383981;;
GRUPA PM Sp. z o.o.;768195513;;
GRUPA PM Sp. z o.o.;602601975;;
Human Marketing Research;790790318;;
Human Marketing Research;723457340;;
ICBM Polska;532238764;;
Innovations Sp. z o.o.;(22)8274994;;
Innovations Sp. z o.o.;(22)8275310;;
InterMore;503583511;;
Internetowy Dom Mediowy Net Sp. z o.o.;(22)2113377;;
Internetowy Dom Mediowy Net Sp. z o.o.;(22)2113366;;
Lowe Media Sp. z o.o.;(22)3120200;;
Lowe Media Sp. z o.o.;(22)3120202;;
MEC Warszawa;(22)1133000;;
mediabuy.pl;(022)8276583;;
OMD School;(22)3201105;;
OMD School;698612090;;
PRINTMASTER FF Promotion;(52)3394152;;
PRINTMASTER FF Promotion;601760073;;
QUANTIC MEDIA;519080321;;
Shotmate Creative Production;609277199;;
Zakupy do Domu Sp. z o.o.;503028782;;
