Bank Spółdzielczy w Aleksandrowie Łódzkim;(42)7122112;;
Bank Spółdzielczy w Aleksandrowie Łódzkim;(42)2763905;;
Bank Spółdzielczy w Czarnym Dunajcu;(18)2657196;;
Bank Spółdzielczy w Czarnym Dunajcu;(18)2613089;;
Bank Spółdzielczy w Oleśnicy;(71)3980060;;
Bank Spółdzielczy w Oleśnicy;(71)3144081;;
Bank Spółdzielczy w Ostrowcu Świętokrzyskim;(41)2661210;;
Bank Spółdzielczy w Ostrowcu Świętokrzyskim;(41)2661211;;
Bank Spółdzielczy w Przemkowie;(76)8319315;;
Bank Spółdzielczy w Przemkowie;(76)8319398;;
Bank Spółdzielczy w Rzeszowie;(17)8523184;;
Bank Spółdzielczy w Rzeszowie;(17)8623067;;
Bank Spółdzielczy w Strzyżowie;(17)2760060;;
Bank Spółdzielczy w Strzyżowie;(17)2761010;;
Bank Spółdzielczy Ziemi Kraśnickiej w Kraśniku;(81)8840600;;
Bank Spółdzielczy Ziemi Kraśnickiej w Kraśniku;(81)8840444;;
Podlasko-Mazurski Bank Spółdzielczy w Zabłudowie;(85)6760007;;
Podlasko-Mazurski Bank Spółdzielczy w Zabłudowie;(85)6647170;;
Polski Bank Spółdzielczy w Wyszkowie;(29)7435200;;
Polski Bank Spółdzielczy w Wyszkowie;(29)7435219;;
Bank Polskiej Spółdzielczości S.A.;(22)5395100;;
Bank Polskiej Spółdzielczości S.A.;(22)5395222;;
Bank Spółdzielczy;(24)2617072;;
Bank Spółdzielczy;(24)2617004;;
Bank Spółdzielczy w Brańsku;(85)7319500;;
Bank Spółdzielczy w Brańsku;(85)7319501;;
Bank Spółdzielczy w Gryficach;(91)3842546;;
Bank Spółdzielczy w Gryficach;(91)3845079;;
Bank Spółdzielczy w Oławie;(71)3818300;;
Bank Spółdzielczy w Oławie;(71)3818303;;
Bank Spółdzielczy w Płońsku;(23)6630900;;
Bank Spółdzielczy w Płońsku;(23)6630901;;
Bank Spółdzielczy w Wolbromiu;(32)6472060;;
Bank Spółdzielczy w Wolbromiu;(32)6442310;;
Deutsche Bank Polska S.A.;0801118118;;
Deutsche Bank Polska S.A.;(12)6258118;;
Bank Spółdzielczy;(25)6824799;;
Bank Spółdzielczy;(25)6822797;;
Bank Spółdzielczy w Andrespolu;(42)2132043;;
Bank Spółdzielczy w Andrespolu;(42)2134633;;
Bank Spółdzielczy w Brzesku;(14)6862010-12;;
Bank Spółdzielczy w Gogolinie;(77)4666404;;
Bank Spółdzielczy w Gogolinie;(77)4666387;;
Bank Spółdzielczy w Księżpolu;(84)6877411;;
Bank Spółdzielczy w Księżpolu;(84)6877330;;
Bank Spółdzielczy w Łęcznej;(81)7527310;;
Bank Spółdzielczy w Łęcznej;(81)7527318;;
Bank Spółdzielczy w Łubnianach;(77)4215001;;
Bank Spółdzielczy w Łubnianach;(77)4215036;;
Bank Spółdzielczy w Piotrkowie Kujawskim;(54)2654030;;
Bank Spółdzielczy w Piotrkowie Kujawskim;(54)2654963;;
Bank Spółdzielczy w Sejnach;(87)5173472Kredyty;;
Bank Spółdzielczy w Sejnach;(87)5173521Depozyty;;
Bank Spółdzielczy w Smętowie Granicznym;(58)5619090;;
Bank Spółdzielczy w Smętowie Granicznym;(58)5619103;;
Bank Spółdzielczy w Sztumie;(55)2671300;;
Bank Spółdzielczy w Sztumie;(55)2772935;;
Bank Spółdzielczy w Tarnobrzegu;(15)8223300;;
Bank Spółdzielczy w Tarnobrzegu;(15)8239223;;
Bank Spółdzielczy w Wielopolu Skrzyńskim;(17)2214866;;
Nadwiślański Bank Spółdzielczy w Solcu-Zdroju;(41)3776031;;
Nadwiślański Bank Spółdzielczy w Solcu-Zdroju;(41)3776032;;
SGB-Bank S.A.;(61)6472846;;
SGB-Bank S.A.;0800888888;;
Centrum Finansów PAMA;(58)7367666;;
Centrum Finansów PAMA;794044444;;
Centrum Kredytowe Nowy Sącz;664421719;;
Centrum Kredytowe Nowy Sącz;(18)4413305;;
SKOK Rafineria;0801508085;;
SKOK Rafineria;(58)3406990;;
ABS Bank Spółdzielczy;(33)8753577;;
ABS Bank Spółdzielczy;(33)8704165;;
Agencja PKO 3631;(95)7817022;;
Agencja PKO 3631;796740422;;
Agencja PKO Bank Polski S.A.;(67)2580474;;
Alior Bank S.A.;(22)5552323;;
Alior Bank S.A. Placówka Partnerska w Brzesku;(14)6864620;;
Bałtycki Bank Spółdzielczy;(94)3143641;;
Bałtycki Bank Spółdzielczy;(94)3143922;;
Bank BPH;666614669;;
Bank BPH;666614662;;
Bank Gospodarki Żywnościowej S.A.;(22)8604000;;
Bank Gospodarki Żywnościowej S.A.;(22)8605000;;
Bank Gospodarstwa Krajowego;(22)5229112;;
Bank Gospodarstwa Krajowego;(22)6270378;;
Bank Handlowy w Warszawie S.A.;(22)6577200;;
Bank Handlowy w Warszawie S.A.;(22)6925023;;
Bank Millennium S.A.;(022)5984040;;
Bank Millennium S.A.;0801331331;;
Bank Ochrony Środowiska S.A.;(22)8508720;;
Bank Ochrony Środowiska S.A.;(22)8508891;;
Bank Ochrony Środowiska S.A. Oddział w Szczecinie;(91)4800602;;
Bank Ochrony Środowiska S.A. Oddział w Szczecinie;(91)4800601;;
Bank Pekao S.A.;(22)6560000;;
Bank Pekao S.A.;(22)6560004;;
Bank Pocztowy S.A.;(52)3499100;;
Bank Pocztowy S.A.;(52)3270407;;
Bank Rumia Spółdzielczy;(58)6710038;;
Bank Rumia Spółdzielczy;(58)6712639;;
Bank Spółdzielczy;(55)2722544;;
Bank Spółdzielczy;(55)2722462;;
Bank Spółdzielczy;(75)7787306;;
Bank Spółdzielczy;(75)7787312;;
Bank Spółdzielczy;(33)8152221;;
Bank Spółdzielczy;(33)8153792;;
Bank Spółdzielczy;(32)3020100;;
Bank Spółdzielczy;(18)4448024;;
Bank Spółdzielczy;(82)5761718;;
Bank Spółdzielczy;(82)5763167;;
Bank Spółdzielczy;(55)2722544;;
Bank Spółdzielczy;(55)2722462;;
Bank Spółdzielczy;(33)8152221;;
Bank Spółdzielczy;(33)8153792;;
Bank Spółdzielczy BANK ROLNIKÓW w Opolu;(77)4021442;;
Bank Spółdzielczy BANK ROLNIKÓW w Opolu;(77)4021445;;
Bank Spółdzielczy Biecz;(13)4471281;;
Bank Spółdzielczy Biecz;(13)4471022;;
Bank Spółdzielczy Czechowice-Dziedzice;(32)2144400-08;;
Bank Spółdzielczy Daleszyce-Górno;(41)3490100;;
Bank Spółdzielczy Daleszyce-Górno;(41)3490144;;
Bank Spółdzielczy Duszniki;(061)2929830;;
Bank Spółdzielczy Duszniki;(061)2919147;;
Bank Spółdzielczy Mazowsze;(24)2648307;;
Bank Spółdzielczy Mazowsze;(24)2648771;;
Bank Spółdzielczy Muszyna-Krynica Zdrój;(18)4408380;;
Bank Spółdzielczy Muszyna-Krynica Zdrój;(18)4408381;;
Bank Spółdzielczy Pojezierza Międzychodzko-Sierakowskiego;(61)2955900;;
Bank Spółdzielczy Pojezierza Międzychodzko-Sierakowskiego;(61)2955924;;
Bank Spółdzielczy Rymanów;(13)4355010;;
Bank Spółdzielczy Rymanów;(13)4355018;;
Bank Spółdzielczy Rzemiosła;(12)4211800;;
Bank Spółdzielczy Rzemiosła;(12)4211145;;
Bank Spółdzielczy Rzemiosła Oddział w Żabnie;(14)6456190;;
Bank Spółdzielczy Rzemiosła Oddział w Żabnie;(14)6456728;;
Bank Spółdzielczy Rzemiosła w Łodzi;(42)6391300;;
Bank Spółdzielczy Rzemiosła w Łodzi;(42)6391313;;
Bank Spółdzielczy Rzemiosła w Radomiu;(48)3626653;;
Bank Spółdzielczy Rzemiosła w Szczecinie;(91)4322231-39;;
Bank Spółdzielczy Rzemiosła w Szczecinie;(91)4882836;;
Bank Spółdzielczy Towarzystwo Oszczędnościowo Pożyczkowe PA-CO-BANK;(42)2250900;;
Bank Spółdzielczy Towarzystwo Oszczędnościowo Pożyczkowe PA-CO-BANK;(42)2250901;;
Bank Spółdzielczy w Bełchatowie;(44)6357250;;
Bank Spółdzielczy w Bełchatowie;(44)6322513;;
BANK SPÓŁDZIELCZY w Będzinie;(32)2673905;;
BANK SPÓŁDZIELCZY w Będzinie;(32)2672004;;
Bank Spółdzielczy w Białej Podlaskiej;(83)3447100;;
Bank Spółdzielczy w Białej Podlaskiej;(83)3447101;;
Bank Spółdzielczy w Białej Rawskiej;(46)8131430;;
Bank Spółdzielczy w Białej Rawskiej;(46)8131433;;
Bank Spółdzielczy w Bielsku Podlaskim;(85)7318300;;
Bank Spółdzielczy w Bielsku Podlaskim;(85)7318315;;
Bank Spółdzielczy w Biłgoraju;(084)688-02-27-Sekretariat;;
Bank Spółdzielczy w Biłgoraju;(084)6880237-Salaoperacyjna;;
Bank Spółdzielczy w Biszczy;(84)6856004;;
Bank Spółdzielczy w Biszczy;(84)6856012;;
Bank Spółdzielczy w Brodnicy;(056)4930011;;
Bank Spółdzielczy w Brodnicy;(056)4984040;;
Bank Spółdzielczy w Brzeźnicy;(33)8792004;;
Bank Spółdzielczy w Busku-Zdroju;(41)3782659;;
Bank Spółdzielczy w Busku-Zdroju;(41)3783627;;
Bank Spółdzielczy w Busku-Zdroju Oddział Kazimierza Wielka;(41)3502370;;
Bank Spółdzielczy w Busku-Zdroju Oddział Kazimierza Wielka;(41)3702375;;
Bank Spółdzielczy w Busku-Zdroju Oddział Wiślica;(41)3792130;;
Bank Spółdzielczy w Busku-Zdroju Punkt Kasowy w Czarnocinie;(41)3512513;;
Bank Spółdzielczy w Busku-Zdroju Punkt Kasowy w UMiG Busko-Zdrój;504219420;;
Bank Spółdzielczy w Busku-Zdroju Punkt Obsługi Klienta os. Pułaskiego Busko-Zdrój;(41)3782651;;
Bank Spółdzielczy w Bydgoszczy;(52)3623200;;
Bank Spółdzielczy w Bydgoszczy;(52)3226853;;
Bank Spółdzielczy w Bystrej;(33)8171371;;
Bank Spółdzielczy w Bytomiu;(32)2815558;;
Bank Spółdzielczy w Bytomiu;(32)2811721;;
Bank Spółdzielczy w Bytowie;(59)8223417;;
Bank Spółdzielczy w Bytowie;(59)8223816;;
Bank Spółdzielczy w Chodzieży;(67)2810600;;
Bank Spółdzielczy w Chodzieży;(67)2810601;;
Bank Spółdzielczy w Chojnicach;(52)3965260;;
Bank Spółdzielczy w Chojnicach;(52)3965252;;
Bank Spółdzielczy w Chrzanowie;(32)6240999;;
Bank Spółdzielczy w Chrzanowie;(32)6232425;;
BANK SPÓŁDZIELCZY w Cieszynie;(33)8512820;;
BANK SPÓŁDZIELCZY w Cieszynie;(33)8514117;;
Bank Spółdzielczy w Cycowie;(82)5677008;;
Bank Spółdzielczy w Cycowie;(82)5677390;;
Bank Spółdzielczy w Czersku;(52)3953777;;
Bank Spółdzielczy w Czersku;(52)3953766;;
BANK SPÓŁDZIELCZY w Dąbrowie Tarnowskiej;(14)6422365;;
BANK SPÓŁDZIELCZY w Dąbrowie Tarnowskiej;(14)6422178;;
Bank Spółdzielczy w Dobczycach;(12)3727901;;
Bank Spółdzielczy w Dobczycach;(12)3727932;;
Bank Spółdzielczy w Dobrzycy;(62)7413020;;
Bank Spółdzielczy w Dobrzycy;(62)7413052;;
Bank Spółdzielczy w Dzierzgoniu;(55)2702560;;
Bank Spółdzielczy w Dzierzgoniu;(55)2702561;;
Bank Spółdzielczy w Dzierżonowie;(74)8312910;;
Bank Spółdzielczy w Dzierżonowie;(74)8320030;;
Bank Spółdzielczy w Ełku;(87)6210300;;
Bank Spółdzielczy w Ełku;(87)6103967;;
Bank Spółdzielczy w Gąbinie;(24)2625620;;
Bank Spółdzielczy w Głogówku;(77)4373413;;
Bank Spółdzielczy w Głogówku;(77)4373222;;
Bank Spółdzielczy w Głównie;(42)7191051;;
Bank Spółdzielczy w Głównie;(42)7194751;;
Bank Spółdzielczy w Goleniowie;(91)4182306;;
Bank Spółdzielczy w Goleniowie;(91)4647878;;
Bank Spółdzielczy w Golubiu-Dobrzyniu;(56)6832816;;
Bank Spółdzielczy w Golubiu-Dobrzyniu;(56)6832815;;
Bank Spółdzielczy w Grębocinie-centrala;(56)6459010;;
Bank Spółdzielczy w Grybowie;(18)4408650;;
Bank Spółdzielczy w Grybowie;(18)4408660;;
Bank Spółdzielczy w Gryfinie;(91)4162693;;
Bank Spółdzielczy w Gryfinie;(91)4162523;;
Bank Spółdzielczy w Iłowej;(68)3600345;;
Bank Spółdzielczy w Iłowej;(68)3609352;;
Bank Spółdzielczy w Iłży;(48)3610300;;
Bank Spółdzielczy w Iłży;(48)3610311;;
Bank Spółdzielczy w Inowrocławiu;(52)3560910;;
Bank Spółdzielczy w Inowrocławiu;(52)3572687;;
Bank Spółdzielczy w Jabłonce;(18)2652301;;
Bank Spółdzielczy w Jabłonce;(18)2652836;;
Bank Spółdzielczy w Jarocinie;(62)7472207;;
Bank Spółdzielczy w Jarocinie;(62)7472757;;
Bank Spółdzielczy w Jarosławiu;(16)6210431;;
Bank Spółdzielczy w Jarosławiu;(16)6216263;;
Bank Spółdzielczy w Jastrowiu;(67)2662159;;
Bank Spółdzielczy w Jastrowiu;(67)2662141;;
Bank Spółdzielczy w Jastrzębiu Zdróju;(32)4761321;;
Bank Spółdzielczy w Jastrzębiu Zdróju;(32)4761321w.14;;
Bank Spółdzielczy w Jaworze;(76)8702834;;
Bank Spółdzielczy w Jaworze;(76)8711812;;
Bank Spółdzielczy w Jaworznie;(32)6163564;;
Bank Spółdzielczy w Jedwabnem;(86)2172023;;
Bank Spółdzielczy w Jedwabnem;(86)2172154;;
Bank Spółdzielczy w Jordanowie;(18)2675520;;
Bank Spółdzielczy w Jordanowie;(18)2674515;;
Bank Spółdzielczy w Józefowie nad Wisłą;(81)8285010;;
Bank Spółdzielczy w Kamieniu;(17)8556992;;
Bank Spółdzielczy w Kamieniu;(17)8556012;;
Bank Spółdzielczy w Kamiennej Górze;(75)7546700;;
Bank Spółdzielczy w Kamiennej Górze;(75)7546710;;
Bank Spółdzielczy w Karczewie;(22)7806534;;
Bank Spółdzielczy w Karczewie;(22)7806779;;
Bank Spółdzielczy w Katowicach;(32)3589800;;
Bank Spółdzielczy w Katowicach;(32)3589811;;
Bank Spółdzielczy w Kazimierzu Dolnym;(81)8810170;;
Bank Spółdzielczy w Kazimierzu Dolnym;(81)8810142;;
Bank Spółdzielczy w Kątach Wrocławskich;(71)3646910;;
Bank Spółdzielczy w Kątach Wrocławskich;(71)3646916;;
Bank Spółdzielczy w Kcyni;(52)3913200;;
Bank Spółdzielczy w Kcyni;(52)3913201;;
Bank Spółdzielczy w Kętach;(33)8448500;;
Bank Spółdzielczy w Kętach;(33)8448522;;
Bank Spółdzielczy w Kielcach;(41)3670000;;
Bank Spółdzielczy w Kielcach;(41)3670024;;
Bank Spółdzielczy w Kolnie;(86)2782562;;
Bank Spółdzielczy w Kolnie;(86)2784877;;
Bank Spółdzielczy w Kolnie Filia nr 1;(86)2786462;;
Bank Spółdzielczy w Kolnie Filia nr 2;(86)2623090;;
Bank Spółdzielczy w Kolnie Oddział Grabowo;(86)2790010;;
Bank Spółdzielczy w Kolnie Oddział Grabowo;(86)2790212;;
Bank Spółdzielczy w Kolnie Oddział Mały Płock;(86)2791821;;
Bank Spółdzielczy w Kolnie Oddział Turośl;(86)2786204;;
Bank Spółdzielczy w Kolnie Oddział Turośl;(86)2786314;;
Bank Spółdzielczy w Konopiskach;(34)3780710;;
Bank Spółdzielczy w Konopiskach;(34)3780712;;
Bank Spółdzielczy w Końskich;(41)3722574;;
Bank Spółdzielczy w Końskich;(41)3723506;;
Bank Spółdzielczy w Koszęcinie;(34)3780741;;
Bank Spółdzielczy w Koszęcinie;(34)3780740;;
Bank Spółdzielczy w Kościerzynie;(58)6862078;;
Bank Spółdzielczy w Kościerzynie;(58)6801600;;
Bank Spółdzielczy w Kowalu;(54)2842203;;
Bank Spółdzielczy w Kowalu;(54)2842350;;
Bank Spółdzielczy w Kożuchowie;(68)3552024;;
Bank Spółdzielczy w Kożuchowie;(68)3552025;;
Bank Spółdzielczy w Krapkowicach;(77)4661491;;
Bank Spółdzielczy w Krapkowicach;(77)4665771;;
Bank Spółdzielczy w Krasnosielcu;(29)7175002;;
Bank Spółdzielczy w Krasnosielcu;(29)7175106;;
Bank Spółdzielczy w Krokowej;(58)6754700;;
Bank Spółdzielczy w Krokowej;(58)6737802;;
Bank Spółdzielczy w Krotoszynie;(62)7253278;;
Bank Spółdzielczy w Krotoszynie;(62)7252550;;
Bank Spółdzielczy w Krzyżanowicach;(32)4194011;;
Bank Spółdzielczy w Krzyżanowicach;(32)4194044;;
Bank Spółdzielczy w Kurowie;(81)8808800;;
Bank Spółdzielczy w Kurowie;(81)8811033;;
Bank Spółdzielczy w Legionowie;(22)7742794;;
Bank Spółdzielczy w Legionowie;(22)7741594;;
Bank Spółdzielczy w Leśnicy z siedzibą w Strzelcach Opolskich;(77)4639211-13;;
Bank Spółdzielczy w Leśnicy z siedzibą w Strzelcach Opolskich;(77)4639210;;
Bank Spółdzielczy w Limanowej;(18)3379100;;
Bank Spółdzielczy w Limanowej;(18)3379136;;
Bank Spółdzielczy w Lipce;(67)2665032;;
Bank Spółdzielczy w Lipce;(67)2665767;;
Bank Spółdzielczy w Lubartowie;(81)8552551;;
Bank Spółdzielczy w Lubartowie;(81)8543807;;
Bank Spółdzielczy w Lubrańcu;(54)2862030;;
Bank Spółdzielczy w Łasinie;(56)4664250;;
Bank Spółdzielczy w Łasinie;(56)4664355;;
Bank Spółdzielczy w Łebie;(59)8661833;;
Bank Spółdzielczy w Łebie;(59)8661822;;
Bank Spółdzielczy w Łobżenicy;(67)2860051;;
Bank Spółdzielczy w Łobżenicy;(67)2860049;;
Bank Spółdzielczy w Łochowie;(25)6751365;;
Bank Spółdzielczy w Łochowie;(25)6751227;;
Bank Spółdzielczy w Łomży;(86)2183333;;
Bank Spółdzielczy w Miedźnej;(32)2116116;;
Bank Spółdzielczy w Miedźnej;(32)2116210;;
Bank Spółdzielczy w Mikołajkach;(87)4216248;;
Bank Spółdzielczy w Mikołajkach;(87)4216036;;
Bank Spółdzielczy w Miliczu;(71)3840280;;
Bank Spółdzielczy w Miliczu;(71)3840081;;
Bank Spółdzielczy w Mińsku Mazowieckim;(25)7582978;;
Bank Spółdzielczy w Mińsku Mazowieckim;(25)7596298;;
Bank Spółdzielczy w Mrozach;(25)7574191;;
Bank Spółdzielczy w Mrozach;(25)7574269;;
Bank Spółdzielczy w Mszczonowie;(46)8571696;;
Bank Spółdzielczy w Mszczonowie;(46)8571227;;
Bank Spółdzielczy w Nadarzynie;(22)7298124;;
Bank Spółdzielczy w Nadarzynie;(22)7298368;;
Bank Spółdzielczy w Nakle nad Notecią;(52)3867142;;
Bank Spółdzielczy w Nakle nad Notecią;(52)3867141;;
Bank Spółdzielczy w Nałęczowie;(81)5014181;;
Bank Spółdzielczy w Nałęczowie;(81)5014504;;
Bank Spółdzielczy w Nowej Soli;(68)3875271-73;;
Bank Spółdzielczy w Nowej Soli;(68)3564100;;
Bank Spółdzielczy w Nowem n/ Wisłą;(52)3328506;;
Bank Spółdzielczy w Nowem n/ Wisłą;(52)3328504;;
Bank Spółdzielczy w Nowym Stawie;(55)2702050;;
Bank Spółdzielczy w Nowym Stawie;(55)2715189;;
Bank Spółdzielczy w Obornikach Śląskich;(71)3105123;;
Bank Spółdzielczy w Olsztynku;(89)5192035;;
Bank Spółdzielczy w Olsztynku;(89)5193985;;
Bank Spółdzielczy w Osiu;(52)3329531;;
Bank Spółdzielczy w Osiu;(52)3329360;;
Bank Spółdzielczy w Ostrowi Mazowieckiej;(29)7452263;;
Bank Spółdzielczy w Ostrowi Mazowieckiej;(29)7452264;;
Bank Spółdzielczy w Ośnie Lubuskim;(95)7576076;;
Bank Spółdzielczy w Ośnie Lubuskim;(95)7577480;;
Bank Spółdzielczy w Ożarowie;(15)8611020;;
Bank Spółdzielczy w Ożarowie;(15)8610924;;
Bank Spółdzielczy w Parczewe;(83)3551326;;
Bank Spółdzielczy w Parczewe;(83)3551323;;
Bank Spółdzielczy w Pawłowicach;(32)4721924;;
Bank Spółdzielczy w Pawłowicach;(32)4728556;;
Bank Spółdzielczy w Piasecznie;(022)7374117;;
Bank Spółdzielczy w Piasecznie;(022)7374114;;
Bank Spółdzielczy w Piątnicy;(86)2165204;;
Bank Spółdzielczy w Piątnicy;(86)2191370;;
Bank Spółdzielczy w Pleszewie;(62)7421115;;
Bank Spółdzielczy w Pleszewie;(62)7429100;;
Bank Spółdzielczy w Poczesnej;(34)3711233;;
Bank Spółdzielczy w Poddębicach;(43)6783700;;
Bank Spółdzielczy w Poddębicach;(43)6788309;;
Bank Spółdzielczy w Porąbce;(33)8106001;;
Bank Spółdzielczy w Porąbce;(33)8150506;;
Bank Spółdzielczy w Praszce;(34)3591331-32;;
Bank Spółdzielczy w Praszce;(34)3591825;;
Bank Spółdzielczy w Pruszczu Gdańskim;(58)6833311;;
Bank Spółdzielczy w Pruszczu Gdańskim;(58)6823058;;
Bank Spółdzielczy w Przasnyszu;(29)7522522;;
Bank Spółdzielczy w Przasnyszu;(29)7523300;;
Bank Spółdzielczy w Przysusze;(48)6752242;;
Bank Spółdzielczy w Przysusze;(48)6752371;;
Bank Spółdzielczy w Pszczółkach;(058)6829115;;
Bank Spółdzielczy w Pszczółkach;(058)6839120;;
Bank Spółdzielczy w Pszczynie;(32)2103591;;
Bank Spółdzielczy w Pszczynie;(32)2103639;;
Bank Spółdzielczy w Pucku;(58)6730110-23;;
Bank Spółdzielczy w Pucku;(58)6730124;;
Bank Spółdzielczy w Raciążu;(23)6799631;;
Bank Spółdzielczy w Raciążu;(23)6799649;;
Bank Spółdzielczy w Radomyślu Wielkim;(14)6819530;;
Bank Spółdzielczy w Radomyślu Wielkim;(14)6819531;;
Bank Spółdzielczy w Radziechowach-Wieprzu;(33)8676646;;
Bank Spółdzielczy w Radziechowach-Wieprzu;(33)8676616;;
Bank Spółdzielczy w Radziejowie;(54)2853310;;
Bank Spółdzielczy w Radziejowie;(54)2853299;;
Bank Spółdzielczy w Radzyniu Podlaskim;(83)3527057-58;;
Bank Spółdzielczy w Radzyniu Podlaskim;(83)3527059;;
Bank Spółdzielczy w Raszynie;(22)7200116;;
Bank Spółdzielczy w Raszynie;(22)7205591;;
Bank Spółdzielczy w Reszlu;(89)7553400;;
Bank Spółdzielczy w Reszlu;(89)7553407;;
Bank Spółdzielczy w Ropczycach;(17)2218029;;
Bank Spółdzielczy w Ropczycach;(17)2220521;;
Bank Spółdzielczy w Rzepinie;(95)7596346;;
Bank Spółdzielczy w Rzepinie;(95)7597449;;
Bank Spółdzielczy w Sandomierzu;(15)8323568;;
Bank Spółdzielczy w Sandomierzu;(15)8332700;;
Bank Spółdzielczy w Siedlcach;(25)6440810;;
Bank Spółdzielczy w Siedlcach;(25)6327349;;
Bank Spółdzielczy w Sierpcu;(24)2752231;;
Bank Spółdzielczy w Sierpcu;(24)2752521;;
Bank Spółdzielczy w Skierniewicach;(46)8344800;;
Bank Spółdzielczy w Skierniewicach;(46)8344824;;
Bank Spółdzielczy w Skoczowie;(33)8579500;;
Bank Spółdzielczy w Skórczu;(58)5824615;;
Bank Spółdzielczy w Skórczu;(58)5824315;;
Bank Spółdzielczy w Sokołach;(86)2741580;;
Bank Spółdzielczy w Sokołach;(86)2741113;;
Bank Spółdzielczy w Sośnicowicach;(32)2387760;;
Bank Spółdzielczy w Sośnicowicach;(32)2387766;;
Bank Spółdzielczy w Stalowej Woli;(015)8421027;;
Bank Spółdzielczy w Stalowej Woli;(015)8424078;;
Bank Spółdzielczy w Starogardzie Gdańskim;(58)5600842;;
Bank Spółdzielczy w Starogardzie Gdańskim;(58)5626021;;
Bank Spółdzielczy w Starym Sączu;(18)4460960;;
Bank Spółdzielczy w Starym Sączu;(18)4460961;;
Bank Spółdzielczy w Staszowie;(15)8647060;;
Bank Spółdzielczy w Staszowie;(15)8647088;;
Bank Spółdzielczy w Stegnie;(55)2469090-91;;
Bank Spółdzielczy w Stegnie;(55)2469089;;
Bank Spółdzielczy w Strzelnie;(52)3189217;;
Bank Spółdzielczy w Strzelnie;(52)3189269;;
Bank Spółdzielczy w Suchej Beskidzkiej;(33)8745000;;
BANK SPÓŁDZIELCZY w Szczucinie;(14)6441444;;
Bank Spółdzielczy w Szczuczynie;(86)2735340;;
Bank Spółdzielczy w Szczuczynie;(86)2735339;;
Bank Spółdzielczy w Szubinie;(52)3911212;;
Bank Spółdzielczy w Szubinie;(52)3911228;;
Bank Spółdzielczy w Tarczynie;(22)7277886;;
Bank Spółdzielczy w Tarnowskich Górach;(32)3939040;;
Bank Spółdzielczy w Tarnowskich Górach;(32)2854306;;
Bank Spółdzielczy w Tczewie;(58)5313711;;
Bank Spółdzielczy w Tczewie;(58)5313825;;
Bank Spółdzielczy w Toruniu SGB;(56)6399500;;
Bank Spółdzielczy w Toruniu SGB;(56)6399510;;
Bank SPółdzielczy w Trzebielu;(68)3623284;;
Bank Spółdzielczy w Trzebielu;(68)3630900;;
Bank Spółdzielczy w Trzebielu;(68)3630914;;
Bank Spółdzielczy w Trzebnicy;(71)3874321;;
Bank Spółdzielczy w Trzebnicy;(71)3874336;;
Bank Spółdzielczy w Ustroniu;(33)8543457;;
Bank Spółdzielczy w Ustroniu;(33)8556984;;
Bank Spółdzielczy w Węgierskiej Górce;(33)8641890;;
Bank Spółdzielczy w Węgierskiej Górce;(33)8651801;;
Bank Spółdzielczy w Więcborku;(52)3881888;;
Bank Spółdzielczy w Więcborku;(52)3881889;;
Bank Spółdzielczy w Wilamowicach;(33)8457102;;
Bank Spółdzielczy w Wodzisławiu Śląskim;(32)4553363;;
Bank Spółdzielczy w Wodzisławiu Śląskim;(32)4553442;;
Bank Spółdzielczy w Wolinie;(91)3261261;;
Bank Spółdzielczy w Wolinie;(91)3262520;;
Bank Spółdzielczy w Wołczynie;(77)4188217;;
Bank Spółdzielczy w Wołczynie;(77)4188217wew20;;
Bank Spółdzielczy w Zambrowie;(86)2710732;;
Bank Spółdzielczy w Zambrowie;(86)2710736;;
Bank Spółdzielczy w Zatorze;(33)8410840;;
Bank Spółdzielczy w Zatorze;(33)8412340;;
Bank Spółdzielczy w Zawadzkiem;(77)4616392;;
Bank Spółdzielczy w Zawadzkiem;(77)4634322;;
Bank Spółdzielczy w Zgierzu;(42)7166600;;
Bank Spółdzielczy w Zgierzu;(42)7164320;;
Bank Spółdzielczy w Zwoleniu;(48)6762627;;
Bank Spółdzielczy w Zwoleniu;(48)6762305;;
Bank Spółdzielczy w Żołyni;(17)2243009;;
Bank Spółdzielczy w Żołyni;(17)2250660;;
Bank Spółdzielczy w Żorach;(32)4342725;;
Bank Spółdzielczy w Żorach;(32)4343405;;
Bank Spółdzielczy w Żurominie;(23)6572100;;
Bank Spółdzielczy w Żurominie;(23)6572806;;
Bank Spółdzielczy we Frampolu;(84)6857583;;
Bank Spółdzielczy we Frampolu;(84)6857511;;
Bank Spółdzielczy we Włoszakowicach;(65)5370006;;
Bank Spółdzielczy we Włoszakowicach;(65)5370090;;
Bank Spółdzielczy we Włoszczowie;(41)3942940;;
Bank Spółdzielczy we Włoszczowie;(41)3942415;;
Bank Spółdzielczy Ziemi Kaliskiej;(62)7678055;;
Bank Spółdzielczy Ziemi Kaliskiej;(62)7678044;;
Bank Spółdzielczy Ziemi Kraśnickiej Oddział w Zaklikowie;(15)8738410;;
Bank Spółdzielczy Ziemi Łęczyckiej w Łęczycy;(24)7218350;;
Bank Spółdzielczy Ziemi Łęczyckiej w Łęczycy;(24)7218351;;
Bank Spółdzielczy Ziemi Łowickiej w Łowiczu;(46)8304560;;
Bank Spółdzielczy Ziemi Łowickiej w Łowiczu;(46)8304561;;
Bank Spółdzielczy Ziemi Piotrkowskiej w Piotrkowie Trybunalskim;(44)6480910;;
Bank Spółdzielczy Ziemi Piotrkowskiej w Piotrkowie Trybunalskim;(44)6480911;;
Bank Zachodni WBK S.A.;(71)3701000;;
BANKIER Doradztwo Finansowe Renata Witka;(71)3034894;;
BANKIER Doradztwo Finansowe Renata Witka;516195415;;
Beskidzki Bank Spółdzielczy;(33)8157934;;
Bieszczadzki Bank Spółdzielczy w Ustrzykach Dolnych;(13)4611296;;
Bieszczadzki Bank Spółdzielczy w Ustrzykach Dolnych;(13)4611374;;
BNP Paribas Bank Polska S.A.;(22)5669000;;
BNP Paribas Bank Polska S.A.;(22)5669010;;
BNP PARIBAS FORTIS;(32)4752471;;
BNP PARIBAS FORTIS;(32)4752472;;
BNP Paribas S.A.;(22)5669000;;
BNP Paribas S.A.;(22)5669300;;
BRE BANK Hipoteczny S.A.;(22)5797500-01;;
BRE BANK Hipoteczny S.A.;(22)5797504;;
CIC Przedstawicielstwo w Polsce;(22)8606501;;
CIC Przedstawicielstwo w Polsce;(22)8606504;;
Credit Agricole Bank Polska S.A.;(71)3553005;;
Credit Agricole Bank Polska S.A.;801330000;;
Credit Agricole Oddział Prudnik;512 191 820;;
Credit Agricole Oddział Prudnik;512 268306;;
Danske Bank A/S S.A. Oddział w Polsce;(22)3377100;;
Danske Bank A/S S.A. Oddział w Polsce;(22)3377101;;
DFI - Doradztwo Finansowo Inwestycyjne;(32)3876066;;
DFI - Doradztwo Finansowo Inwestycyjne;(32)4450986;;
DIL Polska Baumanagement Sp. z o.o.;(22)5799696;;
DIL Polska Baumanagement Sp. z o.o.;(22)5799691;;
DnB NORD Polska S.A.;(22)5241000;;
DnB NORD Polska S.A.;(22)5241001;;
EFG Eurobank Ergasias S.A.;(22)3477000centrala;;
EFG Eurobank Ergasias S.A.;(22)3477001;;
ESBANK Bank Spółdzielczy;(44)7441000;;
ESBANK Bank Spółdzielczy;(44)7441001;;
Euro Bank S.A.;19000;;
Euro Bank S.A.;555000555;;
EXPRESS BANK Spółdzielczy;(17)8501155;;
FCE Bank Polska S.A.;(22)6086900;;
FCE Bank Polska S.A.;(22)6086901;;
FM Bank S.A.;(22)5683500;;
FM Bank S.A.;(22)5683610;;
Getin Noble Bank S.A.;(22)2705211-14;;
Gospodarczy Bank Spółdzielczy Międzyrzecz;(95)7428010;;
Gospodarczy Bank Spółdzielczy Międzyrzecz;(95)7428030;;
Gospodarczy Bank Spółdzielczy w Mosinie;(61)8136139;;
Gospodarczy Bank Spółdzielczy w Mosinie;(61)8197700;;
HSBC Bank Polska;(22)3540500;;
HSBC Bank Polska;(22)3540510;;
ING Bank Śląski S.A.;(32)3570069;;
ING Bank Śląski S.A.;(32)3570024;;
INTELIGO Powszechna Kasa Oszczędności Bank Polski S.A.;0800121121;;
Kasa Unii Lubelskiej;(81)7569600;;
Kasa Unii Lubelskiej;0801980090;;
Kaszubski Bank Spółdzielczy w Wejherowie;(58)6772435;;
Kaszubski Bank Spółdzielczy w Wejherowie;(58)6779048;;
KBL European Private Bankers S.A.;(22)5306700;;
KBL European Private Bankers S.A.;(22)5306701;;
Krajowy Depozyt Papierów Wartościowych S.A.;(022)5379343;;
Krajowy Depozyt Papierów Wartościowych S.A.;(022)6273111;;
Krakowski Bank Spółdzielczy;(12)4220926;;
Krakowski Bank Spółdzielczy;(12)4228265;;
Kredyt Bank S.A.;(22)6345400;;
Kredyt Bank S.A.;(22)6345335;;
Kujawski Bank Spółdzielczy Oddział w Aleksandrowie Kujawskim;(54)2822634;;
Kujawski Bank Spółdzielczy Oddział w Aleksandrowie Kujawskim;(54)2822032;;
Kujawsko-Dobrzyński Bank Spółdzielczy;(54)2310085;;
Kujawsko-Dobrzyński Bank Spółdzielczy;(54)2310085w.124;;
Ludowy Bank Spółdzielczy;(43)8234004;;
Ludowy Bank Spółdzielczy;(43)8232561;;
Łącki Bank Spółdzielczy;(18)4446021;;
Łącki Bank Spółdzielczy;(18)4445873;;
Małopolski Bank Spółdzielczy w Wieliczce;(12)2781466;;
Małopolski Bank Spółdzielczy w Wieliczce;(12)2894440;;
MAZOVIA Bank Spółdzielczy;(22)7364900;;
MAZOVIA Bank Spółdzielczy;(22)7364901;;
Mazowiecki Bank Spółdzielczy w Łomiankach;(22)7686000;;
Mazowiecki Bank Spółdzielczy w Łomiankach;(22)7511860;;
mBank S.A.;(022)8290000;;
mBank S.A.;(022)8290044;;
Meritum Bank;(58)5507386;;
Międzygminny Bank Spółdzielczy w Zbuczynie;(25)6416368;;
Międzygminny Bank Spółdzielczy w Zbuczynie;(25)6416839;;
Mikołowski Bank Spółdzielczy;(32)2262205;;
Mikołowski Bank Spółdzielczy;(32)2260835;;
Nadobrzański Bank Spółdzielczy w Rakoniewicach;(61)4421700;;
Nadobrzański Bank Spółdzielczy w Rakoniewicach;(61)4421720;;
Narodowy Bank Polski;(22)6531000;;
Narodowy Bank Polski;(22)6208518;;
NBS;(24)2311200;;
Nordea Bank Polska S.A.;(58)6691000;;
Nordea Bank Polska S.A.;(58)6691111;;
Orzesko-Knurowski Bank Spółdzielczy z siedzibą w Knurowie;(32)3391700;;
Orzesko-Knurowski Bank Spółdzielczy z siedzibą w Knurowie;(32)3391720;;
Pekao Bank Hipoteczny S.A.;(22)2082020;;
Pekao Bank Hipoteczny S.A.;(22)2082040;;
Piastowski Bank Spółdzielczy Oddział w Gniewkowie;(52)3585150-53;;
Piastowski Bank Spółdzielczy Oddział w Gniewkowie;(52)3585156-59;;
Piastowski Bank Spółdzielczy w Janikowie;(52)3583940;;
Piastowski Bank Spółdzielczy w Janikowie;(52)3583930;;
Pieniński Bank Spółdzielczy;(18)2623017;;
Pieniński Bank Spółdzielczy;(18)2623347;;
PKO Bank Polski S.A.;0801302302;;
PKO BP;(14)6228500;;
PKO BP;(14)6214202;;
Placówka Partnerska Alior Bank S.A.;(32)7371815;;
Placówka Partnerska Alior Bank S.A.;516045817;;
Placówka Partnerska BANK PEKAO S.A.;(71)7500195;;
Placówka Partnerska Invest Bank S.A.;(61)2785040;;
Plus Bank S.A.;(61)8461461;;
Plus Bank S.A.;801445566;;
Podkarpacki Bank Spółdzielczy;(13)4655800;;
Podkarpacki Bank Spółdzielczy;(13)4655801;;
Polski Bank Spółdzielczy w Ciechanowie;(23)6730900;;
Pomorski Bank Spółdzielczy w Świdwinie;(94)3666400;;
Pomorski Bank Spółdzielczy w Świdwinie;(94)3652242;;
Powiatowy Bank Spółdzieczy w Gostyniu;(65)5720077;;
Powiatowy Bank Spółdzieczy w Gostyniu;(65)5725020;;
Powiatowy Bank Spółdzielczy;(76)8783255;;
Powiatowy Bank Spółdzielczy;(76)8783292;;
Powiatowy Bank Spółdzielczy;(77)4061188;;
Powiatowy Bank Spółdzielczy;(77)4061189;;
Powiatowy Bank Spółdzielczy w Sokołowie Podlaskim;(25)7812798;;
Powiatowy Bank Spółdzielczy w Sokołowie Podlaskim;(25)7812712;;
Powiatowy Bank Spółdzielczy w Węgrowie;(25)7922376;;
Powiatowy Bank Spółdzielczy w Węgrowie;(25)7922342;;
Powiślański Bank Spółdzielczy w Kwidzynie;(55)2793603;;
Powiślański Bank Spółdzielczy w Kwidzynie;(55)2793956;;
Rabobank Polska S.A.;(22)2788200;;
Raiffeisen Bank Polska S.A.;(22)5852000;;
Raiffeisen Bank Polska S.A.;(22)5852585;;
RBS Bank (Polska) S.A.;(22)5730500;;
RBS Bank (Polska) S.A.;(22)5730573;;
Redakcja NBPortal.pl;(22)6531263;;
Redakcja NBPortal.pl;(22)6532980;;
Rejonowy Bank Spółdzielczy w Lututowie;(43)8714023;;
Rejonowy Bank Spółdzielczy w Lututowie;(43)8714990;;
Rybnicki Bank Spółdzielczy;(32)4223735;;
Rybnicki Bank Spółdzielczy;(32)4223897;;
Santander Consumer Bank S.A.;19500;;
SKOK Dziedzice;(32)2144380;;
SKOK Dziedzice;(32)2140027;;
SKOK Jaworzno;(41)3709479;;
Spółdzielczy Bank Ludowy w Skalmierzycach;(62)7621265;;
Spółdzielczy Bank Ludowy w Skalmierzycach;(62)7621266;;
Spółdzielczy Bank Ludowy w Złotowie;(67)2632020;;
Spółdzielczy Bank Ludowy w Złotowie;(67)2632104;;
Spółdzielczy Bank Powiatowy w Piaskach;(81)5822918;;
Spółdzielczy Bank Powiatowy w Piaskach;(81)5822155;;
Spółdzielczy Bank Rzemiosła i Rolnictwa;(022)7638700-01;;
Spółdzielczy Bank Rzemiosła i Rolnictwa;(022)7638705;;
Sygma Banque Societe Anonyme S.A. Oddział w Polsce;(22)2564700;;
Sygma Banque Societe Anonyme S.A. Oddział w Polsce;(22)2564701;;
Tatrzański Bank Spółdzielczy;(18)2001230;;
Tatrzański Bank Spółdzielczy;(18)2001231;;
Toyota Bank Polska S.A.;0801900700;;
Toyota Bank Polska S.A.;(22)4885551;;
VISTULA Bank Spółdzielczy;(24)2311200;;
Volkswagen Bank Polska S.A.;(022)5387000;;
Volkswagen Bank Polska S.A.;(022)5387070;;
WBS Warszawski Bank Spółdzielczy;(22)5148940;;
WBS Warszawski Bank Spółdzielczy;(22)5148919;;
Zachodniopomorska SKOK;(91)4412350-51;;
Zachodniopomorska SKOK;(91)4843144;;
Bank Serwis Sp. z o.o.;(52)3204010;;
Bank Serwis Sp. z o.o.;(52)3204011;;
Bezpieczna Pożyczka Sp. z o.o. Sp.komandytowa;(12)4162020;;
Bezpieczna Pożyczka Sp. z o.o. Sp.komandytowa;600622980;;
BRE Corporate Finance S.A.;(22)3322000;;
BRE Corporate Finance S.A.;(22)3322001;;
BZ WBK Asset Management S.A.;(61)8519268;;
BZ WBK Asset Management S.A.;(61)8533387;;
Centrum Prawa Bankowego i Informacji Sp. z o.o.;(022)4868400;;
Centrum Prawa Bankowego i Informacji Sp. z o.o.;(022)4868403;;
Doradca Bankowy Słupsk;792677792;;
Ekoakta.pl;(32)7727000;;
Ekoakta.pl;(32)7727010;;
Fiat Bank Polska S.A.;(22)6074990;;
GLOBAL CREDIT- Doradztwo & Pośrednictwo Finansowe;606285859;;
Kasa Stefczyka;0801600100;;
Kasa Stefczyka;(58)7829300;;
Partner Banku BPH Lubliniec;(34)3561817;;
PKO Leasing;(42)2539600;;
PKO Leasing;(42)2539316;;
PolRENTIER Sp. z o.o.;601801890;;
PolRENTIER Sp. z o.o.;(22)7731652;;
PPC SERWIS;602345708;;
Przedsiębiorstwo Kapitałowo-Inwestycyjne CHROBRY Sp. z o.o.;(061)4249447;;
Przedsiębiorstwo Kapitałowo-Inwestycyjne CHROBRY Sp. z o.o.;(061)4249429;;
RHENUS Data Office Polska Sp. z o.o.;(22)3312332;;
RHENUS Data Office Polska Sp. z o.o.;(22)7150717;;
Rigall Arteria Management Sp. z o.o. S.K.A;(58)6619160;;
Rigall Arteria Management Sp. z o.o. S.K.A;(58)6606360;;
Svenska Handelsbanken AB S.A.;(22)3817300;;
Toruński Fundusz Poręczeń Kredytowych Sp. z o.o.;(56)6547170;;
Toruński Fundusz Poręczeń Kredytowych Sp. z o.o.;(56)6550848;;
