ELA Hurtownia Fryzjerska Elżbieta Skierkowska;602629250;;
FHU LED Artykuły Fryzjerskie;(32)3294567;;
FHU LED Artykuły Fryzjerskie;(32)3265665;;
SILOG Sp. z o.o.;(22)6517256-58;;
SILOG Sp. z o.o.;663999210;;
DAWIPOL Sp. z o.o.;(22)8320907;;
DAWIPOL Sp. z o.o.;(22)8399486;;
Przedsiębiorstwo Handlowo-Usługowe ESO;(91)3922928;;
TOVARES Sp. z o.o.;(52)3213399;;
TOVARES Sp. z o.o.;(52)3454484;;
Avangarda Salon Styl MALE;(58)6259203;;
Avangarda Salon Styl MALE;(58)6259592;;
Hurtownia Fryzjersko-Kosmetyczna ELF;(32)4698715;;
MONA S.c.;(34)3608254;;
MONA S.c.;(34)3608255;;
MOPER Sklep z perukami;(61)8516161;;
INTER-VION S.A.;(22)6106370;;
INTER-VION S.A.;(22)6108586;;
JOTT Joanna, Leonard Pieraccy Sp.j.;(91)4864499;;
POLONUS Sp. z o.o.;(22)7810163;;
POLONUS Sp. z o.o.;(22)7719323;;
DORES;(25)7580755;;
DORES;515282147;;
FARO Hurtownia Fryzjerska;(77)4546184;;
FARO Hurtownia Fryzjerska;(77)4546182;;
Hurtownia Fryzjerska i Sklep Internetowy INCANTO;516022256;;
Hurtownia Fryzjerska i Sklep Internetowy INCANTO;502052434;;
Przedsiębiorstwo Biuromaks Meble Biurowe;(62)7656028;;
Przedsiębiorstwo Biuromaks Meble Biurowe;(62)7656027;;
STUDIO9;(22)6482963;;
STUDIO9;694329007;;
AKADEMIA URODY Sklep i Hurtownia Kosmetyczna, Salon Fryzjerski;(22)6152732;;
AKADEMIA URODY Sklep i Hurtownia Kosmetyczna, Salon Fryzjerski;730619100;;
F.U.H RENA Sławomir Magielski;506370490;;
ABER Hurtownia Fryzjersko-Kosmetyczna;501669887;;
ADRION TRADE Sp. z o.o.;(22)7724034;;
ADRION TRADE Sp. z o.o.;(22)7723168;;
AMA Artykuły Fryzjersko-Kosmetyczne;(15)8444616;;
AMA Artykuły Fryzjersko-Kosmetyczne;(15)8423030;;
AngelHair.pl;(58)3457800;;
AngelHair.pl;512382198;;
ANKO PROFESJONAL Centrum Zaopatrzenia Fryzjerstwa;(85)7445006;;
ART-FRYZ S.c.;(33)4792949;;
ART-FRYZ S.c.;504213915;;
Artykuły Fryzjerskie TOLIA;517019109;;
BARBERS.pl;535805912;;
BARBERS.pl;507805912;;
BEAUTY HEAR-BH Poland Aleksandra Knyszewska-Pietka;695550128;;
BEAUTYEXPERT;(68)4145417;;
BEAUTYEXPERT;(68)4145402;;
Beliso Sp. z o.o.;(22)6717555;;
BETAHAIR;691037624;;
BETRIS Hurtownia Fryzjersko-Kosmetyczna;(32)2170999;;
BETRIS Hurtownia Fryzjersko-Kosmetyczna;501374141;;
BOSTO Dariusz Tyllak Hurtownia Artykułów Fryzjerskich;(42)6307653;;
Centrum Zaopatrzenia Fryzjerów Marek Różycki;(22)8227222;;
Color Sp. z o.o.;(32)2914089;;
COMPLEX pro-sprzet.pl, fryzomania.pl;(95)7420305;;
COMPLEX pro-sprzet.pl, fryzomania.pl;508273057;;
DIA-STAL Waldemar Kamiński;(58)6808406;;
DIA-STAL Waldemar Kamiński;697676522;;
Dreadservice;728895815;;
EMPORIUM Stella Góralska-Helt;(58)5544633;;
EMPORIUM Stella Góralska-Helt;(58)5522619;;
EuMedia Sklep hkhf.pl;(42)2960271;;
EuMedia Sklep hkhf.pl;500777767;;
EUREX Sp. z o.o.;(32)2322724;;
F.H.U. ELEKTROPOL;787367191;;
F.H.U. LOOKWELL Radosław Prus;791464844;;
F.H.U. LOOKWELL Radosław Prus;0801003145;;
F.U.H. MOL MICHAŁ;507466309;;
F.U.H. RENA;(12)6474714;;
F.U.H. RENA;(12)6495219;;
Fabryka Marzeń;518450677;;
FH WITO;(17)8520337;;
Firma GORGOL Ireneusz Gorgol;(34)3659010;;
Firma GORGOL Ireneusz Gorgol;(34)3650640;;
FRICOS Firma Handlowo-Usługowa;726282825;;
FRYZDOM;(43)8234358;;
Fryzjo.pl;794355385;;
Fryzo.pl;531531517;;
GrzechHair;668721852;;
GrzechHair;668120424;;
Hairpro.pl;(91)3837380;;
Hairpro.pl;519113881;;
HNB Sp. z o.o.;570507530;;
HNB Sp. z o.o.;570507531;;
Hurtownia ALEX;602600866;;
Hurtownia Artykułów Fryzjersko-Kosmetycznych ART-FRYZ Iwona Bromka;(24)2685680;;
Hurtownia Artykułów Fryzjersko-Kosmetycznych ART-FRYZ Iwona Bromka;(24)2643534;;
Hurtownia Fryzjerska NOVA Krzysztof Nowak;668122096;;
Hurtownia Fryzjerska NOVA Krzysztof Nowak;602886711;;
Hurtownia Fryzjersko Kosmetyczna MAGNOLIA;(81)4444923;;
Hurtownia Fryzjersko Kosmetyczna MAGNOLIA;(81)5242588;;
Hurtownia Fryzjersko-Kosmetyczna PASADOR;664262639;;
JBS Sp.j. Kisielewski-Turos-Kisielewski;(58)5220250;;
JBS Sp.j. Kisielewski-Turos-Kisielewski;(58)5220251;;
JEDYNKA Hurtownia Artykułów Fryzjerskich;(34)3242623;;
JEDYNKA Hurtownia Artykułów Fryzjerskich;509625502;;
KAMI Sp.j.;(71)7234691;;
KAMI Sp.j.;(71)7220210;;
KosmetykShop Hurtownia Fryzjersko-Kosmetyczna;697882777;;
LEADER Alexander-Style;601754764;;
LEADER Alexander-Style;(62)7304563;;
LOKA Artykuły Fryzjerskie;690970422;;
LOKA Artykuły Fryzjerskie;533508888;;
M & STYL Mariusz Stefaniuk;(43)8220040;;
MARTIMO;(22)4878996;;
MARTIMO;500420720;;
Meble24h Meble Fryzjerskie;(34)3144896;;
Meble24h Meble Fryzjerskie;505301402;;
MIETŁA Sklep Internetowy Wlosy-sklep.pl;(71)3590823;;
MIETŁA Sklep Internetowy Wlosy-sklep.pl;(71)7232363;;
Mirable Sp. z o.o.;608168660;;
MODNA KAJA Katarzyna Walenda;(48)6641428;;
MODNA KAJA Katarzyna Walenda;783660466;;
MULTITRADE - Sklep Internetowy Remington24.PL;501266136;;
MUSICPRO S.c. Magdalena Dołęga, Patryk Dołęga;(41)3750022;;
MUSICPRO S.c. Magdalena Dołęga, Patryk Dołęga;(41)3750020;;
Negozio.pl;600887855;;
Negozio.pl;608098233;;
OLGA Olga Remisiewicz;691444274;;
P.H.U MDM-Styl;694025114;;
P.H.U MDM-Styl;881516881;;
P.H.U. ALFA Centrum Zaopatreznia Fryzjerów;(17)8590585;;
P.H.U. ALFA Centrum Zaopatreznia Fryzjerów;(17)8632402;;
P.P.H.U. TĘCZA;(42)6325998;;
P.W. Amstar;(41)3442666;;
P.W. Amstar;(41)3445966;;
P.W. KANEL Hurtownia Fryzjerska Jarosław Wasik;888118599;;
PANDA Sp. z o.o.;(71)3874655;;
PANDA Sp. z o.o.;(71)3871416;;
PERFECT STUDIO;722123344;;
PERFECT STUDIO;693663277;;
POLKOSMED S.c.;(77)4811854;;
POLKOSMED S.c.;(77)4836521;;
POLWELL Sp. z o.o.;(52)3252000;;
POLWELL Sp. z o.o.;(52)3252001;;
PROGRESS;(22)8186177;;
PROLATIO Sp. z o.o.;(32)4500793;;
PROLATIO Sp. z o.o.;(32)4500794;;
PROSPECTOR Sp. z o.o.;(32)2704264;;
PROSPECTOR Sp. z o.o.;(32)2702689;;
Przedsiębiorstwo Zagraniczne CATZY OF POLAND;(22)7737444;;
Przedsiębiorstwo Zagraniczne CATZY OF POLAND;(22)7737322;;
Przedsiębiorstwo-Handlowe NETAN;502714349;;
Rudyk Perfect Hair;(74)8438099;;
Rudyk Perfect Hair;506225983;;
SABA S.c. Artykuły Kosmetyczno-Fryzjerskie;(12)4119940;;
SAF Super Artykuły Fryzjerskie;(71)3500144;;
SAF Super Artykuły Fryzjerskie;691033840;;
Salon AMBIENCE;(22)7737444;;
Salon AMBIENCE;606601551;;
SED FRYZ Profesjonalne Produkty Fryzjerskie;(25)6440736;;
SED FRYZ Profesjonalne Produkty Fryzjerskie;(25)6328308;;
Siima Professional Sp. z o.o.;734449191;;
SILHOUETTE DCD;(74)6459030;;
SKD DISTRIBUTION Sp. z o.o.;(22)6421414;;
Sklep FRYZELA;(85)7451397;;
Sklep Fryzjerski E-Fryz;(81)5382440;;
Sklep Fryzjerski E-Fryz;695741724;;
Sklep Fryzjerski PERFEKT;(12)6334453;;
Sklep Fryzjerski PERFEKT;(12)4310038;;
Sklep z dopinkami CLIP-IN;505940980;;
SMEGGI Sp. z o.o.;(32)2298413;;
SO.CAP. POLSKA;(68)3250115;;
SO.CAP. POLSKA;693283081;;
SOLARIS;(32)3544664;;
SOLARIS;(32)3544666;;
STAND-ART Sp. z o.o.;(22)8369192;;
STAND-ART Sp. z o.o.;693539496;;
STYLER Sp. z o.o.;(71)3614300;;
SUPER-EGO Centrum Zaopatrzenia Fryzjerów;(91)8129292;;
SUPERNOVA;(22)7591712;;
SUPERNOVA;(22)7591713;;
THOSO Training&Sales Group Tomasz Sobos Sklep Internetowy fryzjerski-sklep.pl;662891309;;
TROMAX Profesjonalne Artykuły Fryzjerskie;(41)3428789;;
TROMAX Profesjonalne Artykuły Fryzjerskie;(41)3428729;;
VEBA - kalamis.pl;(58)7753151;;
VEBA - kalamis.pl;(58)7425740;;
Venus ZPH;(22)7862365;;
INSIMIA Profesjonalne Kosmetyki dla Twojej Urody;503928278;;
Profesjonalne Kosmetyki i Akcesoria Fryzjerskie OSCAR Group;608454366;;
ACTIVESHOP;(71)7254171;;
ADAPIO Sp.j.;602105980;;
AFK Artykuły Fryzjersko-Kosmetyczne;(18)3530415;;
AFK Artykuły Fryzjersko-Kosmetyczne;(18)3537815;;
AKA;505611375;;
ALLE Akademia Paznokcia & Świat Włosa;508610802;;
ALLE Akademia Paznokcia & Świat Włosa;(24)3666611;;
AYALA;(22)7020334;;
AYALA;(22)7020335;;
Bea Beleza Polska Sp. z o.o. Sp.komandytowa;(61)8667756;;
BEAUTY EXPERT Szkoła Kosmetyczna i Fryzjerska;607412001;;
Beauty For You;508091281;;
Beauty For You;509636080;;
Beauty System Sp. z o.o.;791993754;;
Beauty System Sp. z o.o.;790765176;;
Beauty Vital Akademia Piękna i Zdrowia;(67)3491211;;
Beauty Vital Akademia Piękna i Zdrowia;535255901;;
BEAUTY-SECRET Sp.j.;(71)7904174;;
BEAUTY-SECRET Sp.j.;794322414;;
CEL-MAN Import-Export Przedsiębiorstwo Wielobranżowe;(77)4581722;;
CEL-MAN Import-Export Przedsiębiorstwo Wielobranżowe;608509955;;
Centrum Zaopatrzenia Salonów Kosmetycznych i Fryzjerskich TIMO;(67)2681430;;
Centrum Zaopatrzenia Salonów Kosmetycznych i Fryzjerskich TIMO;882154402;;
CoFri S.c.;(22)4971676;;
CoFri S.c.;(22)4971677;;
deKEA Polska - Graficzne Rozwiązania dla Twojego Domu;532499375;;
deKEA Polska - Graficzne Rozwiązania dla Twojego Domu;505801130;;
EKF24 - Ekskluzywne Kosmetyki Fryzjerskie 24 Sp. z o.o.;533309065;;
EKF24 - Ekskluzywne Kosmetyki Fryzjerskie 24 Sp. z o.o.;531091643;;
ELITA;509039085;;
Euro-STYL PROFESSIONAL COSMETICS;(32)2026785;;
EUROKOS Halina Skrzypczak;(61)8517303-04;;
EUROKOS Halina Skrzypczak;(61)8517694;;
Eversun Dawid Sipowicz;513358867;;
Eversun Dawid Sipowicz;583500077;;
EXCELL COSMETICS GROUP;(71)7073148;;
EXCELL COSMETICS GROUP;661127366;;
F.H.U. ESTILO;535997889;;
FHU MODO - Sklep Internetowy FREEZUR.pl;511798891;;
FHU MODO - Sklep Internetowy FREEZUR.pl;517981241;;
FOR HAIR Furtownia Fryzjersko-Kosmetyczna;(22)7562013;;
FOR HAIR Furtownia Fryzjersko-Kosmetyczna;663999211;;
Home and Style;601950019;;
Hurtownia Fryzjerska Kosmetyczna Best4Hair Małgorzata Glonek;690448486;;
Hurtownia Fryzjerska LOK;(18)2755559;;
Hurtownia Fryzjerska LOK;0801022226;;
Hurtownia Fryzjersko-Kosmetyczna "KENZI";788049677;;
Hurtownia Fryzjersko-Kosmetyczna DOMINIUM;(55)2343899;;
Hurtownia Kosmetyczna VENICE;501027799;;
Hurtownia Kosmetyczno-Fryzjerska JULIA-PROFESSIONAL;(33)8147074;;
Hurtownia Kosmetyczno-Fryzjerska JULIA-PROFESSIONAL;517548654;;
Hurtownia Kosmetyków Centrum Prestige;(52)3291793;;
Hurtownia Kosmetyków Centrum Prestige;500078400;;
ITALPRO Wyposażenie Salonów;(77)5472211;;
ITALPRO Wyposażenie Salonów;668668200;;
KAZARO;(32)7689200;;
KAZARO;(32)7689232;;
KEMON;(52)3252040;;
KEMON;(52)3252001;;
KERN;(22)7862329;;
KERN;(22)6733853;;
LadySi Profesjonalne Kosmetyki;(52)3420905;;
LadySi Profesjonalne Kosmetyki;604221551;;
M-M STYLE Hurtownia Kosmetyczna;509188540;;
M-M STYLE Hurtownia Kosmetyczna;(22)4681160;;
M.S. STYL;(12)2948844;;
M.S. STYL;500046464;;
MAGREG BIS P.H.U. Grzegorz Czajka;(;;
MAGREG BIS P.H.U. Grzegorz Czajka;607449377;;
METAMORFOZY Hurtownia Fryzjersko-Kosmetyczna;728827152;;
MIMARI Michał Mirocha;(71)7864711;;
MIMARI Michał Mirocha;792202456;;
Mopii.pl Karolina Bastrykin Sklep Internetowy HAIR.com.pl;668589356;;
Multidrogeria.pl;(71)3375880;;
Newface Group Sp. z o.o.;(22)1021945;;
NOTTI;662655656;;
Nova Beauty Tomasz Osytek;500000226;;
ORIKO COSMETICS S.c.;505338161;;
P.H.U. LONPOL W.Lasiota i M.Stachowiak;(71)3290027;;
P.H.U. LONPOL W.Lasiota i M.Stachowiak;(71)3293440;;
P.H.U. STAR-FRYZ;(91)5738997;;
PERSPECTUM;505573602;;
PERSPECTUM;507581804;;
PHU Expert;(22)7582226;;
Polskie Centrum Zaopatrzenia Kosmetycznego PCZK;(71)7242505;;
Polskie Centrum Zaopatrzenia Kosmetycznego PCZK;881483212;;
PPHU MAR-KOS;(52)3209948;;
PPHU MAR-KOS;664759273;;
PRETTY NAILS;509333988;;
PRETTY NAILS;504783013;;
PROFI Wyposażenie Salonów Kosmetyczno-Fryzjerskich;(42)6724573;;
PROFI Wyposażenie Salonów Kosmetyczno-Fryzjerskich;513135308;;
Prokosmetyka24.pl;571332059;;
Przedsiębiorstwo Handlowe PROGRESS;(61)4374980;;
Przedsiębiorstwo Handlowe PROGRESS;(61)4374990;;
RBS KOSMETIK - Kosmetyki Profesjonalne;(12)4224038;;
RBS KOSMETIK - Kosmetyki Profesjonalne;661352100;;
RONOMED Sp.j.;(71)3461884;;
RONOMED Sp.j.;(71)3458845;;
Salerm Cosmetics Polska Sp. z o.o.;(17)8625271;;
Salerm Cosmetics Polska Sp. z o.o.;692452369;;
Skander;795063133;;
Skander;509063133;;
Sklep JEANNETTE;(22)6293515;;
Sklep JEANNETTE;(22)6285330;;
SŁAWEK;(42)6801904;;
SŁAWEK;783995760;;
STAPIZ Profesjonalne Kosmetyki Fryzjerskie;(22)7832716;;
STAPIZ Profesjonalne Kosmetyki Fryzjerskie;664930642;;
Veba.pl Hurtownia Fryzjerska;(58)7282353;;
VPOL;662083025;;
VPOL;692224528;;
WIKPOL S.c.;(12)4228510;;
WIKPOL S.c.;(12)4224134;;
wyczesani.com;733454242;;
Zakład Galanterii i Wyrobów Metalowych WIRMET;(22)6156378;;
Zakład Galanterii i Wyrobów Metalowych WIRMET;(22)8154952;;
