Bydgoskie Zakłady Elektromechaniczne BELMA S.A.;(52)3636201;;
Bydgoskie Zakłady Elektromechaniczne BELMA S.A.;(52)3636203;;
FUGOR Sp. z o.o.;(62)7252735;;
FUGOR Sp. z o.o.;(62)7253226;;
Górnicza Fabryka Narzędzi Sp. z o.o.;(83)3528701-03;;
Górnicza Fabryka Narzędzi Sp. z o.o.;(83)3528708;;
Grupa Martech, Energo-Mechanik Sp. z o.o.;(77)4613251;;
Grupa Martech, Energo-Mechanik Sp. z o.o.;(77)4612063;;
KGHM ZANAM S.A.;(76)8470905;;
KGHM ZANAM S.A.;(76)8471100;;
MIFAMA OPA CARBO Sp. z o.o.;(32)7386050;;
MIFAMA OPA CARBO Sp. z o.o.;(32)7386053;;
APATOR Mining Sp. z o.o.;(32)7842350;;
APATOR Mining Sp. z o.o.;(32)2596862;;
Bema S.c.;(32)2112066;;
Bema S.c.;602687572;;
DAK-Firma;(32)3762085;;
DAK-Firma;(32)3762086;;
EUROTECH Sp. z o.o.;(17)7887760;;
EUROTECH Sp. z o.o.;(17)7880273;;
Fabryka Maszyn i Urządzeń TAGOR S.A.;(32)7689136-38;;
Fabryka Maszyn i Urządzeń TAGOR S.A.;(32)7689140;;
FADROMA Development Sp. z o.o.;(71)3346033;;
FADROMA Development Sp. z o.o.;(71)3346034;;
FAMUR S.A.;(32)3596300;;
FAMUR S.A.;(32)3596677;;
Mine Master Sp. z o.o.;(76)8783511;;
Mine Master Sp. z o.o.;(76)8784101;;
P.U.P.H. Wampol Sp. z o.o.;(32)2237111;;
P.U.P.H. Wampol Sp. z o.o.;(32)2251021;;
PPHU ROMAT Halina Matwijów;(32)3450034;;
PPHU ROMAT Halina Matwijów;501455219;;
PROREM Sp. z o.o.;(32)4751409;;
PROREM Sp. z o.o.;(32)4751410;;
Przedsiębiorstwo Elektrotechniki Górniczej PEG S.A.;(32)2652430;;
Przedsiębiorstwo Elektrotechniki Górniczej PEG S.A.;(32)2652360;;
KROLPOL Katarzyna Król;(68)3566002;;
MINOVA ARNALL Sp. z o.o.;(34)3176650;;
MINOVA ARNALL Sp. z o.o.;(34)3176644;;
Pomiar-GIG Przedstawiciel Głównego Instytutu Górnictwa Sp. z o.o.;(81)7421068;;
Pomiar-GIG Przedstawiciel Głównego Instytutu Górnictwa Sp. z o.o.;(81)7412280;;
Przedsiębiorstwo Remontowe Urządzeń Energetycznych PIECHA-SOLAK Sp. z o.o.;(32)2264118;;
Przedsiębiorstwo Remontowe Urządzeń Energetycznych PIECHA-SOLAK Sp. z o.o.;(32)2264657;;
Zakład Wyrobów Metalowych CARBONEX;(32)4718992;;
Zakład Wyrobów Metalowych CARBONEX;(32)4710967;;
Jastrzębskie Zakłady Remontowe Sp. z o.o. (JZR);(32)7215100;;
Jastrzębskie Zakłady Remontowe Sp. z o.o. (JZR);(32)7215104;;
PROMECH S.A.;(76)8703134;;
KOFAMA Koźle S.A.;(77)4461140;;
KOFAMA Koźle S.A.;(77)4461145;;
OFAMA Sp. z o.o.;(77)4742592;;
OFAMA Sp. z o.o.;(77)4745004;;
OVIBRA Sp. z o.o.;(77)4024015-17;;
OVIBRA Sp. z o.o.;(77)4745075;;
ZAMER Sp.komandytowa;(89)7661615sekretariat;;
ZAMER Sp.komandytowa;(89)7661675sekretariat;;
KRET i S-ka Tadeusz Kret;(76)8191230;;
KRET i S-ka Tadeusz Kret;(76)8186911;;
NTP Global-Tech;666200324;;
P.P.H.U. Legal Sp. z o.o.;(32)2118101;;
P.P.H.U. Legal Sp. z o.o.;(32)2118117;;
TECHBUD Sp. z o.o.;(68)4707250;;
TECHBUD Sp. z o.o.;(68)4707251;;
ANWA Sp. z o.o. - PPHU Maszyny budowlane, maszyny górnicze;(76)8580262;;
ANWA Sp. z o.o. - PPHU Maszyny budowlane, maszyny górnicze;(76)8580660;;
ELTECH Sp. z o.o.;(32)2220982;;
ELTECH Sp. z o.o.;601575404;;
P.U.H.Maszyny i Urządzenia Budowlane Szalunki Do Wykopów;(61)2921168;;
P.U.H.Maszyny i Urządzenia Budowlane Szalunki Do Wykopów;606400722;;
Przedsiębiorstwo WEKO Wernicki Wojciech, Kołtun Marek;(23)6733100;;
Przedsiębiorstwo WEKO Wernicki Wojciech, Kołtun Marek;(23)6126328;;
ZERKOPOL Sp. z o.o.;(22)6143889;;
ZERKOPOL Sp. z o.o.;(22)8115354;;
BAMAR POL;603077545;;
BAMAR POL;(60)3077545;;
BOLSPED Sp. z o.o.;(32)2955613;;
BOLSPED Sp. z o.o.;(32)2955642;;
COMPRESSOR-KRUSZYWA - Kopalnia Kruszyw Naturalnych Tomasz Curyło;602360571;;
COMPRESSOR-KRUSZYWA - Kopalnia Kruszyw Naturalnych Tomasz Curyło;(56)6842001;;
CONTIX INVEST Sp. z o.o. SPÓŁKA KOMANDYTOWA;695429795;;
CONTIX INVEST Sp. z o.o. SPÓŁKA KOMANDYTOWA;506645659;;
Części Zamienne do Maszyn Budowlanych FADROMA;(71)3197774;;
Części Zamienne do Maszyn Budowlanych FADROMA;602452462;;
GREYFIN Adam Szarafiński;660420773;;
MAKRUM Project Management Sp. z o.o.;(52)5612330;;
MAKRUM Project Management Sp. z o.o.;(52)3210078;;
MARCOR Zakład Usług Techniczno-Handlowych Maszyn Górniczych i Budowlanych;(12)2924018;;
MARCOR Zakład Usług Techniczno-Handlowych Maszyn Górniczych i Budowlanych;601470978;;
MM MARKUS S.c.;602477866;;
Progress ECO Sp. z o.o. Sp.komandytowa;(15)8646270;;
Progress ECO Sp. z o.o. Sp.komandytowa;(15)8646278;;
Przedsiębiorstwo Prywatne BiS;(32)2866277;;
Przedsiębiorstwo Wielobranżowe KOPAŃCZYK;502677358;;
Przedsiębiorstwo Wielobranżowe KOPAŃCZYK;503163652;;
TRANSTOOLS Sp. z o.o.;(81)4443108;;
TRANSTOOLS Sp. z o.o.;(81)7465031;;
Kooperacja POLKO Sp. z o.o.;(32)2260975;;
Kooperacja POLKO Sp. z o.o.;(32)2263285-86;;
Comex Polska Sp. z o.o.;(12)2551424;;
Comex Polska Sp. z o.o.;(12)2551423;;
Agencja Handlowa ONYX;(74)8668019;;
Agencja Handlowa ONYX;698625080;;
Altrex International Ltd.;(22)7435640-41;;
Altrex International Ltd.;(22)7435021;;
ARTECH Piotr Chwołka;(32)4248566;;
ARTECH Piotr Chwołka;(32)4248118;;
AZIS MINING SERVICE Sp. z o.o.;(32)4752477;;
AZIS MINING SERVICE Sp. z o.o.;(32)4732054;;
B&B TRONIK S.c.;(32)4224259;;
B&B TRONIK S.c.;515123641;;
Becker-Warkop Sp. z o.o.;(32)4329900;;
Becker-Warkop Sp. z o.o.;(32)4329901;;
Boart Longyear Poland Sp. z o.o.;(71)3630200;;
Boart Longyear Poland Sp. z o.o.;(71)3630201;;
Budkop Sp. z o.o.;(32)2238751;;
Budkop Sp. z o.o.;(32)2239667-68;;
Bytomski Zakład Usług Górniczych Sp. z o.o.;(32)2719219;;
CARBOMECH Sp. z o.o.;(32)3401026;;
CARBOMECH Sp. z o.o.;(32)3401035;;
CompRot N. Sp. z o.o.;(71)7985900;;
CompRot N. Sp. z o.o.;(71)7985909;;
DARKOP CORPORATION Sp. z o.o.;(32)7115323;;
DARKOP CORPORATION Sp. z o.o.;609699382;;
Dąbrowska Fabryka Maszyn Elektrycznych DAMEL S.A.;(32)2623231;;
Dąbrowska Fabryka Maszyn Elektrycznych DAMEL S.A.;(32)2641012;;
EICKHOFF POLONIA Ltd. Sp. z o.o.;(32)2066010-11;;
EICKHOFF POLONIA Ltd. Sp. z o.o.;(32)2028744;;
ELGOR Elektronika Przemysłowa;(71)3559988;;
ELGOR Elektronika Przemysłowa;602501234;;
Elgór + Hansen Spółka Akcyjna;(32)2499480;;
Elgór + Hansen Spółka Akcyjna;(32)2413457;;
Elgór+Zamet Sp. z o.o.;(32)2872031;;
Elgór+Zamet Sp. z o.o.;(32)2872139;;
Fabryka Maszyn GLINIK S.A.;(18)3539701;;
Fabryka Maszyn GLINIK S.A.;(18)3539702;;
Fabryka Maszyn Górniczych Niwka S.A.;(32)2994661;;
Fabryka Maszyn i Urządzeń OMAG Sp. z o.o.;(33)8430081;;
Fabryka Maszyn i Urządzeń OMAG Sp. z o.o.;(33)8430067;;
Fabryki Sprzętu i Narzędzi Górniczych Grupa Kapitałowa FASING S.A.;(32)7350000;;
Fabryki Sprzętu i Narzędzi Górniczych Grupa Kapitałowa FASING S.A.;(32)7302260;;
FILAMOS, s.r.o.;+420728642646;;
Firma Innowacyjno-Wdrożeniowa ELEKTRON S.c.;(32)7878024;;
FUGO Sp. z o.o.;(63)2405266;;
FUGO Sp. z o.o.;(63)2405466;;
GEOD;(12)2922075;;
GEOD;516792494;;
Gliwicki Zakład Usług Górniczych Sp. z o.o.;(32)2394516;;
Gliwicki Zakład Usług Górniczych Sp. z o.o.;(32)3398080;;
Górnicze Przedsiębiorstwo Inwestycyjne Sp. z o.o.;(32)4223562;;
Hamacher Elektrotechnika Sp. z o.o.;(32)2173712;;
Hamacher Elektrotechnika Sp. z o.o.;(32)2173261;;
HYDROTECH S.A.;(32)4220157;;
HYDROTECH S.A.;(32)4331133;;
HYMAR Sp. z o.o.;(32)7292603;;
IRB Sp. z o.o.;783446761;;
IRB Sp. z o.o.;731573112;;
JOY Maszyny Górnicze Ltd;(32)7762800;;
JOY Maszyny Górnicze Ltd;(32)7762900;;
KOPEX Machinery S.A.;(32)2713231;;
KOPEX Machinery S.A.;(32)2718750;;
KOPEX S.A.;(32)6047000;;
KOPEX S.A.;(32)6047100;;
KOPEX-FAMAGO Sp. z o.o.;(75)7710200;;
KOPEX-FAMAGO Sp. z o.o.;(75)7710215;;
Korporacja Gwarecka S.A.;(81)4625398;;
Korporacja Gwarecka S.A.;(81)4622501;;
Largo-Trade Sp. z o.o.;(32)7394690;;
Largo-Trade Sp. z o.o.;(32)7394696;;
LENA Wilków Sp. z o.o.;(76)8178400;;
LENA Wilków Sp. z o.o.;(76)8783212;;
LINTER S.A.;(32)7937112;;
LINTER S.A.;(32)7937114;;
ŁUKMET Przedsiębiorstwo Produkcyjno-Usługowo-Handlowe;(77)4113913;;
ŁUKMET Przedsiębiorstwo Produkcyjno-Usługowo-Handlowe;(77)4113914;;
Maszyny Górnicze EKO-BUD II;(74)8171218;;
MERSPLAST S.c.;(32)4550386;;
MERSPLAST S.c.;(32)7398004;;
Mikołowskie Przedsiębiorstwo Robót Górniczych i Budowlanych GÓRBUD Sp. z o.o.;(32)2028951;;
Mikołowskie Przedsiębiorstwo Robót Górniczych i Budowlanych GÓRBUD Sp. z o.o.;(32)3224934;;
MOJ S.A.;(032)6040900;;
MOJ S.A.;(032)6040901;;
MWM Elektro Sp. z o.o.;(32)6258700;;
MWM Elektro Sp. z o.o.;(32)6258701;;
Narzędzia i Urządzenia Wiertnicze GLINIK Sp. z o.o.;(18)3549700;;
Narzędzia i Urządzenia Wiertnicze GLINIK Sp. z o.o.;(18)3549705;;
Nasze Mazury Zakład Górniczy Stępowo 1 Roman Sadowski;600465626;;
Nasze Mazury Zakład Górniczy Stępowo 1 Roman Sadowski;660766096;;
P.H.U. Gabrypol Sp.j.;(32)2563050;;
P.H.U. Gabrypol Sp.j.;(32)3520484;;
P.P.H.U. PROMECH S.c.;(74)8574166;;
P.P.H.U. PROMECH S.c.;605625950;;
P.P.U.H. COAL-BUD Sp. z o.o.;(32)6454436;;
P.P.U.H. MIDO Sp. z o.o.;(32)7573132;;
P.P.U.H. MIDO Sp. z o.o.;(32)7573154;;
P.U.B. Załoga;607748073;;
P.U.B. Załoga;697801028;;
PATech;535217429;;
Patentus S.A.;(32)2101100;;
Patentus S.A.;(32)2101150;;
PETEK i Wspólnicy Adam Korbel Sp. j.;(32)2787440;;
PGS Sp. z o.o.;(41)3663054;;
PGS Sp. z o.o.;(41)3452841;;
Polska Technika Górnicza S.A.;(32)3537023;;
Polska Technika Górnicza S.A.;(32)3535560;;
PPHU Alfa Remont;(76)8415110;;
PPHU Alfa Remont;(76)7463595;;
PPHU Atut Sp. z o.o.;(032)2092734;;
PPHU MAZURSKI Zdzisław Mazurek;(74)8551209;;
PPHU MAZURSKI Zdzisław Mazurek;(74)6491589;;
PPHU STELMACH Sp. z o.o.;(74)8536275;;
PPHU STELMACH Sp. z o.o.;(74)8536395;;
PPUH GEBAR;(32)3534226;;
PPUH GEBAR;(32)7076194;;
Przedsiębiorstwo Budownictwa Górniczego i Tunelowego GÓR-BUD Sp. z o.o.;(34)3244776;;
Przedsiębiorstwo Budownictwa Górniczego i Tunelowego GÓR-BUD Sp. z o.o.;(34)3245849;;
Przedsiębiorstwo Grunder+Hotten Sp. z o.o.;(89)7577633;;
Przedsiębiorstwo Grunder+Hotten Sp. z o.o.;(89)7577634;;
Przedsiębiorstwo Produkcyjno - Usługowe WONAM Sp. z o.o.;(32)4745110;;
Przedsiębiorstwo Produkcyjno - Usługowe WONAM Sp. z o.o.;(32)4752452;;
Przedsiębiorstwo Robót Górniczo-Wiertniczych LUBIN Sp. z o.o.;(76)8478672;;
Przedsiębiorstwo Robót Górniczo-Wiertniczych LUBIN Sp. z o.o.;(76)8478676;;
Przedsiębiorstwo Robót Górniczych w Gliwicach S.A.;(32)2319261;;
Przedsiębiorstwo Wielobranżowe KOMER;(32)4154603;;
Przedsiębiorstwo Wielobranżowe WIROMAG Sp. z o.o.;(89)5333202;;
Przedsiębiorstwo Wielobranżowe WIROMAG Sp. z o.o.;508323768;;
Rybnicka Fabryka Maszyn RYFAMA S.A.;(32)4292700;;
Rybnicka Fabryka Maszyn RYFAMA S.A.;(32)4292860;;
Rybnickie Zakłady Naprawcze Sp. z o.o.;(32)4202520;;
Rybnickie Zakłady Naprawcze Sp. z o.o.;(32)4202521;;
SADEX Sp. z o.o.;(32)4218551;;
SADEX Sp. z o.o.;(32)4218801;;
SEMPER Artur Porębski;(14)6125791;;
SEMPER Artur Porębski;500272293;;
SITG Oddział Rybnik;(32)7395380;;
SITG Oddział Rybnik;(32)7395381;;
SKW Biuro Projektowo-Techniczne Sp. z o.o.;(75)7721110;;
SKW Biuro Projektowo-Techniczne Sp. z o.o.;(75)7721113;;
Stalkowent Sp. z o.o.;(32)7775796;;
Stalkowent Sp. z o.o.;(32)7775740;;
Śląska Fabryka Urządzeń Górniczych MONTANA S.A.;(32)2564517;;
Śląska Fabryka Urządzeń Górniczych MONTANA S.A.;(32)2554506;;
Śląskie Przedsiębiorstwo Inwestycyjne ATUT Sp. z o.o.;(33)8579032;;
Śląskie Przedsiębiorstwo Inwestycyjne ATUT Sp. z o.o.;(33)8579033;;
TOK-FRES;(32)2888818;;
TOK-FRES;(32)3824540;;
WARBO S.A.;(81)4625334;;
WARBO S.A.;(81)4625130;;
WICHARY Technologies Sp. z o.o.;(32)6619900;;
WICHARY Technologies Sp. z o.o.;(32)6619999;;
WWT Sp. z o.o.;(32)2269355;;
Zakład Budowy Urządzeń i Aparatury Naukowo-Doświadczalnej Sp. z o.o.;(32)2592100;;
Zakład Budowy Urządzeń i Aparatury Naukowo-Doświadczalnej Sp. z o.o.;(32)2010832;;
Zakład Narzędzi Wiertniczych i Geologicznych Waldemar Szkurłat;(22)7733932;;
Zakład Narzędzi Wiertniczych i Geologicznych Waldemar Szkurłat;(22)7733778;;
Zakład Robót Górniczych GÓRREM Sp.j. Tadeusz Warzocha, Piotr Zdebel;(32)7572437;;
Zakład Robót Górniczych GÓRREM Sp.j. Tadeusz Warzocha, Piotr Zdebel;(32)7572438;;
Zakład Usługowy MARCUS;(32)2213220;;
Zakład Usługowy MARCUS;(32)2211699;;
Zakład Wierceń, Kotwienia i Usług Górniczych BPW Sp. z o.o.;(32)3702223;;
Zakłady Mechaniczne Urządzeń Wiertniczych Sp. z o.o.;(32)2661804;;
Zakłady Mechaniczne Urządzeń Wiertniczych Sp. z o.o.;(32)2662871-72;;
Zakłady Urządzeń Technicznych ZGODA Sp. z o.o.;(32)2457438;;
Zakłady Urządzeń Technicznych ZGODA Sp. z o.o.;(32)3452177;;
ZDT-GLIMAG Sp. z o.o.;(32)2262910;;
ZDT-GLIMAG Sp. z o.o.;(32)2260456;;
ZN-ZAMEL Sp. z o.o.;(032)4257176;;
ZP STALMET;(91)5761275;;
ZSRG Sp. z o.o. Zakład Specjalistycznych Robót Górniczych;(32)4340082-84;;
ZSRG Sp. z o.o. Zakład Specjalistycznych Robót Górniczych;(32)4340085;;
PHU METAL-SERW Sp. z o.o. Serwis Maszyn Budowlanych;794516344;;
ADS Technic S.c.;(32)4309009;;
ADS Technic S.c.;664259597;;
Agro MIREX Sp. z o.o.;(81)7441921;;
Agro MIREX Sp. z o.o.;(81)7456287;;
AMAGO Sp. z o.o.;(12)6875400;;
AMAGO Sp. z o.o.;(12)6875499;;
APEX części do obrabiarek;(62)7829200;;
APEX części do obrabiarek;(62)7811150;;
BOGDAR;(42)2122760;;
BOGDAR;602724173;;
CARBON Sp. z o.o.;(32)2360404;;
CARBON Sp. z o.o.;(32)2321623;;
COMPENSUS Sp. z o.o.;(32)3977400;;
COMPENSUS Sp. z o.o.;(32)3977401;;
Cuprum-Projekt;(71)3399898;;
Cuprum-Projekt;(71)3608808;;
DESIM Sp. z o.o.;(76)8455044;;
DESIM Sp. z o.o.;(76)7464335;;
ELEKTROMETAL S.A.;(33)8575200;;
ELEKTROMETAL S.A.;(33)8575205;;
ELROW Sp. z o.o.;(32)4328888;;
ELROW Sp. z o.o.;(32)4328887;;
ENTRACK-POL Sp. z o.o.;665790305;;
ENTRACK-POL Sp. z o.o.;609799400;;
ESTERER;(41)2491641;;
ESTERER;(41)2491695;;
Euroterm Sp. z o.o.;(77)4048570;;
Euroterm Sp. z o.o.;(77)4048572;;
Firma Handlowo-Usługowa Nowak Stanisław;(41)3627990;;
Firma Handlowo-Usługowa Nowak Stanisław;504255364;;
GAWIMET;(33)8562286;;
HERT Władysław Piwowarczyk;(32)2238620;;
HERT Władysław Piwowarczyk;(32)2238621;;
HYDRO-KRUSZ Piotr Gronwald;600504860;;
JAKOL Jakub Łastowski;725557882;;
JAKOL Jakub Łastowski;(52)5893485;;
KORTEX METAL;(32)3453910;;
KORTEX METAL;(32)3453911;;
Kuźnia Ostrów Wielkopolski Sp. z o.o.;(62)7376800;;
Kuźnia Ostrów Wielkopolski Sp. z o.o.;(62)7376816;;
LEMASZ PUH Leszek Rogowicz;(32)2602290;;
LEMASZ PUH Leszek Rogowicz;501086985;;
MAS Sp. z o.o.;(32)2518947-48;;
MAS Sp. z o.o.;(32)7816622;;
MERITUM Sp. z o.o.;(32)2831853;;
MERITUM Sp. z o.o.;(32)4228043;;
METAR Sp. z o.o.;(32)7754061;;
MIDAS B.D.Strońscy Sp.j.;(75)7834850;;
MIDAS B.D.Strońscy Sp.j.;606774891;;
MRC Doltech Sp. z o.o.;(71)3368709;;
MRC Doltech Sp. z o.o.;(71)3361139;;
NEXUS K. Skrzypek i A. Barcz Sp.j.;605268503;;
NEXUS K. Skrzypek i A. Barcz Sp.j.;605212032;;
NT Polska Sp. z o.o.;601923322;;
NTPRO Biuro Konstrukcyjne;600519753;;
Ośrodek Badawczo-Rozwojowy Urządzeń Mechanicznych OBRUM Sp. z o.o.;(32)3019205;;
Ośrodek Badawczo-Rozwojowy Urządzeń Mechanicznych OBRUM Sp. z o.o.;(32)2315887;;
P.P.U.H. Metrol Sp. z o.o.;(32)3877032;;
PHU KOMPRESOR-SERWIS;(32)3558571;;
PHU KOMPRESOR-SERWIS;(32)3520562;;
PHU KOPALMAT;(77)4578082;;
PHU KOPALMAT;603126345;;
PHU WRAZIDŁO Marek Wrazidło;(32)4300603;;
POL-MER Sp. z o.o. Techniki Nanoszenia Powlok WALTHER-PILOT WIWA GRACO, Techniki Dozowania i Mieszania HuK DOPAG;(81)7403314-15;;
POL-MER Sp. z o.o. Techniki Nanoszenia Powlok WALTHER-PILOT WIWA GRACO, Techniki Dozowania i Mieszania HuK DOPAG;(81)7466666;;
Ponar Sp. z o.o.;(33)8612403;;
Ponar Sp. z o.o.;(33)8612406;;
Poręba Machine Tool Sp. z o.o.;600936951;;
Przedsiębiorstwo HYD-REX Michał Grzelak;601805886;;
Przedsiębiorstwo HYD-REX Michał Grzelak;695981907;;
Przedsiębiorstwo Produkcyjno-Usługowo-Handlowe DUDPOL;(32)2668211;;
Przedsiębiorstwo Produkcyjno-Usługowo-Handlowe DUDPOL;503387158;;
PSP Engineering a.s. Przedstawiciel Handlowy w Polsce;(33)8442891;;
PSP Engineering a.s. Przedstawiciel Handlowy w Polsce;602101398;;
PUMAR Sp. z o.o.;(32)7359101;;
PUMAR Sp. z o.o.;(32)7359133;;
PWP WILPO Sp. z o.o.;(32)2519225;;
PWP WILPO Sp. z o.o.;(32)2570868;;
REAFLOT Sp. z o.o.;(32)2741114;;
REAFLOT Sp. z o.o.;(32)2742740;;
REMAGUM Sp. z o.o. Sp.komandytowa;(32)3183120;;
REMAGUM Sp. z o.o. Sp.komandytowa;(32)3182341;;
RUDA Trading International Jacek Ruda;(32)2512553;;
RUDA Trading International Jacek Ruda;(32)7574465;;
Rybicki Trade Sp.j.;(32)2267315;;
Rybicki Trade Sp.j.;665022032;;
Schaum-Chemie Mikołów Sp. z o.o.;(32)3559081;;
Schaum-Chemie Mikołów Sp. z o.o.;(32)2528899;;
Schneider Electric Energy Poland Sp. z o.o.;(32)7728222;;
Schneider Electric Energy Poland Sp. z o.o.;(32)7728245;;
Sigma S.A.;(81)5023333;;
Sigma S.A.;(81)5022553;;
STAL-MET Sławińska Danuta Sp.j.;(32)3000608;;
STAL-MET Sławińska Danuta Sp.j.;602591249;;
Tatry Usługi;(74)8325134;;
Tatry Usługi;501538841;;
TRANSPOL Kopalnia Kruszywa;(52)3533870;;
TRANSPOL Kopalnia Kruszywa;(52)3520478;;
Usługi Techniczne MOTONAFT Sp. z o.o.;(13)4475630;;
Usługi Techniczne MOTONAFT Sp. z o.o.;(13)4475640;;
VICTORIA;(32)2312222;;
VICTORIA;502315924;;
WIGROPOL Sp. z o.o.;(32)2290007;;
WIGROPOL Sp. z o.o.;(32)2200165;;
Zakład Mechaniczny HANIA i KRYSTIAN;(58)5351199;;
Zakład Mechaniczny HANIA i KRYSTIAN;(58)5352592;;
Zakład Mechaniczny MARPO Sp.j. M.Przygodzki i Wspólnicy;(91)4623595;;
Zakład Mechaniczny MARPO Sp.j. M.Przygodzki i Wspólnicy;(91)4624228;;
Zakład Usług Technicznych GLINIK Sp. z o.o.;(18)3528649;;
Zakład Wyrobów Metalowych HARTMET;(32)2947145;;
Zakład Wyrobów Metalowych HARTMET;(32)2989199;;
Zakłady Mechaniczne NIEMCZA Sp. z o.o.;(74)8376555;;
Zakłady Modelarsko-Odlewnicze LEGMOD K.Rzuchowski Sp.j.;(76)8511281;;
Zakłady Modelarsko-Odlewnicze LEGMOD K.Rzuchowski Sp.j.;(76)8524645;;
ZPHU HYDROMOTOR;600058468;;
