Salon Pielęgnacji Psów MATUŚ;606242226;;
YorkChampion Salony Pielęgnacji Piesków Małych Ras;(22)3537667;;
Zakład Fryzjersko Kosmetyczny dla Zwierząt BOBIK S.c.;(32)2014271;;
Zakład Fryzjersko Kosmetyczny dla Zwierząt BOBIK S.c.;790568687;;
FOTOGROOMER STUDIO Eliza Zajcewa-Drozdowska;788426725;;
MR. DOG;(58)6225014;;
MR. DOG;501136747;;
Professional Dog Center;501348585;;
Psi Salon PUPIL;510003150;;
Salon Kosmetyczno-Fryzjerski Dla Zwierząt POD MOPSEM;502617295;;
Salon Urody Dla Psów PUPIL;502264608;;
Salon Pielęgnacyjny Psa i Kota BARBI;666193548;;
Gabinet Weterynaryjny VENTUS;(77)4184974;;
GORDIUS Poland FCI;(22)6510823;;
GORDIUS Poland FCI;510243352;;
Lubelskie Centrum Małych Zwierząt;(81)7407575;;
Lubelskie Centrum Małych Zwierząt;(81)7404277;;
Praktyka Weterynaryjna MY PET Tomasz Nowak;(61)8701107;;
CHICHI DOG Pet Spa & Fashion Experts;660010748;;
Gabinet Pielęgnacji Psów;601671798;;
PetZone salon fryzjerski dla psów;507092267;;
SALON DYZIA Spa Dla Psa;797513973;;
SALON LAKI Strzyżenie i Pielęgnacja Zwierząt;799771711;;
Salon Pielęgnacji Psów Bella;501163920;;
Salon Pielęgnacji Psów, Psi Fryzjer PUPILEK Aneta Lara;534923116;;
Salon Psiej Urody Czyścioch;575370686;;
"ALMO" Psi Fryzjer;501649100;;
ABIS Salon Fryzjersko-Kosmetyczny dla Psów;504998943;;
AJAX Usługi Fryzjersko-Kosmetyczne dla Zwierząt;660955787;;
AMALTEA Salon Psich Fryzur Katarzyna Siekierko;509600602;;
AMICUS Studio Pielęgnacji Zwierząt i Sklep dla Zwierząt;797637272;;
AMIGO Salon Piękności dla Zwierząt;534303717;;
Animal Atelier Patrycja Matejka;531987600;;
ANIMALS Salon Pielęgnacji Psów i Kotów;725800691;;
Animals-Spa;791819161;;
ARTUS Salon Pielęgnacji Psów i Kotów;727661382;;
Atelier Psiej Elegancji APE;604470853;;
Aura Anima;(74)8333936;;
Aura Anima;510271855;;
AXA Salon Pielęgnacji Zwierząt;661922592;;
BACARRO.pl Sp. z o.o.;694694684;;
BALBINA Salon Strzyżenia dla Zwierząt;785386013;;
Bone Pet Club;wybierz(22)7567110;;
Bone Pet Club;507144044;;
BRYŚ Salon dla Psa;501372709;;
CANE BELLO;535474320;;
CANIS Salon Fryzjerski i Sklep z Artykułami dla Psów;(32)2097725;;
CANIS Salon Fryzjerski i Sklep z Artykułami dla Psów;609609860;;
CARINO Salon Strzyżenia i Pielęgnacji Psów i Kotów;790479124;;
Centrum Pielęgnacji Zwierząt, Przychodnia Weterynaryjna PIĘKNY PUPIL;501442483;;
Centrum Yorka MILIA i Przychodnia Weterynaryjna;(71)3742534;;
Centrum Yorka MILIA i Przychodnia Weterynaryjna;505730404;;
CHAU-MIAU Salon Fryzjerski dla Psów i Kotów;510800463;;
CLIFFI - Spa dla Psa i Kota;792916828;;
CZTERY ŁAPY Salon dla Psów i Kotów;606720242;;
CZYSTY ZWIERZ;690908990;;
CZYSTY ZWIERZ;690038990goleniekoni;;
DAISY Pielęgnacja Psów Dorota Wiśniewska;782342383;;
DIAMOND DOG;504131460;;
DOG&CAT Salon dla Psów i Kotów;722326272;;
DOGGIE STYLE;502460451;;
DOGGY DIAMOND Salon Pielęgnacji Psów i Kotów;(71)7298620;;
DOGGY DIAMOND Salon Pielęgnacji Psów i Kotów;505505249;;
Doggy House;513505455;;
Doggy Style Salon Pielęgnacji Zwierząt;605065007;;
Doggy-Doo Salon Strzyżenia i Pielęgnacji Psów Katarzyna Danielewicz;511304088;;
Doggy&Dog Salon Pielęgnacji Psów;660680087;;
DOGLAND FASHION Salon Strzyżenia Psów i Kotów;504066156;;
DOGLAND FASHION Salon Strzyżenia Psów i Kotów;790680244;;
dr Husky;691133880;;
Dream Doggy;608891427;;
EL PERRO;(32)7263399;;
Elegacnki Pies;504009268;;
EUROPIES Salon dla Psów i Kotów;(56)4621784;;
EUROPIES Salon dla Psów i Kotów;512310897;;
F.H.U. AZOR Psi Fryzjer Małgorzata Kubica;694138863;;
F.H.U. Salon Psiej Urody SZOGUN;602184129;;
FIBI & FRYZ Sylwia Radziemska;514296196;;
FIFI Salon Pielegnacji Psów;692002421;;
FIGARO Fryzjer dla Zwierząt;662265231;;
Firma Handlowo-Usługowa VIP Psi Fryzjer;693293226;;
FOX Salon Strzyżenia i Pielęgnacji Psów;(91)4887723;;
FOX Salon Strzyżenia i Pielęgnacji Psów;505274942;;
FRAPPE Studio Pielęgnacji Psów i Kotów;507726644;;
Fryzjer dla Psów i Kotów Pies Jak Się Patrzy;515490437;;
FRYZJERNIA CHARLIE Salon Pielęgnacji dla Zwierząt;531311818;;
Fryzjerstwo i Kosmetyka dla Zwierząt;796443257;;
GABEA;(14)6330000;;
GABEA;(14)6319118;;
Gabinet Fryzjersko-Kosmetyczny dla Psów;(61)8321544;;
Gabinet Fryzjersko-Kosmetyczny dla Psów;601839533;;
Gabinet Fryzjersko-Kosmetyczny dla Psów i Kotów Pets Studio Beata Matławska;(71)3421336;;
Gabinet Fryzjersko-Kosmetyczny dla Psów i Kotów Pets Studio Beata Matławska;601562550;;
Gabinet Fryzjersko-Kosmetyczny dla Zwierząt YORK;(17)8549990;;
Gabinet Fryzjersko-Kosmetyczny dla Zwierząt YORK;605352970;;
Gabinet Pielęgnacji Psów;602797399;;
GoldenStudio;661661816;;
GORGO;602122678;;
GROOMER Salon Psiej Urody;(32)2867040;;
GROOMER Salon Psiej Urody;696777111;;
GROOMER Szymon Karnaś;693637369;;
GROOMING Dorota Stradowska-van Eupen;885839380;;
Grooming-Salon Pielęgnacji Psów;786803031;;
Grooming-Studio;600155196;;
GROOMYDOG Salon Pielęgnacji Zwierząt;787061848;;
GROOMYDOG Salon Pielęgnacji Zwierząt;787061847;;
Heyvan Salon Pielęgnacji Psów;535193003;;
Hotel i Salon Pielęgnacyjny dla Zwierząt;669379242;;
House York Salon Piękności dla Psów Iwona Górnisiewicz;(12)3973633;;
House York Salon Piękności dla Psów Iwona Górnisiewicz;500216251;;
IL Iwona Lewandowska;(22)7734349;;
IL Iwona Lewandowska;603936946;;
IRIS Salon dla Psa i Kota;(91)4885834;;
IRIS Salon dla Psa i Kota;509903613;;
KETI Salon Pielęgnacji Zwierząt;504322655;;
KOSTKA Zakład Strzyżenia Psów i Kotów Łódź;504197757;;
KRYSPI Kursy Strzyżenia Psów i Kotów, Salon, Hodowla;(62)7853181;;
KRYSPI Kursy Strzyżenia Psów i Kotów, Salon, Hodowla;697452848;;
LAVENDER LOVE Agnieszka Dec;692466321;;
LAVIS Gabinet Psich Fryzur;(22)8243509;;
LAVIS Gabinet Psich Fryzur;606180873;;
Lilo PSI FRYZJER;531960141;;
LOMA Salon Pielęgnacji Psów;(41)3322879;;
LOMA Salon Pielęgnacji Psów;506089077;;
LORD Salon Psiej Urody;660617460;;
LUIS Usługi dla Zwierząt;503971674;;
LUNA Strzyżenie oraz Pielęgnacja Psów;791648788;;
LUX DUET Salonik Piękności PUPIL Ewa Czechowska;797985200;;
ŁAPKA Salon Strzyżenie Psów, Psi Fryzjer;733231001;;
Madlen Salon Piękności Psa i Kota;790239539;;
MEGI Salon Fryzjersko-Kosmetyczny dla Psów;880181771;;
mini&MAXI Dog;667694942;;
MON AMI Strzyżenie i Pielęgnacja Psów;605941543;;
MR SPROKET Strzyżenie i Pielęgnacja Psów;692632229;;
Na Cztery Łapy;516003269;;
Neli Studio Pielęgnacji Psów;(48)3654928;;
Neli Studio Pielęgnacji Psów;502364916;;
NEW YORK Salon Strzyżenia Psów;690011690;;
ODIE Studio Psich Fryzur Paulina Lipska;500155002;;
PARADA;608550584;;
PASJA Pet Grooming Service;504986689;;
Pasja Psi Fryzjer;797299888;;
Pet Styl Studio;606366907;;
PET-SPA;514684606;;
PETIT Salon Strzyżenia i Pielęgnacji Psów;500724656;;
PETWASH;(91)4345780;;
PETWASH;(91)4345786;;
Pielęgnacja i Strzyżenie Psów HANIA;792580327;;
Pielęgnacja i Strzyżenie Psów TOLA;690452772;;
Pompon Studio Strzyżenie i Pielęgnacja Psów;504008020;;
Pracownia Groomerska dla Psów Iluzja Monika Anitowska;696437366;;
PRIMA Profesjonalny Gabinet Strzyżenia i Kosmetyki Psów;(61)8423848;;
PRIMA Profesjonalny Gabinet Strzyżenia i Kosmetyki Psów;515498688;;
Profesjonalne Strzyżenie oraz Pielęgnacja Psów i Kotów Aleksandra i Dariusz Gwiżdż;602613205;;
Profesjonalne Strzyżenie Psów;697627869;;
Profesjonalne Strzyżenie Psów;(58)5583076;;
Profesjonalne Strzyżenie Psów;(12)6440912;;
Profesjonalne Strzyżenie Psów;606362964;;
Profesjonalne Strzyżenie Psów Anita Holak;(71)3370321;;
Profesjonalne Strzyżenie Psów Anita Holak;601780167;;
Profesjonalny Salon Pielęgnacji Psów HAPPY DAY;699124602;;
Profesjonalny Salon Strzyżenia i Pielęgnacji Psów BLACK & WHITE;516763477;;
Profesjonalny Salon Strzyżenia Psów Le Chien oraz Domowy Hotel dla Zwierząt;506102891;;
PSA UROK Salonik Fryzjerski dla Psów;501351112;;
PSI CZAR Salon Pielęgnacji Psów;(22)8102707;;
PSI CZAR Salon Pielęgnacji Psów;691483222;;
PSI FASON Salon Pielęgnacji Psów;500221628;;
Psi Fryzjer;603699644;;
Psi Fryzjer FIUMI;697684522;;
PSI FRYZJER Fryzjer dla Psów;(61)2835235;;
Psi Fryzjer GROOMER;514190851;;
Psi Fryzjer GROOMER;(61)2230080;;
Psi Fryzjer GROOMER;512045935;;
Psi Fryzjer KAPRYS;691705295;;
Psi Fryzjer Na Górce;519541305;;
Psi Fryzjer Przy Teatrze;509916180;;
Psi Fryzjer PUPIL;606624562;;
Psi Fryzjer Snow Star;785259221;;
Psi Fryzjer TOP DOG;(32)2026369;;
PSI LOOK;660682922;;
PSI SALON;668803353;;
PSI SALON;(42)6786264;;
PSI SALON;608660705;;
PSI SALON;696048517;;
Psi Salon DAFI;796468718;;
PSI SALON Dagmara Cześnicka;(33)8423854;;
PSI SALON Dagmara Cześnicka;602736652;;
Psi Salon Futrzak;(42)6465457;;
Psi Salon Futrzak;660457869;;
Psi Salon Melania;691631051;;
Psi Salon MILORD;731811316;;
PSI SALON Natalia Sękowska;508653355;;
Psi Salon NEW YORK;604919081;;
Psi Salon NEW YORK;608100762;;
Psi Salon PETLANDIA;794252818;;
Psi Salon SABA;(77)4635705;;
Psi Salon SABA;602401952;;
Psi Salonik Agnieszka Szczepanek;609228880;;
Psi Salonik NIKI;783669762;;
PSI Salonik Piękności;508132952;;
Psi Salonik YORKA;725406075;;
Psi Styl;(42)6450409;;
Psi Styl;512282101;;
PSI SZYK;(22)6428313;;
Psi Szyk;502344662;;
PSI UROK-Profesjonalna Pielęgnacja Psów-Jolanta Rudnicka;602664318;;
PSIA ELEGANCJA;506307440;;
Psia Piękność Psi Fryzjer;606887697;;
Psia Piękność Psi Fryzjer;600243781;;
PSIE ATELIER Weronika Kramm;512177638;;
Psie Futerko;606202378;;
PSIE PIĘKNO Salon Psiej Urody;510583588;;
PSIE STUDIO;605075877;;
Psie Studio BLUE DOG;512138099;;
PSOTKA Salonik dla Psa i Kotka;694342759;;
PUDELEK Salon Groomingu;502657728;;
PUPIL - psi fryzjer;600319584;;
PUPILEK Salon Fryzjersko-Pielęgnacyjny dla Zwierząt;505659634;;
PUPILEK Salon Pielęgnacji Psów;532405222;;
RED DOG;(22)3714838;;
RED DOG;509078745;;
REKSIO pielęgnacja psów, psi fryzjer, sklep zoologiczny;730063088;;
RITA Salon Groomingu Izabela Dzitko;(58)7415458;;
RITA Salon Groomingu Izabela Dzitko;608554386;;
ROCCO fryzjer dla psów i kotów;798727688;;
Salon 4 ŁAPY;880008222;;
Salon 4 Łapy;(32)2855840;;
Salon 4 Łapy;608046457;;
SALON Art of Animal Care;508861088;;
SALON BALUM strzyżenie, trymowanie, pielęgnacja psów i kotów;501767630;;
Salon Bella;730310216;;
Salon Black Velvet;604164879;;
Salon Champion Pielęgnacja Psa i Kota;663263942;;
Salon CHIATENA Aleksandra Strzelczyk;668119559;;
Salon Cziko Sylwia Piotrowska Strzyżenie i Pielęgnacja Psów;795166223;;
Salon DEXTER;519109830;;
Salon dla Psów;515075080;;
Salon dla Psów COCO;728940150;;
Salon dla Psów FRYZOWNIA;784076473;;
Salon dla Psów KUDŁATY ŚWIAT;502147111;;
Salon dla Psów LilaArt;606488006;;
Salon dla Psów NUKA;512168488;;
Salon Dla Psów PSIA OAZA;662206740;;
Salon dla Zwierząt PIESKI STYL;694721173;;
Salon Fryzjerski dla Psów;501420112;;
Salon Fryzjerski dla Psów i Kotów PERŁA;733700324;;
Salon Fryzjerski dla Psów PSIAKOWO;503072904;;
Salon Fryzjerski Dla Psów YORKIE SALOON;(52)3731812;;
Salon Fryzjersko-Kosmetyczny dla Psa i Kota LUCKY-PSISTYL;(68)3561629;;
Salon Fryzjersko-Kosmetyczny dla Psa i Kota LUCKY-PSISTYL;517532398;;
Salon Fryzjersko-Kosmetyczny dla Psów ARTIKA;607682003;;
Salon Fryzjersko-Kosmetyczny dla Psów PSIA UCIECHA;503094200;;
Salon Fryzjersko-Kosmetyczny dla Zwierząt BAZYL;889816502;;
Salon Fryzjersko-Pielęgnacyjny dla Zwierząt PSI ELEGANT;(42)2271555;;
Salon Fryzjersko-Pielęgnacyjny dla Zwierząt PSI ELEGANT;604095918;;
Salon Groomerski Sirius;536859990;;
Salon Groomingu Justyna Forencewicz-Groblewska;(87)5162683;;
Salon Groomingu Justyna Forencewicz-Groblewska;509806695;;
Salon i Sklep Piękny ZWIERZ;(12)6330942;;
Salon i Sklep Piękny ZWIERZ;691850988;;
Salon KOŁTUNEK;(22)7842883;;
Salon KOŁTUNEK;604081585;;
Salon Kosmetyczny Dla Psów;(61)8251900;;
Salon Kosmetyczny Dla Psów;501454508;;
Salon Kosmetyczny dla Zwierząt PANKRACY;608213299;;
Salon LALUŚ;502238699;;
Salon Pielęgnacji dla Małych i Średnich Psów KLIWIA;607243114;;
Salon Pielęgnacji dla Psów REKSIO;502730397;;
Salon Pielęgnacji dla Zwierząt i Sklep Zoologiczny Zoo Mercedes;733100008;;
Salon Pielęgnacji dla Zwierząt PSI SZYK;(91)4870606;;
Salon Pielęgnacji dla Zwierząt PSI SZYK;609643028;;
Salon Pielęgnacji i Strzyżenia Psów Psi Styl-Nowy;(68)3248112;;
Salon Pielęgnacji i Strzyżenia Psów Psi Styl-Nowy;697609090;;
Salon Pielęgnacji Psów;885755388;;
Salon Pielęgnacji Psów ABI;508279511;;
Salon Pielęgnacji Psów ABIK;600011726;;
Salon Pielęgnacji Psów Akademia Groomingu;603461581;;
Salon Pielęgnacji Psów ANIMALIS;790419349;;
Salon Pielęgnacji Psów AS;604828277;;
Salon Pielęgnacji Psów BERTA;502320301;;
Salon Pielęgnacji Psów BETA;602101236;;
Salon Pielęgnacji Psów BIAŁY KIEŁ;796470256;;
Salon Pielęgnacji Psów Black&White;781525436;;
Salon Pielęgnacji Psów CHAMPION;793959382;;
Salon Pielęgnacji Psów CHAMPION;691229811;;
Salon Pielęgnacji Psów CZARUŚ;796615021;;
Salon Pielęgnacji Psów DIANA;793952036;;
Salon Pielęgnacji Psów DINO Ewa Mikulska;880481084;;
Salon Pielęgnacji Psów DINO Ewa Mikulska;513005997;;
Salon Pielęgnacji Psów DOG MODEL;691645929;;
Salon Pielęgnacji Psów Doggy Style;795870881;;
Salon Pielęgnacji Psów DogSalon.pl;604980845;;
Salon Pielęgnacji Psów GOLDEN;605046877;;
Salon Pielęgnacji Psów i Kotów Joanna Batko;601337874;;
Salon Pielęgnacji Psów i Kotów JULIEN;695530140;;
Salon Pielęgnacji Psów i Kotów ŁAPKI;604567273;;
Salon Pielęgnacji Psów ŁAPA;500219480;;
Salon Pielęgnacji Psów ŁAPKA;608451153;;
Salon Pielęgnacji Psów ŁAPKA;501328584;;
Salon Pielęgnacji Psów ŁAPKA;729156156;;
Salon Pielęgnacji Psów M.Królak;(42)6110397;;
Salon Pielęgnacji Psów M.Królak;885616051;;
Salon Pielęgnacji Psów NA PSA UROK;502610684;;
Salon Pielęgnacji Psów NEW YORK & Sklep Zoologiczny;795623666;;
Salon Pielęgnacji Psów PIĘKNY PIES;502387008;;
Salon Pielęgnacji Psów PIĘKNY PIES;502028228;;
Salon Pielęgnacji Psów PIĘKNY PIES;604264543;;
Salon Pielęgnacji Psów PSIA FRYZURA;505556955;;
Salon Pielęgnacji Psów PSIE METAMORFOZY;693504344;;
Salon Pielęgnacji Psów REKSIO;603782373;;
Salon Pielęgnacji Psów SARA;607062832;;
Salon Pielęgnacji Psów SNOOPY;601091096;;
Salon Pielęgnacji Psów SUZI;(12)2511064;;
Salon Pielęgnacji Psów SUZI;600717852;;
Salon Pielęgnacji Psów TYTUS;(43)8227768;;
Salon Pielęgnacji Psów TYTUS;512303002;;
Salon Pielęgnacji Psów U PIKUSIA;(41)3687627;;
Salon Pielęgnacji Psów U PIKUSIA;509387097;;
Salon Pielęgnacji Psów WESTIE;(32)4358800;;
Salon Pielęgnacji Psów WESTIE;501133440;;
Salon Pielęgnacji Psów ZADBANY PIES;510334032;;
Salon Pielęgnacji Zwierząt;604813051;;
Salon Pielęgnacji Zwierząt;(18)4442608;;
Salon Pielęgnacji Zwierząt;663252525;;
Salon Pielęgnacji Zwierząt Degażownia;606850323;;
Salon Pielęgnacji Zwierząt DOG ISLAND;662567942;;
Salon Pielęgnacji Zwierząt i Sklep Zoologiczny ZAMARRA ZOO;531274560;;
Salon Pielęgnacji Zwierząt MODNY PUPIL;886493423;;
Salon Pielęgnacji Zwierząt PARIS;793408244;;
Salon Pielęgnacji Zwierząt PIĘKNY PIESEK;509107659;;
Salon Pielęgnacji Zwierząt PSI UROK;503854276;;
Salon Pielęgnacji Zwierząt PsieTRENDY;792370690;;
Salon Pielęgnacji Zwierząt PUSIA;515963011;;
Salon Pielęgnacji Zwierząt WIBRYSEK;602856060;;
Salon Pielęgnacyjny dla Zwierząt BAXA;606690174;;
Salon Pielęgnacyjny dla Zwierząt SPOON DOG;692394385;;
Salon Piękności dla Psów FIGARO;(61)2230595;;
Salon Piękności dla Psów FIGARO;505838749;;
Salon Piękności dla Psów i Kotów BAZYLI;791722172;;
Salon Piękności dla Psów i Kotów FIDO;(61)8289199;;
Salon Piękności dla Psów i Kotów FIDO;603626685;;
Salon Piękności dla Psów i Kotów GABI Magdalena Szeląg;504014472;;
Salon Piękności dla Psów MONDO CANE;662290911;;
Salon Piękności Psów Agata Żurek;(12)2786328;;
Salon Piękności Psów Agata Żurek;691732268;;
Salon Piękności Psów CZTERY ŁAPY;502533325;;
Salon Piękności Psów FAFIK;607913735;;
Salon Piękności Psów FAFIK;663492626;;
Salon Piękności Psów PUPIL;603602612;;
Salon Pięlęgnacji Psów BAJKA;502275351;;
Salon PSI FRYZJER;796724302;;
Salon PSI RAJ Pielęgnacja Zwierząt i Sklep Zoologiczny;602662559;;
Salon PSI STYL;505253306;;
Salon Psi-Fryz.pl;501242129;;
Salon Psiej Odnowy FRANEX;785327705;;
Salon Psiej Urody;698091297;;
Salon Psiej Urody Bukowy Dworek;602664084;;
Salon Psiej Urody Bukowy Dworek;606302606;;
Salon Psiej Urody CAVI;884606478;;
Salon Psiej Urody Cezar & Szkoła Groomingu;668030066;;
Salon Psiej Urody Cezar & Szkoła Groomingu;608689652;;
Salon Psiej Urody GOLDEN YORK;515135258;;
Salon Psiej Urody PUPIL;(42)6638455;;
Salon Psiej Urody PUPIL;513053354;;
Salon Psiej Urody PUPILEK;790881404;;
Salon Psiej Urody ROXI;600140622;;
Salon Psiej Urody SINDI;692428945;;
Salon SARA;608352851;;
SALON SPA dla KOTA i PSA;(22)2513378;;
SALON SPA dla KOTA i PSA;512269398;;
Salon Spa dla Kota i Psa NOWYORK;502732532;;
Salon Strzyżenia i Pielęgnacji PSI STYL;(77)4838958;;
Salon Strzyżenia i Pielęgnacji PSI STYL;696762650;;
Salon Strzyżenia i Pielęgnacji Psów;792439661;;
Salon Strzyżenia i Pielęgnacji Psów Freezstyle Dog;782343018;;
Salon Strzyżenia i Pielęgnacji Psów Freezstyle Dog;605785178;;
Salon Strzyżenia i Pielęgnacji Psów MASTER;518681421;;
Salon Strzyżenia i Pielęgnacji Psów MASTER;(58)6231343;;
Salon Strzyżenia i Pielęgnacji Psów MR.FOX;502220171;;
Salon Strzyżenia i Pielęgnacji Psów MR.FUX;(62)7365534;;
Salon Strzyżenia i Pielęgnacji Psów MR.FUX;508114865;;
Salon Strzyżenia i Pielęgnacji Zwierząt;(34)3223681;;
Salon Strzyżenia i Pielęgnacji Zwierząt;503987926;;
Salon Strzyżenia i Pielęgnacji Zwierząt PSI STYLISTA;665701968;;
Salon Strzyżenia i Pielęgnacji Zwierząt SARA Ewa Wiśniewska;693460352;;
Salon Strzyżenia i Pielęgnacji Zwierząt SARA Ewa Wiśniewska;693460341;;
Salon Strzyżenia Psów;(22)7503535;;
Salon Strzyżenia Psów;608252701;;
Salon Strzyżenia Psów Dog Lover;509235436;;
Salon Strzyżenia Psów HAPPY DOG;669040860;;
Salon Strzyżenia Psów HUGO;506569430;;
Salon Strzyżenia Psów MESUA;660464627;;
Salon Strzyżenia Psów NOWY YORK;530975149;;
Salon Strzyżenia Psów PSIA ELEGANCJA;509989367;;
Salon Strzyżenia Psów TRZY PIESKI;(22)6108008;;
Salon Strzyżenia Psów TRZY PIESKI;501625044;;
Salon Strzyżenia Psów TWÓJ PĘKNY PIES;(34)3627131;;
Salon Strzyżenia Psów TWÓJ PĘKNY PIES;793396326;;
Salon Sunia;511034508;;
Salon URODA POD PSEM;(22)8774469;;
Salon URODA POD PSEM;602294043;;
Salon Urody i Mody PSIAK;663773455;;
Salon Urody MODNY PIES;(22)8320239;;
Salon Urody MODNY PIES;600265477;;
Salon Urody PIES I KOT;669455257;;
Salon Urody PSI HILLTON;609980161;;
Salon Urody PSI HILLTON;501223534;;
Salon Westi;503019668;;
SALONIK DLA PUPILA;502364907;;
SALONIK DLA PUPILA;502148915;;
Salonik Fryzjerski dla Psów REX;503665696;;
Salonik Fryzjersko-Kosmetyczny dla Zwierząt AZOREK;509675003;;
Salonik Fryzjersko-Kosmetyczny dla Zwierząt AZOREK;(32)2260126;;
Salonik Pielęgnacji Zwierząt FREZOWNIA;694328053;;
Salonik Pielęgnacji Zwierząt KAPRYS;692381812;;
Salonik PIESzczotka;728475605;;
Salonik Strzyżenia i Pielęgnacji Zwierząt NINA;600077109;;
SELENA spa dla kota i psa;(58)6203812;;
SELENA spa dla kota i psa;505038928;;
SETEREK Salon Fryzjerski, Dentysta oraz Hotel;880923627;;
SHOW DOG Pielęgnacja Psów;509691181;;
Sierściuch - strzyżenie i pielęgnacja psów;609515837;;
SiSi salon fryzjerski dla psów i kotów;(61)8238235;;
SiSi salon fryzjerski dla psów i kotów;509460079;;
SPA Dla Kota i Psa;662096527;;
SPA Dla Kota i Psa;604599226;;
SPA DLA PSA;723555216;;
Spa dla Psa - Salon Pielęgnacji Psów i Kotów;600352463;;
SPA dla Psa 4 ŁAPY.COM.PL;530085196;;
Spa dla Psa i Kota DEMON;533533200;;
Spa dla Psa i Kota DEMON;795646916;;
SPAnimals Profesjonalny Salon Pielęgnacji Zwierząt;795914160;;
Strzyżenie i Pielęgnacja Psów;509921430;;
Strzyżenie i Pielęgnacja Psów;798062847;;
Strzyżenie i Pielęgnacja Psów RUDZIELEC;506939046;;
Strzyżenie i Pielęgnacja Psów Salon SHILAN;503173040;;
Strzyżenie i Pielęgnacja Psów YORK;668409873;;
STRZYŻENIE PSÓW;603904437;;
Strzyżenie Psów;515960900;;
Strzyżenie Psów BELLA;880024430;;
Strzyżenie Psów i Kotów FASHION DOG;506115819;;
Strzyżenie Psów i Kotów Trendy Dog;(22)7289693;;
Strzyżenie Psów i Kotów Trendy Dog;693617547;;
Strzyżenie Psów Iwona Kocieniewska;601233769;;
Strzyżenie Psów Iwona Kocieniewska;697096473;;
Strzyżenie Psów Salon Pikuś;519130062;;
STRZYŻENIE PSÓW w Piasecznie;662869733;;
Strzyżenie Psów, Fryzjer dla Psów - Wałbrzych;602377047;;
Strzyżenie,Pielęgnacja Psów i Kotów Joanna Misiewicz;500055222;;
Studio DAGLAS;501161177;;
Studio Pielęgnacji Psów MAXi;731954508;;
Studio Pielęgnacji Zwierząt ALFIE;664301679;;
Studio Pięknego Psa;(12)6560222;;
Studio Pięknego Psa;793797950;;
STUDIO PSIAKA Aleksandra Pomorska;794043043;;
Studio Psiej Urody;668537012;;
Studio Psiej Urody PUPIL;516062626;;
Studio Psiej Urody SWEET DOG;516404204;;
Studio Strzyżenia Psów Champion;731992202;;
STYLOWA ŁAPA Salon Strzyżenia Psów;789291952;;
TAJGA Ewa Bielska;721430500;;
TISZA Salon dla Psów;502172506;;
TOP DOG Salon Pielęgnacji Psów;(52)3975944;;
TOP DOG Salon Pielęgnacji Psów;600453788;;
TOP DOG Salon Pielęgnacji Zwierząt;883212337;;
TRYMEREK.pl;(74)6472719;;
Twój Zwierzak.pl;501408195;;
U TONIEGO Salon dla Psa i Kota;691140125;;
W.P.H.U. GROT;(58)6214571;;
W.P.H.U. GROT;(58)6214628;;
WENA Salon Pielęgnacji Zwierząt;507828313;;
WetMedyk Strzyżenie i Pielęgnacja Psów i Kotów;664430387;;
WHITE-BLACK Salon Pielęgnacji Psów;609779995;;
WHITE-BLACK Salon Pielęgnacji Psów;(85)6632920;;
WORLD DOG Strzyżenie Psów;508370899;;
WYKĄP PIESKA;(43)8224957;;
WYKĄP PIESKA;660400141;;
WYSPA PSA;792851857;;
YORK STUDIO Salon Pielęgnacji Psów;(12)4210728;;
YORK STUDIO Salon Pielęgnacji Psów;514169801;;
Zwierzo-Wizaż Piotr Szarecki;696354270;;
AMAZE Sp. z o.o. York Centrum;(22)6221221;;
AmazoniaZoo.pl;(91)4871911;;
Całodobowa Lecznica Weterynaryjna PUPIL;(41)3663150;;
Całodobowa Lecznica Weterynaryjna PUPIL;(41)3422104;;
Całodobowy Hotel Dla Psów PSI RAJ i Salon Pielęgnacji Psiej Urody;793670733;;
Centrum Hotelowo-Szkoleniowe ZWIERZAK;601721101;;
Centrum Hotelowo-Szkoleniowe ZWIERZAK;505818077;;
Centrum Psiej Urody i Mody PSI STYL;(22)7269446;;
Centrum Psiej Urody i Mody PSI STYL;502379554;;
CZTERY ŁAPY;793308002;;
DOG-MAT Okorowski Sp.j.;(58)3432483;;
DOG-MAT Okorowski Sp.j.;(58)5520465;;
Gabinet Weterynaryjny AMICUS lek.wet. Michał Nowaczyk;600179847;;
GECKO;601513272;;
Gorancis Kennel Hotel - Całoroczny Hotel dla Psów;721161178;;
Hodowla ŻYWE SREBRO;(94)3525674;;
Hodowla ŻYWE SREBRO;509290815;;
HOT DOG sklep oraz salon pielęgnacyjny dla psów;502616766;;
Hotel dla Psów LUNA;603397273;;
Hotel dla Psów LUNA;661969039;;
Hotel i SPA dla Psów PSI RAJ;606343055;;
Hotel i SPA dla Psów PSI RAJ;660986801;;
HotelSPA Gordon;509306354;;
KUŹNIA DUSZ;(87)6104941;;
LULU Hotel i Salon Pielęgnacji Psów;602214731;;
ŁATKA Sklep Zoologiczny i Salon Pielęgnacji Dla Czworonogów;664832870;;
PASZKOWSCY Hotel Dla Zwierząt;(71)3166617;;
PASZKOWSCY Hotel Dla Zwierząt;(71)3166378;;
PERROS Sklep Zoologiczny i Salon Pielęgnacji Psów;(12)3574343;;
PetPlanet Sklep Zoologiczno-Akwarystyczny oraz Salon Pielęgnacji i Strzyżenia Psów;(22)8678753;;
Plac Zabaw i Hotel dla Psów PSI RAJ;660109955;;
Przychodnia Weterynaryjna i Gabinet Strzyżenia i Pielęgnacji Psów Hubert Abramowski;(22)4233500;;
Przychodnia Weterynaryjna LABEK S.c.;695929263;;
Przychodnia Weterynaryjna LABEK S.c.;691784117;;
PSY PRZYSZŁOŚCI;502215253;;
PSY PRZYSZŁOŚCI;508155309;;
Punkt Zoologiczny RUDZIK;886447836;;
Punkt Zoologiczny RUDZIK;512765316;;
Pupilexpert.pl;795777801;;
Salon YORCZEK;502305504;;
SENAYO Hodowla Maltańczyków & Salon dla Zwierząt ROXY;721850859;;
Siedem Życzeń Paulina Szczeszek;608442124;;
Sklep Zoologiczny & Salon TOFFIK;667667402;;
Sklep Zoologiczny AS;505408335;;
Sklep Zoologiczny AS;533482565;;
Sklep Zoologiczny DELFINEK;668453164;;
Sklep Zoologiczny DELFINEK;668026385;;
Sklep Zoologiczny i Salon Piękności ARA;510192734;;
Sklep Zoologiczny-Grooming DRACO;781667266;;
TARIK Hotel, Szkolenie, Pielęgnacja Psów i Kotów;605224181;;
U REKSIA;608688332;;
