ArtStudio;(75)7351141;;
F.P.H.U. PROF-BUD;(16)6521812;;
Puls;607183592;;
Puls;693143112;;
Askim SYSTEM;507108123;;
DECOSTYR Sp. z o.o. Producent Sztukaterii;530787878;;
DECOSTYR Sp. z o.o. Producent Sztukaterii;530717171;;
FORMAT Sztukaterie Gipsowe;(12)2754049;;
FORMAT Sztukaterie Gipsowe;(12)2563590;;
GIPS-DEK Sztukatorstwo;(33)8189395;;
GIPS-DEK Sztukatorstwo;601497270;;
PPHU Bogacki Maciej Styro-Zulawy.pl;504682194;;
PPHU STYRO Jacek Przetakiewicz;510050069;;
PPHU Tenax;(42)6570124;;
PPHU Tenax;606395081;;
Pracownia Sztukatorska DEKOR SZTUK;(58)6719291;;
Pracownia Sztukatorska DEKOR SZTUK;502159287;;
Salon Sztukaterii ATENA;606381230;;
Salon Sztukaterii ATENA;602725681;;
Usługi Sztukatorskie Wojciech Zakrzewski;501941246;;
WMB S.c.;600850367;;
WMB S.c.;(32)4154593;;
ART-CUB eu Firma Handlowo Usługowa Piotr Lewandowski;(14)6858778;;
ART-CUB eu Firma Handlowo Usługowa Piotr Lewandowski;535957188;;
Dekor Studio;(12)2668310;;
Dekor Studio;602675097MartaHojna;;
DEKORUM Tomasz Strobel;(22)6195664;;
DEKORUM Tomasz Strobel;601265664;;
DOLINA NIDY;(41)3578125-29;;
DOLINA NIDY;(41)3578124;;
PARDOM S.c.;(12)2692700;;
PARDOM S.c.;(12)2669976;;
STYL Studio Wnętrz;(61)8209213;;
STYL Studio Wnętrz;796386386;;
P.P.H.U. VIOLMAR;606364669;;
P.P.H.U. VIOLMAR;787121112;;
ACM Sp. z o.o.;(42)6500135;;
ACM Sp. z o.o.;(42)6500119;;
Art-DETA Tomasz Brożek;(32)6236489;;
Art-DETA Tomasz Brożek;604484079;;
DDD Dobre Dla Domu - Podłogi, Ściany, Drzwi w Bochni;(14)6925612;;
DDD Dobre Dla Domu - Podłogi, Ściany, Drzwi w Brzesku;(14)6858969;;
DRG Damian Gul Parapety, Okna, Drzwi;(42)6763056;;
KAMEX Mirosław Żebrowski;509283539;;
KAMEX Mirosław Żebrowski;(33)8152335;;
KLONPAK Decoration Style;(22)7557418;;
KLONPAK Decoration Style;(22)7243382;;
MIR-SZTUK Zakład Wykańczania Wnętrz;(52)3437428;;
MIR-SZTUK Zakład Wykańczania Wnętrz;600402429;;
P.P.H.U Stiucodecor Mariusz Hutny;668482121;;
Pracownia Artystyczna Bracia Dąbrowscy;(15)8619424;;
Pracownia Artystyczna Bracia Dąbrowscy;695767137;;
TRALBET Zakład Betoniarski Wiesław Śniegowski;(17)2217973;;
TRALBET Zakład Betoniarski Wiesław Śniegowski;602376028;;
Tynki Dekoracyjne i Wykańczanie Wnętrz Rafał Suliga;693634533;;
Vidoq Sebastian Rabiej - Nowoczesne Dekoracje Okienne;664175777;;
Vidoq Sebastian Rabiej - Nowoczesne Dekoracje Okienne;(41)3222515;;
Zakład Ceramiki BIRKO Ryszard Brzoskowski;(58)6867683;;
Zakład Ceramiki BIRKO Ryszard Brzoskowski;601847142;;
Zakład Ogólnobudowlany GOSBUD;(59)8452344;;
Zakład Ogólnobudowlany GOSBUD;602616592;;
4TECHMIX;787100444;;
A-Z Elementy Dekoracyjne;784576230;;
ABAKUS TEAM;696442558;;
ABAKUS TEAM;501465553;;
ABC Tapety Sztukateria;(22)3532571;;
ABC Tapety Sztukateria;(22)3539199;;
ADAMS;(87)4289983;;
ADAMS;(87)4287559;;
AGROKONCEPT Sp.j.;(61)8115416;;
AGROKONCEPT Sp.j.;(61)8115842;;
Alkris;(12)2806916;;
Alkris;501182805;;
ALPINBUD;(67)3482891;;
ALPINBUD;(67)3482761;;
AND-BUD;(14)6866595;;
AND-BUD;608695887;;
Angus Young Piotr Hoppe;501383837;;
Angus Young Piotr Hoppe;793794972;;
APDECOR produkcja sztukaterii elewacyjnej i wewnętrznej;500700749;;
APDECOR produkcja sztukaterii elewacyjnej i wewnętrznej;503383345;;
AQUA INSIDO Tomasz Halbina;609421952;;
AQUA INSIDO Tomasz Halbina;603580601;;
ART-Gips;(81)8543559;;
ART-Gips;602803210;;
ART-HOUSE;693260289;;
ART-HOUSE;(58)5578584;;
Artbud;602192287;;
Artbud;503946411;;
ArtDev;663151700;;
Artykuły Polam - Sklep Internetowy artpo.eu;(68)4111353;;
Artykuły Polam - Sklep Internetowy artpo.eu;(68)3870209;;
BASoft Media;600812666;;
BASoft Media;(43)6775072;;
Bausystem S.c.;(71)3571652;;
Bausystem S.c.;885731032;;
BELLA SZTUKATERIA SYSTEM Tadeusz Dziemian;(58)6632887;;
BELLA SZTUKATERIA SYSTEM Tadeusz Dziemian;604537816;;
BUD M.A.T Agnieszka Jasińska;(58)6827952;;
BUD M.A.T Agnieszka Jasińska;601671296;;
CASCADE DECOR;604967776;;
CASCADE DECOR;784995187;;
CedoM;(74)8365868;;
CedoM;697995868;;
CUBE ART BRACIA ŻABOKLICCY SPÓŁKA JAWNA;501208559;;
CUBE ART BRACIA ŻABOKLICCY SPÓŁKA JAWNA;(62)5022701;;
DD3 Sp. z o.o.;507222727;;
DECO-ARTE;664725068;;
Decor Line Sklep Internetowy;512489513;;
DECOR STUDIO;793062206;;
Decor System S.c.;(95)7223057;;
Decor System S.c.;691518252;;
Decor System S.c. Grzegorz Okraska, Piotr Kruk;(95)7223057;;
Decor System S.c. Grzegorz Okraska, Piotr Kruk;691518252;;
DEKOR-STYL Andrzej Fidrysiak;691223456;;
DEKORIA Dariusz Krasowski;(85)7418625;;
DEKORIA Dariusz Krasowski;509512659;;
Dekostyr;669305454;;
DomArte Sztukateria Grzegorz Marszałkowicz;601627806;;
DomLux Piotr Piątek;609922221;;
DomLux Piotr Piątek;609923800;;
Elementy Architektoniczne Sebastian Parzych;506110847;;
Elizjum pracownia sztukatorska i dekoracji wnętrz;660458174;;
ENPS Sztukateria;601422177;;
ENPS Sztukateria;697280067;;
Euro-Profil Rafał Szypulski;606992190;;
Euro-Profil Rafał Szypulski;727222585;;
F.H.U. Dekorem;(12)2907003;;
F.H.U. Dekorem;504119043;;
F.M.DECOR Gubala Jacek, Boryczka Jarosław;506592517;;
F.M.DECOR Gubala Jacek, Boryczka Jarosław;506906529;;
F.P.H.U. ART PRINT;(34)3179374;;
F.P.H.U. ART PRINT;604061289;;
FABRYKA 3D Produkcja Elementów Architektonicznych;662036924;;
FHU DEKOR Jerzy Krzywicki;601170656;;
FHU Red Point;790567124;;
Fine Art Polska;793062092;;
Fine Art Polska;536943657;;
Firma ARSFRESCO;(18)5214992;;
Firma ARSFRESCO;728245554;;
Firma Produkcyjno Usługowa PROFILE STYROPIANOWE Jacek Kurdziel;501669846;;
Firma Rzeźbiarsko-Sztukatorska SIMA;(77)4579273;;
Firma Rzeźbiarsko-Sztukatorska SIMA;694458108;;
Folmax;501700862;;
Folmax;(22)7277626;;
GIPEX Dekoracje Wnętrz;(61)6658609;;
GIPEX Dekoracje Wnętrz;605104150;;
Gipsbet;512315485;;
Gipsbet;502296910;;
Kargips Sp. z o.o.;(58)3412380;;
Kargips Sp. z o.o.;(58)3440212;;
Kolumny Architektoniczne i Betonowe;(33)8160915;;
Kolumny Architektoniczne i Betonowe;609890888;;
KOM-VISION;519627778;;
KORYNTART Pracownia Sztukatorska;603274489;;
KOWAL Producent Sztukaterii Elewacyjnej;600367317;;
KOWAL Produkcja Wyrobów Architektonicznych Janusz Kinczkowski;600367317;;
KOWAL Produkcja Wyrobów Architektonicznych Janusz Kinczkowski;(84)6643782;;
KRAFA Gzymsy Elewacyjne;(32)2105671;;
KRAFA Gzymsy Elewacyjne;693467200;;
LEAR;(83)3432506;;
Lesprit.pl;601894894;;
Luxdecor Miłosz Wymazała;791967078;;
M-MARKET DECORATION;(42)6367144;;
M-MARKET DECORATION;(42)6371404;;
MARBET Sp. z o.o.;(33)8127100;;
MARBET Sp. z o.o.;(33)8127103;;
MATPOL Artur Sewerynek;(44)6817539;;
MATPOL Artur Sewerynek;502025816;;
MORLOCK;609304033;;
Nord-Gips Sp. z o.o.;(59)8215077;;
Nord-Gips Sp. z o.o.;(59)8215078;;
Novum;605894990;;
ORNATUM elewacyjne elementy dekoracyjne;505238041;;
ORNATUM elewacyjne elementy dekoracyjne;508111838;;
OWA-DEKOR Sp. z o.o.;(71)3546123;;
OWA-DEKOR Sp. z o.o.;(71)3552945;;
P.H.U. ASTRUM-DECOR;739050591;;
P.H.U. DEKOR-TECHNIK;507780046;;
P.H.U.P. K&Z S.c.;(12)2852360;;
P.H.U.P. K&Z S.c.;507180264;;
P.P.H.-U. SZTUKATOR Elewacje Ozdobne;723895161;;
P.P.U.H. NOWA Elżbieta i Tadeusz Olszewscy;(22)6143400;;
P.P.U.H. NOWA Elżbieta i Tadeusz Olszewscy;502295967;;
P.W. Figbest;(68)3884141;;
P.W. Figbest;606902538;;
PERFECTSTYR;663036206;;
PORTAL;(22)7138840;;
PORTAL;508358682;;
PORTAL Pracownia Sztukatorska, Renowacja Obiektów Zabytkowych;604757606;;
PPHU DELTA;(87)6430097;;
PPHU DELTA;(87)6436869;;
PPUH Damian Ćwięczek;693374426;;
PPUH Damian Ćwięczek;663877666;;
Pracownia Artystyczna Jacek Hoyer;880357531;;
Pracownia Artystyczna Jacek Hoyer;889201330;;
Pracownia Artystyczna Kinga Mierzwińska-Furru;(12)2622677;;
Pracownia Artystyczna Kinga Mierzwińska-Furru;694216457;;
Pracownia Autorska Rzeźby i Sztukaterii;(22)7861121;;
Pracownia Autorska Rzeźby i Sztukaterii;501208546;;
Pracownia Sztukaterii ARIS;(33)8107840;;
Pracownia Sztukaterii ARIS;601525403;;
PRACOWNIA SZTUKATORSKA Adam Rzadkowski;(71)3543941;;
PRACOWNIA SZTUKATORSKA Adam Rzadkowski;503165772;;
Pracownia Sztukatorska ART-MAG Z.Magierski;604978247;;
Pracownia Sztukatorska KANON-ART Piotr Szymkowiak;(61)6115041;;
Pracownia Sztukatorska KANON-ART Piotr Szymkowiak;609808017;;
Pracownia Sztukatorska Krzysztof Bażan;(32)4760743;;
Pracownia Sztukatorska Krzysztof Bażan;692933244;;
Pracownia Sztukatorska RENOVA;(42)2966960;;
Pracownia Sztukatorska RENOVA;503600148;;
Pracownia Sztukatorska Robert Briks;(71)3575558;;
Pracownia Sztukatorska Robert Briks;501811532;;
Pracownia Sztukatorska S.c. Rafał Kołb - Ewa Kołb;(71)3479287;;
Pracownia Sztukatorska S.c. Rafał Kołb - Ewa Kołb;601670811;;
PRACOWNIA SZTUKI UŻYTKOWEJ Jacek Konieczny;603234902;;
Przedsiębiorstwo Usługowo-Handlowe REM;(81)5349697;;
Przedsiębiorstwo Usługowo-Handlowe REM;(81)5328491;;
Przedsiębiorstwo Wielobranżowe Aestas;(84)5381334;;
Przedsiębiorstwo Wielobranżowe Aestas;(84)6643782;;
Qelewacje Grupa Qualiart;790240099;;
RAFBUD Rafał Jarnutowski;(86)4755014;;
RAFBUD Rafał Jarnutowski;606202764;;
REGNUS;509805505;;
Rembrandtin Polska;(22)5591021;;
Rembrandtin Polska;602247731;;
RenArt;517838888;;
S-Decor;781782605;;
SELTOM Piotr Kluszczyński Sklep Internetowy Twojewykonczenia.pl;601800990;;
SOVA-SYSTEM;(22)8226676;;
SOVA-SYSTEM;602353676;;
STIUKART Andrzej Wojtowicz;504369582;;
Studio Sztukaterii Jacek Król;(17)2230914;;
Studio Sztukaterii Jacek Król;721766319;;
STYL-BLACH Producent Sztukaterii Elewacyjnej;507804836;;
STYRODUR PLANET;504167101;;
STYROPIAN.NET Fabryka Odlewów i Profili Elewacyjnych;889889415;;
StyroPlast S.c.;502169585;;
StyroPlast S.c.;509089650;;
STYROPROFIL Sklep Firmowy SZTUKATERIA;(63)2205152;;
STYROPROFIL Sklep Firmowy SZTUKATERIA;666200272;;
Sufity Dekoracyjne Roman Szuba;886638710;;
SztukArt;(32)2891065;;
SztukArt;669669617;;
SZTUKAT;796078862;;
Sztukateria AD-DECO;608015480;;
Sztukateria AD-DECO;662814429;;
Sztukateria Budowlana;(95)7257808;;
Sztukateria Budowlana;697636791;;
Sztukateria Gerard Fitzon-STUKKATEUR;(32)4106330;;
Sztukateria Gerard Fitzon-STUKKATEUR;603703192;;
Sztukateria Gipsowa HAND DECOR;(61)8173063;;
SZTUKATERIA POLSKA Ewa Sosnowska;514245985;;
SZTUKATERIA POLSKA Ewa Sosnowska;695449431;;
SZTUKATERIE GIPSOWE Zdobysław Jarczyński;(71)3254199;;
SZTUKATERIE GIPSOWE Zdobysław Jarczyński;513892102;;
SZTUKATERIE Jacek & Janusz Stachowiak;(61)8302475;;
SZTUKATERIE Jacek & Janusz Stachowiak;602593520;;
Sztukaterie Rafael Decoration;(71)7991459;;
Sztukaterie Rafael Decoration;(71)7939094;;
Sztukator Ryszard Pajączek;(74)8378820;;
Sztukator Ryszard Pajączek;606650337;;
SZTUKATORNIA Paweł Andrysiak;505525500;;
Sztukatorstwo Cyryl Radziemski;(061)8773990;;
Sztukatorstwo Cyryl Radziemski;604563750;;
TMK Projekt S.c.;791433170;;
TMK Projekt S.c.;513711964;;
VIPOR Sp. z o.o.;501284419;;
WallDecor;(22)2702181;;
Witold Domaniecki;(61)8194619;;
Witold Domaniecki;502751806;;
Wytwórnia Ozdobnych Elementów Architektonicznych;606405960;;
Wytwórnia Sztukaterii Montaż;(68)3852780;;
Wytwórnia Sztukaterii Montaż;(68)3852788;;
Zakład Budowlany Stanisław Litka;508482921;;
Zakład Robót Wykończeniowych i Sztukatorskich Andrzej Stokłosa;(32)2880322;;
Zakład Sztukatorsko-Betoniarski Mariusz Leszczyński;602177669;;
Zakład Sztukatorsko-Betoniarski Mariusz Leszczyński;(62)7364030;;
Zakład Usług Artystycznych Zbigniew Budnik;501050594;;
ZIÓŁKOWSKI Detale Architektoniczne Marek Ziółkowski;691260813;;
ABAKUS ART Tomasz Lademann;501708846;;
ADAPTON;508372893;;
AiK KORDJAK Aleksandra Kordjak;(16)6233353;;
AiK KORDJAK Aleksandra Kordjak;697101329;;
ALBUS - Firma Sztukatorsko-Budowlana Piotr Wyrobek;(032)4152125;;
ALBUS - Firma Sztukatorsko-Budowlana Piotr Wyrobek;606505904;;
Aniro Dekoracje nmc;(42)6407096;;
Aniro Dekoracje nmc;(42)6407095;;
Area Studio;(41)2412211;;
Area Studio;535203040;;
ART-REKO Sp. z o.o.;(22)7816666;;
ART-REKO Sp. z o.o.;(22)6735603;;
ARTCAP Centrum Budowlane Omega;793120844;;
ArtDecor;(22)6510366;;
ArtDeko-NK;793167697;;
ARTISTAROSA Pracownia Projektowo Plastyczna;880604041;;
ARTISTAROSA Pracownia Projektowo Plastyczna;880134311;;
ARTKAFLE Karina i Tomasz Witkowscy;664085246;;
ARTKAFLE Karina i Tomasz Witkowscy;662284041;;
ASPA Księgarnia Artystyczna;(51)6572503;;
Awex;(42)2138652;;
Awex;601325969;;
Baba Jaga DEKO-ART;(68)3887463;;
Baba Jaga DEKO-ART;516185443;;
Bayard;501764287;;
Bianco Sp. z o.o.;(89)6473269;;
Bianco Sp. z o.o.;(89)6413806;;
BISKO...o tapetach wiemy wszystko;(12)6351144;;
BISKO...o tapetach wiemy wszystko;(12)6351145;;
BIZOŃ Firma Budowlana;(33)8706321;;
BIZOŃ Firma Budowlana;601842176;;
BM Color;(22)7824264;;
BM Color;(22)8114264;;
Centrum Wzornictwa i Dekoracji Okien JOLLY Jolanta Lasocka;660456524;;
Centrum Wzornictwa i Dekoracji Okien JOLLY Jolanta Lasocka;227511675;;
CHEROS-FORM Grzegorz Filipiak;(68)3550714;;
CHEROS-FORM Grzegorz Filipiak;(68)3550774;;
Clusiv Listwy i Sztukateria;(32)7299334;;
Clusiv Listwy i Sztukateria;506040797;;
Concrete Design;733572445;;
Concrete Design;663335486;;
CP PARTNER Przedsiębiorstwo Prywatne Cezary Pustelski;(61)8642936;;
CP PARTNER Przedsiębiorstwo Prywatne Cezary Pustelski;691764212;;
Cube Art Bracia Żabokliccy Sp.j.;(62)5022701;;
Cube Art Bracia Żabokliccy Sp.j.;606467987;;
Cynober Art - Pracownia Konserwacji i Restauracji Zabytków oraz Malarstwa;600910529;;
Cynober Art - Pracownia Konserwacji i Restauracji Zabytków oraz Malarstwa;605304037;;
Decor House;530620464;;
Decor Maison Polska;(48)6675188;;
Decor Maison Polska;601058370;;
DECOR-SYSTEM Studio;503446884;;
DECOR-SYSTEM Studio;510141543;;
DEECO;535233365;;
DOM I STYL;(22)7844810;;
DOM I STYL;(22)4278925;;
DOMPOL PRO;(89)6411164;;
DOMPOL PRO;601926661;;
Drewniana Dolina S.c. Zbigniew Zagata, Marek Zagata;668115407;;
Drewniana Dolina S.c. Zbigniew Zagata, Marek Zagata;602873701;;
Drewniana Podłoga S.c.;668582698;;
E.M. Tapety i Sztukaterie;(22)6510556;;
E.M. Tapety i Sztukaterie;501139077;;
EXEO Centrum Dekoracji;(71)3498916;;
EXEO Centrum Dekoracji;609565100;;
F.H. Wiktoria D i M.Młynarczyk;(48)3603458-ul.Słowackiego;;
F.H. Wiktoria D i M.Młynarczyk;(48)3626638-ul.KellesKrauza;;
F.H.U AR-KAM Julita Jaworska;535475132;;
F.H.U. INDECORI Paweł Brągoszewski;667779877;;
F.H.U. LAREDO;(62)7350202;;
F.H.U. LAREDO;600346080;;
F.P.H.U. ARPI Sp. z o.o. Sp.komandytowa;(18)3527330;;
F.P.H.U. ARPI Sp. z o.o. Sp.komandytowa;515080099;;
F.P.U. GRAB;605052131;;
Firma Budowlana MASBUD;(17)7455773;;
Firma Budowlana MASBUD;605342300;;
Firma Budowlano-Sztukatorska i Renowacji Zabytków Sebastian Domaniecki;502356887;;
Firma Budowlano-Sztukatorska i Renowacji Zabytków Sebastian Domaniecki;(61)2786868;;
Firma Produkcyjno-Handlowa AROKIS;(71)3164173;;
Firma Produkcyjno-Handlowa AROKIS;500318990;;
Firma Remontowo-Sztukatorska;698814959;;
Firma Usługowo-Handlowa Artur Cioch;519676355;;
FRONTON S.c.;(22)8400828;;
Galeria na poddaszu - FHU Małgorzata Zielińska;(54)2312497;;
Galeria na poddaszu - FHU Małgorzata Zielińska;518585876;;
Galeria Reklamy;(71)3604483;;
Galeria Reklamy;603861623;;
GIPSOLUX Irena Rogowska;(41)3573136;;
GIPSOLUX Irena Rogowska;607895985;;
Golden-Pol;(22)8773791;;
Golden-Pol;(22)4783791;;
HAGAR;(58)6649220;;
HAGAR;(58)6649086;;
HOME STYLE;(94)3522346;;
HOME STYLE;508103529;;
INSPIRO;737450140;;
Intero Andrzej Adamski;(61)8677871;;
Intero Andrzej Adamski;601953670;;
Jaro-Tynk Tomasz Jaroszewski-Waśkiewicz;668529089;;
Jaro-Tynk Tomasz Jaroszewski-Waśkiewicz;(89)6725719;;
KAMIENIARSTWO ARTYSTYCZNE Jerzy Michalak;(46)8373719;;
KEA Pracownia Reklamy i Lekkiej Sztukaterii;664089790;;
KEA Pracownia Reklamy i Lekkiej Sztukaterii;(71)3174491;;
KKW Sp. z o.o.;664065300;;
Kominki MEFISTO;886109982;;
Kominki MEFISTO;602243536;;
KWW-REMART;509543677;;
LAKFARB Waldemar Kopacki;(75)7345035;;
LAKFARB Waldemar Kopacki;(75)7345035w.24;;
LAKMEX Sp. z o.o.;(22)6789855;;
LAKMEX Sp. z o.o.;(22)6789392;;
LCS Decor;(71)3726156;;
LCS Decor;512355316;;
LISTW-PROFIL FPHU;606536928;;
LISTW-PROFIL FPHU;(13)4458163;;
MARBLEX Bogdan Smolorz;(77)4874055;;
MARDOM Sp. z o.o.;(42)6786786;;
MARDOM Sp. z o.o.;(42)6786787;;
Margo-Firma Budowlana;509856780;;
MARHAND Jacek Grzesista;(32)4227380;;
MARHAND Jacek Grzesista;(32)4330374;;
MASTER CORGIPS Leszek Sosnowski;(58)6767788;;
MASTER CORGIPS Leszek Sosnowski;(58)6760171;;
Master-Profit S.c.;663936824;;
Master-Profit S.c.;506896230;;
MASZKARON;(91)4525687;;
MASZKARON;602441576;;
Mieszkanie jak Marzenie Beata Kamińska;(91)4615528;;
Mieszkanie jak Marzenie Beata Kamińska;508176073;;
Nowy Styl;(61)6534820;;
Nowy Styl;(61)6534821;;
P.H.U. JAWA;(52)3289546;;
P.H.U. JAWA;604291679;;
P.P.H.U. ARTKAR;(68)3266994;;
P.P.H.U. ARTKAR;(68)3240101;;
PERFEKTA Firma Remontowo-Budowlana;697021700;;
PERFEKTA Firma Remontowo-Budowlana;601960075;;
PHU VOBOZ;(58)6229007;;
PHU VOBOZ;501152810;;
Portobello;508211868;;
PPHU PRESTIGE Michał Jóźwicki;506532813;;
Pracownia ACANT Bogdan Nowakowski;(22)7585395;;
Pracownia ACANT Bogdan Nowakowski;605348365;;
Pracownia Acent;(22)7585395;;
Pracownia Acent;605348365;;
Pracownia Konserwacji i Renowacji Zabytkowych Elewacji Grzegorz Napieraj, Jacek Wiśniewski S.c.;795498215;;
Pracownia Konserwacji i Renowacji Zabytkowych Elewacji Grzegorz Napieraj, Jacek Wiśniewski S.c.;691300203;;
Pracownia Konserwatorsko-Artystyczna;696726560;;
Pracownia Metaloplastyki METAL-ART Rafał Kotlarski;660022722;;
Pracownia Renowacji i Malarstwa;508393708;;
Pracownia Renowacji i Malarstwa;509578028;;
Pracownia Rzeźbiarska Piotr Długopolski;783202327;;
Pracownia Rzeźbiarska Piotr Długopolski;605284044;;
Pracownia Sztukatorska Lapis-Art;515240817;;
PRS Drzwi i Podłogi;(22)7371745;;
PRS Drzwi i Podłogi;693555599;;
Przedsiębiorstwo Budowlano-Sztukatorskie ARKADY;(42)6306812;;
RETRO-STYL;663616250;;
SAMTEX;608430566;;
STAGAPOL Adam Muraszko;(58)5581663;;
STAGAPOL Adam Muraszko;695207695;;
Staretynki.pl - Centrum Wykańczania Wnętrz;601410833;;
Staretynki.pl - Centrum Wykańczania Wnętrz;(18)5473678;;
STUCCODECOR Zakład Usług Ogólnobudowlanych Sztukatorsko-Renowacyjnych i Handlu;662954401;;
STUCCODECOR Zakład Usług Ogólnobudowlanych Sztukatorsko-Renowacyjnych i Handlu;782193160;;
Studio Tapet i Dekoracji;(22)8380819;;
STYRO-POL;(42)6499950;;
STYRO-POL;600447678;;
STYROBUD GÓRNO Radomski Piotr;(17)7728525;;
STYROBUD GÓRNO Radomski Piotr;(17)7727931;;
Sztukatorstwo Robót Zabytkowych Tomasz Wachowiak;601638799;;
TARASTIKA Tarasy Kompozytowe;505399666;;
TAS TopArtStone;(85)7419087;;
TAS TopArtStone;605249822;;
TOPINTERIOR S.c.;(42)6511085;;
TOPINTERIOR S.c.;532510161;;
UbierzŚciany.pl;607127212;;
WIWI-STYL Agnieszka Płuciennik;516135544;;
WIWI-STYL Agnieszka Płuciennik;501447756;;
WNĘTRZARNIA;(32)7935488;;
WNĘTRZARNIA;602732600;;
Zakład Budowlano-Sztukatorski Konserwacja Zabytków Marian Domaniecki;(61)8689632;;
Zakład Budowlano-Sztukatorski Konserwacja Zabytków Marian Domaniecki;(61)8630120;;
Zakład Budowlany Mirosław Zarzecki;(85)7309189;;
Zakład Budowlany Mirosław Zarzecki;602329378;;
Zakład Budowlany WEGNER;(52)3898804;;
Zakład Budowlany WEGNER;602587516;;
ZHU Bocian Piotr Cieślar;(33)8150321;;
ZHU Bocian Piotr Cieślar;605062340;;
ZPHU AKANT;(12)2821701;;
ZPHU AKANT;514991187;;
ZPUH Kwiaton Pracownia Sztukatorska Wiesław Kwiatkowski;(17)8733240;;
ZPUH Kwiaton Pracownia Sztukatorska Wiesław Kwiatkowski;504102160;;
ZRB ZIEJBUD Janusz Zieja;603604754;;
