BDM Sp. z o.o.;(77)4355618;;
BDM Sp. z o.o.;(77)4355619;;
Better Barbara Laskowska;(22)8460785;;
Better Barbara Laskowska;(22)8681730;;
Bitunova Sp. z o.o.;(22)8347822;;
Bitunova Sp. z o.o.;(22)8179530;;
Biza Kolor;(34)3506046;;
Biza Kolor;604185091;;
DIMICO Drogi i Mosty Sp. z o.o.;(33)8123268;;
DIMICO Drogi i Mosty Sp. z o.o.;(33)8125862;;
EMULEX Kalinowski Sp. z o.o.;(91)5762440;;
EMULEX Kalinowski Sp. z o.o.;(91)5762439;;
Grupa ZIR - Zakład Inżynierii Ruchu W.Sylwestrzak i S-ka Sp.j.;(32)2813724;;
Grupa ZIR - Zakład Inżynierii Ruchu W.Sylwestrzak i S-ka Sp.j.;(32)3878525;;
Malowanielinii.pl - Hale, Parkingi, Drogi;795466885;;
Malowanielinii.pl - Hale, Parkingi, Drogi;(71)7220677;;
P.P.H. FRAM inż. Rudolf Herok;662105108Recepcja;;
P.P.H. FRAM inż. Rudolf Herok;(33)8166318;;
PORR Polska Infrastructure S.A.;(22)2443400;;
PORR Polska Infrastructure S.A.;(22)2443541;;
Przedsiębiorstwo Robót Drogowych Pszczyna Sp. z o.o.;(32)2101725;;
Przedsiębiorstwo Robót Drogowych Pszczyna Sp. z o.o.;(32)2103319;;
REKMA Sp. z o.o.;(12)6335922;;
REKMA Sp. z o.o.;(12)3975220;;
VISTAL Gdynia S.A.;(58)7833704;;
VISTAL Gdynia S.A.;(58)7833705;;
WPUH JAZET S.c.;(61)2837395;;
WPUH JAZET S.c.;(61)2833220;;
C.D.K. Polska Sp. z o.o.;(12)6391019;;
C.D.K. Polska Sp. z o.o.;691399003;;
F.P.H.U. AGATKA S.c.;(56)6573444;;
F.P.H.U. AGATKA S.c.;(56)6573445;;
FEROCO S.A.;(61)2223100;;
FEROCO S.A.;(61)2223101;;
FH-U BUD-MAX Grażyna Kołodziejczyk;512360633;;
FH-U BUD-MAX Grażyna Kołodziejczyk;507099074;;
Firma Drogowo-Inżynieryjna STOP Sp. z o.o. Sp.komandytowa;(76)8626504;;
MADRO KRAKÓW Sp. z o.o.;(12)4116066;;
MADRO KRAKÓW Sp. z o.o.;(12)4114145;;
POLEKO BUDOWNICTWO Sp. z o.o.;(58)3255820;;
Przedsiębiorstwo Budownictwa Drogowo-Inżynieryjnego S.A.;(56)6122510-11;;
Przedsiębiorstwo Budownictwa Drogowo-Inżynieryjnego S.A.;(56)6122512;;
Przedsiębiorstwo Produkcyjno Usługowo Handlowe EFEKT Sp. z o.o.;(22)6677030;;
Przedsiębiorstwo Produkcyjno Usługowo Handlowe EFEKT Sp. z o.o.;(22)6627954;;
Przedsiębiorstwo Robót Drogowo-Mostowych Sp. z o.o.;(44)6478706;;
Przedsiębiorstwo Robót Drogowo-Mostowych Sp. z o.o.;(44)6496806;;
Przedsiębiorstwo Robót Drogowych i Mostowych Sp. z o.o. w Sanoku;(13)4632487;;
Przedsiębiorstwo Robót Drogowych i Mostowych Sp. z o.o. w Sanoku;(13)4630795;;
Przedsiębiorstwo Usługowo-Produkcyjne Maszyn Drogowych MADROG;(91)5783482;;
Przedsiębiorstwo Usługowo-Produkcyjne Maszyn Drogowych MADROG;(91)5783879;;
SIGMAL Sp.j.;604898970;;
SIGMAL Sp.j.;(61)8172602;;
Taxus;(68)3211390;;
Taxus;604147290;;
TOR-BUD Sp. z o.o. Sp.komandytowa;(32)7115867;;
TOR-BUD Sp. z o.o. Sp.komandytowa;(32)7115115;;
VIATAR Piotr Słomski, Wojciech Kozioł S.c.;(14)6569012;;
VIATAR Piotr Słomski, Wojciech Kozioł S.c.;(14)6569011;;
Zakład Usługowo-Handlowy DROGBUD;(13)4347148;;
Zakład Usługowo-Handlowy DROGBUD;(13)4304520;;
Zarząd Dróg i Mostów Sp. z o.o.;(23)6622297;;
Zarząd Dróg i Mostów Sp. z o.o.;(23)6623549;;
Akcydens BILD;(32)2570545;;
Akcydens BILD;(32)2570501;;
Autostrada Wielkopolska S.A.;(61)6553050;;
DRO-MOST;(33)8536246;;
DROGBUD Przedsiębiorstwo Robót Drogowych Sp. z o.o.;(68)3822274;;
DROGBUD Przedsiębiorstwo Robót Drogowych Sp. z o.o.;(68)3824938;;
Fabryka Urządzeń Sygnalizacyjnych i Teletechnicznych SYGNAŁY S.A.;(32)4218431-33;;
Fabryka Urządzeń Sygnalizacyjnych i Teletechnicznych SYGNAŁY S.A.;(32)4218094;;
GoDar Bariery Drogowe;(63)2204953;;
GoDar Bariery Drogowe;(63)2204735;;
HODO;(42)2536159;;
HODO;601383802;;
iKOM Sp. z o.o.;(81)5245021-22;;
iKOM Sp. z o.o.;(81)5245023;;
KraMad KOLOR Sp. z o.o.;(34)3595016;;
KraMad KOLOR Sp. z o.o.;602251710;;
M-ZNAK;790313123;;
NERET S.c.;(58)3403708;;
NERET S.c.;(58)3449666;;
Pro-lines Projekty i Wykonawstwo;(12)2746502;;
Pro-lines Projekty i Wykonawstwo;605072401;;
Przedsiębiorstwo Produkcyjno Usługowe TIMPOL Sp. z o.o.;501711296;;
Przedsiębiorstwo Produkcyjno Usługowe TIMPOL Sp. z o.o.;(22)7297241;;
Przedsiębiorstwo Robót Drogowo Mostowych Sp. z o.o. w Jaśle;(13)4464011;;
Przedsiębiorstwo Robót Drogowo Mostowych Sp. z o.o. w Jaśle;(13)4464012;;
Przedsiębiorstwo Robót Drogowo-Mostowych MIKST Sp. z o.o.;(25)7922322;;
Przedsiębiorstwo Robót Drogowo-Mostowych MIKST Sp. z o.o.;(25)7923035;;
Przedsiębiorstwo Robót Drogowych PEUK S.A.;(44)6497261;;
Zakład Oznakowania Drogowego ZOD-MARK S.c.;(71)3413466;;
Zakład Oznakowania Drogowego ZOD-MARK S.c.;660431081;;
ZYKO-DRÓG Sp. z o.o.;(48)3857331;;
P.T.U.P.H. MAR-LANG;(55)2768405;;
AUTO-TRANS Asfalty sp. z o.o.;(32)4414013;;
AUTO-TRANS Asfalty sp. z o.o.;608797577;;
Radbur Sp. z o.o.;(58)6841186;;
Radbur Sp. z o.o.;697200709;;
"TOP DESIGN CHWASZCZYNO CHUDZYŃSKI, STUPNICKI" SPÓŁKA JAWNA;(58)5528894;;
"TOP DESIGN CHWASZCZYNO CHUDZYŃSKI, STUPNICKI" SPÓŁKA JAWNA;(58)5528404;;
ALGO SYSTEM;(43)8432504;;
ALGO SYSTEM;(43)8433851;;
AVIS Anna Wiśniewska;509682949;;
AVIS Anna Wiśniewska;(58)3249916;;
Bauma Sp. z o.o.;(71)3223756;;
Beton-Stal Ostrołęka Development Sp. z o.o.;(29)7691400;;
Beton-Stal Ostrołęka Development Sp. z o.o.;(22)7676140BiuroSprzedaży;;
Firma Handlowo Usługowa Szymon Walentynowicz;(87)4280243;;
Firma Handlowo Usługowa Szymon Walentynowicz;(87)4280330;;
Geo Globe Polska Sp. z o.o. Sp.komandytowa;(32)2260796;;
Geo Globe Polska Sp. z o.o. Sp.komandytowa;(32)2260505;;
GRUNT Usługi Budowlane Piotr Pigulski;696187125;;
Kolejowe Zakłady Nawierzchniowe "Bieżanów" Sp. z o.o. - Grupa KZN Bieżanów;(12)6510900;;
Kolejowe Zakłady Nawierzchniowe "Bieżanów" Sp. z o.o. - Grupa KZN Bieżanów;(12)6510905;;
Mark Electronics;(12)6312660;;
Mark Electronics;601726821;;
P.U.H. POL-AND;(32)2800993;;
POLSKIE MOSTY Sp. z o.o.;(71)3628202;;
POLSKIE MOSTY Sp. z o.o.;(71)3628211;;
PPHU SANEL Sp.j.;(44)7330103;;
PPHU SANEL Sp.j.;(44)6334088;;
PROMAX Marian Pisarski;604937894;;
PROMAX Marian Pisarski;660409807;;
Przedsiębiorstwo Robót Inżynieryjnych i Drogowych w Krośnie S.A.;(13)4321589;;
RAWBUD Rawicz Sp. z o.o.;(65)5453523;;
RAWBUD Rawicz Sp. z o.o.;(65)5461086;;
SŁAWBRUK Sławomir Wenderlich;507937673;;
TRANSCOMP Sp. z o.o. Biuro Badawczo-Projektowe Budownictwa Komunikacyjnego;(22)8444935;;
TRANSCOMP Sp. z o.o. Biuro Badawczo-Projektowe Budownictwa Komunikacyjnego;(22)6433491;;
Unigeo Prace Geodezyjne mgr inż. Mateusz Kapusta;602505390;;
ZOMBRUK Adam Płocki;(58)6783255;;
ZOMBRUK Adam Płocki;602249340;;
AS PPH Producent Odwodnień Liniowych;(22)7370522;;
AS PPH Producent Odwodnień Liniowych;(22)7370523;;
Brukarstwo - Krzysztof Tuszyński;(22)7268911;;
Brukarstwo - Krzysztof Tuszyński;602220583;;
EKO-TRANS Adam Kołodziejczyk;603783812;;
EKO-TRANS Adam Kołodziejczyk;608420676;;
Firma Usługowo-Budowlana WOD-KAN;(12)6330544;;
Firma Usługowo-Budowlana WOD-KAN;504260089;;
FPUH VOLT Janusz Wróbel;(74)8541324;;
FPUH VOLT Janusz Wróbel;604978371;;
INTOP Tarnobrzeg Sp. z o.o.;(15)8225008;;
INTOP Tarnobrzeg Sp. z o.o.;(15)8226879;;
KEDA Dalecki i Wspólnicy Sp.j.;(58)6719342;;
KEDA Dalecki i Wspólnicy Sp.j.;602103074;;
KRAK-SERWIS;(12)2846674;;
KRAK-SERWIS;781810816;;
Krzysztof Ślusarczyk Przedsiębiorstwo Handlowo-Usługowe;602476614;;
Krzysztof Ślusarczyk Przedsiębiorstwo Handlowo-Usługowe;(32)6278144;;
Miejskie Przedsiębiorstwo Gospodarki Komunalnej i Mieszkaniowej Sp. z o.o.;(32)7660000;;
Miejskie Przedsiębiorstwo Gospodarki Komunalnej i Mieszkaniowej Sp. z o.o.;(32)7660003;;
MIRS Sp. z o.o.;(71)3981217;;
MIRS Sp. z o.o.;(71)3147042;;
MONTOSTAL SZCZECIN Sp. z o.o.;(91)4624088;;
Partner Holding Sp. z o.o. Oddział MADRO Wrocław;(71)3363639;;
Partner Holding Sp. z o.o. Oddział MADRO Wrocław;(71)3111187;;
PROMOSTAL Sp. z o.o. Sp.komandytowa;(85)8768601;;
Przedsiębiorstwo Wielobranżowe STAŃCZYK Sp.j.;(74)8561055;;
Przedsiębiorstwo Wielobranżowe STAŃCZYK Sp.j.;(74)8561052;;
Przedsiębiorstwo Wielobranżowe WOD-KAN-GRZENKOWICZ Sp. z o.o.;(58)6814814;;
Przedsiębiorstwo Wielobranżowe WOD-KAN-GRZENKOWICZ Sp. z o.o.;(58)6812153;;
Serpentyna Drogowa Pracownia Projektowa;516745202;;
Stabilizacja Gruntu WIBRA Recycling Czesław Pierzchała;(12)2706557;;
Stabilizacja Gruntu WIBRA Recycling Czesław Pierzchała;694431797;;
TIRSO Sp. z o.o.;600385688;;
TRANS-WIERT Sp. z o.o.;(13)4468066;;
TRANS-WIERT Sp. z o.o.;(13)4468240;;
Weldon Sp. z o.o.;(14)6466700;;
Weldon Sp. z o.o.;(14)6466771;;
ZARZĄD INWESTYCJI Sp. z o.o.;(24)2549458;;
ZARZĄD INWESTYCJI Sp. z o.o.;(24)2540980;;
Atlas Copco Polska Sp. z o.o. - Oddział w Katowicach;(32)7827100;;
Atlas Copco Polska Sp. z o.o. - Oddział w Katowicach;(32)7827101;;
BAN-KOR-BET Bania Korga Sp.j.;(14)6811898;;
BAN-KOR-BET Bania Korga Sp.j.;505041825;;
BRUK-BUD Piotr Skoczek;(22)7898967;;
BRUK-BUD Piotr Skoczek;507067238;;
BRUKS P.U.H.P.;(022)7202452;;
CAGRO Zakład Instalacji Elektrycznych Sp. z o.o.;(32)2890494;;
CAGRO Zakład Instalacji Elektrycznych Sp. z o.o.;(32)2859505;;
ELBUD Przedsiębiorstwo Instalacji i Sieci Elektrycznych;(62)5023830;;
ELBUD Przedsiębiorstwo Instalacji i Sieci Elektrycznych;601773653;;
F.H.U. DORHOOF;(32)6274056;;
F.H.U. DORHOOF;601999362;;
F.U.H. Jacek Malepszy;(65)5202273;;
F.U.H. Jacek Malepszy;601221795JacekMalepszy;;
Firma PROFI Bogusław Suchanek;(33)8534807;;
IMP Comfort Sp. z o.o.;(74)8583500;;
IMP Comfort Sp. z o.o.;(74)8583539;;
KAMPEX Przedsiębiorstwo Obróbki Granitu Majstrzyk i Spółka Sp.j.;(74)8550480;;
KAMPEX Przedsiębiorstwo Obróbki Granitu Majstrzyk i Spółka Sp.j.;(74)8550481;;
LECH-BHP Anna Miziniak;602182240;;
Lucidus Janusz Tyszka;(22)8772520;;
Lucidus Janusz Tyszka;(22)8371122;;
MEKROL Przedsiębiorstwo Produkcyjno-Wdrożeniowe Sp. z o.o.;(12)4115045;;
Millenium S.c.;(71)3928076;;
Millenium S.c.;(71)3928077;;
P.H.U. KICIŃSCY Krzysztof Kiciński;533505506;;
P.H.U. KICIŃSCY Krzysztof Kiciński;605634642;;
P.H.U. TRANS-POM;(52)3527165;;
P.H.U. TRANS-POM;608694427;;
PHUW NIMBUS I Sp. z o.o.;(32)2491060;;
PHUW NIMBUS I Sp. z o.o.;(32)2413110;;
Piaskowanie Malowanie Zabezpieczenia Antykorozyjne Stanisław Żelasko;(18)4417922;;
Piaskowanie Malowanie Zabezpieczenia Antykorozyjne Stanisław Żelasko;502146617;;
POLBUD-POMORZE Sp. z o.o.;(52)3518526;;
POLBUD-POMORZE Sp. z o.o.;(52)3518933;;
POLYCO SERVICE;604181180;;
Przedsiębiorstwo Drogowo-Budowlane DROMEX;601355259;;
PUT WAGNER-SERVICE P.S.W.Wilczek Sp.j.;(32)3463700;;
PUT WAGNER-SERVICE P.S.W.Wilczek Sp.j.;(32)3463720;;
SYTEC (Systemy i Technologie) Sp. z o.o.;(76)7234234;;
SYTEC (Systemy i Technologie) Sp. z o.o.;(76)7234238;;
WKG Spółka z ograniczoną odpowiedzialnością sp. k.;(43)8413538;;
Zakład Budowlano-Drogowy Adam Trzepizur;(34)3152133;;
Zakład Budowlano-Drogowy Adam Trzepizur;(34)3152072;;
Zakład Ogólnobudowlany Artur Kiowski;(77)4048710;;
Zakład Ogólnobudowlany Artur Kiowski;(77)4048711;;
MTP Poland;(22)7166612;;
MTP Poland;(22)7166613;;
Felix Infrastruktura;517839500;;
Keno-Eko Sp.j. Jan Ciszewski, Jan Pękala;(68)3847543;;
Przedsiębiorstwo APREMO Przemysław Sokołek;788167877;;
Przedsiębiorstwo APREMO Przemysław Sokołek;788133001;;
Target Budownictwo;668883409;;
A-14 Usługi Projektowe,Nadzory Budowlane, Roboty Drogowe mgr inż. Andrzej Olszowski;693333422;;
A-14 Usługi Projektowe,Nadzory Budowlane, Roboty Drogowe mgr inż. Andrzej Olszowski;783996468;;
ABF-Mosty Sp. z o.o.;(32)2017172;;
ABF-Mosty Sp. z o.o.;(32)2049046;;
AC-Projekt dr inż. Andrzej Cielecki;(22)6437603;;
AC-Projekt dr inż. Andrzej Cielecki;602463689;;
AFFABRE Sp. z o.o.;(52)3421160;;
AFFABRE Sp. z o.o.;(52)3453045;;
ALMAX;(22)2072473;;
ALMAX;(22)2072472;;
ALSTAL-DROGI Sp. z o.o.;(052)3157004;;
ALSTAL-DROGI Sp. z o.o.;(052)3157062;;
AMM Drogi - Projektowanie i Nadzór;661427657;;
ANDROS;(58)6778711;;
ANDROS;502239099;;
ANGOPOL;(33)8642889;;
ANGOPOL;783294288;;
APB;(61)2216571;;
APB;502024616;;
Arma Asphalt Engineering;(12)6263521;;
Arma Asphalt Engineering;501331522;;
AS-BUD Przedsiębiorstwo Drogowe Andrzej Sarosiek;(85)6527015;;
AS-BUD Przedsiębiorstwo Drogowe Andrzej Sarosiek;602337601;;
Asdrog S.c.;(44)7260380;;
Asdrog S.c.;(44)7240926;;
ASSC Sp. z o.o.;(32)4192208;;
ASSC Sp. z o.o.;797352243;;
ATB Przedsiębiorstwo Wielobranżowe Tomasz Barszcz - Oznakowanie drogowe;(48)6686699;;
ATB Przedsiębiorstwo Wielobranżowe Tomasz Barszcz - Oznakowanie drogowe;501037697;;
Aura Sp. z o.o.;(71)3499412;;
Aura Sp. z o.o.;(71)3499413;;
Autostrada A1 Amber One;(58)5215000;;
Autostrada A1 Amber One;(58)5217777;;
Autostrada Eksploatacja S.A.;(61)8383100;;
Autostrada Eksploatacja S.A.;(61)8383109;;
AZYL Ryszard Minkiewicz;(89)6790889;;
AZYL Ryszard Minkiewicz;728387373;;
BARTNICKI Oznakowania Drogowe;514320177;;
BASSCO Gabriela Basiak;728938079;;
BBR Polska Sp. z o.o.;(22)8115053;;
BBR Polska Sp. z o.o.;(22)6769231;;
BERNARDI Polska Sp. z o.o.;(22)6120404;;
BERNARDI Polska Sp. z o.o.;(22)8797324;;
BETONOVA;793066369;;
BETONOVA;604171422;;
Bickhardt Bau Polska Sp. z o.o.;(71)3480470-72;;
Bickhardt Bau Polska Sp. z o.o.;(71)3480468;;
BIF Consulting;(12)2692539;;
BIF Consulting;502220717;;
BISEK-ASFALT;(71)7199910;;
BISEK-ASFALT;(71)7199920;;
BITUM Sp. z o.o. - Wytwórnia Mas Bitumicznych;(34)3511010;;
BITUM Sp. z o.o. - Wytwórnia Mas Bitumicznych;(34)3565519;;
Biuro Ekspertyz i Projektów Budownictwa Komunikacyjnego EKKOM Sp. z o.o.;(12)2672333;;
Biuro Ekspertyz i Projektów Budownictwa Komunikacyjnego EKKOM Sp. z o.o.;(12)2696540;;
Biuro Projektowo-Konsultingowe EUROSTRADA Sp. z o.o.;(22)6448762;;
Biuro Projektowo-Konsultingowe EUROSTRADA Sp. z o.o.;(22)4057545;;
Biuro Techniczne Inżynierii Ruchu TRAFFICO;502275800;;
Biuro Techniczne Inżynierii Ruchu TRAFFICO;(71)7908130;;
Biuro Usług Technicznych DROGTOM;608498304;;
Biuro Usług Technicznych DROGTOM;606834460;;
BRO-MAR Marek Mrochen;(32)3976212;;
BRO-MAR Marek Mrochen;501593810;;
BRUKBIT;(71)3541798;;
BRUKBIT;601700349;;
Bud-Drog;(18)4439090;;
BUD-POL Janusz Kowalski;609238504;;
BUD-POL Janusz Kowalski;(91)5701862;;
BUDEX;(18)2624492;;
BUDEX;502330459;;
BUDIMEX S.A.;(22)6236000;;
BUDIMEX S.A.;(22)6236001;;
Budo Mach Michał Michnicki;606400796;;
Budowa i Utrzymanie Dróg Ewa Antczak;501133939;;
Budowa i Utrzymanie Dróg Ewa Antczak;601775497;;
Budownictwo Drogowe;(81)7451293;;
Budownictwo Drogowe BUDAR Sp. z o.o.;(41)3739471-74;;
Budownictwo Drogowe BUDAR Sp. z o.o.;(41)3739476;;
Budownictwo Drogowe Jarpol S.A.;(22)7168070;;
Budownictwo Drogowe Jarpol S.A.;(22)7167080w.23;;
Budownictwo Drogowe KRUG Sp. z o.o. Sp.komandytowa;(61)8174931;;
Budownictwo Drogowe KRUG Sp. z o.o. Sp.komandytowa;(61)8184239;;
BUDRIM Sp. z o.o.;(76)8575496;;
BUDRIM Sp. z o.o.;(76)8575531;;
BUDROMAX S.c.;(75)7841802;;
BUDROMAX S.c.;(75)6106371;;
BUDROMEL;502037627;;
Budujbezpiecznie.pl;518909233;;
Budujbezpiecznie.pl;(33)8141089;;
CANTO Krzysztof P.Marczewski;(91)4899631;;
CEBERD Sp. z o.o.;(61)8944093;;
CEBERD Sp. z o.o.;(61)8944086;;
CEDAM;500104197;;
CEDAM;600186186;;
CENTRUM BUDOWY DRÓG ŚLĄSK;(32)7716069;;
CENTRUM BUDOWY DRÓG ŚLĄSK;(32)7716141;;
Centrum Nowoczesnych Technologii S.A.;(32)2944011;;
Centrum Nowoczesnych Technologii S.A.;(32)2633907;;
Centrum Techniki Drogowej INBUD Sp. z o.o.;(12)4101020;;
Centrum Techniki Drogowej INBUD Sp. z o.o.;(12)4186730;;
Cermat-Prodbet Sp. z o.o.;(22)7278413;;
Cermat-Prodbet Sp. z o.o.;(22)7278411;;
Cewap Sp. z o.o.;(41)3549028;;
Cewap Sp. z o.o.;(41)3549029;;
Cleanosol Polska Sp. z o.o.;(58)6649796;;
COLAS Polska Sp. z o.o.;(61)8945460-64;;
COLAS Polska Sp. z o.o.;(61)8945465;;
CZESŁAW Reklama i Zabezpieczenie Ruchu Czesław Wiktorski;(58)3410092;;
CZESŁAW Reklama i Zabezpieczenie Ruchu Czesław Wiktorski;693298752;;
CZMUDA Sp. z o.o.;(89)5214620;;
CZMUDA Sp. z o.o.;(89)5214630;;
CZYSTOŚĆ Sp.j. Szpańscy Jerzy, Jacek, Dawid;(22)7877570;;
CZYSTOŚĆ Sp.j. Szpańscy Jerzy, Jacek, Dawid;(22)7999487;;
DANAK Firma Budowlana Marciszewski Zawadowscy Sp.j.;(42)6361877;;
DANAK Firma Budowlana Marciszewski Zawadowscy Sp.j.;(42)6372723;;
DAR-TRANS-WYKOP;880961649;;
DAR-TRANS-WYKOP;(52)5212354;;
DELTA S.A.;(22)6365667;;
DELTA S.A.;(22)6365668;;
DELTA-PRID Sp. z o.o.;(23)6722063;;
DET Zakład Usługowo Handlowy;(34)3201301;;
DET Zakład Usługowo Handlowy;502270950;;
Dinspar Sp. z o.o.;(74)8464820;;
Dinspar Sp. z o.o.;(74)8433923;;
Dom Handlowy HG Komplex Sp. z o.o.;(32)3736002;;
Dom Handlowy HG Komplex Sp. z o.o.;(32)3736010;;
DOM-BRUK Firma Produkcyjno-Handlowo-Usługowa Dominik Stanisława;(14)6157820;;
DOM-BRUK Firma Produkcyjno-Handlowo-Usługowa Dominik Stanisława;602415819;;
DOMINO-ZNAK;(81)7460005;;
DOMINO-ZNAK;605100473;;
DOMOST Sp. z o.o.;(29)6491385;;
DOREX;(15)6416150;;
DOREX;605152380;;
Dowbud-C Sp. z o.o.;(22)4282331;;
Dowbud-C Sp. z o.o.;(22)4355745;;
DP Drogi Polskie Sp. z o.o.;(22)6180969;;
DP Drogi Polskie Sp. z o.o.;516124826;;
DROG-BUD Sp. z o.o.;(34)3665100;;
DROG-BUD Sp. z o.o.;(34)3607377;;
DROG-COMPLEX S.c.;(61)6531434;;
DROG-COMPLEX S.c.;(61)6531435;;
DROG-REM;(22)8368102;;
DROG-ZNAK Sabat Sebastian;(22)6702120;;
DROG-ZNAK Sabat Sebastian;(22)6702368;;
DROGBET SP. Z O.O.;(61)8115455;;
DROGBET Sp.j.;(81)8810624;;
DROGBET Sp.j.;602651140;;
DROGBET WIECZOREK Sp.j.;(61)8162136-37;;
DROGBET WIECZOREK Sp.j.;606723393;;
DROGBUD Zakład Usługowy Sp.j.;(67)2137185-biuro;;
DROGBUD Zakład Usługowy Sp.j.;502118858-szef;;
Drogi i Mosty Antoni Popowski;(54)2378910;;
Drogi i Mosty Antoni Popowski;604245203;;
Drogi i Mosty Henryk Boczek;(052)3533376;;
Drogi i Mosty Henryk Boczek;(052)3575266;;
Drogi i Mosty Jan Kaczmarczyk;(23)6928652;;
Drogi i Mosty Jan Kaczmarczyk;(23)6922805;;
DROGMAS PRZEDSIĘBIORSTWO ROBÓT DROGOWYCH Małgorzata Sławińska;(41)2511522;;
DROGMAS Sp. z o.o.;(58)3208948-49;;
DROGMAS Sp. z o.o.;(58)3052067;;
DrogMost Lubelski Sp. z o.o.;(81)7441326;;
DrogMost Lubelski Sp. z o.o.;(81)7430070;;
Drogomet Sp. z o.o.;(58)3013691;;
Drogomet Sp. z o.o.;(58)3014296;;
DROGOMEX Sp. z o.o.;(22)7588981;;
DROGOMEX Sp. z o.o.;(22)7588976;;
DROGOMOST Sp. z o.o.;(58)3025958;;
DROGOMOST Sp. z o.o.;601612392;;
DROGOPAL Zakład Robót Drogowych;(61)4477279;;
Drogowe Centrum Produkcyjno-Handlowe BiG Sp. z o.o.;(68)3825432;;
Drogowe Centrum Produkcyjno-Handlowe BiG Sp. z o.o.;(68)3820964;;
Drogowe Sp. z o.o.;508649766;;
Drogowe Sp. z o.o.;501170547;;
DROGTOM Roboty Inżynieryjno-Drogowe Tomasz Pruszkowski;(82)5725887;;
DROKAN S.A.;(61)8788014;;
DROKAN S.A.;(61)8788401;;
DROKAN-2 Jan Nogalski;(32)2198011;;
DROKAN-2 Jan Nogalski;(32)2190625;;
DROMAK Sp. z o.o.;(43)8248260;;
DROMAK Sp. z o.o.;(43)8233676;;
DROMAN Zakład Robót Drogowych;(71)3351809;;
DROMAN Zakład Robót Drogowych;(71)3351813;;
DROMAR;(12)6367228;;
DROMAR;501192485;;
DROMAR R.L.Bożek;(41)2495171;;
DROMAR R.L.Bożek;501525683;;
DROMET Sp. z o.o.;(34)3635103;;
DROMET Sp. z o.o.;(34)3661968;;
DROMIL Sp. z o.o.;(33)8614057;;
DROMIL Sp. z o.o.;(33)8614059;;
Dropel Sp. z o.o.;(12)6371016;;
DRÓG-BUD Bogdan Widło;605557058;;
DrógTech Stanisław Kaczmarski;(56)6758986;;
DrógTech Stanisław Kaczmarski;601812976;;
DWD System Sp. z o.o.;602778400;;
DWD System Sp. z o.o.;(58)7415676;;
e-Drogownictwo;(22)3197767;;
e-Drogownictwo;604422399;;
ECODRÓG Sp. z o.o.;(54)2339754;;
ECODRÓG Sp. z o.o.;667474929;;
ECOTERRA - znaki drogowe pionowe i poziome;601770093;;
EDPOL BIS;(62)7665027;;
EDPOL BIS;(62)7665028;;
EKO GRAND;(34)3142553;;
EKO GRAND;608366394;;
EKO Tech Sp. z o.o.;(22)8460438;;
EKO Tech Sp. z o.o.;(22)8687171;;
EKOBEL Sp. z o.o.;(61)8715140;;
EKOBEL Sp. z o.o.;(61)8715149;;
EL-TECH S.c.;(71)3450822;;
EL-TECH S.c.;(71)3466618;;
ELMEP Jan Kubica;(33)8177512;;
ELMEP Jan Kubica;500203568;;
EMBUD Michał Matecki;(91)4712626;;
EMBUD Michał Matecki;(91)4712625;;
EMProjekt Sp. z o.o.;(32)2518563;;
EMProjekt Sp. z o.o.;(32)2038932;;
EnvTech Poland S.c.;(32)2856926;;
EUROVIA POLSKA Sp. z o.o.;(22)3803110;;
EUROVIA POLSKA Sp. z o.o.;(22)3803118;;
F.H.U. HANDRYSZ;(81)4444440;;
F.H.U. HANDRYSZ;602507987;;
F.H.U. PAWEŁ Sp.j. Józef i Anna Kalata;(18)2754573;;
F.H.U. PAWEŁ Sp.j. Józef i Anna Kalata;(18)2641354;;
F.H.U. SIEJOK Jacek Siejok;(41)2429199;;
F.H.U. SIEJOK Jacek Siejok;(41)2428799;;
F.H.U. SŁAWPOL;(12)6547731;;
F.H.U. SŁAWPOL;(12)6547732;;
F.H.U.P. ADI Artur Dudek;(12)2837492;;
F.H.U.P. ADI Artur Dudek;602771845;;
F.P.H.U. PROCAD;(12)2690035;;
F.P.H.U. PROCAD;604947172;;
F.P.H.U. Trans-Mar Mariusz Wajda;(12)2841020;;
F.P.H.U. Trans-Mar Mariusz Wajda;604126412;;
F.U.H LECH Leszek Pióro;600350969;;
Fabryka Dróg AS Sp. z o.o.;(48)3655506;;
Fabryka Dróg AS Sp. z o.o.;(48)3655505;;
FAKTORIA Polska;797293249;;
Falkon International Sp. z o.o.;727414777;;
Falkon International Sp. z o.o.;727412777;;
FART Sp. z o.o. Przedsiębiorstwo Robót Inżynieryjnych;(41)3617142;;
FART Sp. z o.o. Przedsiębiorstwo Robót Inżynieryjnych;(41)3619960;;
Fayat Polska Sp. z o.o.;(61)8531566;;
Fayat Polska Sp. z o.o.;(61)8551862;;
Fedro Sp. z o.o.;601341205;;
Fedro Sp. z o.o.;(25)6857262;;
FEL-CAR Roboty Drogowe - Transport i Roboty Ziemne;501659538;;
FERD Firma Robót Inżynieryjnych i Drogowych;(61)2864089;;
FHU AGRO-BUD Andrzej Kowalczys;(91)4261000;;
FHU AGRO-BUD Andrzej Kowalczys;(91)4261051;;
FHU ALU FAST Sławomir Rompa;531840727;;
Firma Borzyński - Zygmunt Borzyński;(71)3893790;;
Firma Budowlana DROGOWIEC Józef Paszko;(14)6812018;;
Firma Budowlana PARTNER;602212007;;
Firma Budowlana PARTNER;602340170;;
Firma Drogowa DROMAR;723525694;;
Firma Drogowa DROMAR;783742779;;
Firma Drogowo-Budowlana Jabruk;605963401;;
Firma Handlowo Usługowa VERA-VIA;(34)3656246;;
Firma Handlowo Usługowa VERA-VIA;500262873;;
Firma Handlowo-Usługowa Andrzej Cegliński;501385642;;
Firma Handlowo-Usługowa MAS-BUD;518124370;;
Firma Inżynieryjno-Drogowa DROGTOM Sp. z o.o.;(54)2333152;;
Firma Inżynieryjno-Drogowa DROGTOM Sp. z o.o.;(54)2333044;;
FIRMA JANCIOR Janeczek Paweł;(18)4447648;;
Firma MALOWANIE PASÓW;664989812;;
Firma MALOWANIE PASÓW;(77)5449318;;
Firma Ogólnobudowlana BUDMOST;(18)3333131;;
Firma Ogólnobudowlana BUDMOST;(18)3370835;;
Firma Produkcyjno Handlowo Usługowa Józef Turek;(17)5864812;;
Firma Produkcyjno Handlowo Usługowa Józef Turek;601995229;;
Firma Robót Drogowych DROGPOL Marek Knioła;(52)3860522;;
Firma STAR;601524784;;
Firma STAR;(14)6422663;;
Firma UNISTOP;(32)2472036;;
Firma UNISTOP;(32)2418315;;
Firma Usługowa Nawierzchnie Asfaltowe i Transport - Tadeusz Soból;(022)7737085;;
Firma Usługowa Nawierzchnie Asfaltowe i Transport - Tadeusz Soból;606376960;;
Firma Usługowa-Brukarstwo Nadzór i Projektowanie Dróg S.c.;(12)3852013;;
Firma Usługowa-Brukarstwo Nadzór i Projektowanie Dróg S.c.;603120033;;
Firma Usługowo-Budowlana ŻELBET;(18)4719685;;
Firma Usługowo-Budowlana ŻELBET;500125980;;
Firma Wielobranżowa ZEBRA 2 Seweryn Respondek;512548866;;
FRAGES Zakład Robót Drogowych;(59)8429704;;
FRAGES Zakład Robót Drogowych;(59)8429051;;
Freyssinet Polska Sp. z o.o.;(22)2031700;;
Freyssinet Polska Sp. z o.o.;(22)2031722;;
FREZ-BET S.c.;(89)5412551;;
FREZ-BET S.c.;603393814;;
FREZDROG;(89)5238580;;
FREZDROG;601614115;;
FREZDROM Grzegorz Kazimierczak;(25)6440374;;
FREZDROM Grzegorz Kazimierczak;(25)6407365;;
FRODROG Firma Drogowa;(58)6732558;;
FRODROG Firma Drogowa;(58)7745170;;
G&M Sp. z o.o.;(58)5630641;;
GAMA Sp. z o.o.;(32)6156850;;
GAMA Sp. z o.o.;(32)2614675;;
GamaBud 2000 Sp. z o.o.;(22)8658020-21;;
GamaBud 2000 Sp. z o.o.;(22)3538249;;
GDDKiA Oddział w Olsztynie;(89)5212800;;
GDDKiA Oddział w Olsztynie;(89)5272307;;
Generalna Dyrekcja Dróg Krajowych i Autostrad Oddział Kraków;(12)4172511;;
Generalna Dyrekcja Dróg Krajowych i Autostrad Oddział Kraków;(12)4114359;;
Generalna Dyrekcja Dróg Krajowych i Autostrad Oddział Opole;(77)4016300;;
Generalna Dyrekcja Dróg Krajowych i Autostrad Oddział Opole;(77)4544468;;
Generalna Dyrekcja Dróg Krajowych i Autostrad Oddział w Białymstoku;(85)6645800wew.800;;
Generalna Dyrekcja Dróg Krajowych i Autostrad Oddział w Białymstoku;(85)6645850wew.850;;
Generalna Dyrekcja Dróg Krajowych i Autostrad Oddział w Bydgoszczy;(052)3234500;;
Generalna Dyrekcja Dróg Krajowych i Autostrad Oddział w Bydgoszczy;(052)3234504;;
Generalna Dyrekcja Dróg Krajowych i Autostrad Oddział w Gdańsku;(58)5112400;;
Generalna Dyrekcja Dróg Krajowych i Autostrad Oddział w Gdańsku;(58)5112405;;
Generalna Dyrekcja Dróg Krajowych i Autostrad Oddział w Katowicach;(32)2586281;;
Generalna Dyrekcja Dróg Krajowych i Autostrad Oddział w Katowicach;(32)2598710;;
Generalna Dyrekcja Dróg Krajowych i Autostrad Oddział w Kielcach;(041)3457431;;
Generalna Dyrekcja Dróg Krajowych i Autostrad Oddział w Kielcach;(041)3664804;;
Generalna Dyrekcja Dróg Krajowych i Autostrad Oddział w Lublinie;(81)5327061;;
Generalna Dyrekcja Dróg Krajowych i Autostrad Oddział w Lublinie;(81)7437168;;
Generalna Dyrekcja Dróg Krajowych i Autostrad Oddział w Łodzi;(42)6622300;;
Generalna Dyrekcja Dróg Krajowych i Autostrad Oddział w Łodzi;(42)6622377;;
Generalna Dyrekcja Dróg Krajowych i Autostrad Oddział w Olsztynie;(089)5212800;;
Generalna Dyrekcja Dróg Krajowych i Autostrad Oddział w Olsztynie;(089)5273536;;
Generalna Dyrekcja Dróg Krajowych i Autostrad Oddział w Rzeszowie;(17)8534071-74;;
Generalna Dyrekcja Dróg Krajowych i Autostrad Oddział w Rzeszowie;(17)8623915;;
Generalna Dyrekcja Dróg Krajowych i Autostrad Oddział w Warszawie;(22)3758888;;
Generalna Dyrekcja Dróg Krajowych i Autostrad Oddział w Zielonej Górze;(68)3271068;;
Generalna Dyrekcja Dróg Krajowych i Autostrad Oddział w Zielonej Górze;(68)3253468;;
Generalna Dyrekcja Dróg Krajowych i Autostrad Oddział we Wrocławiu;(71)3347300;;
Generalna Dyrekcja Dróg Krajowych i Autostrad Oddział we Wrocławiu;(71)3671769;;
GEOBUD;603472078;;
GIERA Znaki Drogowe Michał Giera, Krystyna Giera Sp.j.;(89)5129486-87;;
GIERA Znaki Drogowe Michał Giera, Krystyna Giera Sp.j.;(89)5129050-51;;
GLOBTECH Krzysztof Cieśla;609567677;;
GRANAR Sp. z o.o.;600054524;;
GRANAR Sp. z o.o.;(22)3781432;;
GRANITOBRUK;664776598;;
Grawil Sp. z o.o.;(32)3408888;;
Grawil Sp. z o.o.;(32)3408889;;
Grupa Kapitałowa POL-DRÓG Sp. z o.o.;(67)2589888;;
Hermann Kirchner Polska Sp. z o.o.;(42)2916700;;
Hermann Kirchner Polska Sp. z o.o.;(42)2916701;;
HUNTER Kompleksowe Znakowanie Dróg;(061)8320676;;
HV KOMMUNALTECHNIK GMBH Sp. z o.o. Oddział w Polsce;(32)2306662;;
HV KOMMUNALTECHNIK GMBH Sp. z o.o. Oddział w Polsce;(32)2306648;;
IMKOP;(59)8331924;;
INTER METAL Sp. z o.o.;(52)3575085-86;;
INTER METAL Sp. z o.o.;(52)3575087;;
Interasphalt Sp. z o.o.;(61)6462939;;
Interasphalt Sp. z o.o.;(61)2970110;;
INVEST-INSTAL Sp. z o.o.;667345304;;
Inżynieria Budownictwa FORUM;(56)6459970;;
Inżynieria Budownictwa FORUM;663932525;;
Inżynieria Drogowa TRANSPROFIL mgr inż. Joanna Wachnicka;505527355;;
J.A.T. Usługi Techniczne i Inżynieryjne;609587710;;
Jamad Przedsiębiorstwo Budowlano-Drogowe;506107042;;
Jarosławskie Przedsiębiorstwo Robót Drogowo-Mostowych S.A.;(16)6215461;;
Jarosławskie Przedsiębiorstwo Robót Drogowo-Mostowych S.A.;(16)6215464;;
JD Inżynieria Ruchu;(22)7810238;;
JD Inżynieria Ruchu;(22)7819900;;
JOPA Sp. z o.o.;695915531;;
Jucar Bud Sp. z o.o.;(32)7679709;;
K-2;(32)4446631;;
K-2;666073641;;
Kaf-Bud;(32)4546755;;
Kaf-Bud;(32)7262335;;
KEM-Tyskie Drogi Sp. z o.o.;(32)2275563;;
KENAWI Sp. z o.o.;(22)8638114;;
Kieleckie Przedsiębiorstwo Robót Drogowych Sp. z o.o.;(41)3664543;;
Kieleckie Przedsiębiorstwo Robót Drogowych Sp. z o.o.;(41)3664462;;
KIWA Elementy Bezpieczeństwa Ruchu;(33)8124847;;
KIWA Elementy Bezpieczeństwa Ruchu;(33)8166115;;
Komunalne Przedsiębiorstwo Robót Drogowych Sp. z o.o.;(81)7443631;;
Komunalne Przedsiębiorstwo Robót Drogowych Sp. z o.o.;(81)7443632;;
KORAL Sp. z o.o.;(32)6231988;;
KORAL Sp. z o.o.;(32)6200051;;
KOSTBRUK;(62)7385497;;
KOSTBRUK;(62)7385177;;
KPRM Konstrukcje i Wyposażenie Mostów Sp. z o.o.;(32)6164572;;
KPRM Konstrukcje i Wyposażenie Mostów Sp. z o.o.;(32)2570555;;
KRAL Sp. z o.o.;(42)2111420;;
KRAL Sp. z o.o.;(42)2111981;;
KRAS Sp. z o.o.;(32)4228869;;
KRAS Sp. z o.o.;(32)4254531;;
KSI FHU;(32)4332088;;
KSI FHU;(32)4332089;;
LEAR Sp.j.;(44)6328281;;
LEAR Sp.j.;(44)6332042;;
LEXBUD Jarosław Peteja;694610363;;
LINK EUROPA A.Jastrząb, K.Jastrząb Sp.j.;(22)7734965;;
LINK EUROPA A.Jastrząb, K.Jastrząb Sp.j.;(22)7734968;;
LIRF P.H.U.P. Fornalczyk S.c.;(95)7632337;;
LOBUS;606904942;;
LOBUS;(58)6822626;;
Lubelskie Przedsiębiorstwo Robót Drogowych S.A.;(81)7462068;;
Lubelskie Przedsiębiorstwo Robót Drogowych S.A.;(81)7462294;;
LUKAM Łukasz Michalak;504824284;;
MABAU Polska Sp. z o.o.;(22)3801850;;
MABAU Polska Sp. z o.o.;(22)3801851;;
MACHAJ Sp. z o.o.;(71)3645151;;
MACHAJ Sp. z o.o.;(71)3645505;;
MAKSBUD Sp. z o.o. Przedsiębiorstwo Drogowo-Mostowe;(85)7303284;;
MAKSBUD Sp. z o.o. Przedsiębiorstwo Drogowo-Mostowe;(85)7302925;;
MARK-BUD;(77)4316139;;
Masfalt Sp. z o.o.;(22)7588981;;
Masfalt Sp. z o.o.;(22)7588976;;
MATBUD Sp. z o.o.;(55)2450015;;
Mega Bruk Jacek Sztolcman;(34)3172077;;
Mega Bruk Jacek Sztolcman;(34)3100065;;
Miejskie Przedsiębiorstwo Dróg i Mostów Sp. z o.o.;(017)8533631;;
Miejskie Przedsiębiorstwo Dróg i Mostów Sp. z o.o.;(017)8537018;;
Miejskie Przedsiębiorstwo Robót Drogowych Sp. z o.o.;(41)2651510;;
Miejskie Przedsiębiorstwo Robót Drogowych Sp. z o.o.;(41)2654683;;
MOSTBUD;692483144;;
MOSTY KATOWICE Sp. z o.o.;(32)6033400;;
MOSTY KATOWICE Sp. z o.o.;(32)6033412;;
MOSTY ŚLĄSK Sp. z o.o.;(32)2571944;;
Mota-Engil Central Europe S.A.;(12)6648000;;
Mota-Engil Central Europe S.A.;(12)6648001;;
MP PROJEKT;(22)7712197;;
MP PROJEKT;(22)3539724;;
MP-MOSTY Sp. z o.o.;(12)2629599;;
MP-MOSTY Sp. z o.o.;(12)2597090;;
MSR TRAFFIC Sp. z o.o.;(061)8142525;;
MSR TRAFFIC Sp. z o.o.;(061)8161423;;
Multi-Krusz;(74)6652099;;
MUR-BET Firma Drogowo-Budowlana;602238095;;
MUR-BET Firma Drogowo-Budowlana;(61)8423017;;
NASCON Sp. z o.o.;(32)2197922;;
NASCON Sp. z o.o.;604522424;;
Negocjator Cen;508563860;;
NORDBUD Sp. z o.o.;(58)6274417;;
NORDBUD Sp. z o.o.;601652281;;
Nordvik Krzysztof Wróbel i Synowie Sp.j. Firma Drogowa;(58)6787647;;
Nordvik Krzysztof Wróbel i Synowie Sp.j. Firma Drogowa;606661225;;
Nortex P.P.U.H.;(61)8737070;;
Nortex P.P.U.H.;(61)8737073;;
Nowak-Mosty Sp. z o.o.;503963730;;
Nowak-Mosty Sp. z o.o.;(32)7615222;;
NYNAS Sp. z o.o.;(91)4623121;;
NYNAS Sp. z o.o.;(91)4623188;;
Oleckie Przedsiębiorstwo Drogowo-Mostowe Sp. z o.o.;(087)5203015;;
ORLEN Asfalt Sp. z o.o.;(24)3653827;;
ORLEN Asfalt Sp. z o.o.;(24)3655596;;
P.H.U. FIEDOR S.c.;(32)7713053;;
P.H.U. FIEDOR S.c.;509388853;;
P.H.U. MANEX-BIS;608324114;;
P.H.U. Pagro Sp. z o.o.;(12)4118024;;
P.H.U. Pagro Sp. z o.o.;(12)4134030;;
P.H.U. TKACZ;609662423;;
P.H.U. UKASZ;505175092;;
P.H.U.P. GER-POL Sp.j. A.Będkowski, J.Będkowska;(32)2654350;;
P.P.H. ADRO;(94)3466055-56;;
P.P.H. ADRO;(94)3466057;;
P.P.H.U MAXDROGI;(33)8101487;;
P.P.H.U MAXDROGI;503098677;;
P.P.H.U POL-SKÓR;(61)4266670;;
P.P.H.U POL-SKÓR;602274363;;
P.P.H.U. MARKAB;(22)8939040;;
P.P.H.U. MARKAB;602538225;;
P.P.H.U. SODREX S.c.;(43)6772302;;
P.P.H.U. SODREX S.c.;603911243;;
P.P.U.H. ERPLAST Zakład Pracy Chronionej Krzysztof Rymer;(52)3299031-32;;
P.P.U.H. ERPLAST Zakład Pracy Chronionej Krzysztof Rymer;(52)3606000;;
P.P.U.H. PrOWERk Sp. z o.o.;(12)4223336;;
P.P.U.H. PrOWERk Sp. z o.o.;(12)6197541;;
P.U.H. PALIAN Sp. z o.o.;(32)2182318;;
P.U.P.H. Drogbud;(33)8775062;;
P.U.P.H. Drogbud;(33)8775867;;
P.U.R. EWBUD;(48)3121185;;
P.U.R. EWBUD;(22)8380832;;
P.W. Droseb S.c. Agnieszka i Sebastian Myślińscy;(33)8182669;;
P.W. EDAR Artur Mucha;(33)8671254;;
P.W. ETA Paweł Matwiejczuk;(32)2615733;;
P.W. ETA Paweł Matwiejczuk;(32)2624691;;
P.W. SOLO Tomasz Koczyński;(52)3368552;;
P.W. SOLO Tomasz Koczyński;603948501;;
Pasmal S.c. Anita Żytczak, Dionizy Żytczak;697703465;;
Pasmal S.c. Anita Żytczak, Dionizy Żytczak;502217490;;
PBD KAMBUD;(68)3564315;;
PBD KAMBUD;502454212;;
PBiUDiM Sp. z o.o.;(071)3891422;;
PBiUDiM Sp. z o.o.;(071)3892536;;
PDiM Sp. z o.o.;(55)2326408;;
PDiM Sp. z o.o.;(55)2324531;;
PDM Unidrog Sp. z o.o.;(86)2726902;;
PDM Unidrog Sp. z o.o.;(86)2726901;;
PERFECT Sp. z o.o. Przedsiębiorstwo Budowlane;(41)3018032;;
PERFECT Sp. z o.o. Przedsiębiorstwo Budowlane;(41)3480888;;
PERFEKT Sp.j.;(48)3850860;;
PERFEKTO-BRUK;511686788;;
PFRD BRUK;(33)8520638;;
PFRD BRUK;502337494;;
PHU MJOLNIR;515455169;;
PHU Towemo-Roboty Drogowe;(22)7885339;;
PHU Towemo-Roboty Drogowe;604894488;;
PHU Transmar;(48)3656238;;
PHU Transmar;(48)3651595;;
Piast Sp. z o.o.;(12)6460000;;
Piast Sp. z o.o.;(12)6460011;;
PL-BITUNOVA Sp. z o.o.;(77)4830730;;
PL-BITUNOVA Sp. z o.o.;(77)4872179;;
Podhalańskie Przedsiębiorstwo Drogowo-Mostowe S.A. w Nowym Targu;(018)2662887;;
Podhalańskie Przedsiębiorstwo Drogowo-Mostowe S.A. w Nowym Targu;(018)2666474;;
POL-BUD Nysa;(77)4338954;;
POL-BUD Nysa;600388954;;
POL-DRÓG Gdańsk Sp. z o.o.;(58)3014368;;
POL-DRÓG Gdańsk Sp. z o.o.;(58)3019013;;
POL-DRÓG Sp. z o.o. Białogard;(94)3124848;;
POL-DRÓG Sp. z o.o. Białogard;(94)3110336;;
POL-DRÓG Sp. z o.o. Chodzież;(67)2822146;;
POL-DRÓG Sp. z o.o. Chodzież;(67)2820243;;
POL-DRÓG Sp. z o.o. Chojnice;(52)3950760;;
POL-DRÓG Sp. z o.o. Chojnice;(52)3950771;;
POL-DRÓG Sp. z o.o. Czarnków;(67)2552824;;
POL-DRÓG Sp. z o.o. Czarnków;(67)2552221;;
POL-DRÓG Sp. z o.o. Człuchów;(59)8341061;;
POL-DRÓG Sp. z o.o. Człuchów;(59)8341062;;
POL-DRÓG Sp. z o.o. Dolny Śląsk;(71)3142029;;
POL-DRÓG Sp. z o.o. Dolny Śląsk;(71)3143515;;
POL-DRÓG Sp. z o.o. Dolny Śląsk Oddział Wieluń-Kamionka;(43)8412726;;
POL-DRÓG Sp. z o.o. Dolny Śląsk Oddział Wieluń-Kamionka;(43)8412730;;
POL-DRÓG Sp. z o.o. Drawsko Pomorskie;(94)3632075;;
POL-DRÓG Sp. z o.o. Drawsko Pomorskie;(94)3632506;;
POL-DRÓG Sp. z o.o. Konin;(63)2421677;;
POL-DRÓG Sp. z o.o. Kościan;(65)5121662;;
POL-DRÓG Sp. z o.o. Kościan;(65)5120663;;
POL-DRÓG Sp. z o.o. Legnica;(76)8625589;;
POL-DRÓG Sp. z o.o. Legnica;(76)8524366;;
POL-DRÓG Sp. z o.o. Lębork;(59)8623911;;
POL-DRÓG Sp. z o.o. Lębork;(59)8621721;;
POL-DRÓG Sp. z o.o. Nakło nad Notecią;(52)3863061;;
POL-DRÓG Sp. z o.o. Piła;(67)3526820;;
POL-DRÓG Sp. z o.o. Piła;(67)3526840;;
POL-DRÓG Sp. z o.o. Poznań;(61)6501485-86;;
POL-DRÓG Sp. z o.o. Poznań;(61)6501483;;
POL-DRÓG Sp. z o.o. Słupca;(63)2771465;;
POL-DRÓG Sp. z o.o. Słupca;(63)2771471;;
POL-DRÓG Sp. z o.o. Toruń;(56)4983002;;
POL-DRÓG Sp. z o.o. Warszawa;(22)4875160;;
POL-DRÓG Sp. z o.o. Warszawa;(22)8322110;;
POL-DRÓG Sp. z o.o. Wrocław;(71)3539130;;
POLDRUG Zbigniew Kaczorowski;(25)6759060;;
POLDRUG Zbigniew Kaczorowski;604097236;;
Powiatowy Zarząd Dróg w Krotoszynie;(62)7226531;;
PPHU Drogbud S.c. Karolina Osowska, Marta Osowska;(32)2482401;;
PPU ANIOŁ S.c.;(22)8950609;;
PPUH MATECH;602526643;;
PPUH Podkowa Sp.j.;(22)8126028;;
PPUH Podkowa Sp.j.;(22)8126038;;
PRBM BUDOMONTAŻ;(74)8334729;;
PRBM BUDOMONTAŻ;(74)8335331;;
PRD POL-DRÓG Sp. z o.o. Nowogard;(91)3921736;;
PRD POL-DRÓG Sp. z o.o. Nowogard;(91)3920546;;
PRInż MOSTY Sp. z o.o.;(32)3142435;;
PRInż MOSTY Sp. z o.o.;(32)3142436;;
PRInż-1 Sp. z o.o.;(32)3520461-62;;
PRInż-1 Sp. z o.o.;(32)2552198;;
PRISOL Wynajem Walców Drogowych Wibracyjnych;(32)2658236;;
PRISOL Wynajem Walców Drogowych Wibracyjnych;601502980;;
Pro-Perfect S.c.;(017)8563183;;
Pro-Perfect S.c.;(017)8632391;;
PROGI Piotr Piwowarski Sp.j.;(81)4417337;;
PROGI Piotr Piwowarski Sp.j.;(81)4417324;;
Projektowanie Dróg Krzysztof Besiński;(16)6232409;;
Projektowanie Dróg Krzysztof Besiński;510303635;;
Projektowanie i Nadzór Budowy Dróg i Mostów Zbigniew Radziszewski;(86)2771064;;
Projektowanie i Nadzór Budowy Dróg i Mostów Zbigniew Radziszewski;604591683;;
Projekty Organizacja Ruchu mgr Norbert Kalitka;601983728;;
PROKAN;(22)8721834;;
PROKAN;506030279;;
PROKOM;509661346;;
PROKOM;(12)2693509;;
PRYZMA Przedsiębiorstwo Wielobranżowe;(71)3512401;;
PRYZMA Przedsiębiorstwo Wielobranżowe;601748179;;
Przedsiębiorstwo Budowlane BUDRO;(61)2970180;;
Przedsiębiorstwo Budowlane BUDRO;(61)6102206;;
Przedsiębiorstwo Budowlane COMPLEX-BUD;(71)3184531;;
Przedsiębiorstwo Budowlane COMPLEX-BUD;(71)3184532;;
Przedsiębiorstwo Budowlane DROGBUD Radosław Malec & Stanisław Wójcik;605620888;;
Przedsiębiorstwo Budowlane DROGBUD Radosław Malec & Stanisław Wójcik;(41)2495457;;
Przedsiębiorstwo Budowlano-Drogowe WĄS-BUD Józef Wąsowicz;(12)4235430;;
Przedsiębiorstwo Budowlano-Drogowe WĄS-BUD Józef Wąsowicz;(12)6565733;;
Przedsiębiorstwo Budowlano-Inwestycyjne;501452928;;
Przedsiębiorstwo Budowlano-Inżynieryjne TELBUD;(32)2064136;;
Przedsiębiorstwo Budowlano-Inżynieryjne TELBUD;(32)2063087;;
Przedsiębiorstwo Budowlano-Usługowe ZIBUD Grzegorz Zając;(18)3323408;;
Przedsiębiorstwo Budowlano-Usługowe ZIBUD Grzegorz Zając;601640723;;
Przedsiębiorstwo Budownictwa Drogowego Budrog Sp. z o.o.;(42)6871231;;
Przedsiębiorstwo Budownictwa Drogowego Budrog Sp. z o.o.;(42)6889868;;
Przedsiębiorstwo Budownictwa Drogowego Daniel Panuś;(24)2636262;;
Przedsiębiorstwo Budownictwa Drogowego Daniel Panuś;501722530;;
Przedsiębiorstwo Budownictwa Drogowego S.A.;(62)7649619;;
Przedsiębiorstwo Budownictwa Drogowego S.A.;(62)7649715;;
Przedsiębiorstwo Budownictwa Inżynieryjnego ENERGOPOL Sp. z o.o.;(12)4273080;;
Przedsiębiorstwo Budownictwa Inżynieryjnego ENERGOPOL Sp. z o.o.;(12)4273098;;
Przedsiębiorstwo Budownictwa Komunikacyjnego MOSTAR Sp. z o.o.;(87)6432835;;
Przedsiębiorstwo Budownictwa Komunikacyjnego MOSTAR Sp. z o.o.;(87)6434997;;
Przedsiębiorstwo Budownictwa Lądowego MAZOWIECKIE MOSTY Sp. z o.o.;(25)7588416;;
Przedsiębiorstwo Budownictwa Lądowego MAZOWIECKIE MOSTY Sp. z o.o.;(25)7594246;;
Przedsiębiorstwo Budowy Dróg DROGOPOL-ZW Sp. z o.o.;(32)2581458;;
Przedsiębiorstwo Budowy Dróg DROGOPOL-ZW Sp. z o.o.;(32)2581490;;
Przedsiębiorstwo Budowy Dróg i Kanalizacji NOVIA;(32)2198140;;
Przedsiębiorstwo Budowy Dróg i Mostów DROMO Sp. z o.o.;(89)6429600;;
Przedsiębiorstwo Budowy Dróg i Mostów DROMO Sp. z o.o.;(89)6429601;;
Przedsiębiorstwo Budowy Dróg i Mostów ERBEDIM Sp. z o.o.;(44)6491051;;
Przedsiębiorstwo Budowy Dróg i Mostów ERBEDIM Sp. z o.o.;(44)6491399;;
Przedsiębiorstwo Budowy Dróg i Mostów KOBYLARNIA S.A.;(52)3810428;;
Przedsiębiorstwo Budowy Dróg i Mostów KOBYLARNIA S.A.;(52)3810488;;
Przedsiębiorstwo Budowy Dróg i Mostów S.A.;(17)2243051;;
Przedsiębiorstwo Budowy Dróg i Mostów S.A.;(17)2420430;;
Przedsiębiorstwo Budowy Dróg i Mostów Sp. z o.o.;(52)3800300;;
Przedsiębiorstwo Budowy Dróg i Mostów Sp. z o.o.;(52)3800303;;
Przedsiębiorstwo Budowy Dróg i Mostów Sp. z o.o.;(25)7584226;;
Przedsiębiorstwo Budowy Dróg i Mostów Sp. z o.o.;(25)7596059;;
Przedsiębiorstwo Budowy Dróg Roman Dyba Sp. z o.o.;(61)8300361;;
Przedsiębiorstwo Budowy Dróg Roman Dyba Sp. z o.o.;(61)8325361;;
Przedsiębiorstwo Budowy Dróg S.A.;(58)5623891;;
Przedsiębiorstwo Budowy Dróg S.A.;(58)7751300;;
Przedsiębiorstwo Budowy Dróg w Bielczynach;(56)6459036;;
Przedsiębiorstwo Budowy Dróg w Bielczynach;(56)6459550;;
Przedsiębiorstwo Drogowe BAZALT Zbigniew Hrynkiewicz;(55)2771516;;
Przedsiębiorstwo Drogowe BAZALT Zbigniew Hrynkiewicz;(55)2771573;;
Przedsiębiorstwo Drogowe DROGBUD-Gostyń Sp. z o.o.;(65)5739157;;
Przedsiębiorstwo Drogowe EFEKTAR Sp. z o.o. Sp.komandytowa;(14)6554751;;
Przedsiębiorstwo Drogowe EFEKTAR Sp. z o.o. Sp.komandytowa;(14)6554752;;
Przedsiębiorstwo Drogowe GDYNIA;(58)6639647;;
Przedsiębiorstwo Drogowe GDYNIA;(58)6639687;;
Przedsiębiorstwo Drogowe LAMBDAR Sp. z o.o.;(42)2507474;;
Przedsiębiorstwo Drogowe LAMBDAR Sp. z o.o.;(42)2507475;;
Przedsiębiorstwo Drogowe SOKOLIK;(85)6620770;;
Przedsiębiorstwo Drogowe WOJTRANS;(41)3861252;;
Przedsiębiorstwo Drogowe WOJTRANS;(41)3866340;;
Przedsiębiorstwo Drogowo Inżynieryjne KAREX;(62)7629875;;
Przedsiębiorstwo Drogowo-Budowlane HARAT Sp.j.;(59)8575985;;
Przedsiębiorstwo Drogowo-Budowlane HARAT Sp.j.;697890007;;
Przedsiębiorstwo Drogowo-Mostowe GODROM Sp. z o.o.;(18)3548030;;
Przedsiębiorstwo Drogowo-Mostowe GODROM Sp. z o.o.;(18)3548032;;
Przedsiębiorstwo Drogowo-Mostowe S.A.;(87)5635300;;
Przedsiębiorstwo Drogowo-Mostowe S.A.;(87)5635315;;
Przedsiębiorstwo Drogowo-Mostowe Sp. z o.o.;(059)8433005;;
Przedsiębiorstwo Drogowo-Mostowe Sp. z o.o.;(059)8433884;;
Przedsiębiorstwo Drogowo–Mostowe DROMOST Sp. z o.o.;(61)2823607;;
Przedsiębiorstwo Drogowo–Mostowe DROMOST Sp. z o.o.;(61)2823597;;
Przedsiębiorstwo Dróg i Ulic Leszno Sp. z o.o.;(65)5299332;;
Przedsiębiorstwo Dróg i Ulic Leszno Sp. z o.o.;(65)5299366;;
Przedsiębiorstwo DUBR Sp. z o.o.;(41)3452610;;
Przedsiębiorstwo DUBR Sp. z o.o.;(41)3462960;;
Przedsiębiorstwo Eksploatacji Ulic i Mostów Sp. z o.o.;(85)6530773;;
Przedsiębiorstwo Eksploatacji Ulic i Mostów Sp. z o.o.;(85)6540002;;
Przedsiębiorstwo Handlowo-Usługowe M&M Ewa Mikucka;(24)2753474;;
Przedsiębiorstwo Handlowo-Usługowe M&M Ewa Mikucka;600851425;;
Przedsiębiorstwo Handlowo-Usługowe Tadeusz Ćwik;(71)3898913;;
Przedsiębiorstwo Handlowo-Usługowe Tadeusz Ćwik;605419602;;
Przedsiębiorstwo Instalacji Sanitarnych INSBUD Sp. z o.o.;(14)6224278;;
Przedsiębiorstwo Instalacji Sanitarnych INSBUD Sp. z o.o.;(14)6264133;;
Przedsiębiorstwo Inżynieryjne IMB Podbeskidzie Sp. z o.o.;(33)8532565;;
Przedsiębiorstwo Inżynieryjne IMB Podbeskidzie Sp. z o.o.;(33)8532566;;
Przedsiębiorstwo Inżynieryjno-Drogowe DUR-FAN;(71)3542086;;
Przedsiębiorstwo Inżynieryjno-Drogowe DUR-FAN;(71)3542580;;
Przedsiębiorstwo MIK Roboty Ziemne i Drogowe Jan Miklewski;(023)6792387;;
Przedsiębiorstwo MIK Roboty Ziemne i Drogowe Jan Miklewski;(023)6792883;;
Przedsiębiorstwo MOSTOWIAK;662639077;;
Przedsiębiorstwo POL-ELTOR Sp. z o.o.;(62)7405423;;
Przedsiębiorstwo POL-ELTOR Sp. z o.o.;603513555;;
Przedsiębiorstwo Produkcyjne EL-KO Andrzej Grabowski;(77)4746750;;
Przedsiębiorstwo Produkcyjne EL-KO Andrzej Grabowski;601746750;;
Przedsiębiorstwo Produkcyjno Handlowo-Handlowe ZNAK S.c.;(61)2829836;;
Przedsiębiorstwo Produkcyjno-Usługowe Drogownictwa S.A.;(83)3411600;;
Przedsiębiorstwo Produkcyjno-Usługowe Drogownictwa S.A.;(83)3411660;;
Przedsiębiorstwo Projektowo-Wykonawcze EURODROGA;(32)2125389;;
Przedsiębiorstwo REMASZ;(42)2155712;;
Przedsiębiorstwo REMASZ;(42)2153033;;
Przedsiębiorstwo Remontów Ulic i Mostów S.A.;(32)2704000;;
Przedsiębiorstwo Remontów Ulic i Mostów S.A.;(32)2704004;;
Przedsiębiorstwo Robót Budowlanych i Drogowych TREBOR;(22)7873031;;
Przedsiębiorstwo Robót Drogowo Mostowych S.A.;(62)7303307;;
Przedsiębiorstwo Robót Drogowo Mostowych S.A.;(62)7302524;;
Przedsiębiorstwo Robót Drogowo-Budowlanych S.A.;(24)2352086-87;;
Przedsiębiorstwo Robót Drogowo-Kolejowych DROKOL;(56)6232046;;
Przedsiębiorstwo Robót Drogowo-Kolejowych DROKOL;509907510;;
Przedsiębiorstwo Robót Drogowo-Mostowych S.A.;(63)2720206;;
Przedsiębiorstwo Robót Drogowo-Mostowych S.A.;(63)2721400;;
Przedsiębiorstwo Robót Drogowo-Mostowych S.A.;(18)4482400;;
Przedsiębiorstwo Robót Drogowo-Mostowych S.A.;(18)4482499;;
Przedsiębiorstwo Robót Drogowo-Mostowych Sp. z o.o.;(84)6643661;;
Przedsiębiorstwo Robót Drogowo-Mostowych Sp. z o.o.;(15)8721214;;
Przedsiębiorstwo Robót Drogowo-Mostowych Sp. z o.o.;(15)8720489;;
Przedsiębiorstwo Robót Drogowo-Mostowych Sp. z o.o.;(086)2723232;;
Przedsiębiorstwo Robót Drogowo-Mostowych Sp. z o.o.;(086)2723231;;
Przedsiębiorstwo Robót Drogowo-Mostowych Sp. z o.o.;(084)6962002-03;;
Przedsiębiorstwo Robót Drogowo-Mostowych Sp. z o.o.;(084)6964807;;
Przedsiębiorstwo Robót Drogowo-Mostowych Sp. z o.o.;(15)8682033-34;;
Przedsiębiorstwo Robót Drogowo-Mostowych Sp. z o.o.;(15)8682107;;
Przedsiębiorstwo Robót Drogowo-Mostowych w Lublinie S.A.;(81)5318270;;
Przedsiębiorstwo Robót Drogowo-Mostowych w Lublinie S.A.;(81)5318280;;
Przedsiębiorstwo Robót Drogowych DROBUD Sp. z o.o.;(56)6882008;;
Przedsiębiorstwo Robót Drogowych DROBUD Sp. z o.o.;(56)6881783;;
Przedsiębiorstwo Robót Drogowych i Inżynieryjnych HYDROGEO Sp. z o.o.;(22)3578122;;
Przedsiębiorstwo Robót Drogowych i Inżynieryjnych HYDROGEO Sp. z o.o.;728313528;;
Przedsiębiorstwo Robót Drogowych i Mostowych S.A.;(77)4827180;;
Przedsiębiorstwo Robót Drogowych i Mostowych S.A.;(77)4827108;;
Przedsiębiorstwo Robót Drogowych i Mostowych S.A.;(44)6350310;;
Przedsiębiorstwo Robót Drogowych i Mostowych S.A.;(44)6350040;;
Przedsiębiorstwo Robót Drogowych LUBARTÓW S.A.;(81)8552301;;
Przedsiębiorstwo Robót Drogowych LUBARTÓW S.A.;(81)8552023;;
Przedsiębiorstwo Robót Drogowych MPRD Sp. z o.o.;(32)2482088-89;;
Przedsiębiorstwo Robót Drogowych Regionalne Drogi Podlaskie Sp. z o.o.;(25)6441272;;
Przedsiębiorstwo Robót Drogowych Regionalne Drogi Podlaskie Sp. z o.o.;(25)6327803;;
Przedsiębiorstwo Robót Drogowych S.A.;(091)3921736;;
Przedsiębiorstwo Robót Drogowych S.A.;(091)3921786;;
Przedsiębiorstwo Robót Drogowych S.A.;(83)3439105;;
Przedsiębiorstwo Robót Drogowych S.A.;(83)3439205;;
Przedsiębiorstwo Robót Drogowych Sp. z o.o.;(75)7223071;;
Przedsiębiorstwo Robót Drogowych Sp. z o.o.;(75)7223072;;
Przedsiębiorstwo Robót Drogowych SPEC-DRÓG Sp. z o.o.;(54)2323844;;
Przedsiębiorstwo Robót Drogowych SPEC-DRÓG Sp. z o.o.;(54)2325244;;
Przedsiębiorstwo Robót Drogowych w Płocku S.A.;(24)3640481-82;;
Przedsiębiorstwo Robót Drogowych w Płocku S.A.;(24)3640480;;
Przedsiębiorstwo Robót Drogowych w Poddębicach S.A.;(43)6782304;;
Przedsiębiorstwo Robót Drogowych w Poddębicach S.A.;(43)6784731;;
Przedsiębiorstwo Robót Inżynieryjno Drogowych i Budowlanych GWARANT;(89)5144122;;
Przedsiębiorstwo Robót Inżynieryjno Drogowych i Budowlanych GWARANT;504242519;;
Przedsiębiorstwo Robót Inżynieryjno Drogowych S.A.;(61)4422310;;
Przedsiębiorstwo Robót Inżynieryjno Drogowych S.A.;(61)4422208;;
Przedsiębiorstwo Robót Inżynieryjno-Drogowych KRĘŻEL Sp. z o.o.;(59)8429982;;
Przedsiębiorstwo Robót Inżynieryjno-Drogowych KRĘŻEL Sp. z o.o.;(59)8410780;;
Przedsiębiorstwo Robót Inżynieryjno-Drogowych w Grójcu Sp. z o.o.;(48)6642073;;
Przedsiębiorstwo Robót Inżynieryjno-Drogowych w Grójcu Sp. z o.o.;(48)6643611;;
Przedsiębiorstwo Robót Inżynieryjno-Melioracyjnych EKOBUD-STAROGARD Sp. z o.o.;(58)5623446-48;;
Przedsiębiorstwo Robót Inżynieryjno-Melioracyjnych EKOBUD-STAROGARD Sp. z o.o.;603846777;;
Przedsiębiorstwo Robót Inżynieryjnych Centrum Sp. z o.o.;(58)3411627;;
Przedsiębiorstwo Robót Inżynieryjnych Centrum Sp. z o.o.;(58)3418631;;
Przedsiębiorstwo Robót Inżynieryjnych K.B.I.;506038653;;
Przedsiębiorstwo Robót Inżynieryjnych K.B.I.;(32)2009020;;
Przedsiębiorstwo Robót Mostowych MOSTAR Sp. z o.o.;(91)5787531;;
Przedsiębiorstwo Robót Mostowych MOSTAR Sp. z o.o.;(91)5787533;;
Przedsiębiorstwo Robót Mostowych MOSTY - ŁÓDŹ S.A.;(42)6863292;;
Przedsiębiorstwo Robót Mostowych MOSTY - ŁÓDŹ S.A.;(42)6864913;;
Przedsiębiorstwo Usług Drogowo-Budowlanych Mikołaj Żurek;695108802;;
Przedsiębiorstwo Usług Drogowo-Budowlanych Mikołaj Żurek;(61)2827379;;
Przedsiębiorstwo Usług Technicznych INTERCOR Sp. z o.o.;(32)6715304;;
Przedsiębiorstwo Usług Technicznych INTERCOR Sp. z o.o.;(32)6715307;;
Przedsiębiorstwo Usługowe DROGREM;(34)3274747;;
Przedsiębiorstwo Usługowe DROGREM;(34)3274872;;
Przedsiębiorstwo Usługowe ZNAK;(75)7556010;;
Przedsiębiorstwo Usługowe ZNAK;601220403;;
Przedsiębiorstwo Usługowo-Budowlane INFRAKOM Sp. z o.o.;(68)3471665;;
Przedsiębiorstwo Usługowo-Handlowe DROGPOL Sp. z o.o.;(34)3147092;;
Przedsiębiorstwo Usługowo-Handlowe DROGPOL Sp. z o.o.;(34)3145130;;
Przedsiębiorstwo Usługowo-Handlowe KALPLAST M.Kolmas, A.Wietecha, A.Karski Sp.j.;(034)3610209;;
Przedsiębiorstwo Usługowo-Produkcyjne EUROASFALT Sp. z o.o.;(89)5272775;;
Przedsiębiorstwo Usługowo-Produkcyjne EUROASFALT Sp. z o.o.;602752313;;
Przedsiębiorstwo Wielobranżowe ALMIX inż. Alfred Milian;(32)3312357;;
Przedsiębiorstwo Wielobranżowe ALMIX inż. Alfred Milian;(32)3312296;;
Przedsiębiorstwo Wielobranżowe BISEK;(71)3570725;;
Przedsiębiorstwo Wielobranżowe BISEK;(71)3736481;;
Przedsiębiorstwo Wielobranżowe JAWOR;785453017;;
Przedsiębiorstwo Wielobranżowe Krzysztof Zając;(74)8457760;;
Przedsiębiorstwo Wielobranżowe MARYNOWSKI Jan Marynowski;(77)4185407;;
Przedsiębiorstwo Wielobranżowe MARYNOWSKI Jan Marynowski;501178457;;
Przedsiębiorstwo Wielobranżowe RADEX Sp. z o.o.;(33)8158168;;
Przedsiębiorstwo Wielobranżowe RADEX Sp. z o.o.;(33)8113835;;
Przedsiębiorstwo Wielobranżowe WODREX Sp. z o.o.;(81)7481434;;
Przedsiębiorstwo Wielobranżowe WODREX Sp. z o.o.;602308470;;
Przybud Sp. z o.o.;(71)3400291;;
Przybud Sp. z o.o.;(71)3400299;;
PUH TRANS-ROL Adam Gruba;(17)8710128;;
PUH TRANS-ROL Adam Gruba;602746553;;
PUHP ALBUD Stanisław Halbina;(12)2831020;;
RASZEWSKI & SYN;(63)2445306;;
RASZEWSKI & SYN;(63)2443319;;
RDM Śródmieście Sp. z o.o.;(12)4150771;;
RDM Śródmieście Sp. z o.o.;(12)4150701;;
Rejon Budowy Dróg i Mostów w Krośnie Sp. z o.o.;(013)4323461;;
Rejon Budowy Dróg i Mostów w Krośnie Sp. z o.o.;(013)4323806;;
Rejon Dróg Miejskich NOWA HUTA Sp. z o.o.;(12)6534039;;
Rejon Dróg Miejskich NOWA HUTA Sp. z o.o.;(12)6534041;;
Rejon Utrzymania i Budowy Dróg Sp. z o.o.;(12)6370369;;
Rejon Utrzymania i Budowy Dróg Sp. z o.o.;(12)6340582;;
REM-DRÓG Sp. z o.o.;(32)2459090;;
REM-DRÓG Sp. z o.o.;601423444;;
REMAAG;(32)4312025;;
REMAAG;(32)4316050;;
REMAT Sp. z o.o.;(71)3735100;;
REMAT Sp. z o.o.;(71)3592712;;
REMDRO S.A.;(71)3251476;;
REMDRO S.A.;(71)3251733;;
Remost;(14)6812285;;
Remost;(14)6813741;;
RESTAL Sp. z o.o.;(77)4573835;;
RESTAL Sp. z o.o.;(77)4573836;;
REZ-DROGPOL S.c.;(34)3604024;;
REZ-DROGPOL S.c.;601501046;;
ROAD SERVICE;(33)8164440;;
ROAD SERVICE;(33)8164439;;
Roboty Ziemne Budowlane i Drogowe Tadeusz Szczepański;(52)3878504;;
Roboty Ziemne-Budowlane MRÓZ;(22)7845915;;
RONDO Budownictwo Drogowe;(25)6435806;;
RONDO Budownictwo Drogowe;600887814;;
ROTOMAT Sp. z o.o.;(71)3543772;;
ROTOMAT Sp. z o.o.;(71)3543393;;
RTON Polska Sp. z o.o.;884887841;;
RTON Polska Sp. z o.o.;884887840;;
Rybnickie Przedsiębiorstwo Budownictwa Drogowego S.A.;(32)4221481;;
Rybnickie Przedsiębiorstwo Budownictwa Drogowego S.A.;(32)4221482;;
SAFEROAD Sp. z o.o.;(54)4125555;;
SAFEROAD Sp. z o.o.;(54)4125550;;
SAFEROAD Sp. z o.o. Oddział Gdańsk;(54)4125555;;
SAFEROAD Sp. z o.o. Oddział Gdańsk;(54)4125550;;
SALDROG Sp. z o.o.;604333800;;
SALDROG Sp. z o.o.;(91)5731576;;
SANDPOL;(48)3833148;;
SANDPOL;(48)6757974;;
SAT Sp. z o.o.;(71)3132828;;
SAT Sp. z o.o.;(71)3134226;;
SBD Sp. z o.o.;(95)7631139;;
SBD Sp. z o.o.;(95)7631169;;
SECUTEC Sp. z o.o.;(76)8781022;;
SECUTEC Sp. z o.o.;(76)8704620;;
SEGA SERWIS Znaki Drogowe;(56)6748367;;
SEGA SERWIS Znaki Drogowe;(56)6812508;;
Serpentyna;(12)6572601;;
Serpentyna;(12)2558855;;
SERVITRANS Sp. z o.o.;(32)2676421;;
SERVITRANS Sp. z o.o.;(32)7626504;;
SIDROG Sp. z o.o.;(43)8290602;;
SIDROG Sp. z o.o.;(43)8291585;;
SIG Polska Sp. z o.o.;607075476;;
SIG Polska Sp. z o.o.;(22)4869070;;
Sigmateq Polska;(61)6390136;;
Sigmateq Polska;(61)6390148;;
SIGNALCO Ltd. Sp. z o.o.;(12)2800525;;
SIGNALCO Ltd. Sp. z o.o.;(12)2807013;;
SILESIA ASFALTY Sp. z o.o.;(32)3318342;;
SILESIA ASFALTY Sp. z o.o.;(32)3318342w.12;;
SKABET Artur Skałka;697992091;;
Sklep Drogowy ZALPOL Piotr Zalewski;502460336;;
Sklep Internetowy CITYMETAL - GRUPA PROSIGMA;(76)8622047;;
Sklep Internetowy CITYMETAL - GRUPA PROSIGMA;(76)8522469;;
SOHO;(32)7907868;;
SOHO;(32)7204983;;
Spółdzielnia Kółek Rolniczych (SKR Żabia Wola);(46)8578290;;
Spółdzielnia Kółek Rolniczych (SKR Żabia Wola);507039430;;
Spółdzielnia Pracy Robót Komunikacyjnych SPOLBUD;(71)3437539;;
Sprzęt-Drog S.c.;501744824;;
Sprzęt-Drog S.c.;604232533;;
Stalexport Autostrady S.A.;(32)7627545;;
Stalexport Autostrady S.A.;(32)7627556;;
Stalexport Transroute Autostrada S.A.;(32)7627350;;
Stalexport Transroute Autostrada S.A.;(32)7627355;;
Starnex;(58)3067074;;
Starnex;609001617;;
Stowarzyszenie Partnerstwo dla Bezpieczeństwa Drogowego;(22)8299430;;
Stowarzyszenie Partnerstwo dla Bezpieczeństwa Drogowego;(22)8299431;;
STRADA;(32)4716788;;
STRADA;502126252;;
Strada & Segno Sp. z o.o.;(034)3635375;;
Strada & Segno Sp. z o.o.;(034)3661966;;
Sudeckie Przedsiębiorstwo Robót Drogowych Sp. z o.o.;(75)7521662;;
Świdnickie Przedsiębiorstwo Budowy Dróg i Mostów Sp. z o.o.;(74)8520061;;
Świdnickie Przedsiębiorstwo Budowy Dróg i Mostów Sp. z o.o.;(74)8521738;;
TAR-BUD;600270850;;
TARCOPOL Sp. z o.o.;(41)2732430;;
TARCOPOL Sp. z o.o.;(41)2733436;;
TARCOPOL Sp. z o.o. Oddział Wrocław TPM-Consulting;(71)7954025;;
TARCOPOL Sp. z o.o. Oddział Wrocław TPM-Consulting;(71)7954023;;
TECH-LINE S.c. Bartłomiej Słodziak, Jakub Smolak;(74)8339784;;
TECH-LINE S.c. Bartłomiej Słodziak, Jakub Smolak;505257534;;
TIOMAN Grzegorz Kończalski Sp.j.;(56)6557799;;
TIOMAN Grzegorz Kończalski Sp.j.;(56)6238806;;
TMVIA Sp. z o.o.;606620168;;
TMVIA Sp. z o.o.;(12)6615390;;
TOMBET Zakład Usługowo-Handlowy Tomasz Gwóźdź;(41)3407215;;
TOMBET Zakład Usługowo-Handlowy Tomasz Gwóźdź;606333087;;
TORBRUK;(56)6513688;;
TORBRUK;502404638;;
Traffic Equipment Sp. z o.o.;(91)4311000;;
Traffic Equipment Sp. z o.o.;(91)4314000;;
TRAKT Przedsiębiorstwo Drogowo-Budowlane;(058)3046026;;
TRAKT Przedsiębiorstwo Drogowo-Budowlane;(058)3046130;;
TRAKT S.A.;(41)3472700Centrala;;
TRAKT S.A.;(41)3450613;;
Trakt Sp. z o.o.;(86)2754242;;
Trakt Sp. z o.o.;(86)4770210;;
TRANS-BRUK Usługi Drogowo Budowlane i Transport;502622551;;
TRANS-EKO-GLOB;(74)8365350;;
TRANS-EKO-GLOB;(74)8365400;;
Trans-Kam;(42)7199695;;
Trans-Kam;603052994;;
TRAWOS Sp. z o.o.;(76)7247100;;
TRAWOS Sp. z o.o.;(76)7247101;;
TRAX elektronik;(12)6264903;;
TRAX elektronik;(12)6264904;;
Tre-Drom Sp. z o.o.;(83)3432763;;
Tre-Drom Sp. z o.o.;(83)3433861;;
TRILACOLOR Sp. z o.o.;(22)8354058;;
TRILACOLOR Sp. z o.o.;602245029;;
TROBUD Firma Drogowo-Budowlana;(12)3885976;;
TROBUD Firma Drogowo-Budowlana;600905957-59;;
URBUD Usługi Remontowo-Budowlane;(22)7811772;;
URBUD Usługi Remontowo-Budowlane;602635518;;
Usługi Budowlane mgr inż. Roman Dziech;601867808;;
Usługi Drogowe i Budowlane Henryk Borkowski;666282643;;
Usługi Drogowe i Budowlane Henryk Borkowski;881383234;;
Usługi Drogowe Krzysztof Błahuszewski;602590088;;
Usługi Drogowe Krzysztof Błahuszewski;604085549;;
Usługi Drogowo-Budowlane Zygmunt Jurczak;693333806;;
Usługi Drogowo-Budowlane Zygmunt Jurczak;(18)4416168;;
VAN BERDE;(17)5812057;;
VAN BERDE;(17)7745690;;
VB TRAFFIC Sp. z o.o.;(17)7745690;;
VB TRAFFIC Sp. z o.o.;(17)7745699;;
VIABUD;(67)2559552;;
VIALIS POLSKA Sp. z o.o.;(061)8450300;;
VIALIS POLSKA Sp. z o.o.;(061)8450399;;
Viamal - Projekty Organizacji Ruchu Wrocław;601993329;;
VIAPON Sp. z o.o.;(32)2090169;;
VIAPON Sp. z o.o.;(32)7352141;;
VIZA Sp. z o.o.;508624452;;
VIZA Sp. z o.o.;505254043;;
VLCEK Polska Sp. z o.o.;(12)6556902;;
VLCEK Polska Sp. z o.o.;513108315;;
Wadrox S.A.;(34)3659045;;
Wadrox S.A.;(34)3659110;;
WAPNOPOL;501341032;;
WAPNOPOL;502207189;;
Warszawskie Przedsiębiorstwo Mostowe Mosty S.A.;(22)8115051-53;;
Warszawskie Przedsiębiorstwo Mostowe Mosty S.A.;(22)8114541;;
WEKER S.c.;(17)8535861;;
WEKER S.c.;(17)8522072;;
WEKTOR Sp. z o.o.;(18)4437875;;
WEKTOR Sp. z o.o.;795590539;;
WibroBet - Zakład Budowlano-Drogowy Eugeniusz Barszcz;(56)6873336;;
WibroBet - Zakład Budowlano-Drogowy Eugeniusz Barszcz;601660213;;
Wielobranżowa Firma DORAN;(74)8446570;;
Wielobranżowa Firma DORAN;(74)8446571;;
Wielofunkcyjne Przedsiębiorstwo Prywatne BUD-TOR Jacek Popiel;(22)6125855;;
Wielofunkcyjne Przedsiębiorstwo Prywatne BUD-TOR Jacek Popiel;(22)6105371;;
WIPROBET Sp.j.;(85)7196634;;
WIPROBET Sp.j.;(85)7196751;;
Włocławskie Przedsiębiorstwo Robót Drogowych Sp. z o.o.;(54)2528433w.33;;
Włocławskie Przedsiębiorstwo Robót Drogowych Sp. z o.o.;(54)2355585;;
WŁODAN Andrzej Włodarczyk Sp.j.;(42)2115951-53;;
WŁODAN Andrzej Włodarczyk Sp.j.;(42)2113962;;
WOD-BUD Śleziak Sp.j.;(13)4470140;;
WOD-BUD Śleziak Sp.j.;(13)4470150;;
Wodromel;(71)3454406;;
Wodromel;(71)3454865;;
Wojewódzkie Przedsiębiorstwo Robót Drogowych w Katowicach Sp. z o.o.;(32)2039033;;
Wojewódzkie Przedsiębiorstwo Robót Drogowych w Katowicach Sp. z o.o.;(32)2049044;;
Wokar-Bis;515800140;;
Wokar-Bis;(33)8107529;;
WPRD Gravel Sp. z o.o.;(58)3431055-57;;
WPRD Gravel Sp. z o.o.;(58)3431010;;
WROMAL S.c.;603318506;;
WROMAL S.c.;693687615;;
Wypozyczalniaznakow24.pl - znakidrogowe24.pl;(22)6700645;;
Wytwórnia Emulsji Asfaltowych EMULEX;601221673;;
Wytwórnia Emulsji Asfaltowych EMULEX;(91)5788071;;
Z.P.B.M. MOSTY Sp. z o.o.;(68)3271811;;
Z.P.B.M. MOSTY Sp. z o.o.;(68)4519715;;
Z.P.U.H. BERNACKI Edward Bernacki;(94)3421896;;
Zachodniopomorski Zarząd Dróg Wojewódzkich ZZDW;(94)3427831;;
Zachodniopomorski Zarząd Dróg Wojewódzkich ZZDW;(94)3425693;;
Zakład Bezpieczeństwa Ruchu Drogowego ZABERD S.A.;(71)7908100;;
Zakład Bezpieczeństwa Ruchu Drogowego ZABERD S.A.;(71)7908102;;
Zakład Bezpieczeństwa Ruchu WZ;(54)2371207;;
Zakład Bezpieczeństwa Ruchu WZ;604237245;;
Zakład Budowlano-Drogowy Andrzej Łyszczarz;(16)6725200;;
Zakład Budowlano-Drogowy Andrzej Łyszczarz;608314751;;
Zakład Budowlano-Drogowy DUKT Artur Piwowar;(41)3452601;;
Zakład Budowlano-Drogowy DUKT Artur Piwowar;(41)3667633;;
Zakład Budownictwa Ogólnego i Inżynieryjnego Edward Kucułyma Sp. z o.o.;(71)3983276;;
Zakład Budowy Mostów Gryglak Andrzej, Czachurski Andrzej S.c.;(18)4433063;;
Zakład Budowy Mostów Gryglak Andrzej, Czachurski Andrzej S.c.;(18)4433368;;
Zakład Drogowo-Budowlany;(56)6459040;;
Zakład Drogowo-Budowlany MIROSŁAW BOGUCKI;(61)8107941;;
Zakład Drogowo-Budowlany MIROSŁAW BOGUCKI;605822793WłaścicielFirmy;;
Zakład Drogowo-Sprzętowy PROG-Znak Karol Frankowski;501084929;;
Zakład Drogowo-Sprzętowy PROG-Znak Karol Frankowski;512195510;;
Zakład Drogowy ANTCZAK;(61)8221191;;
Zakład Drogowy NAPIERAŁA Michał Napierała;791720100;;
Zakład Drogowy NAPIERAŁA Michał Napierała;601720100;;
Zakład Drogowy Waldemar Lewandowski;(61)4367195;;
Zakład Drogowy Waldemar Lewandowski;508165183;;
Zakład Gospodarki Komunalnej Sp. z o.o.;(32)6723481;;
Zakład Gospodarki Komunalnej Sp. z o.o.;(32)6721041;;
ZAKŁAD INSTALATORSTWA ELEKTRYCZNEGO Jan Fonderski;(48)3847835;;
ZAKŁAD INSTALATORSTWA ELEKTRYCZNEGO Jan Fonderski;605655886;;
Zakład Inżynierii Ruchu ETALON;(75)7541204;;
Zakład Inżynierii Ruchu ETALON;607288400;;
Zakład Produkcji Elementów Drogowych S.c. Elżbieta i Waldemar Woźniak;(61)2961449;;
Zakład Produkcji Elementów Drogowych S.c. Elżbieta i Waldemar Woźniak;(61)2970189;;
Zakład Remontowo-Drogowy Barbara Wiśniewska;(42)6735114;;
Zakład Remontowo-Drogowy Barbara Wiśniewska;602224487;;
Zakład Robót Drogowych DĄBROWA S.c.;(61)4476489;;
Zakład Robót Drogowych DĄBROWA S.c.;(61)4476485;;
Zakład Robót Drogowych i Inżynieryjno-Instalacyjnych KROL;(22)7878985;;
Zakład Robót Drogowych i Inżynieryjno-Instalacyjnych KROL;(22)7878436;;
Zakład Robót Drogowych i Melioracyjnych DROGMEL Jerzy Cegłowski;(61)8152008;;
Zakład Robót Drogowych i Melioracyjnych DROGMEL Jerzy Cegłowski;(61)8152061;;
Zakład Robót Drogowych i Terenów Zielonych ROMUS Sp.j.;(32)2587065;;
Zakład Robót Drogowych i Terenów Zielonych ROMUS Sp.j.;(32)2587064;;
Zakład Robót Drogowych Mocek Edwin;(61)8726322;;
Zakład Robót Drogowych Mocek Edwin;502161679;;
Zakład Robót Drogowych Ryszard Szczepaniak;(71)3830139;;
Zakład Robót Drogowych Ryszard Szczepaniak;601336068;;
Zakład Robót Drogowych, Mostowych i Ogólnobudowlanych ZADROBUD II Sp.j.;604427690;;
Zakład Robót Drogowych, Mostowych i Ogólnobudowlanych ZADROBUD II Sp.j.;606260434;;
Zakład Transportowy i Remontowo-Budowlany KOMPLEKS & Pole Biwakowe NAD ZALEWEM;(32)2256468;;
Zakład Transportowy i Remontowo-Budowlany KOMPLEKS & Pole Biwakowe NAD ZALEWEM;601453050;;
Zakład Usług Drogowo-Mostowo-Transportowych Jan Kruszewski;(94)3127775;;
Zakład Usług Inżynierii Ruchu;(58)6639586;;
Zakład Usług Inżynierii Ruchu;(58)6235333;;
Zakład Usług Malarsko-Drogowych ZUMD A.Sarata i J.Sarata Sp.j.;(18)4442569;;
Zakład Usług Malarsko-Drogowych ZUMD A.Sarata i J.Sarata Sp.j.;602576637;;
Zakład Usług Remontowo-Produkcyjnych KOGA Barbara Krzykowska;(58)7215123;;
Zakład Usług Remontowo-Produkcyjnych KOGA Barbara Krzykowska;510401510;;
Zakład Usługowo Produkcyjny EKO-DRÓG Sp. z o.o. Grupa ANWIL;(54)4142208;;
Zakład Usługowo Produkcyjny EKO-DRÓG Sp. z o.o. Grupa ANWIL;(54)4143520;;
Zakład Usługowo-Produkcyjno-Handlowy MAKOL Sp.j.;(32)2733682;;
Zakład Usługowo-Produkcyjno-Handlowy MAKOL Sp.j.;(32)2733685;;
ZAKŁAD USŁUGOWO-TRANSPORTOWY Marian Gmiąt;(61)4414051;;
ZAKŁAD USŁUGOWO-TRANSPORTOWY Marian Gmiąt;(61)4472979;;
Zakład Utrzymania i Budowy Dróg Bronisław Myszakowski;(62)5820399;;
Zakład Wielobranżowy ZAGÓRZE;(74)8678458;;
Zakład Zieleniarsko-Drogowy Abramowski Robert Abramowski;(61)8185021;;
Zakład Zieleniarsko-Drogowy Abramowski Robert Abramowski;602212528;;
Zakłady Budownictwa Mostowego Inwestor Zastępczy S.A.;(22)6510691;;
Zakłady Budownictwa Mostowego Inwestor Zastępczy S.A.;(22)6510649;;
ZAPPUH Zebranowicz Andrzej Przedsiębiorstwo Projektowo-Usługowo-Handlowe;(32)3318249;;
ZAPPUH Zebranowicz Andrzej Przedsiębiorstwo Projektowo-Usługowo-Handlowe;602372606;;
Zarząd Dróg Powiatowych;(58)6810715-16;;
Zarząd Dróg Powiatowych;(58)6811522;;
Zarząd Dróg Powiatowych w Tarnowskich Górach;(32)2854862;;
Zarząd Dróg Wojewódzkich w Krakowie;(12)4465701;;
Zarząd Dróg Wojewódzkich w Krakowie;(12)6372879;;
Zarząd Dróg Wojewódzkich w Zielonej Górze;(68)3280300;;
Zarząd Dróg Wojewódzkich w Zielonej Górze;(68)3280332;;
ZIAJKA ZBIGNIEW Przedsiębiorstwo Drogowe;(71)3484992;;
ZIAJKA ZBIGNIEW Przedsiębiorstwo Drogowe;(71)3486228;;
ZNAGAR.PL S.c.;784094000;;
ZNAGAR.PL S.c.;600601667;;
ZNAK-POL MG;(32)4257010;;
ZNAK-POL MG;661980111;;
ZNAKOMET Łukasz Mądry;727650663;;
ZNAKOMET Łukasz Mądry;(56)6812408;;
Znakowo;721711711;;
ZNAKTOM Tomasz Szymczuk;601152549;;
ZUH Zaklad Usługowo-Handlowy Beata Aluk;(91)4313888;;
ZUH Zaklad Usługowo-Handlowy Beata Aluk;(91)4313889;;
EcoRail-Garden Kolejowe Znaki Drogowe Tarcze i Wskaźniki;731340560;;
A.H.U. DIAMEX Wojciech Dudzik;(41)3110342;;
A.H.U. DIAMEX Wojciech Dudzik;601528434;;
AGDAR;501742256;;
AGDAR;(42)6821054;;
AGMA-KOP;608754236;;
AGRID STUDIO;500082075;;
AGRID STUDIO;792070385;;
AJ Profibud Sp. z o.o. Sp.komandytowa;(17)2304034;;
AJ Profibud Sp. z o.o. Sp.komandytowa;(17)2304081;;
Andrzej Stefaniak Zakład Drogowo-Budowlany;(61)8269153;;
Andrzej Stefaniak Zakład Drogowo-Budowlany;500050630;;
ANTEX Sp.j. Janina Hudaszek, Antoni Hudaszek;(84)6617828w.101;;
ANTEX Sp.j. Janina Hudaszek, Antoni Hudaszek;(84)6617828w.103;;
APM PRO Sp. z o.o.;(33)8157738;;
APM PRO Sp. z o.o.;(33)8168221;;
ARKABUD Sp. z o.o.;(58)6780112;;
ARKABUD Sp. z o.o.;663775783;;
ARSECO S.A.;(22)7293225;;
ASFALTBUD Sp. z o.o.;509321322;;
ASFALTBUD Sp. z o.o.;(32)2145023;;
ASIS Sp. z o.o.;(12)4236283;;
ASIS Sp. z o.o.;(12)6563766;;
ASKAR S.c. Gruszecki Tomasz, Gruszecki Mirosław;(22)8454577;;
ASKAR S.c. Gruszecki Tomasz, Gruszecki Mirosław;501311202;;
Atlas World Trade Holding Sp. z o.o.;(22)6223307;;
Atlas World Trade Holding Sp. z o.o.;(22)7450030;;
AWA-Plast Sp. z o.o.;(58)3464779;;
AWA-Plast Sp. z o.o.;(58)3035748;;
AWE Sp. z o.o. Sp.komandytowa;(22)8490280;;
AWE Sp. z o.o. Sp.komandytowa;(22)8482518;;
B.T.H. EMP TERMO Sp.j.;(16)6485322;;
BALTKAM Sp. z o.o.;(022)8361790;;
BALTKAM Sp. z o.o.;(022)8378984;;
BATEX Maszyny Budowlane S.c.;(22)8341247;;
BATEX Maszyny Budowlane S.c.;601981725;;
BAUMATECH Sp. z o.o.;(71)7505070;;
BAUMATECH Sp. z o.o.;(71)7505071;;
BBV Systems Sp. z o.o.;(58)3006793;;
BBV Systems Sp. z o.o.;(58)3006791;;
BEN-BRUK Benedykt Chłap;(91)5776896;;
BIO-SALIX;(95)7352362;;
BIPROLAS Sp. z o.o.;(42)6368729;;
BIPROLAS Sp. z o.o.;(42)6363886;;
BIS WOD-KAN Jarosław Chudek;501752119;;
BIS WOD-KAN Jarosław Chudek;(22)7201576;;
Biuro Projektowo-Konsultacyjne Inżynierii Lądowej SIGMA Zbigniew Zadrożny;602758470;;
Biuro Projektów Budownictwa Komunikacyjnego TRAKT Sp. z o.o. Sp.komandytowa;(32)2281270;;
Biuro Projektów Budownictwa Komunikacyjnego TRAKT Sp. z o.o. Sp.komandytowa;(32)2207004;;
Biuro Projektów i Realizacji Obiektów Gospodarki Wodno-Ściekowej BIPROWOD Sp. z o.o.;(71)3434841;;
Biuro Projektów i Realizacji Obiektów Gospodarki Wodno-Ściekowej BIPROWOD Sp. z o.o.;(71)3416925;;
BODURA Łukasz Bodura;(71)7832986;;
BODURA Łukasz Bodura;609114965;;
Börner Polska Sp. z o.o.;(61)8108590-91;;
Börner Polska Sp. z o.o.;(61)8107793;;
Botom;(22)7253700;;
Botom;501222265;;
Bramak;530193252;;
BRAUN GRANIT Sp. z o.o. Kopalnia Granitu;(74)8506892;;
BRAUN GRANIT Sp. z o.o. Kopalnia Granitu;(74)8506893;;
BRUK-POL M.Babik & J.Płonka S.c.;(71)3178293;;
BRUK-POL M.Babik & J.Płonka S.c.;(71)3178594;;
Brukarstwo-Nawierzchnie i Kanalizacje Zenon Pawlicki;(62)7401831;;
Brukarstwo-Nawierzchnie i Kanalizacje Zenon Pawlicki;(62)7471519;;
BUB-MAX Firma Handlowo-Budowlano-Usługowa;602612309;;
BUD-BRUK Zakład Robót Drogowych;(22)7231775;;
BUD-BRUK Zakład Robót Drogowych;(22)7231343;;
Bud-Trans Roboty Budowlano - Drogowe Jan Karbowiak;(43)8225019;;
BUDBIS - Bis Paweł;(77)4330845;;
BUDBIS - Bis Paweł;513005505;;
BUDEMEX Sp. z o.o.;(12)2715173;;
BUDEMEX Sp. z o.o.;691602605;;
BUDMAX;601593011;;
BUDMAX;693698006;;
BUDMEL Wojciech Żuk;(24)3560464;;
BUDMEL Wojciech Żuk;(24)3563200;;
BUDOKOP Piotr Głodowski;(89)7675124;;
Budownictwo Ogólne Kamińscy Sp.j.;(22)3305062;;
Budownictwo Ogólne Kamińscy Sp.j.;(22)3305063;;
BUDREM Sp. z o.o.;(18)3373950;;
BUDREM Sp. z o.o.;(18)3374342;;
Budrex-Kobi Sp. z o.o.;(85)6529100;;
Budrex-Kobi Sp. z o.o.;(85)6529119;;
BUDSELF Paweł Starczak;534484623;;
CALVERO Sp. z o.o. Sp.komandytowa;(34)3758002-06;;
CALVERO Sp. z o.o. Sp.komandytowa;695936884;;
CASTORI Sp. z o.o.;(32)2800785;;
CASTORI Sp. z o.o.;601999306;;
CENTRUM DROGOWE.PL;(61)6647307;;
CENTRUM DROGOWE.PL;697242697;;
Centrum Zaopatrzenia Drogownictwa CZD CHEMIA Janusz Trojanowski;(22)7363265;;
Centrum Zaopatrzenia Drogownictwa CZD CHEMIA Janusz Trojanowski;792449434;;
Curb-Tec Europe Sp.j.;(22)2660628;;
Curb-Tec Europe Sp.j.;(22)3797599;;
Dolbud-System Zakład Robót Budowlanych;(71)3483147;;
Dolbud-System Zakład Robót Budowlanych;(71)3469321;;
Dom-Bud Dariusz Chlubicki;(29)6447668;;
DRO-KOP Drozd Marek;603465222;;
DRO-KOP Drozd Marek;(71)7231266;;
DROGOWIEC S.c. A.Jabłoński, M.Jabłoński;(41)2621884;;
DROGOWIEC S.c. A.Jabłoński, M.Jabłoński;502143894;;
DROMAR Marek Gil;(089)5320218;;
DROMAR Marek Gil;(089)5320408;;
DROMO Sp.j.;(022)8724276;;
DURBUD Czesław Durasiewicz;(22)6497827;;
DURBUD Czesław Durasiewicz;509852940;;
Echterhoff Polska Sp. z o.o.;(61)8664400;;
Echterhoff Polska Sp. z o.o.;(61)8664499;;
EDIFICATOR Sp. z o.o.;(12)6415682;;
EDIFICATOR Sp. z o.o.;(12)3983741;;
Edisan Sławomir Sanecki;696221786;;
ELBUD S.c;(91)4317220;;
ELBUD S.c;(91)4317221;;
ELDRO-FL Sp. z o.o.;(058)3430567;;
ELDRO-FL Sp. z o.o.;(058)3432272;;
Elektrownia CHORZÓW S.A.;(32)3491600;;
Elektrownia CHORZÓW S.A.;(32)2415066;;
ELKOL Sp. z o.o.;(32)2512476;;
ELKOL Sp. z o.o.;(32)2519960;;
EMEL PPH S.c.;(22)4083328;;
EMEL PPH S.c.;662017018;;
ENQUEST;(91)8297170;;
ENQUEST;(91)8297718;;
ESTA Szczepan Tadeusiak;604184913;;
ESTA Szczepan Tadeusiak;(22)7516993;;
Eurostep Poland Sp. z o.o.;(42)2352888;;
Eurostep Poland Sp. z o.o.;(42)2128172;;
F. B. U. EKO-BUD S.c.;(62)7411326;;
F. B. U. EKO-BUD S.c.;608687820;;
F.H.U Beskid-Bruk;502771440;;
F.H.U Beskid-Bruk;(32)2142511;;
F.H.U. CATBUD Kazimierz Dudzik;600130802;;
F.H.U. CATBUD Kazimierz Dudzik;(18)3310153;;
F.H.U. DIMEX;(33)4965205;;
F.H.U. DIMEX;784559141;;
F.H.U. MICH-KOP;605546802;;
F.H.U. WANTA Piotr Zębol;(18)2675629;;
F.H.U. WANTA Piotr Zębol;(12)2630144;;
F.U.H. WALEK Dariusz Waligóra;501066248;;
Fabryka Domów PREFADOM Sp. z o.o.;(095)7229240;;
Fabryka Domów PREFADOM Sp. z o.o.;(095)7282540;;
FADROZIEM;(12)6386053;;
FADROZIEM;501410659;;
FB-JELCZ Franciszek Bergański;(58)5528660;;
FB-JELCZ Franciszek Bergański;(58)5528664;;
FHUP SAWA Wacław Samoliński;(12)6842328;;
FHUP SAWA Wacław Samoliński;(12)6447385;;
Firma Budowlana LISBUD S.c. Lis Damian, Lis Łukasz;(17)7881115;;
Firma Budowlana LISBUD S.c. Lis Damian, Lis Łukasz;(17)7881112;;
Firma Budowlano-Drogowa MTM S.A.;(58)6235692;;
Firma Budowlano-Drogowa MTM S.A.;(58)6237961;;
Firma Budowlano-Remontowa WIBUD;515598767;;
Firma Budowlano-Remontowa WIBUD;790706308;;
Firma HALLER S.A.;(32)3512200;;
Firma HALLER S.A.;(32)3512201;;
Firma Handlowa Andrzej Gałęski;509917655;;
Firma Handlowo-Przemysłowo-Usługowa EMAR;(48)6102869;;
Firma Handlowo-Przemysłowo-Usługowa EMAR;(48)6102862;;
Firma Handlowo-Usługowa H.P.M. S.c.;(32)2980117;;
Firma Handlowo-Usługowa H.P.M. S.c.;(32)7570593;;
Firma Handlowo-Usługowa OLA Krzysztof Rogala;501042384;;
Firma Instalacyjno-Drogowa INSTATHERM;(12)4256196;;
Firma Instalacyjno-Drogowa INSTATHERM;605071882;;
Firma Usługowa Remontowo Budowlana REMCAT Adam Rymanowski;(14)6798734;;
Firma Usługowa Remontowo Budowlana REMCAT Adam Rymanowski;509905600;;
Firma Usługowo-Handlowa HOSTA;(22)7417262;;
Firma Usługowo-Handlowa HOSTA;601334412;;
Firma ViP;(018)4439198;;
Firma ViP;502662441;;
Foreko Śląsk;608149502;;
Frank Bruk Wojciech Kroczyński;605727767;;
Frank Bruk Wojciech Kroczyński;(74)6674711;;
GAJEWSKI Firma Usługowa;(71)3335040;;
GAJEWSKI Firma Usługowa;605252226;;
GC METAL Sp. z o.o.;791928450;;
GC METAL Sp. z o.o.;(61)6661059;;
GEOPROFIT Joanna Ćwioro;721201721;;
GEOPROFIT Joanna Ćwioro;(68)3853913;;
GEOSTANDARD Sp. z o.o.;665680850;;
GEOSTANDARD Sp. z o.o.;609915815;;
GeoTest Zakład Usług Geologicznych Piotr Bohdanowicz;609232530;;
GeoTest Zakład Usług Geologicznych Piotr Bohdanowicz;(71)3643696;;
Giermakowska Danuta Budowa Kortów Tenisowych;(48)6741824;;
Giermakowska Danuta Budowa Kortów Tenisowych;502661269;;
Gminbruk Władysław Zakrzewski;wybierz608367581;;
Gminbruk Władysław Zakrzewski;wybierz(42)6488889;;
Green Zone 1 P.W.;(77)4375349;;
Green Zone 1 P.W.;(77)4375364;;
GRUZ-BOB;600600559;;
Handrem;(32)6201071;;
HYDROWIERT-BIS;601475946;;
HYDROWIERT-BIS;(32)4763607;;
HZ PERFECT Sp. z o.o.;(32)2610130;;
HZ PERFECT Sp. z o.o.;501468940;;
IDEA SDT & Partnerzy;516488568;;
ILF Consulting Engineers Polska Sp. z o.o.;(22)4302600;;
ILF Consulting Engineers Polska Sp. z o.o.;(22)4302601;;
Inkomet;(44)7381814;;
Inkomet;(44)7381813;;
INSTAL Cymorek Sp.j.;(33)8535056;;
INSTAL Cymorek Sp.j.;695772379;;
Intergrid Sp. z o.o.;510135305;;
Intergrid Sp. z o.o.;510136008;;
INTERMINGLASS Sp. z o.o.;(74)8466658;;
INTERMINGLASS Sp. z o.o.;(74)8407511;;
INTOP Warszawa Sp. z o.o.;(22)8856431;;
INTOP Warszawa Sp. z o.o.;(22)2445336;;
INWEST SYSTEM;(12)4447008;;
INWEST SYSTEM;(12)4447089;;
INWEST-BUD Przedsiębiorstwo Budowlane Michał Leonowicz;(22)8142199;;
INWEST-BUD Przedsiębiorstwo Budowlane Michał Leonowicz;(22)2034703;;
INŻBUD Sp. z o.o.;(77)4536119;;
INŻYNIERIA Zbigniew Witkowski;(12)6508020;;
INŻYNIERIA Zbigniew Witkowski;697697198;;
J. Rosiek & D. Sobczyński S.c.;(091)4542100;;
J. Rosiek & D. Sobczyński S.c.;601983295;;
JAMP Sp. z o.o.;(71)3462620;;
JAMP Sp. z o.o.;(71)3462815;;
JAN-POL;(25)7586159;;
JAN-POL;(25)7588159;;
JAR S.c.;(17)2219311;;
JAR S.c.;(17)2299677;;
JATAX Sp. z o.o.;(74)8677870;;
JATAX Sp. z o.o.;(74)8689317;;
JMR-TRANS;500490588;;
JMR-TRANS;(22)3579406;;
Jurtex Sp. z o.o.;(58)3412570;;
Jurtex Sp. z o.o.;601976644;;
K&K Krzysztof Kaziów;(71)3332299;;
K&K Krzysztof Kaziów;607982650;;
KALUX-INSTAL;(32)2722406;;
KALUX-INSTAL;512212712;;
KANIUK Zakład Usług;691753981;;
KASBUD S.c.;(83)3715627;;
Kędzierzyńskie Przedsiębiorstwo Robót Inżynieryjnych KPRI Sp. z o.o.;(77)4824541;;
Kędzierzyńskie Przedsiębiorstwo Robót Inżynieryjnych KPRI Sp. z o.o.;(77)4825935;;
KOŁ-BUD Usługi Ogólnobudowlane i Drogowe;515081486;;
KOŁ-BUD Usługi Ogólnobudowlane i Drogowe;515081487;;
KOM-EKO S.A.;(81)7488634;;
KOM-EKO S.A.;(81)7488647;;
Kopartex;609113553;;
KOPTECH Firma Usługowa;601239804;;
KOPTECH Firma Usługowa;691621098;;
KOWELL;790238732;;
KRUMAR Truck & Trailers Sp. z o.o.;(85)878-19-80;;
KRUMAR Truck & Trailers Sp. z o.o.;(85)878-19-81;;
KUKAWKA Instal;605725517;;
L&P Sp. z o.o. Sp.komandytowa;(76)8333879;;
L&P Sp. z o.o. Sp.komandytowa;(76)8332313;;
Laco Group Systemy Posadzek Przemysłowych Technologia Stabilizacji Gruntów;503106501;;
Laco Group Systemy Posadzek Przemysłowych Technologia Stabilizacji Gruntów;(22)4021910;;
Lehmann + Partner Polska Sp. z o.o.;(63)2467445;;
Lehmann + Partner Polska Sp. z o.o.;(63)2467446;;
Lindleya Park S.A. Europejskie Centrum Biznesu, Doradztwa, Szkolenia i Informacji;(22)6950910;;
Lindleya Park S.A. Europejskie Centrum Biznesu, Doradztwa, Szkolenia i Informacji;(22)6950911;;
LKJ-BUD Sp. z o.o. Usługi Budowlane;(77)4163883;;
LKJ-BUD Sp. z o.o. Usługi Budowlane;607501860;;
LOREK;(059)8435712;;
LOREK;888957294;;
M-PLAST;(71)3332063;;
M-PLAST;(71)3338305;;
MAR-KAM S.c. Mariusz i Kamil Melzaccy;601933459;;
MAR-KAM S.c. Mariusz i Kamil Melzaccy;693701673;;
MARBET-WIL Sp. z o.o.;(33)8127100;;
MARBET-WIL Sp. z o.o.;(33)8127103;;
MARGOT Zakład Usług Terenowych Budowlanych i Porządkowych;(22)6446378;;
MARGOT Zakład Usług Terenowych Budowlanych i Porządkowych;601210140;;
MASZBUD Roboty Ziemne;(91)5619303;;
MASZBUD Roboty Ziemne;605042476;;
MATMEN Usługi Remontowo-Budowlane;(12)6539535;;
MATMEN Usługi Remontowo-Budowlane;510088143;;
Max Boegl Polska Sp. z o.o.;(91)4328550CentralaSzczecin;;
Max Boegl Polska Sp. z o.o.;(91)4230217CentralaSzczecin;;
Maygroup Sp. z o.o.;(42)2093866;;
Maygroup Sp. z o.o.;(42)2884002;;
MEA Polska Sp. z o.o.;(22)7177111;;
MEA Polska Sp. z o.o.;(22)7177110;;
Miejski Zakład Zieleni, Dróg i Ochrony Środowiska w Kołobrzegu Sp. z o.o.;(94)3533230;;
Miejski Zakład Zieleni, Dróg i Ochrony Środowiska w Kołobrzegu Sp. z o.o.;(94)3533251;;
MIKPOL;501933361;;
MIKPOL;(83)3733040;;
MJM Molak Sp. z o.o.;(22)7177048;;
MJM Molak Sp. z o.o.;600957075;;
MOSTOSTAL Warszawa S.A.;(22)5485000;;
MOSTOSTAL Warszawa S.A.;(22)5485666;;
Mostostal Warszawa S.A. Biuro Regionalne w Poznaniu;(61)8525881;;
Mostostal Warszawa S.A. Biuro Regionalne w Poznaniu;(61)8525937;;
MOSTOSTAL ZABRZE Realizacje Przemysłowe S.A. Oddział Pokój w Zabrzu;(32)2718370;;
MOSTOSTAL ZABRZE Realizacje Przemysłowe S.A. Oddział Pokój w Zabrzu;(32)2718420;;
MOT-BUD Hurtownia Budowlana;502312671;;
MOT-BUD Hurtownia Budowlana;508148247;;
MPRI Sp. z o.o.;(12)4112101;;
MPRI Sp. z o.o.;(12)4116986;;
MROZEK Sp. z o.o.;(22)8687376;;
MROZEK Sp. z o.o.;(22)8464587;;
MS BUD Sp. z o.o. Sp.komandytowa;(22)8456080;;
MULTI-KOM;532530530;;
MUR-BETON S.A.;608061559;;
MUR-BETON S.A.;600891042;;
Natura-Granit Granity i Piaskowce Elżbieta Ługowska;603033422;;
Natura-Granit Granity i Piaskowce Elżbieta Ługowska;(74)8551015;;
Naviga-Trans Sp. z o.o.;(71)3487192;;
Noworudzkie Usługi Komunalne Sp. z o.o.;(74)8729426;;
Noworudzkie Usługi Komunalne Sp. z o.o.;(74)8722388;;
OPUSPLUS PLUS Zakład Projektowo-Wdrożeniowy;(61)8617798;;
OPUSPLUS PLUS Zakład Projektowo-Wdrożeniowy;(61)8617550;;
P.B.D. STANDROG;(81)5267059;;
P.B.I. BIO-STAN Sp. z o.o.;(89)7525233;;
P.B.I. BIO-STAN Sp. z o.o.;(89)7525232;;
P.H.P.U. Bystrabud;601577645;;
P.H.U. TRANSPRZĘT Czesław Grządziel;(13)4646000;;
P.H.U. TRANSPRZĘT Czesław Grządziel;(13)4646001;;
P.H.Z. DIAMENT Art.BHP;606490456;;
P.P. Complex;(32)2354903;;
P.P. Complex;501266853;;
P.P.H.U. AQUA-POL S.c. - Ekologiczne Płyty Drogowe;(68)4784888;;
P.P.H.U. AQUA-POL S.c. - Ekologiczne Płyty Drogowe;602117971;;
P.P.H.U. BETO-TRANS;505046395;;
P.P.H.U. BETO-TRANS;604281572;;
P.P.H.U. WIM-TRANS Witold Michalak;512100467;;
P.P.U.H. INTERBUD Sp. z o.o.;(48)3311435;;
P.P.U.H. INTERBUD Sp. z o.o.;(48)3311784;;
P.P.W MAT Jan Matynia;(42)7164413;;
P.P.W MAT Jan Matynia;(42)7162403;;
P.T.B.D. DROGOWIEC;502143892;;
P.U.B.I. Zemar Sp. z o.o. Sp.komandytowa;(71)3611355;;
P.U.H. CYNK S.c. Edward Cynka i wspólnicy;(61)2836881;;
P.U.H. CYNK S.c. Edward Cynka i wspólnicy;601398751;;
P.U.H. Probatus;(81)7438180;;
P.U.H. Probatus;505220639;;
P.W. ROLMAG Sp. z o.o.;(58)5351920;;
P.W. ROLMAG Sp. z o.o.;(58)5351921;;
P.W. TOR-BRUK Sp. z o.o.;(61)8429353;;
P.W. TOR-BRUK Sp. z o.o.;604903919;;
PBUH TERBUD Marian Drożdziel;(94)3729144;;
PBUH TERBUD Marian Drożdziel;(94)3747353;;
PEBEX II Sp.j.;(32)2675164;;
PEBEX II Sp.j.;602669834;;
PED-BRUK;(46)8336204;;
PED-BRUK;504064665;;
PEKUM S.A.;(24)2353074;;
PEKUM S.A.;(24)2353473;;
PH-U PLUMBERS Mariusz Zbigniew Bacher;790868789;;
PHU MIDAS;603120172;;
PHU MIDAS;605608172;;
PHU STRZESAK Maszyny budowlane, Wynajem maszyn;(14)6754797;;
PHU STRZESAK Maszyny budowlane, Wynajem maszyn;501308602;;
PHU Uniwersal Zenon Zawisza;505268781;;
PIOMAR Piotr Kuras;607266428;;
PIOMAR Piotr Kuras;886388184;;
Plast-Bud Sp.j.;(23)6737329;;
Plast-Bud Sp.j.;(23)6734640;;
Polmat;(75)7825353;;
POZAMENT-POLAND Sp. z o.o.;(32)2386934;;
PPB ROMBUD inż. Roman Klemke;(58)6211484;;
PPB ROMBUD inż. Roman Klemke;502504471;;
PPHU Piotr Potocki;(84)6865820;;
PPHU Piotr Potocki;(84)6865447;;
PPUH BARD Sp. z o.o.;501042112;;
PPUH BARD Sp. z o.o.;(87)6201565;;
PPUH Hurt-Trans KAWIKO;(52)3896185;;
PPUH Hurt-Trans KAWIKO;(52)3898363;;
PPUH STANPOL Stanisław Sieradzki;606803495;;
PPUH STANPOL Stanisław Sieradzki;(29)7573603;;
PPUH TURBO-TECH;(61)8670319wew.101;;
PRAKTIBUD Adam Gwizdała;(84)6644197;;
PREFA Sp. z o.o. Producent Prefabrykatów Żelbetonowych;(12)2826750;;
PRISMA POLSKA;(061)6638770;;
PRISMA POLSKA;508638808;;
PROBUD Sieci i Instalacje Wodno-Kanalizacyjne;(44)7381868;;
PROBUD Sieci i Instalacje Wodno-Kanalizacyjne;(44)7381869;;
PROFEXIM Sp.j.;(18)2671344;;
PROFEXIM Sp.j.;(18)5213962;;
PROGRESS POLSKA;(25)6324290;;
PROGRESS POLSKA;503017160;;
PROMOST CONSULTING T. Siwowski Sp. j.;(17)8579155;;
PROMOST CONSULTING T. Siwowski Sp. j.;(17)8579156;;
Prospol S.c.;(44)6173700;;
Prospol S.c.;696061786;;
Przedsiębiorstwo Budowlane BUDOMONT Sp. z o.o.;(17)2256687;;
Przedsiębiorstwo Budowlane MELTOR Wierbiłowicz i Wspólnicy;(22)7896461;;
Przedsiębiorstwo Budowlane MELTOR Wierbiłowicz i Wspólnicy;(22)7693127;;
Przedsiębiorstwo Budowlane MK-BUD;(12)6591635;;
Przedsiębiorstwo Budowlane MK-BUD;(12)6591659;;
Przedsiębiorstwo Budowlano-Drogowe ROSOMAK S.c.;600264821;;
Przedsiębiorstwo Budowlano-Drogowe ROSOMAK S.c.;600265811;;
Przedsiębiorstwo Budowlano-Drogowe TANDEM Sp. z o.o.;(68)3638972;;
Przedsiębiorstwo Budowlano-Drogowe TANDEM Sp. z o.o.;(68)4793686;;
Przedsiębiorstwo Budownictwa Drogowego i Ogólnego KANBRUK Sp. z o.o.;(62)7383757;;
Przedsiębiorstwo Drogowe BRUKPOL;(68)3211985;;
Przedsiębiorstwo Drogowe BRUKPOL;603651457;;
Przedsiębiorstwo Drogowo-Budowlane PRZEŁOM;(61)8193459;;
Przedsiębiorstwo Drogowo-Budowlane PRZEŁOM;501244155;;
Przedsiębiorstwo Gospodarki Komunalnej Sp. z o.o.;(56)4983073;;
Przedsiębiorstwo Gospodarki Komunalnej Sp. z o.o.;(56)4983074;;
Przedsiębiorstwo Handlowo Usługowe Budownictwa TRASA Sp. z o.o.;(83)3435313;;
Przedsiębiorstwo Handlowo Usługowe Budownictwa TRASA Sp. z o.o.;(83)3432742;;
Przedsiębiorstwo Handlowo-Usługowe KOMET;(84)6396035;;
Przedsiębiorstwo Handlowo-Usługowe KOMET;605325001;;
Przedsiębiorstwo Inżynieryjne DREWA-HYDROINSTAL Sp. z o.o.;(58)6722987;;
Przedsiębiorstwo Inżynieryjne DREWA-HYDROINSTAL Sp. z o.o.;(58)6724181;;
Przedsiębiorstwo Inżynieryjno-Budowlane ARCHBUD Sp.j.;(32)2765205-06;;
Przedsiębiorstwo Inżynieryjno-Budowlane ARCHBUD Sp.j.;506064910;;
Przedsiębiorstwo Inżynieryjno-Budowlane ARMEX Sp. z o.o.;(32)2910714;;
Przedsiębiorstwo Inżynieryjno-Budowlane ARMEX Sp. z o.o.;(32)2913949;;
Przedsiębiorstwo Inżynieryjno-Budowlane INREM Sp. z o.o.;(58)3029923;;
Przedsiębiorstwo Inżynieryjno-Budowlane INREM Sp. z o.o.;(58)3023754;;
Przedsiębiorstwo Produkcyjno Handlowo Usługowe Ogólnobudowlane WILERBUD;693389425;;
Przedsiębiorstwo Produkcyjno Handlowo Usługowe Ogólnobudowlane WILERBUD;(65)5342270;;
Przedsiębiorstwo Produkcyjno Handlowo Usługowe SOMBUD;(58)6941328;;
Przedsiębiorstwo Produkcyjno Handlowo Usługowe SOMBUD;(58)6941334;;
Przedsiębiorstwo Produkcyjno-Budowlane AZBUD Adam Cebula, Monika Kańska Sp.j.;(12)3421301;;
Przedsiębiorstwo Produkcyjno-Budowlane AZBUD Adam Cebula, Monika Kańska Sp.j.;(12)3421300;;
Przedsiębiorstwo Produkcyjno-Handlowo-Usługowe NASIADEK Norbert Nasiadek;(62)7823055;;
Przedsiębiorstwo Produkcyjno-Handlowo-Usługowe NASIADEK Norbert Nasiadek;603062174;;
Przedsiębiorstwo Produkcyjno-Handlowo-Usługowe SILOS Sp. z o.o.;(22)8466911;;
Przedsiębiorstwo Produkcyjno-Usługowe ZNAKBUD Sp.j.;(95)7239270;;
Przedsiębiorstwo Produkcyjno-Usługowe ZNAKBUD Sp.j.;(95)7280555;;
Przedsiębiorstwo Projektowo-Badawcze PROLAB;(081)7428792;;
Przedsiębiorstwo Projektowo-Badawcze PROLAB;(081)5327403;;
Przedsiębiorstwo Projektowo-Montażowe F.S.T. Sp. z o.o.;(32)6390613;;
Przedsiębiorstwo Projektowo-Montażowe F.S.T. Sp. z o.o.;(32)6651305;;
Przedsiębiorstwo Projektowo-Wykonawcze DROMOS Sp.j.;(42)6330387;;
Przedsiębiorstwo Projektowo-Wykonawcze DROMOS Sp.j.;(42)6307104;;
Przedsiębiorstwo Robót Budowlanych ARD-BUD;(14)6981259;;
Przedsiębiorstwo Robót Budowlanych ARD-BUD;602634327;;
Przedsiębiorstwo Robót Inżynieryjnych Boszko-Kozubski Sp. z o.o.;(32)2689111;;
Przedsiębiorstwo Robót Inżynieryjnych Boszko-Kozubski Sp. z o.o.;(32)2689141;;
Przedsiębiorstwo Robót Inżynieryjnych Budownictwa Sp. z o.o.;(89)5341350;;
Przedsiębiorstwo Robót Inżynieryjnych Budownictwa Sp. z o.o.;(89)5346537;;
Przedsiębiorstwo Robót Inżynieryjnych Budownictwa Warszawa Sp. z o.o.;(22)376045051;;
Przedsiębiorstwo Robót Inżynieryjnych Budownictwa Warszawa Sp. z o.o.;(22)3760452;;
Przedsiębiorstwo Robót Inżynieryjnych BUDROG;(91)4152260;;
Przedsiębiorstwo Robót Inżynieryjnych BUDROG;609184878;;
Przedsiębiorstwo Robót Inżynieryjnych KAMPOL Jan Żurawski;(34)3197047;;
Przedsiębiorstwo Robót Inżynieryjnych POL-AQUA S.A.;(22)2017300;;
Przedsiębiorstwo Robót Inżynieryjnych POL-AQUA S.A.;(22)2017310;;
Przedsiębiorstwo Usług Komunalnych Korzenna Sp. z o.o.;(18)4453652;;
Przedsiębiorstwo Usługowo-Handlowe ROMANO;(41)3152123;;
Przedsiębiorstwo Usługowo-Handlowe ROMANO;606290214;;
Przedsiębiorstwo Usługowo-Handlowe WEKTRA Wiesław Łuczak;(94)7173868;;
Przedsiębiorstwo Usługowo-Handlowe WEKTRA Wiesław Łuczak;(94)3725755;;
Przedsiębiorstwo Wielobranżowe ANNA;510176375;;
Przedsiębiorstwo Wielobranżowe FRANSŁAW Piotr Kalemba;(61)6436145;;
Przedsiębiorstwo Wielobranżowe FRANSŁAW Piotr Kalemba;(61)6436168;;
Przedsiębiorstwo Wielobranżowe Komstal Tomasz Michalski;(32)2364580;;
Przedsiębiorstwo Wielobranżowe Komstal Tomasz Michalski;(32)3362390;;
Przedsiębiorstwo Wielobranżowe RADPOL Sp. z o.o.;(71)7899086;;
Przedsiębiorstwo Wielobranżowe RADPOL Sp. z o.o.;(71)7899087;;
Przedsiębiorstwo Wielobranżowe SMOLKOP Leszek Smolak;(81)7465572;;
Przedsiębiorstwo Wielobranżowe SMOLKOP Leszek Smolak;602677641;;
Przedsiębiorstwo Wydobywczo-Produkcyjne KRUSZ-BUD;(83)3717539;;
PTM Maszyny Budowlane Sp. z o.o.;(77)4578748;;
PTM Maszyny Budowlane Sp. z o.o.;(77)4417059;;
PUH SIGMAN;(81)4418145Motycz;;
PUH SIGMAN;(81)4418145Lublin;;
PZM WIMET - znaki drogowe;(22)7893115;;
PZM WIMET - znaki drogowe;(22)7893132;;
R-BUD Zakład Robót Drogowych i Budowlanych;606268154;;
RCR Roman i Elżbieta Rychtarscy Sp.j.;(61)8944185;;
RCR Roman i Elżbieta Rychtarscy Sp.j.;(61)8944086;;
REK-POL;(32)3821640;;
REK-POL;(32)3821641-42;;
Remonteam Sp. z o.o.;889708678;;
Roboty Brukarskie, Posadzkarskie, Ziemne, Transport Ciężarowy Piotr Szczepański;(61)8134672;;
Roboty Brukarskie, Posadzkarskie, Ziemne, Transport Ciężarowy Piotr Szczepański;601777317;;
Safety Camera Systems Sp. z o.o.;(22)4021251;;
Safety Camera Systems Sp. z o.o.;(22)4021252;;
SANTEX instalacje sanitarne i gazowe;(17)2220053;;
SANTEX instalacje sanitarne i gazowe;(17)2216663;;
SEBRUK.PL układanie kostki brukowej Lublin kostka brukowa;605308665;;
Sigma Trakt Sp. z o.o.;(61)8147201;;
Sigma Trakt Sp. z o.o.;(61)8147203;;
SignalTech Sp. z o.o.;(32)4417124;;
Słowik Usługi Maszynami Budowlanymi;(77)4103243;;
Słowik Usługi Maszynami Budowlanymi;507058448;;
SMOLIŃSKI Usługi Koparką-Transport;603928697;;
SMOLIŃSKI Usługi Koparką-Transport;784146146;;
SOB-BUD Robert Sobiesiak;509424177;;
SOB-BUD Robert Sobiesiak;500138310;;
SPEC-BRUK Zdzisław Jereczek;606351348;;
SPEED-BUD;696473251;;
STAN-KOP Gołaszewski Sp.j.;602730214;;
STAN-KOP Gołaszewski Sp.j.;602363025;;
Stylista;(81)7469949;;
SZTYRLIC;(81)7512954;;
SZTYRLIC;604592142;;
Taboss Racing;660519480;;
Taboss Racing;(77)4358539;;
TAD-BUD Sp. z o.o.;(14)6340916;;
TAD-BUD Sp. z o.o.;(14)6743629;;
TAUMER Sp. z o.o. - Specjalistyczne przedsiębiorstwo technik remontowych;(32)2443078;;
TAUMER Sp. z o.o. - Specjalistyczne przedsiębiorstwo technik remontowych;(32)7508332;;
TECHNORES Sp. z o.o.;(17)8504413;;
TECHNORES Sp. z o.o.;(17)8525603;;
TESKO Tatrzańska Komunalna Grupa Kapitałowa Sp. z o.o.;(18)2015215Sekretariat;;
TESKO Tatrzańska Komunalna Grupa Kapitałowa Sp. z o.o.;(18)2015675BOK;;
Therid Sp. z o.o.;512100689;;
Therid Sp. z o.o.;(91)4558599;;
TIGNA S.c.;502161595;;
TIGNA S.c.;509200969;;
TiM-imex Sp. z o.o.;(12)4270233;;
TiM-imex Sp. z o.o.;(12)4273403;;
TKS Sp. z o.o.;(32)2046285-87;;
TKS Sp. z o.o.;(32)2021733;;
TOK-TRANS;510747420;;
TOM-DRÓG Roboty Ziemno-Drogowe;(12)2889620;;
TOM-DRÓG Roboty Ziemno-Drogowe;502548196;;
Tommar Tomasz Kulik;(34)3243814;;
Tommar Tomasz Kulik;602388472;;
TONA Firma Usługowo-Handlowa;608364102;;
TONA Firma Usługowo-Handlowa;(71)3528121;;
TOP KOP;696024285;;
Top Projekt Jarosław Kunikowski;(58)6851990;;
Top Projekt Jarosław Kunikowski;(58)6851424;;
TORIM;(22)6731537;;
Total Construction Group Europe Sp. z o.o.;(12)4447944;;
Total Construction Group Europe Sp. z o.o.;(12)4447138;;
TRANS-DRO-BUD;603647517;;
TRANS-DRO-BUD;(42)7128678;;
TRANS-MASZ Przedsiębiorstwo Transportu i Maszyn Drogowych S.A.;(91)5771940;;
TRANS-MASZ Przedsiębiorstwo Transportu i Maszyn Drogowych S.A.;(91)5772841-44;;
Transkop Bis Sp. z o.o. Roboty Ziemne;(76)7461976;;
Transkop Bis Sp. z o.o. Roboty Ziemne;603380042;;
TRANSPROJEKT GDAŃSKI Sp. z o.o.;(58)3414038;;
TRANSPROJEKT GDAŃSKI Sp. z o.o.;(58)3454237;;
TRANSROB Zakład Usługowo-Handlowy Robert Tkacz;(95)7263036;;
TRANSROB Zakład Usługowo-Handlowy Robert Tkacz;601856454;;
TRANSROL Janusz Książek i Wspólnicy Sp.j.;(33)8792183;;
TRANSROL Janusz Książek i Wspólnicy Sp.j.;608427652;;
TRAWIS Usługi Sprzętowo Transportowe Tadeusz Wiśniewski;(95)7631004;;
TRAWIS Usługi Sprzętowo Transportowe Tadeusz Wiśniewski;502666967;;
Usługi Budowlane HUMA;661732190;;
Usługi Komunalne Krzeszowice Sp. z o.o.;(12)2820165;;
Usługi Projektowe mgr inż. Genowefa Pylińska;695199866;;
Usługi Transportowe, Budowlane i Drogowe Ireneusz Ziemiecki;(23)6931753;;
Usługi Transportowe, Budowlane i Drogowe Ireneusz Ziemiecki;501433206;;
Usługi Transportowo-Budowlane Bernard Baranowski;(91)3124681;;
Usługi Transportowo-Budowlane Bernard Baranowski;(91)3124255;;
VENESSA;(22)8992032;;
VENESSA;(22)6416263;;
VIS-POL;504816240;;
Viterra Construction Sp. z o.o.;(22)2553893;;
Viterra Construction Sp. z o.o.;(22)6480131;;
WANT Sp. z o.o.;(58)7771350;;
Wielobranżowe Przedsiębiorstwo Usługowe O&K, G.S.A. Osadnik;(32)2460176;;
Wielobranżowe Przedsiębiorstwo Usługowe O&K, G.S.A. Osadnik;(32)2460177;;
WISKON;(58)7421177;;
WISKON;(58)7423120;;
WMBud;(32)3952421;;
WMBud;601192184;;
WOD-BUD Sp. z o.o.;(81)8252605;;
WOD-BUD Sp. z o.o.;(81)8252476;;
Wojmat Firma Remontowo-Brukarska;(18)2082029;;
Wojmat Firma Remontowo-Brukarska;697824658;;
WÓJCIK F.H.U. Części i Serwis Maszyn;(76)8660210;;
WÓJCIK F.H.U. Części i Serwis Maszyn;608101024;;
Wykop Trans Mateusz Krzeczkowski;607706354;;
Wykop Trans Mateusz Krzeczkowski;607706353;;
Z.P.H.U. MAŁRO Małgorzata Dratwa;(32)2387305;;
Z.P.H.U. MAŁRO Małgorzata Dratwa;(32)2387430;;
Z.P.U.H. ISOMEG Mariusz Gajek;603985161;;
Z.P.U.H. ISOMEG Mariusz Gajek;601427664;;
Z.P.U.H. MET-INSTAL Józef Tadeusz Szykuć;(91)4185111;;
Z.P.U.H. MET-INSTAL Józef Tadeusz Szykuć;(91)4312565;;
Z.P.U.H. Pochbud Sp.j.;(41)2721778;;
Z.P.U.H. Pochbud Sp.j.;(41)2732131;;
Z.R.I.B.-BET;(81)7517666;;
Z.R.I.B.-BET;509555523;;
Zakład Budowlano-Sprzętowy Murzyn Stanisław;(12)2714340;;
Zakład Budowlano-Sprzętowy Murzyn Stanisław;604227439;;
Zakład Budowlany SZAREK Czesław Szarek;(18)4441438;;
Zakład Budowlany SZAREK Czesław Szarek;(18)4421353;;
Zakład Ceramiki Budowlanej;(18)4447127;;
Zakład Ceramiki Budowlanej;503076950;;
Zakład Drogowo-Budowlany PAGAM Pabian Andrzej;(32)6431496;;
Zakład Drogowo-Budowlany PAGAM Pabian Andrzej;604254097;;
ZAKŁAD GOSPODARKI KOMUNALNEJ I MIESZKANIOWEJ w Malborku Spółka z o.o.;(55)6479038;;
Zakład Instalacji Budowlanych Witold Szostak i Andrzej Duda Sp.j.;602236433;;
Zakład Instalacji Budowlanych Witold Szostak i Andrzej Duda Sp.j.;602474606;;
Zakład Instalacji Sanitarnych i Robót Inżynieryjnych SANEL Sp. z o.o.;(32)3424090;;
Zakład Instalacji Sanitarnych i Robót Inżynieryjnych SANEL Sp. z o.o.;(32)2423620;;
Zakład Inżynierii Budowlanej ADOR S.c. Juliusz Adamski, Mariusz Adamski;(42)2054202;;
Zakład Inżynierii Budowlanej ADOR S.c. Juliusz Adamski, Mariusz Adamski;602304672;;
Zakład Reklamowy Znaki pl Krzysztof Gabory;(077)4315577;;
Zakład Remontowo-Budowlany CORWI;(52)5824500;;
Zakład Remontowo-Budowlany CORWI;(52)3845532;;
Zakład Robót Drogowych i Ogólnobudowlanych W&J S.c. Jan Banasz, Wiesław Chorzemski;(74)8523413;;
Zakład Robót Drogowych i Ogólnobudowlanych W&J S.c. Jan Banasz, Wiesław Chorzemski;603062040;;
Zakład Robót Drogowych Marek DACHTERA;(61)8194385;;
Zakład Robót Drogowych Marek DACHTERA;(61)8983057;;
Zakład Robót Inżynieryjnych FRAKOP Marek Franczak;(42)2141084;;
Zakład Robót Inżynieryjnych FRAKOP Marek Franczak;(42)2141205;;
Zakład Transportowo-Budowlany Krzysztof Wach;(48)6125910;;
Zakład Transportowo-Budowlany Krzysztof Wach;(48)6125078;;
Zakład Transportowo-Budowlany Włodzimierz Sulkowski;(24)3668656;;
Zakład Usług Elektroniczno-Elektrycznych;(76)8422866;;
Zakład Usług Komunalnych;(32)2260310;;
Zakład Usług Komunalnych;(32)2260294;;
Zakład Usług Komunalnych Sp. z o.o.;(94)3671712;;
Zakład Usług Leśnych i Komunalnych ECHO;(43)8431128;;
Zakład Usług Leśnych i Komunalnych ECHO;603754097;;
Zakład Usługowo Handlowy WOJBUD Wiesław Wojnarski;(12)6814500;;
Zakład Usługowo Handlowy WOJBUD Wiesław Wojnarski;602257549;;
Zakład Usługowo-Handlowy Andrzej Lewandowski;(48)6752868;;
Zakład Usługowo-Handlowy Andrzej Lewandowski;502397247;;
Zakład Usługowo-Handlowy ŁUKASZ WITEK;(041)3350056;;
Zakład Usługowo-Handlowy ŁUKASZ WITEK;608665256;;
Zarząd Dróg i Komunikacji w Wałbrzychu;(74)6414400;;
Zarząd Dróg i Komunikacji w Wałbrzychu;(74)6414404;;
ZDiUM Zarząd Dróg i Utrzymania Miasta we Wrocławiu;(71)3760700;;
ZDiUM Zarząd Dróg i Utrzymania Miasta we Wrocławiu;(71)3760714;;
ZIEL-BUD;(22)6768000;;
ZIEL-BUD;(22)6767700;;
ZPU ALIMA;(13)4464511;;
ZPU ALIMA;604177365;;
ZREDIB Adam Więcek;601890792;;
ZREDIB Adam Więcek;(32)2896222;;
ZROD Zakład Robót Ogrodniczo-Drogowych;(22)7863089;;
ZROD Zakład Robót Ogrodniczo-Drogowych;(22)7762366;;
