Stali Mediatorzy Kancelarie w Warszawie;(22)8271791;;
Stali Mediatorzy Kancelarie w Warszawie;530430462;;
Adwokat Veronica Afewu Kancelaria Adwokacka;(22)6211100;;
Adwokat Veronica Afewu Kancelaria Adwokacka;(22)6211067;;
Kancelaria Radcy Prawnego Waldemar Podel;(24)3640180-81;;
Kancelaria Radcy Prawnego Waldemar Podel;(24)3640182;;
Firma Windykacyjno-Mediacyjna MEDIARE;(63)2441515;;
Firma Windykacyjno-Mediacyjna MEDIARE;606347299;;
B.W. Partner Sp. z o.o.;(24)2548081;;
Biuro Mediacji;605169489;;
Centrum Mediacji Partners Polska;(22)8254083;;
Centrum Mediacji Partners Polska;(22)4095383;;
centrumporozumienia.pl;587175687;;
centrumporozumienia.pl;504236578;;
CONSEO;(58)7282945;;
CONSEO;602189045;;
DSM Trading Service;509425445;;
Fundacja MEDIARE Dialog-Mediacja-Prawo;(22)8456703;;
Fundacja MEDIARE Dialog-Mediacja-Prawo;609537807;;
Instytut Mediacji TAK;(71)7585052;;
Instytut Mediacji TAK;(71)7585964;;
Kancelaria Mediacyjna Primum Consensus;(71)3735590;;
Kancelaria Mediacyjna Primum Consensus;602124560;;
Mediacjarodzinna.pl;660439500;;
Mediacje Anna Lewicka;(12)4239127;;
Mediacje Anna Lewicka;606364921;;
MEDIATOR Agnieszka Sameluk;503398997;;
MEDIATOR Grzegorz Maziński;692344508;;
Mediator Sądowy RUDZIŃSCY;669043237;;
Mediator Sądowy RUDZIŃSCY;721840911;;
MEDIATORNIA;510103717;;
MEDIATORZY.PL;(22)4125112;;
Negocjator do Wynajęcia;602290442;;
P.H.U. CAPITOL Dorota Podolska;693142422;;
P.H.U. CAPITOL Dorota Podolska;(95)7207012;;
Polskie Centrum Mediacji;(22)8260663;;
Polskie Centrum Mediacji;(22)6924815;;
Polskie Centrum Mediacji Oddział w Krakowie DIALOG;668409415;;
FIDES Kancelaria Prawno-Odszkodowawcza i Mediacyjna Agnieszka Markocka;(77)3338493;;
Kancelaria Radcy Prawnego Stanisław Domalewski;609134333;;
Kancelaria Radcy Prawnego Stanisław Domalewski;604788704;;
Legatum Doradztwo Prawne;(42)2074080;;
Legatum Doradztwo Prawne;668769967;;
3BA Sp. z o.o.;516482988;;
3BA Sp. z o.o.;(12)4420035;;
Adversia Sp. z o.o.;(63)2202330;;
Adversia Sp. z o.o.;(63)2202340;;
Biuro Detektywistyczne FIDES Sp. z o.o.;(71)7833960;;
Biuro Detektywistyczne FIDES Sp. z o.o.;664045725;;
Centrum Rozwoju i Pozytywnej Zmiany Elżbieta Krzyżaniak;733118740;;
Centrum Terapeutyczno-Szkoleniowe EMVI Emilia Maria Żurek;602630287;;
EDUKACJA Niepubliczna Poradnia Psychologiczno-Pedagogiczna;(22)8651420sekretariat;;
EDUKACJA Niepubliczna Poradnia Psychologiczno-Pedagogiczna;(22)8640090mediacje,szkolenia;;
EKO SALUS Stowarzyszenie Środowisko dla Niepełnosprawnych;(61)8432210;;
EKO SALUS Stowarzyszenie Środowisko dla Niepełnosprawnych;(61)8432211;;
eMCenter training&consulting;(71)7122400;;
eMCenter training&consulting;(71)7234338;;
Ewa Schabek Coach Dialogu;602114001;;
Ewelina Piotrowska - Indywidualna Praktyka Terapeutyczna;(52)5193871;;
Ewelina Piotrowska - Indywidualna Praktyka Terapeutyczna;506866556;;
Gabinet Psychoterapii i Pomocy Psychologicznej Barbara Urbanowicz;791744794;;
GEOINFO - Krakowski Zespół Ekspertów Sp. z o.o.;(12)4137530;;
GEOINFO - Krakowski Zespół Ekspertów Sp. z o.o.;(12)4117523;;
Kancelaria Adwokacka Adwokat Michał Zajączkowski;695915005;;
Kancelaria Adwokacka Adwokat Michał Zajączkowski;(74)6614582;;
Kancelaria Adwokacka Adwokat Tamara Pokrzywka-Bensalem;690921465;;
KANCELARIA NOTARIALNA Jarosław Czarnecki Notariusz;(22)8271791;;
KANCELARIA NOTARIALNA Jarosław Czarnecki Notariusz;(22)8260567;;
Kancelaria Prawna BIELAWSKI Consulting & Mediacje;(71)3465471;;
Kancelaria Prawna BIELAWSKI Consulting & Mediacje;(71)7360010;;
Kancelaria Prawna MEDEA;(71)7944948;;
Kancelaria Prawniczo-Mediacyjna Lex Training;(74)8721202;;
Kancelaria Radcy Prawnego Kazimiera Wijatyk-Kubicka;666079154;;
Kancelaria SOLSKI i Partnerzy;(61)8709203;;
Kancelaria SOLSKI i Partnerzy;501010101;;
Kobieta i Rozwód Centrum Rozwodowe;690011569;;
Kobieta i Rozwód Centrum Rozwodowe;606283183;;
KON-EKO Sp. z o.o.;(32)3489255;;
Krajowe Stowarzyszenie Mediatorów;693261062;;
LexMediare Biuro Prawno Mediacyjne;512033567;;
LexMediare Biuro Prawno Mediacyjne;(85)7422137;;
M&A Strategie Polska Sp. z o.o.;512322137;;
MAGA CONSULTING;604757646;;
MARIA Nieruchomości;(22)7794848;;
MARIA Nieruchomości;605337009;;
Markert Mediacje;601131743;;
MEDIATER;(18)3070704;;
MEDIATER;668137091;;
Międzynarodowy Sąd Arbitrażowy Sp. z o.o.;(71)3482682-83;;
Międzynarodowy Sąd Arbitrażowy Sp. z o.o.;(71)3459041;;
Milena Rządkowska - psychoterapia, mediacje, rozwój;502382836;;
NEOKHAN Sp. z o.o.;(12)4138592;;
NEOKHAN Sp. z o.o.;(12)4302299;;
NZOZ TAM Sp. z o.o.;(77)4530163;;
NZOZ TAM Sp. z o.o.;509714846;;
Odszkodowania24h.com.pl;530022678;;
Ogólnopolski Ośrodek Konferencyjny Sp. z o.o.;(12)6583497;;
Ogólnopolski Ośrodek Konferencyjny Sp. z o.o.;(12)2643147;;
Perfect b2b Zbigniew Czekalski;602318367;;
Północna Izba Gospodarcza w Szczecinie;(91)4860765;;
Północna Izba Gospodarcza w Szczecinie;(91)4860768;;
Salvis;669267490;;
Salvis;693252142;;
takSiS - Biuro Rachunkowe i Analiz Rynku;(52)9905105;;
Usługi Finansowe i Oddłużeniowe MEDIATOR;606299312;;
VOTUM S.A.;(71)3393400;;
VOTUM S.A.;(71)3393403;;
Zarządzanie i Obrót Nieruchomościami oraz Mediacje STRZESZYŃSKA;602575354;;
