BINDER B. i T.Prabuccy Sp.j.;(43)8215433;;
BINDER B. i T.Prabuccy Sp.j.;(43)8244937;;
F.P.H.U Zenter S. Motak - urządzenia pakujące;795708005;;
F.P.H.U Zenter S. Motak - urządzenia pakujące;665647217;;
FROMM;(22)8416030;;
P.H.U. MIZAR;(75)7423030;;
P.H.U. MIZAR;(75)7423035;;
Packsol Ryszard Warczyński;(61)4251373;;
Packsol Ryszard Warczyński;(61)4244182;;
TRANSACO GROUP Sp. z o.o.;(74)8335003;;
TRANSACO GROUP Sp. z o.o.;(74)8335001;;
WEGA-Elektronik Sylwester Wysocki i Wspólnicy Sp.j.;(61)8300311;;
WEGA-Elektronik Sylwester Wysocki i Wspólnicy Sp.j.;(61)8304039;;
BAT FORUM Maszyny i Technologie Sp. z o.o.;(58)5613021;;
BAT FORUM Maszyny i Technologie Sp. z o.o.;(58)5611687;;
BOKAMA;(52)3458601;;
BOKAMA;508224419;;
Euro-Band-Serwis Sp.j.;(74)8540506;;
JBM SERWIS;609900225;;
JBM SERWIS;667260504;;
Logi-Pack Malpak Sp. z o.o.;(46)8578221;;
PAKMA;(22)8125256;;
PAKMA;501534345;;
POLPAK Sp. z o.o.;(22)6144948;;
POLPAK Sp. z o.o.;(22)8118165;;
RAFIZ Strygner i Dyczkowscy Sp.j.;(48)6182828;;
RAFIZ Strygner i Dyczkowscy Sp.j.;(48)6183179;;
SIMPLEX Sp. z o.o.;(32)3220565;;
Spółdzielnia Pracy MLECZ-MASZ;(52)3255500;;
Spółdzielnia Pracy MLECZ-MASZ;(52)3255517;;
Bizera Spółka z o.o. (Eden Skład Handlowy);(22)6791035;;
Bizera Spółka z o.o. (Eden Skład Handlowy);(22)6778236;;
DI-ZET Bartosz i Anna Łowczyńscy Sp.j.;(22)5173580;;
DI-ZET Bartosz i Anna Łowczyńscy Sp.j.;(22)5173590;;
Elektromechanika Wytwarzanie Urządzeń Elektrycznych;(75)6449719;;
Elektromechanika Wytwarzanie Urządzeń Elektrycznych;603600735;;
EUROAS SYSTEMY PAKOWANIA;(15)8324028;;
EUROAS SYSTEMY PAKOWANIA;(15)8142506;;
FILMAT Producent Maszyn Pakujących;604523592;;
FILMAT Producent Maszyn Pakujących;(34)3590570-71;;
HEIRO S.c.;(17)8542040;;
Nobilla Sp. z o.o. Sp.komandytowa;(15)8414250;;
Nobilla Sp. z o.o. Sp.komandytowa;(15)8414251;;
Pol-Art Sp. z o.o.;(22)4256414;;
Pol-Art Sp. z o.o.;(22)8534738;;
Przedsiębiorstwo Wielobranżowe Torpak Mirosław Furmańczyk;(94)3416480;;
Przedsiębiorstwo Wielobranżowe Torpak Mirosław Furmańczyk;602738867;;
Serwispak;(44)7812208;;
Serwispak;509109415;;
SILNY & SALAMON Sp. z o.o.;(58)6225401;;
SILNY & SALAMON Sp. z o.o.;(58)6220135;;
TECHMAT Jan Krzemiński;(22)6626369;;
Zakład Techniki Próżniowej TEPRO S.A.;(94)3432481;;
Zakład Techniki Próżniowej TEPRO S.A.;(94)3432466;;
GRASO;(58)5625661;;
GRASO;(58)5625669;;
ITAX Sp. z o.o. Hurtownia Papieru i Tektury;(52)3718132;;
ITAX Sp. z o.o. Hurtownia Papieru i Tektury;(52)3489212;;
KRÜGER Polska Sp. z o.o.;(29)6440004;;
KRÜGER Polska Sp. z o.o.;(29)6442777;;
VERDETEC Justyna Włodarczyk;502378271;;
AGROMIX Z.P.H.;(12)2811008;;
AGROMIX Z.P.H.;(12)2811453;;
Chem-Pak ZPH Władysław Wojtczak;(24)3554557;;
Chem-Pak ZPH Władysław Wojtczak;(24)3552382;;
DELTA Jarysz;(67)2543333;;
Firma Handlowo-Produkcyjna PAK Sp. z o.o.;(56)6571110;;
Firma Handlowo-Produkcyjna PAK Sp. z o.o.;(56)6571100;;
FOLPOL R.Barczyk, J.Cygan Sp.j.;(22)7578088;;
GAL Przedsiębiorstwo Przedstawicielskie;(22)8497843;;
GAL Przedsiębiorstwo Przedstawicielskie;(22)8565500;;
Konsorcjum ANDZIAK Sp.j.;(94)3588298;;
Konsorcjum ANDZIAK Sp.j.;(94)3518180;;
MAR-PACK Wytwórnia Opakowań z Folii, Maszyny;(58)5528826;;
MAR-PACK Wytwórnia Opakowań z Folii, Maszyny;(58)5528827;;
OPAK;(94)3742002;;
OPAK;(94)3749798;;
P.P.U.H. WIZ S.c. W. i Z.Zborowski;(33)8562222;;
P.P.U.H. WIZ S.c. W. i Z.Zborowski;(33)8588341;;
P.U.H. Krzysztof Bieńkowski;(94)3737754;;
P.U.H. Krzysztof Bieńkowski;600908965;;
POLLABEL Bączek Mirosław;(22)7578339;;
POLLABEL Bączek Mirosław;793759885;;
SUPERTAPE Polska Sp. z o.o.;(61)8998991;;
SUPERTAPE Polska Sp. z o.o.;(61)8998995;;
Agencja Celna NUTKA S.c.;(22)8115707;;
Agencja Celna NUTKA S.c.;(22)7753829;;
AUTOJET;(61)8473548;;
AUTOJET;(61)8473960;;
Drukarnia EURO-DRUK;(52)3512316;;
ImtechGaz;(22)7285204;;
ImtechGaz;600391222;;
LINIA SZYCIA Mirosław Piłat;(61)8640268;;
LINIA SZYCIA Mirosław Piłat;508059435;;
Procosmetica Michał Matłoka;(67)2618691;;
Procosmetica Michał Matłoka;(67)2618699;;
PROMAR Przedsiębiorstwo Produkcyjno Handlowe Sp. z o.o.;(22)7686400-09Centrala;;
PROMAR Przedsiębiorstwo Produkcyjno Handlowe Sp. z o.o.;(22)7686481BiuroObsługiKlienta;;
Przedsiębiorstwo Wielobranżowe DREWMAX T.Sąsiadek i Wspólnicy Sp.j.;(77)4810122;;
Przedsiębiorstwo Wielobranżowe DREWMAX T.Sąsiadek i Wspólnicy Sp.j.;(77)4816251;;
Qubiqa;(67)3567010;;
Selen;(43)8282306;;
Selen;606421096;;
STAR-PAK Sp. z o.o.;(89)5330045;;
STAR-PAK Sp. z o.o.;(89)5341950;;
STELLA - Etykiety do Roślin;(25)7563999;;
STELLA - Etykiety do Roślin;600447744;;
TRANSLOG SYSTEMS Sp. z o.o.;(22)8153387;;
TRANSLOG SYSTEMS Sp. z o.o.;(22)8127728;;
WEMAPAK S.c.;(33)8534489;;
WEMAPAK S.c.;786816622;;
Zakład Usług Inżynierskich INREL Sp. z o.o.;(42)2507696;;
Zakład Usług Inżynierskich INREL Sp. z o.o.;728349954;;
Ariesgraf Firma Usługowo-Handlowa Janusz Baranek;(22)8362234;;
Ariesgraf Firma Usługowo-Handlowa Janusz Baranek;601362234;;
BART Sp. z o.o. Sp.komandytowa;(22)6662994;;
BART Sp. z o.o. Sp.komandytowa;(22)6652023;;
DKV-SERVICE Sp. z o.o.;(71)3185519;;
DKV-SERVICE Sp. z o.o.;(71)3185194;;
Elken - Systemy Pomiarowe, Sterowania i Pozycjonowania Krystyna Tafelska;692450289;;
EMKA Michał Wyrzykowski-Kuć;(22)4905649(obsługamagazynu);;
EMKA Michał Wyrzykowski-Kuć;(22)8365108(materiałydopakowania);;
IGOPAK Sp. z o.o. Producent Opakowań Tekturowych;(43)6752014;;
IGOPAK Sp. z o.o. Producent Opakowań Tekturowych;605920390;;
KAS Konfekcjonowanie Artykułów Spożywczych;(43)8425021;;
KAS Konfekcjonowanie Artykułów Spożywczych;667129085;;
MAGA;(61)8335065;;
MAGA;503401305;;
MECH-MASZ;(52)3034811;;
MECH-MASZ;(52)3020073;;
Narzędziownia-Przylep Sp.j.;(68)3213700;;
PHU MAX Ewelina Jamorek;(44)6172521;;
PHU MAX Ewelina Jamorek;501074858;;
PLAST Sp. z o.o.;(42)6812428-30;;
PLAST Sp. z o.o.;725525755;;
PPH FLORAMEX S.c.;(61)8125733;;
PPH FLORAMEX S.c.;(61)8115553;;
SiMiKo;(42)6809617;;
SiMiKo;601383266;;
TECHNOPLAST;(61)6469691;;
TECHNOPLAST;(61)6469692;;
TM Ink-Jet Tomasz Mrowiec;(77)5430582;;
TM Ink-Jet Tomasz Mrowiec;(77)5453027;;
VELTEKO POLSKA Sp. z o.o.;(61)6503407;;
VELTEKO POLSKA Sp. z o.o.;(61)6503408;;
Zakład Mechaniczno-Remontowy Sp.j. (ZMR);(12)6178337;;
Zakład Mechaniczno-Remontowy Sp.j. (ZMR);(12)6178327;;
ZAP Mikroster S.c.;(61)4266989;;
ZAP Mikroster S.c.;502607191;;
ZRH KOKO Izabela Bartoszuk;(71)3116281;;
FoodMash;+38(0619)43-42-01;;
A-PAK S.c.;606254712;;
A-PAK S.c.;608383212;;
ABRA PACK;508093655;;
ABRA PACK;605032830;;
Albertina Polska Sp. z o.o.;(71)3500886;;
Albertina Polska Sp. z o.o.;(71)3500888;;
ALDI Maszyny Pakujące i Folie;693279595;;
AMPAC;(58)7143400;;
AMPAC;665141475;;
AnCz Andrzej Czarnecki Poligrafia-Reklama-Marketing Oddział Bliżyn;(41)2541850-51;;
AnCz Andrzej Czarnecki Poligrafia-Reklama-Marketing Oddział Bliżyn;(41)2541638;;
AnCz Andrzej Czarnecki Poligrafia-Reklama-Marketing Oddział Marki;(22)7619083;;
AnCz Andrzej Czarnecki Poligrafia-Reklama-Marketing Oddział Marki;600430999;;
APACK Sp. z o.o.;616463261;;
APACK Sp. z o.o.;785702255;;
ASTRA Sp. z o.o. Sp.komandytowo-Akcyjna;(25)6402040;;
ASTRA Sp. z o.o. Sp.komandytowo-Akcyjna;509450433;;
ASTRAPACK-Torby Papierowe i Maszyny Pakujące;501759077;;
ATS-Tanner Polska Sp. z o.o.;(22)8427584;;
ATS-Tanner Polska Sp. z o.o.;(22)8420954;;
Autopack PL;(17)8560877;;
Autopack PL;606265050;;
AWMPAK Sp. z o.o.;(22)6126311;;
BAFRA Sp. z o.o.;(17)2254468;;
BAFRA Sp. z o.o.;(17)2257205;;
BAG in BOX;(81)7561267;;
BAG in BOX;604542518;;
BALTICA A.P S.c.;(58)3409774;;
BALTICA A.P S.c.;600379103;;
Bis Media Łosowska Sp.j.;(54)2324623;;
Bis Media Łosowska Sp.j.;(54)2342226;;
BMS - Budowa Maszyn Specjalnych mgr inż. Leszek Sabela;(32)7262599;;
BMS - Budowa Maszyn Specjalnych mgr inż. Leszek Sabela;(32)4556991;;
BMT PACKING;(22)2438941;;
BUSINESS GROUP Sp. z o.o.;(61)8656992;;
BUSTER Sp. z o.o.;(22)7293888w.102;;
BUSTER Sp. z o.o.;607103703;;
CAMPAK POLAND Sp. z o.o.;(22)5771020-21;;
CAMPAK POLAND Sp. z o.o.;(22)5771022;;
Centrum Projektowo-Wykonawcze MECHPRO;(12)3579285;;
Centrum Projektowo-Wykonawcze MECHPRO;(12)4117942;;
COFFEE SERVICE Sp. z o.o.;(22)6251510;;
COFFEE SERVICE Sp. z o.o.;(22)6280683;;
Confpack;696952700;;
Confpack;886857527;;
CONTAINER PACKING;609717004;;
DC Sp. z o.o.;(22)2080410;;
DC Sp. z o.o.;(22)2080411;;
DESPOL Sp. z o.o.;(22)3804488;;
DESPOL Sp. z o.o.;(22)3801583;;
DID Maszyny Pakujące;(71)3419515;;
DID Maszyny Pakujące;(71)3418283;;
DMS - Direct Marketing Services M.Jenek, T.Stankiewicz Sp.j.;(61)6577700-02;;
DMS - Direct Marketing Services M.Jenek, T.Stankiewicz Sp.j.;(61)6577703;;
ECP Maszyny Pakujące;(22)7362480;;
ECP Maszyny Pakujące;(22)7545070;;
EMPRA Pakowarki Próżniowe;(22)4863292;;
EMPRA Pakowarki Próżniowe;(22)4863226;;
ET Ewa Tomczak;(42)6875075;;
ET Ewa Tomczak;(42)6875077;;
Ex-Pack Daniel Szłapka;570584052;;
F.H. Najbar;(12)4115959;;
F.H. Najbar;(12)2944293;;
F.H.U. JAWO;790700423;;
F.H.U. JAWO;694299342;;
F.H.U.P. MAKMAR-PAK;(12)2786020;;
F.H.U.P. MAKMAR-PAK;(12)2894850;;
F.U.H. DANA;(22)8464151;;
F.U.H. DANA;(22)8684024-25;;
F.U.H. EMILIA;(22)7230191;;
F.U.H. EMILIA;(22)7230518;;
Fabryka Maszyn Pakujących PABLO Sp. z o.o.;(41)3061604;;
Fabryka Maszyn Pakujących PABLO Sp. z o.o.;(41)3062180;;
FAN-PAK Sp. z o.o. Sp.komandytowa;(61)8768342;;
FAN-PAK Sp. z o.o. Sp.komandytowa;607040521;;
Fenix Systems Sp. z o.o.;(22)7155253;;
Fenix Systems Sp. z o.o.;(22)7565676;;
Firma Handlowa WAREJKO;601089009;;
FOLMAK Sp. z o.o.;(22)7630407;;
FOLMAK Sp. z o.o.;(22)8777570-72;;
FORUM;(42)6484336;;
FORUM;(42)6484862;;
FULL PACK Zakład Produkcyjno-Handlowo-Usługowy Henryk Kołodziej;(54)2522522;;
FULL PACK Zakład Produkcyjno-Handlowo-Usługowy Henryk Kołodziej;503048316;;
GitAll S.c.;601158998;;
GitAll S.c.;602640684;;
GREENPACK S.c.;(12)6580519;;
GREENPACK S.c.;505651960;;
HEIRO S.c.;(22)7511711;;
HEIRO S.c.;(22)7516388;;
HEMAR Marcin Heromiński;(48)6181992;;
HEMAR Marcin Heromiński;(48)6182481;;
Htech Pl Sp. z o.o.;(77)4710180;;
Htech Pl Sp. z o.o.;(77)4710181;;
HUGART Sp. z o.o.;(32)4302476;;
HUGART Sp. z o.o.;(32)4302414;;
Huzap Budowa Maszyn Sp. z o.o.;(32)3880300;;
Huzap Budowa Maszyn Sp. z o.o.;(32)2829752;;
I.P.MATIC;(22)3570311;;
I.P.MATIC;609671167;;
Ilapak Sp. z o.o.;(12)2662075;;
Ilapak Sp. z o.o.;(12)2664375;;
Inmero Sp. z o.o.;(32)4719178;;
Inmero Sp. z o.o.;(32)4708695;;
INPOL Haider i Ogórek Sp.j.;(32)6307676;;
INPOL Haider i Ogórek Sp.j.;(32)6307575;;
Intrapack Sp. z o.o.;(82)8203398;;
Intrapack Sp. z o.o.;505399300;;
Intro-Krak;(12)6448928;;
Intro-Krak;501069807;;
Investa Marine Sp. z o.o.;(58)5532606;;
IVRIS;692908635;;
IZIPAK Sp. z o.o. Sp. k.;(58)5541043;;
IZIPAK Sp. z o.o. Sp. k.;(58)5541045;;
JABA Jarosław Barczykowski;523576596;;
Jamaco;(022)8638272;;
just-pak Katarzyna Jankowska;(71)3423239;;
just-pak Katarzyna Jankowska;(71)3411825;;
KADOR Sp. z o.o.;(75)7610322;;
KADOR Sp. z o.o.;(75)7610235;;
Kajman-Pack Jerzy Szuba;501718228;;
Kajman-Pack Jerzy Szuba;(22)6155599;;
Kalimpex;(22)7207064;;
Kalimpex;(22)7207065;;
Kegel A.J. S.c.;(61)6625982;;
Kegel A.J. S.c.;607580730;;
KOLITH Sp. z o.o.;(91)4836905;;
KOLITH Sp. z o.o.;(91)4836939;;
KONITEC Polska Sp. z o.o.;603290459;;
KONITEC Polska Sp. z o.o.;695545541;;
KRZYSKOW.COM;664117005;;
LeanLogis NEW Sp. z o.o. Sp.komandytowa;603619767;;
LeanLogis NEW Sp. z o.o. Sp.komandytowa;601347886;;
LUKOR Kordecki Sp.j.;(071)7879800-01;;
LUKOR Kordecki Sp.j.;(071)3258617;;
M.A.G. Services Marek Kobyłecki;501367659;;
M.A.G. Services Marek Kobyłecki;(22)6425991;;
MADEJ PAK;(12)4213327;;
MADEJ PAK;(12)4223404;;
MASTER-PACK;(22)6114425;;
MASTER-PACK;606852777;;
MEGA PACK;(42)6530564;;
MEGA PACK;607687388;;
MP-NW P.H.U. Adam Błaszczyński Artykuły do pakowania;603274334;;
NovumPack;(12)6530406;;
NovumPack;(12)6530406;;
OCEAN MACHINES Polska;(22)4275481;;
OCEAN MACHINES Polska;601135034;;
OPTI PACK;602409566;;
OPTI PACK;664278220;;
OST;(58)3541869;;
OST;604086816;;
P.P.H.U. Transelektro;509338417;;
P.P.H.U. Transelektro;502309838;;
PACKTEAM;793312113;;
PACKTEAM;468555040;;
PACZKA DZIWACZKA;506053235;;
PAK-TREND;(22)7630493;;
PAK-TREND;502294881;;
PART-PACK Wojciech Zasępa;792250190;;
Petpoint Automation Sp. z o.o.;(22)7795667;;
Petpoint Automation Sp. z o.o.;511376511;;
PG STUDIO Rafał Meroń;(61)8144054;;
Pharma Innovations Sp. z o.o.;(22)7868378;;
Pharma Innovations Sp. z o.o.;(22)7860878;;
PKL Pack;(22)2034806;;
PKL Pack;664301200;;
PMTECHNIC;(43)8254667;;
PMTECHNIC;(43)6569440;;
POLPACK Sp. z o.o.;(22)8142049;;
POLPACK Sp. z o.o.;(22)8142062;;
POZWRO;(71)7187026;;
POZWRO;605358625;;
PPH Kryma;(43)6776430;;
PPH Kryma;609583060;;
PPHU Pack-Mon Mirosława Mogilnicka;(52)3319424;;
PPHU Pack-Mon Mirosława Mogilnicka;(52)3319455;;
PPHU PAK-TREND;(22)7630493;;
PPHU PAK-TREND;502294881;;
PREMAC Sp. z o.o.;(22)7420150;;
PREMAC Sp. z o.o.;(22)7420140;;
Producent Maszyn Pakujących NULKA;(14)6658743;;
Producent Maszyn Pakujących NULKA;(14)6658733;;
PROFIL Krystyna i Paweł Kosowicz Sp.j.;(59)8481260;;
PROFIL Krystyna i Paweł Kosowicz Sp.j.;(59)8481261;;
PROGRAM BIS;602395898;;
PROGRAM BIS;600385167;;
PROTiM Sp. z o.o.;(61)8686235;;
PROTiM Sp. z o.o.;(61)8686395;;
Przedsiębiorstwo Handlowo-Produkcyjno-Usługowe UNI-BAND S.c.;(17)8633478;;
Przedsiębiorstwo Handlowo-Produkcyjno-Usługowe UNI-BAND S.c.;694971940;;
Pukala Polska Sp. z o.o.;(56)6580050;;
Pukala Polska Sp. z o.o.;(56)6580051;;
PZ Serwis Piotr Ząbek;510277378;;
PZ Serwis Piotr Ząbek;501007378;;
QUALITY PACKERS Sp. z o.o.;509703433;;
QUALITY PACKERS Sp. z o.o.;500044627;;
RADPAK Fabryka Maszyn Pakujących Sp. z o.o.;(54)4125500;;
RADPAK Fabryka Maszyn Pakujących Sp. z o.o.;(54)4125501;;
RENMAR-PACK S.c.;696853541;;
RFID PIANKO.PL;606440957;;
Signode Polska Sp. z o.o.;(22)2331041;;
Signode Polska Sp. z o.o.;(22)2331039;;
SŁONECZKO Polska Sp. z o.o.;660737346;;
SŁONECZKO Polska Sp. z o.o.;608058948;;
SOLIDPACK Producent Maszyn Pakujących TERMOPAK;(34)3595101;;
SOLIDPACK Producent Maszyn Pakujących TERMOPAK;(34)3591582;;
SORTER S.c. Maszyny sortownicze;(48)3779999;;
SORTER S.c. Maszyny sortownicze;(48)3779998;;
STM Sp. z o.o.;(94)3671471;;
STM Sp. z o.o.;(94)3630940;;
Strapmet Sp. z o.o.;(74)8561850-55;;
Strapmet Sp. z o.o.;(74)8561860;;
SUPERMACH Sp.komandytowa;788360062;;
SUPERMACH Sp.komandytowa;602651591;;
Syspac Polska;(22)7290080;;
Syspak Polska;(22)7290080;;
SYSTECH INDUSTRIE SERVICE;(58)6620060;;
SYSTECH INDUSTRIE SERVICE;(58)6623445;;
SZUGAJEW AGRI;(22)7558751;;
SZUGAJEW AGRI;(22)7245765;;
SzybkiePakowanie.pl;(22)7218520;;
SzybkiePakowanie.pl;601096923;;
Ślusarstwo Mechanika Maszyn;(75)6449720;;
Ślusarstwo Mechanika Maszyn;602199197;;
TARPAK;(61)6616843;;
TARPAK;(61)6390895;;
TECHNIPES Sp. z o.o.;510068195;;
TECHNIPES Sp. z o.o.;608466184;;
TECHNOLOGY POLSKA Sp. z o.o.;502281729;;
TERMOPAK Okoń Tadeusz;(34)3595101;;
TERMOPAK Okoń Tadeusz;(34)3591582;;
TEZAURUS;(32)2519700;;
TEZAURUS;(32)2032218;;
THERMO-PACK;(22)1215626;;
THERMO-PACK;502590965;;
TOMAR S.c.;(48)6181931;;
TOMAR S.c.;(48)6182624;;
TOMAX S.c.;603533502;;
TOMAX S.c.;603533506;;
TOMIR Sp.j.;(22)6656205;;
TOMIR Sp.j.;(22)6648126;;
TOTAL-PACK Sp. z o.o.;(89)5343600;;
TOTAL-PACK Sp. z o.o.;(89)5336778;;
TRANSPAK Copacking Sp. z o.o.;(61)2823580Centrala;;
TRANSPAK Copacking Sp. z o.o.;(61)2823589Centrala;;
TREECO S.c.;500317650;;
TREECO S.c.;(17)7850505;;
TREPKO Sp. z o.o.;(61)4265041;;
TREPKO Sp. z o.o.;(61)4265068;;
TUR-PAK;(62)7861478;;
TUR-PAK;889020303;;
ULMA Packaging Polska;(022)7662250;;
ULMA Packaging Polska;(022)3578438;;
Unicorn Sp. z o.o.;(89)5343600;;
Unicorn Sp. z o.o.;(89)5336778;;
UNIMAK Zakład Produkcyjno-Handlowo-Usługowy;(61)6539786;;
Valuepack Europe Sp. z o.o.;(68)3761210;;
Valuepack Europe Sp. z o.o.;(68)3553215;;
VINDEX Sp. z o.o.;500846623;;
VIPAK Sp. z o.o.;(62)7472297;;
VIPAK Sp. z o.o.;(62)5057859-61;;
VOLTAPACK;(61)8320583;;
VOLTAPACK;501259052;;
WALDER;(61)8300149;;
WALDER;601720149;;
WIKPOL Sp. z o.o.;(81)5032330;;
WOLDAR;(34)3138540;;
WOLDAR;500129301;;
Zakład Mechaniki Maszyn i Produkcji Opakowań GROUP PRODUCT;(42)6565606;;
Zakład Mechaniki Maszyn i Produkcji Opakowań GROUP PRODUCT;(42)6565051;;
Zakład Produkcyjno-Usługowo-Handlowy PROJPOL;(41)2733600;;
Zakład Produkcyjno-Usługowo-Handlowy PROJPOL;(41)2732951;;
Zakład Produkcyjno-Wdrożeniowy SIMPLEX;(42)6492122;;
Zakład Produkcyjno-Wdrożeniowy SIMPLEX;609487280;;
Zakład Usługowo-Handlowy ANPOL Krystyna Wachowicz;(89)5414215;;
Zakład Usługowo-Handlowy ANPOL Krystyna Wachowicz;501291135;;
ZDAN PAK;(22)8166182;;
ZDAN PAK;602615068;;
Znakpak Kamil Nowak;(22)6104528;;
Znakpak Kamil Nowak;500241026;;
Bakker Polska;600250847;;
globimiX;532066620;;
globimiX;532066621;;
Pakuj24.pl;(89)5333588;;
Pakuj24.pl;570040244;;
ABC FOLIE S.c.;509878749;;
ACMC Sp. z o.o.;(32)2027755;;
ACMC Sp. z o.o.;(32)2027755;;
Agencja Transportowa Makro Service Spółka z Ograniczoną Odpowiedzialnością Sp.k.;(22)8685575;;
Agencja Transportowa Makro Service Spółka z Ograniczoną Odpowiedzialnością Sp.k.;(22)8685563;;
ALFA-LOGIS Sp. z o.o.;(22)3683600;;
ALFA-LOGIS Sp. z o.o.;(22)3683607;;
ALUMTEC Andrzej Linka;662737654;;
Apes Sp. z o.o.;509676869;;
ASEPTA SERWIS PPHU Kamil Hermanowski;(81)7472949;;
AUTOGRAF-Bis Opakowania;(61)4473585;;
AUTOGRAF-Bis Opakowania;601770838;;
BIURO PRESTIŻ GROUP;604422833;;
BOSKY Sp. z o.o.;(41)3340404;;
BOSKY Sp. z o.o.;505038592;;
BOSMANN Sp. z o.o.;(42)6849800;;
City Cosmetics Sp. z o.o.;608716711;;
City Cosmetics Sp. z o.o.;606200582;;
COFFEE PROMOTION Sp. z o.o.;(55)2623860;;
COFFEE PROMOTION Sp. z o.o.;(55)2623867;;
CONNECT Sp. z o.o.;(17)7729070;;
CONNECT Sp. z o.o.;(17)7729063;;
CONSUMASZ Przedsiębiorstwo Produkcji Maszyn dla Przemysłu Spożywczego Sp. z o.o.;(61)8790531;;
CONSUMASZ Przedsiębiorstwo Produkcji Maszyn dla Przemysłu Spożywczego Sp. z o.o.;(61)8765941;;
Cortez Sp. z o.o.;(32)2491515;;
Cortez Sp. z o.o.;(32)2491517;;
CPI Centrum Prac Introligatorskich;(25)7531000;;
CPI Centrum Prac Introligatorskich;(25)7531438;;
CUSTOMERITUM Centrum Obsługi Klienta i Logistyki Sp. z o.o.;(22)4294214;;
CUSTOMERITUM Centrum Obsługi Klienta i Logistyki Sp. z o.o.;(22)7830439;;
DALPO Sp. z o.o.;(61)8664367;;
DALPO Sp. z o.o.;(61)8665861;;
DANBER Firma Handlowa;(42)6785698;;
DANBER Firma Handlowa;502143190;;
Delta Promocja Iran Czalipa;508095065;;
Delta Promocja Iran Czalipa;501222202;;
DiKON Konrad Stępień;(32)4231340;;
DiKON Konrad Stępień;509116307;;
DREW-MAK Zakład Przetwórstwa Drzewnego;(14)6700848;;
DREW-MAK Zakład Przetwórstwa Drzewnego;600873393;;
ECOPLASTIC POLSKA;(12)6383799;;
ECOPLASTIC POLSKA;784896621;;
ELEKTROCAR;(22)6123060;;
ELEKTROCAR;(22)6121922;;
Elint International Trading & Consulting;(22)7111311;;
Elint International Trading & Consulting;501730013;;
EMIPAK Sp. z o.o.;(22)8740145;;
EMIPAK Sp. z o.o.;(22)8740147;;
Emporia;(065)5287900;;
Emporia;(065)5287902;;
Emvio Sp. z o.o.;533773600;;
Emvio Sp. z o.o.;602554906;;
EUROFOL Sp. z o.o.;(61)8420912;;
EUROFOL Sp. z o.o.;(61)6649981;;
EUROPA INWESTYCJE Sp. z o.o.;(61)8427448;;
EUROPA INWESTYCJE Sp. z o.o.;(61)8427450;;
Europa Systems Sp. z o.o.;(91)5790350;;
Europa Systems Sp. z o.o.;(91)5790351;;
EXITO;(52)3632371;;
EXITO;(52)3703991;;
Extrusion OLB Sp. z o.o.;792056560;;
F.H. Tech-Prim;(34)3276268;;
F.H. Tech-Prim;601634819;;
F.H.U. DUO-TRANS Sp.j.;(32)7202500;;
F.H.U. DUO-TRANS Sp.j.;883102030;;
F.H.U. Ksawa;(14)6423925;;
F.H.U. Ksawa;791877771;;
F.P.H.U. EKO-PAK Bożena Rybka;(52)3561170;;
F.P.H.U. EKO-PAK Bożena Rybka;(52)5672909;;
FDPm Sp. z o.o.;(32)4550756;;
FDPm Sp. z o.o.;(32)4416052;;
FHU Open Box;667459777;;
FHU Open Box;(42)7128230;;
Firma Handlowa Maximum Transport;606434450;;
Firma Handlowa SEZAM;788599788;;
Firma Handlowo-Produkcyjna JUMA-PAK;(41)3848535;;
Firma Handlowo-Produkcyjna JUMA-PAK;606146039;;
Firma KONFEX Paweł Wasilewski;(46)8633053;;
Firma KONFEX Paweł Wasilewski;508645681;;
Gatra Polska Sp.komandytowa;(89)6790690;;
Gatra Polska Sp.komandytowa;(89)6790588;;
GEA Process Engineering Sp. z o.o.;(22)6081400;;
GEA Process Engineering Sp. z o.o.;(22)6081425;;
GEMA M.Maćko Sp.j.;(041)3434520;;
GEMA M.Maćko Sp.j.;(041)3434530;;
GM Records Marek Grela;(22)8722722;;
GM Records Marek Grela;(22)8722706;;
Goplast Serafińscy, Kowalscy Sp.j.;601384451;;
GÓR-PAK P.H.U. Marcin Górny;(81)4417129;;
HANDMASZ Dariusz Dębowski;504060713;;
Hegemon;604408013;;
Hegemon;(42)6322046;;
HEKO-SERVICE Andrzej Dabrowski;(032)2875447;;
HEKO-SERVICE Andrzej Dabrowski;607886220;;
HELVEPACK;(22)4903614;;
HELVEPACK;(22)4995291;;
HORIZON;(25)6820120;;
HotMelt Serwis;515454125;;
HotMelt Serwis;513337272;;
INN Sp. z o.o.;(32)2484505;;
INN Sp. z o.o.;(32)2430237;;
Janda;(018)3319286;;
Janda;(018)3310242;;
Jedavid Wyposażenie Magazynowe;(56)6597300;;
Jedavid Wyposażenie Magazynowe;(56)6597305;;
Kraft-Box Składarko-Sklejarki & Opakowania;627687910;;
Kraft-Box Składarko-Sklejarki & Opakowania;725551458;;
LEAR Sp. z o.o.;(71)7237899;;
LEAR Sp. z o.o.;(71)7237559;;
LEMAG - systemy pakujące i produkcji opakowań;(22)8731093;;
LOGISPAK;(94)3652707;;
LOGISPAK;609469111;;
Manuli Ekobal Sp. z o.o.;(71)3467900;;
Manuli Ekobal Sp. z o.o.;(71)3467920;;
MARK Marian Szadejko;(58)3057018-siedziba;;
MARK Marian Szadejko;(58)3011451;;
MARWAY International Express Sp. z o.o.;(17)8730580;;
MARWAY International Express Sp. z o.o.;(17)8591034;;
MAXBOT Ł.Leńczuk & M.Kuliga;785107504;;
MAXBOT Ł.Leńczuk & M.Kuliga;785107505;;
MB OPAKOWANIA;(75)6477390;;
MB OPAKOWANIA;512268799;;
MIRACAN Sp. z o.o.;(12)6565548;;
MIRACAN Sp. z o.o.;(12)2573350;;
Mister Sp. z o.o.;692471940;;
Moretti Macchine;664412061;;
Moretti Macchine;(61)2506463;;
MULTIBOX Tomasz Kowalski;503070042;;
MULTIVAC Sp. z o.o.;(81)7466700;;
MULTIVAC Sp. z o.o.;(81)7466701;;
MZPACK Kątowniki Tekturowe;604405144;;
MZPACK Kątowniki Tekturowe;(89)6126127;;
NANDOR Sp.j. Mariusz Staszel, Paweł Kubas;(14)6351049;;
NANDOR Sp.j. Mariusz Staszel, Paweł Kubas;661913555;;
NEVPAX;530999118;;
NEVPAX;533555939;;
Norma System Sp. z o.o.;(22)6155079;;
Norma System Sp. z o.o.;(22)6152148;;
OFIR Sp. z o.o.;(32)7775307;;
OFIR Sp. z o.o.;(32)7775331;;
P-UH KOVAC;503055521;;
P-UH KOVAC;(91)4224038;;
P.H.U. KAL-MET Barbara Kalicka;(59)8612593;;
P.H.U. KAL-MET Barbara Kalicka;(59)8612689;;
P.H.U. MARPAK Mariusz Lesicki;664144791;;
P.H.U. MARPAK Mariusz Lesicki;726591533;;
P.P.H. Jotpol;(61)8521541;;
P.P.H.U. AZPOL Sp.j.;(15)8683651;;
P.P.H.U. AZPOL Sp.j.;(15)8684645;;
P.P.H.U. FOL-ROM;(62)7339323;;
P.P.H.U. FOL-ROM;603136960;;
P.U.P.H. REMI;515273381;;
PAK-MA S.c.;(61)8751520;;
PAK-MA S.c.;660746162;;
PAKtech;668022159;;
PAKtech;(85)6511104;;
PEKA PAK Edyta Peka Firma Handlowo-Usługowa;(52)3344356;;
PEKA PAK Edyta Peka Firma Handlowo-Usługowa;606445372;;
PENNY GONDEK Sp. z o.o.;(71)3983210;;
PENNY GONDEK Sp. z o.o.;(71)3983211;;
PLAST-FARB Sp. z o.o. Sp.komandytowa;(56)6448540;;
PLAST-FARB Sp. z o.o. Sp.komandytowa;(56)4754032;;
POLPACK Sp. z o.o. Oddział Łódź;(42)6529520;;
POLPACK Sp. z o.o. Oddział Łódź;(42)6522232;;
POLTRON System Sp. z o.o.;734176343;;
PPHU HADEPOL;(054)2802143;;
PPHU HADEPOL;(054)2806250;;
PPHU PAPFOL producent toreb reklamowych;(32)2949350;;
PPM Piątnica;(86)2164546;;
PPM Piątnica;506393645;;
Procosmetica Michał Matłoka Oddział w Żernikach;609249909;;
PROMARK Sp. z o.o.;(22)8581400;;
PROMARK Sp. z o.o.;(22)8422682;;
Przedsiębiorstwo Handlowe SENGA;(22)7734636;;
Przedsiębiorstwo Handlowe SENGA;(22)7736904;;
Przedsiębiorstwo Inżynieryjno-Handlowe FOODMASZ;(22)6380482;;
Przedsiębiorstwo Inżynieryjno-Handlowe FOODMASZ;509030261;;
PTC Plastic Technology Center;(56)6747709;;
PTC Plastic Technology Center;(56)6926889;;
QUARTZ S.A.;(22)7751175;;
QUARTZ S.A.;(22)7755380;;
Rubyco Sp. z o.o.;(32)7308244;;
Rubyco Sp. z o.o.;(32)2292944;;
SERWHAND Damian Zakrzewski;601920464;;
SERWHAND Damian Zakrzewski;601614763;;
Smurfit Kappa Polska Sp. z o.o. Drezdenko;(95)7637101;;
Smurfit Kappa Polska Sp. z o.o. Gdańsk;(58)7739100;;
Smurfit Kappa Polska Sp. z o.o. Konin;(63)2402700;;
Smurfit Kappa Polska Sp. z o.o. Pruszków;(22)7586700;;
Smurfit Kappa Polska Sp. z o.o. Warszawa;(22)3308200;;
SOBFOL Sp. z o.o.;(81)7486082;;
SOBFOL Sp. z o.o.;(81)7486081;;
SOMER;(014)6274182;;
SOMER;502357589;;
SPEED PACK-Logistics Joanna Czaja i Wspólnicy S.c.;665034270;;
SPEED PACK-Logistics Joanna Czaja i Wspólnicy S.c.;793640811;;
SPOLEX Sp. z o.o.;(22)8580498-99;;
SPOLEX Sp. z o.o.;(22)8429893;;
STAN 58;(22)7818274;;
STAN 58;(22)7718395;;
Stret Pack Sp.j.;(32)6722036;;
Stret Pack Sp.j.;502317230;;
studio JP projekt;608610458;;
Talbud Krzysztof Talarek;(22)7514463;;
Talbud Krzysztof Talarek;696425112;;
TECHMATIK S.A.;(48)3690800;;
TECHMATIK S.A.;(48)3690808;;
TECHNO PPHU Sp.j.;(71)3116161;;
TECHNO PPHU Sp.j.;(71)3116155;;
TOP-CHEM Ewa Waszczuk;885732732;;
TRANSFER Sp.j.;(12)6560016;;
TRANSFER Sp.j.;(12)6532980;;
UNILOGO;(22)7168202;;
UNILOGO;(22)7168201;;
VINCENT Sp. z o.o.;(58)3202267-70;;
VINCENT Sp. z o.o.;(58)3202270;;
WISEN S.c.;609135333;;
WISEN S.c.;500215711;;
www.robotycy.com - Paweł Struzik-Włodarski;888580720;;
XPERTS inż. Sławomir Łada;(68)3287866;;
XPERTS inż. Sławomir Łada;501311664;;
Zakład Opieki Zdrowotnej Ministerstwa Spraw Wewnętrznych i Administracji;(58)3098200;;
Zakład Opieki Zdrowotnej Ministerstwa Spraw Wewnętrznych i Administracji;(58)3098285;;
