DATA MAX RECOVERY®;(22)8396957;;
DATA MAX RECOVERY®;606253341;;
Klinika Danych;(22)2977040;;
MiP Data Recovery;663690690;;
MiP Data Recovery;(22)2500077;;
DATACOMP Sp. z o.o.;(12)4129977;;
DATACOMP Sp. z o.o.;0801011468;;
Iron Mountain Polska Sp. z o.o.;0801800802;;
Iron Mountain Polska Sp. z o.o.;(22)7536141;;
Progress Serwis Komputerowy;(12)4312101;;
Progress Serwis Komputerowy;(12)4229855;;
Blue LINE;(61)8161789;;
Blue LINE;501353333;;
ISBM - Systemy i Sieci Komputerowe oraz Usługi Inżynierskie;(52)3607161;;
ISBM - Systemy i Sieci Komputerowe oraz Usługi Inżynierskie;(52)3607162;;
Alplast Sp.j. Sp. z o.o. Sp.komandytowa;(94)3523299;;
Alplast Sp.j. Sp. z o.o. Sp.komandytowa;(94)3544088;;
CHAR ELECTRONICS J.Charytonowicz Serwis Komputerowy;602261429;;
CHAR ELECTRONICS J.Charytonowicz Serwis Komputerowy;(22)8222584;;
Detektyw Piotr Wawrzkiewicz WARMIX;601310046;;
DITO;(22)3546624;;
DITO;601208024;;
IVITER;(22)2977030;;
IVITER;(22)2977040;;
KAMEG NAPRAWY LAPTOPÓW Kamil Szarszewski;604850023;;
Nowoczesne Centrum Technologii Informatycznych NCTI;(12)3578387;;
Nowoczesne Centrum Technologii Informatycznych NCTI;602181144;;
Serwis Komputerowy Kamelkomp;506523506;;
SOFT-MEDIA;(76)7449942;;
SOFT-MEDIA;606304296;;
SYNTCOM POLSKA;507357772;;
ADAYA LAB;(87)5682578;;
ADAYA LAB;502471251;;
AGAM Odzyskiwanie Danych;(81)4446475;;
AGAM Odzyskiwanie Danych;(81)4713105;;
All Data Recovery;(22)3928268;;
All Data Recovery;(22)3928672;;
Anzena Sp. z o.o.;(32)4209000;;
Anzena Sp. z o.o.;(32)4209099;;
ARVIKA DATA RECOVERY;(12)4441499;;
ARVIKA DATA RECOVERY;605660548;;
AVIDATA;(22)4806532;;
AVIDATA;730028969;;
Best Serwis;(22)2150161;;
Best Serwis;601353946;;
Computer Service Expert;(22)3982628;;
Computer Service Expert;601517417;;
DaneOdzyskaj.pl;600218053;;
DATA lab Odzyskiwanie Danych;(61)6529256;;
DATA lab Odzyskiwanie Danych;602421073;;
DATARECOVERY;512995095;;
ELEKTRO-PCAL Michał Piotrowicz;510068697;;
FIXCOMP Grzegorz Kratiuk;796455009;;
HDLab Odzyskiwanie Danych;(71)3214444;;
HDLab Odzyskiwanie Danych;(71)3213333;;
HEX Usługi Informatyczne;510361525;;
KrollOnTrack;(32)7799900;;
KrollOnTrack;(32)7799901;;
LabMedia;698522522;;
Laboratorium Danych;668308957;;
MEGA;(22)8702500;;
MyData.pl;513846733;;
MyData.pl;(34)3245541;;
NEO LABS Odzyskiwanie Danych;(74)6622910;;
NEO LABS Odzyskiwanie Danych;(74)6622940;;
NETINVISION S.A.;(61)8122400;;
NETINVISION S.A.;728164164;;
Odzyskiwanie Danych Sp. z o.o.;(61)2504466;;
Omico Data Recovery Sp. z o.o.;603888888;;
RAM-SERWIS Laboratorium Odzyskiwania Danych;(61)8246246;;
RAM-SERWIS Laboratorium Odzyskiwania Danych;608160108;;
RATUJ-DANE;(42)6616166;;
RATUJ-DANE;793450019;;
Serwis Komputerowy OLIMP;(71)7256962;;
StrongRecovery;535540153;;
SZPIEGOSTWO.COM and SURMINSKI.PL;(52)5115494;;
SZPIEGOSTWO.COM and SURMINSKI.PL;503334212;;
VS Data;(58)6614528;;
VS Data;(58)6614628;;
KompMaster.pl;693794323;;
1-2 Sp. z o.o.;(22)8694253;;
1-2 Sp. z o.o.;(22)8694255;;
ABAKUS ALSEN AUTO;(58)6203689;;
ABIT Systemy Informatyczne;512257858;;
Adam Garstka Usługi Informatyczne;664978539;;
Adp Poland S.c. Serwis Systemów Komputerowych;(71)3432923;;
Adp Poland S.c. Serwis Systemów Komputerowych;(71)3431943;;
ADQ;693652796;;
Agencja Interactive Media;668449403;;
Agencja Reklamowa Massive LAB;737453054;;
ALEJO.pl;(22)8261448;;
ALEJO.pl;500410389;;
ALERT;601409066;;
ALERT;(77)5449309;;
ALKATRON;(22)8185821;;
ALPAL Pogotowie Komputerowe;693357337;;
ALPAL Pogotowie Komputerowe;(32)8886888;;
ANPA net;661590943;;
ARANET;501705848;;
ATUT Komputer Maciej Laskowski;(71)7927722;;
ATUT Komputer Maciej Laskowski;(71)3382665;;
Bamnet Paweł Pastucha;660697265;;
Bcomp Cezary Bieńkowski;(54)4296612;;
Bcomp Cezary Bieńkowski;(54)4296624;;
BIMEDIA;501382146;;
BIMEDIA;(22)3000127;;
Biuro Detektywistyczne Spy Eye;605667788;;
Biuro Detektywistyczne Spy Eye;603801808;;
BLACKSOFT;883600906;;
Business Solutions - rozwiązania dla biznesu;693255633;;
Centrum Serwisowe Laptopów i Komputerów;512846619;;
COMPUTEX Adam Waszkiewicz;(52)3493315;;
COMPUTEX Adam Waszkiewicz;501038847;;
Comset S.A.;(12)4441900;;
Comset S.A.;(12)4441909;;
Comtegra Sp. z o.o.;(22)3111800;;
Comtegra Sp. z o.o.;(22)3111801;;
Cyber Centrum P.U.I. BAJT Wiesław Świder;516308067;;
Cyber Centrum P.U.I. BAJT Wiesław Świder;501657669;;
D&M Chodorowska, Koch Sp.j.;536336108;;
DACOM Adam Długaj;668454978;;
DARTEK Pogotowie Komputerowe;(85)6749230;;
DGSi.PL Diagnoserwis;(22)2406070;;
DGSi.PL Diagnoserwis;570970980;;
Elektronics System Control Obiect Data-ESCOD 3005;507302316;;
Elektryczek;505828131;;
EVR-Systems;(71)7913073;;
EVR-Systems;0801000491;;
Express IT Profesjonalny Serwis Komputerowy;787615335;;
Express IT Profesjonalny Serwis Komputerowy;787615336;;
F.H.U. SIM-KOMP;507764034;;
F.H.U.P. XEROBIURO S.c. Maria Małek, Mariusz Tomala;(22)6435953;;
F.H.U.P. XEROBIURO S.c. Maria Małek, Mariusz Tomala;501438754;;
F.P.H.U. KOTNIS Maciej Kotnis;504090363;;
F.U.H. PK EXPERT Usługi Komputerowe Piotr Kuśpit;600514221;;
FORMATUJ.pl;502376361;;
Global Serwis;(32)7003521;;
Global Serwis;(32)7003631;;
GRUPA BS Serwis Komputerowy;(12)3793275;;
GRUPA BS Serwis Komputerowy;517106195;;
HELP Systemy Sprzedaży;(24)3663333;;
HELP Systemy Sprzedaży;(24)2640221;;
Info-Centrum;(15)6877343;;
INFOTEX Sp.j. Śmietanowski i Wspólnicy;(22)8333050;;
INFOTEX Sp.j. Śmietanowski i Wspólnicy;(22)2111802;;
INSYDE Hubert Brala;514514450;;
iTECH S.c.;(33)8140538;;
iTECH S.c.;(33)8140537;;
Jakub Ligęza Timikomp;730750758;;
Komputery Usługi Serwis Paweł Jacek Jayko (właściciel sklepu Gdabizuteria.pl Internetowy Sklep Jubilerski);(58)5208746;;
Komputery Usługi Serwis Paweł Jacek Jayko (właściciel sklepu Gdabizuteria.pl Internetowy Sklep Jubilerski);693453321;;
Laptop Serwis;606880054;;
LeaderLED Emil Dziarmaga;793019727;;
LN SYSTEM;607807405;;
LOGICSOFT Przedsiębiorstwo Informatyczne;(77)4428272;;
LOGICSOFT Przedsiębiorstwo Informatyczne;606834010;;
M-STUDIO-M.NET;(61)6536100;;
M-STUDIO-M.NET;(61)6537500;;
MAGNUS Pogotowie Komputerowe;(22)8440513;;
MAGNUS Pogotowie Komputerowe;600240340;;
MAINSOFT S.c.;607858575;;
Maxima-IT;603764235;;
Maxima-IT;(71)7282878;;
MediaRecovery - Media Sp. z o.o.;(32)7829595;;
MEGA SERWIS;600896550;;
MEGA SERWIS;(44)7441291;;
Megaserwis S.c.;(22)8330504;;
Megaserwis S.c.;(22)3928664;;
Mikro-Serwis;(94)3466999;;
Mikro-Serwis;691466999;;
MLK Computers;536950620;;
MLK Computers;731289507;;
MSC Szymkowski Marek;(71)3453145;;
MSC Szymkowski Marek;502314084;;
Multi-Servis;505012914;;
Naprawa Komputerów INTRO;505188778;;
Net-Komp Usługi Informatyczne;801005095;;
Net-Komp Usługi Informatyczne;(58)6698322;;
P`nP-Systemy;(61)8684188;;
P`nP-Systemy;(61)8681288;;
P.H.U. ARTEX;601407265;;
P.H.U. ARTEX;(22)2472425;;
P.P.H.U. KARO;888497717;;
P.P.H.U. KARO;(63)2180271;;
PCDOCTOR;(85)6544465;;
PCDOCTOR;602761200;;
PECOM-Odzyskiwanie Danych;507632386;;
Pogotowie Informatyczne elHelp.pl;726488755;;
Przedsiębiorstwo Informatyczne itDesk Sp. z o.o.;(77)4700540;;
Przedsiębiorstwo Informatyczne itDesk Sp. z o.o.;(77)5462463;;
R&R-BIT Robert Rżany;697972079;;
R&R-BIT Robert Rżany;(17)2506515;;
Raycom;(22)2442300;;
Raycom;508158305;;
Regionalne Centrum Serwisowe;(32)2581616;;
Regionalne Centrum Serwisowe;796998825;;
Rzeczoznawca Biegły z Zakresu Informatyki, Techniki Komputerowej i Najnowszych Technologii Wyrostek Arkadiusz;(71)3277089;;
Rzeczoznawca Biegły z Zakresu Informatyki, Techniki Komputerowej i Najnowszych Technologii Wyrostek Arkadiusz;501709911;;
Se-Ko Serwis Komputerowy;530555215;;
Se-Ko Serwis Komputerowy;533555212;;
SERVECOM.pl;(34)3906699;;
SERVECOM.pl;(34)3906698;;
Serwis Komputerowy iTech;(71)7256962;;
Serwis Komputerowy iTech;(71)3249001;;
Serwis Komputerowy PCSERVIS;(12)4441499;;
Serwis Komputerowy PCSERVIS;605660548;;
Serwis Komputerowy RatujPc;510485619;;
SiteProject Andrzej Majtyka;888233330;;
Sklep AGART.net;(22)7620069;;
Specjalista IT Piotr Zając;535505359;;
SpecPC Alicja Karwot;530442244;;
Sudercom;511590256;;
SYSKOMP Sklep i Serwis Komputerowy;535526526;;
Szift PC Artur Szmit, Przemysław Niedźwiedzki S.c.;530401658;;
Techniline;696421042;;
TM KOMPUTER;(22)8758273;;
TM Komputer Oddział Legionowo;515905555;;
Torro Krzysztof Szarzyński;(22)4976622;;
Torro Krzysztof Szarzyński;501562225;;
Ultramedia Sp. z o.o.;(22)6546122-23;;
Warszawskie Pogotowie Komputerowe Łukasz Czarnecki;512614437;;
Wikmar Mariusz Zięba;506355540;;
WINFO Usługi Informatyczne;(58)3804444;;
Yeto Centrum Informatyczne;732900555;;
ZEVER IT Solution;660822866;;
ZEVER IT Solution;660820860;;
