Ośrodek Kształcenia KYNOPARK Hanna Wojciechowska;793669927;;
Ośrodek Kształcenia KYNOPARK Hanna Wojciechowska;793669930;;
HITT DOG Szkoła Tresury Psów;601405931;;
Ośrodek Szkolenia Psów HauHau;793193743;;
Ośrodek Szkolenia Psów HauHau;602639478;;
Pozytywne Szkolenie Psów Cztery Łapy;602881322;;
QUMAM Pozytywne Szkolenie Psów;607424300;;
Szkolenie Psów BARITUS;602661355;;
Uniwersytet CZTERECH ŁAP Sp. z o.o.;608460806;;
Uniwersytet CZTERECH ŁAP Sp. z o.o.;692480402;;
Hodowla Owczarków Niemieckich Z FARMY;506995530;;
Ośrodek Rekreacyjno-Szkoleniowy Dla Psów PSIA KRAINA;609154416;;
Ośrodek Rekreacyjno-Szkoleniowy Dla Psów PSIA KRAINA;889111201;;
BILLAMIR Piotr Bill;605567117;;
4 ŁAPY PSA Pozytywna Szkoła Przewodników Psów;664023053;;
AB Kynologprofi;606144528;;
AB Kynologprofi;(85)7460212;;
ABC Szkoła dla Psów i Przewodników Psów Piotr Lisiecki;(61)4352827;;
ABC Szkoła dla Psów i Przewodników Psów Piotr Lisiecki;608789424;;
ACTIV DOGS;509680508;;
Admin Akademia Psa Pracującego Piotr Smurawa;512100313;;
Admin Akademia Psa Pracującego Piotr Smurawa;501781122;;
Akademia 4 ŁAPY;606692448;;
Akademia Dobrego Wychowania PSIKUrS;662801401;;
Akademia GUCIA I BAJI;507092633;;
Akademia GUCIA I BAJI;691048546;;
Akademia Pozytywnego Szkolenia Psów DOG i ja;506059123;;
AKS Centrum Profesjonalnego Szkolenia Psów;601062112;;
ALTERI Elżbieta Okoń;791872908;;
ALTERI Elżbieta Okoń;605087986;;
AmiCanis - Szkoła dla Psów PiesPotrafi;536290288;;
ANIMAG;792613916;;
ANIMAG;664785734;;
APORT Szkolenie Psów;730279395;;
APORTUJ Z NAMI szkolenie psów;506000627;;
AS Szkoła dla Psów;602314850;;
Bielska Szkoła dla Psa;503927807;;
Bielska Szkoła dla Psa;530172171;;
BINGO! Szkolenie Psów Łukasz Wacławski;725028270;;
CANAC Centrum Edukacji Kynologicznej;502769966;;
Centrum Edukacji Kynologicznej ARGOS;667240387;;
Centrum Edukacji Kynologicznej ARGOS;691713798;;
Centrum Kynologiczne CANID Ewelina Włodarczyk;512318388;;
Centrum Kynologiczne DogProject;793622908;;
Centrum Pozytywnego Szkolenia Psów ARISA;663171192;;
Centrum Szkolenia i Terapii Zachowań Psów;511712853;;
Centrum Szkolenia Psów ASLAN;661723836;;
Centrum Szkolenia Psów FENIKS;601307103;;
Centrum Szkolenia Psów NATURA WILKA;884288697;;
Centrum Szkolenia Psów NATURA WILKA;(17)2298401;;
Centrum Szkoleń Edukacji i Wychowania Psa i Kota SUPERZWIERZAK;692448774;;
Centrum Zdrowia Psychicznego Psa;785931066;;
CHAMPION Ośrodek Szkolenia i Tresury Psów;(76)8620484;;
CHAMPION Ośrodek Szkolenia i Tresury Psów;694381614;;
DAR MAK Szkolenie Psów;509031259;;
Demo Dog Pozytywna Szkoła dla Psów;508307378;;
Dobry Pies - Akademia Porozumiewania się ze Zwierzętami;503056616;;
DOG & ROLL;604809068;;
DOG EXPERT Szkoła dla Psów;(77)4317388;;
DOG EXPERT Szkoła dla Psów;692603094;;
DOG`S SMILE;501533243;;
DOG`S SMILE;515118944;;
DOGFIELD JMC;609322635;;
DogMasters Team Szkolenie Psów;501679715;;
DogSmak;537009109;;
DOGSMART Centrum Szkolenia Psów;607980887;;
Dogsway szkolenie psów;501029829;;
EcoRelaks;501408323;;
Ekomed Jolanta Łapińska;601817877;;
FRIDA Szkolenia Psów;503161661;;
GAJA Centrum Kynologiczne;609313000;;
GOSTAR Profesjonalne Szkolenia Psów Rasowych i Nierasowych oraz Hotel dla Psów;(32)2263995;;
GOSTAR Profesjonalne Szkolenia Psów Rasowych i Nierasowych oraz Hotel dla Psów;502722057;;
Hotel dla Zwierząt i Ośrodek Szkolenia Psów Psia Sfora;510878534;;
Hotel dla Zwierząt i Ośrodek Szkolenia Psów Psia Sfora;604993255;;
IDEALNY PIES Sp. z o.o.;608475502;;
ISKRA - Ośrodek Szkolenia Psów i Hotel dla Małych Zwierząt Michał i Zygmunt Śmigla-Żywoccy;601716290;;
JAMOR;607187774;;
K9 Dog Training Center;601515707;;
K9 Dog Training Center;697097185;;
KUŹNIA DUSZ;(87)6104941;;
Lukask9 Łukasz Polański;501024530;;
Lukask9 Łukasz Polański;(43)6752822;;
ŁAJKA Szkoła dla Psów;728858389;;
Na Psa Urok - Centrum Terapii Psów, Zoopsycholog, Pozytywny Treser;793799606;;
Na Psa Urok - Centrum Terapii Psów, Zoopsycholog, Pozytywny Treser;794799606;;
Ośrodek Szkolenia Psów;691498724;;
Ośrodek Szkolenia Psów;505632049;;
Ośrodek Szkolenia Psów APORT;(81)8818306;;
Ośrodek Szkolenia Psów APORT;502234577;;
Ośrodek Szkolenia Psów CZTERY ŁAPY;668361225;;
Ośrodek Szkolenia Psów GROM;(91)4871916;;
Ośrodek Szkolenia Psów GROM;512375620;;
Ośrodek Szkolenia Psów KAMIRON;509750085;;
Ośrodek Szkolenia Psów MROK;(91)4632118;;
Ośrodek Szkolenia Psów MROK;608697276;;
Ośrodek Szkolenia Psów NA WOLI;(61)8663213;;
Ośrodek Szkolenia Psów NA WOLI;601563213;;
Ośrodek Szkolenia Psów Pieczurki;692216556;;
Ośrodek Szkoleniowy Republika pod Psem;667030375;;
Ośrodek Szkoleniowy Republika pod Psem;601702732;;
Ośrodek Tresury Psów APORT II Krzysztof Brzoskniewicz;505127151;;
PASTEL Ośrodek Szkoleniowy;(32)7007041;;
PerfectDog;503575963;;
PERRO dogoterapia;(22)8462034;;
PERRO dogoterapia;601925574;;
PET SMILE;505038041;;
PET SMILE;790848488;;
PITBULL;501129197;;
Pozytywne Szkolenie Psów Dobry Piesek;602840489;;
Pozytywne Szkolenie Psów DOGTEAM.PL;607102381;;
Pozytywne Szkolenie Psów DOGTEAM.PL;609645487;;
Pozytywne Szkolenie Psów i Behawiorystyka Karol Wicher;785606695;;
Pozytywne Szkolenie Psów i Behawiorystyka Karol Wicher;667503512;;
Profesjonalne Szkolenia Psów Elwira Swadźba;608616807;;
Profesjonalne Szkolenie Psów w Łodzi;506741505;;
PSI KUMPEL;507067636;;
PSIA ESKADRA;784345346;;
PSIA KOŚĆ Szkolenie Psów;796868656;;
PSIA SZKOŁA;609421980;;
PSIA SZKOŁA;605942180;;
PSIA SZKOŁA;605066343;;
Psia Szkoła Monika Suchowiak;500552546;;
PsiAda;664433485;;
Psie Przedszkole i Posłuszeństwo;(42)6348199;;
Psie Przedszkole i Posłuszeństwo;501758636;;
RADOSNY PIES;502255930;;
Szczęśliwy Pies - szkoła dla psów;500253883;;
Szkolenie i Hotel dla Psów LUPUS;783518419;;
Szkolenie i Tresura Psów Zaklinaczka Psów;693397211;;
Szkolenie Psów;601944189;;
Szkolenie Psów AGILITY - Psi Sport;504819647;;
Szkolenie Psów AGILITY - Psi Sport;516136579;;
Szkolenie Psów BIAŁY KIEŁ;501172842;;
Szkolenie Psów PSIE MANIERY;502337579;;
Szkolenie Psów, Hotel dla Psów;517899934;;
Szkolepsy.pl;791116082;;
Szkoła dla Psów AIRIS;504798000;;
Szkoła dla Psów DogiDog;(71)3736853;;
Szkoła dla Psów DogiDog;601758844;;
Szkoła dla Psów i Przewodników MARKUSEK-TEAM;665379057;;
Szkoła dla Psów Psia Banda;791994250;;
Szkoła dla Psów TRESJAN;502990898;;
Szkoła dla Psów TRESJAN;695972367;;
Szkoła Tresury Psów LIM Grażyna Wilińska;602624260;;
TEMPERAMENT Centrum Szkolenia Psów;691817414;;
TEMPERAMENT Centrum Szkolenia Psów;507052688;;
TOMDOG szkolenie, hotel dla psów;604950331;;
Tresura Psów;604888156;;
Tresura Psów;605170250;;
Tresura Psów KAMA;(58)6817234;;
Tresura Psów KAMA;502663502;;
Tresura Psów Obronnych;(34)3146181;;
Tresura Psów Obronnych;604369685;;
Tresura Psów TOP DOG;790729727;;
Tresura Psów WOLF Arleta Plucińska;881641806;;
UNIVERSAL DOG;501051901;;
WESOŁA POLANA;602123525;;
WESOŁA POLANA;(95)7321525;;
WIBRYS Nauka i Zabawa dla Psów;606729610;;
WOOF;600103600;;
WOOF;609884488;;
Z MIŁOŚCI DO PSÓW;693426437;;
Z MIŁOŚCI DO PSÓW;609086185;;
Zakład Szkolenia Psów HSM KORKUS;(32)2555038;;
Zakład Szkolenia Psów HSM KORKUS;512245719;;
Zakład Tresury Psów w Pile;602339561;;
Zakład Tresury Psów w Pile;692434709;;
Affectus hotel dla psów, szkolenie;505057545;;
Alta Escuela;601613480;;
Alta Escuela;669473112;;
Aura Anima;(74)8333936;;
Aura Anima;510271855;;
BORDERGOLD elegancki hotel dla psów, psie przedszkole, dogoterapia;792050505;;
Centrum Hotelowo-Szkoleniowe ZWIERZAK;601721101;;
Centrum Hotelowo-Szkoleniowe ZWIERZAK;505818077;;
Dalmat;(61)4386931;;
Dalmat;(61)4386932;;
Hodowla Psów Rasowych Z Kojca Coli - Hotel dla psów;(71)3998663;;
Hodowla Psów Rasowych Z Kojca Coli - Hotel dla psów;605171800;;
Hodowla SONGO Tresura Psów, Doradztwo Kynologiczne;(34)3571498;;
Hodowla SONGO Tresura Psów, Doradztwo Kynologiczne;601303745;;
Hotel dla Psów DOG`S BAY;533107007;;
Hotel dla Psów MATADOR;509567624;;
Hotel dla Psów U DOMINIKI;609462429;;
Hotel i Szkoła dla Psów;606929323;;
Hotel PSIGODA;506044414;;
Jeździecki Ośrodek Szkoleniowy NAD USZEWKĄ;691348384;;
K-9 BORDER UNIT FCI;609651686;;
Pensjonat i Szkolenie Psów NA PSIM POLU;502618480;;
Plac Zabaw i Hotel dla Psów PSI RAJ;660109955;;
Psi Hotel - Psia Szkoła Beaty Hettlinger;606847772;;
Psi Pensjonat U ANI;604635081;;
PSIE RANCZO;501675375;;
Stowarzyszenie Opieki nad Zwierzętami w Polsce, Patrol Interwencyjny AZYL GRANICA;(29)7779022;;
Stowarzyszenie Opieki nad Zwierzętami w Polsce, Patrol Interwencyjny AZYL GRANICA;507292311;;
Success Best Point - serwis mampsa.pl;(61)8688739;;
Success Best Point - serwis mampsa.pl;608688739;;
SZKOLENIE PSÓW Hodowla Owczarka Niemieckiego;(74)8800075;;
SZKOLENIE PSÓW Hodowla Owczarka Niemieckiego;608105085;;
TARIK Hotel, Szkolenie, Pielęgnacja Psów i Kotów;605224181;;
