Centrum Sportu i Rekreacji w Konstantynowie Łódzkim;(42)2111905;;
AQUARIUM Centrum Fit;(46)8154055;;
AQUARIUM Centrum Fit;(46)8154088;;
Aquasfera GALERIA WARMIŃSKA Wodne Centrum Rekreacyjno-Sportowe;(89)5335968;;
Centrum Rekreacji Wodnej AQUA-PIL Sp. z o.o.;(67)2117340;;
Centrum Rekreacji Wodnej AQUA-PIL Sp. z o.o.;(67)2117366;;
Oleśnicki Kompleks Rekreacyjny ATOL Sp. z o.o.;(71)7823970;;
Pływalnia ATLANTIS;(61)8276070;;
Pływalnia ATLANTIS;(61)8276071;;
Zespół Basenów Delfin w Ustrzykach Dolnych;(13)4613186;;
Zespół Basenów Delfin w Ustrzykach Dolnych;(13)4614551;;
Aquapark;(77)4045585;;
Aquapark;(77)4045586;;
Basen AGH;(12)6174841;;
Kozienickie Centrum Rekreacji i Sportu;(48)6117200;;
Kozienickie Centrum Rekreacji i Sportu;(48)6117202;;
Park Wodny RELAX;(94)3657273;;
PŁYWALNIA MIEJSKA w Ożarowie Mazowieckim;(22)7210329;;
Ośrodek Sportu i Rekreacji m.st. Warszawy w Dzielnicy Żoliborz;(22)8324600;;
Ośrodek Sportu i Rekreacji m.st. Warszawy w Dzielnicy Żoliborz;(22)8324555;;
Słubicki Ośrodek Sportu i Rekreacji Sp. z o.o.;(95)7582501;;
Słubicki Ośrodek Sportu i Rekreacji Sp. z o.o.;(95)7584778;;
Centrum Kultury Fizycznej w Brzezinach;(46)8752656-57;;
Centrum Kultury Fizycznej w Brzezinach;(46)8752646;;
Centrum Kultury i Sportu w Skawinie;(12)2762412;;
Centrum Kultury i Sportu w Skawinie;(12)2762601;;
Centrum Rekreacji i Rehabilitacji Le Soleil;(22)6490087;;
Centrum Rekreacji i Rehabilitacji Le Soleil;602551278;;
Fitness Club Monte24;(91)4501554;;
Kryta Pływalnia NEMO;(41)3335101;;
Kryta Pływalnia NEMO;(41)3335100;;
Miejski Ośrodek Sportu i Rekreacji w Łańcucie;(17)2259380;;
Miejski Ośrodek Sportu i Rekreacji w Łańcucie;(17)2259381;;
OSiR Ośrodek Sportu i Rekreacji w Bielawie;(74)8339510;;
OSiR Ośrodek Sportu i Rekreacji w Bielawie;(74)8339512;;
Ośrodek Sportowo-Rekreacyjny w Zabierzowie;(12)2851154;;
Ośrodek Sportowo-Rekreacyjny w Zabierzowie;(12)2851200;;
Ośrodek Sportu i Rekreacji;(62)5860401;;
Ośrodek Sportu i Rekreacji;728454713;;
Ośrodek Sportu i Rekreacji w Olsztynie;(89)5277402;;
Ośrodek Sportu i Rekreacji w Olsztynie;(89)5274510;;
SOLPARK Kleszczów Sp. z o.o.;(44)7316517;;
SOLPARK Kleszczów Sp. z o.o.;(44)7316501;;
Akwarium Centrum Rozrywki dla Dzieci;607827228;;
AQUA CENTRUM Kaszubskie Centrum Sportowo-Rekreacyjne Sp. z o.o.;(58)6802590;;
AQUA CENTRUM Kaszubskie Centrum Sportowo-Rekreacyjne Sp. z o.o.;722022268;;
Aqua Park Łódź FALA Sp. z o.o.;(42)6860235;;
Aqua Park Zakopane;(18)2025815;;
Aqua Park Zakopane;(18)2001122;;
AQUA VIDA Kompleks Rehabilitacyjno-Basenowy;602423790;;
AQUA VIDA Kompleks Rehabilitacyjno-Basenowy;604505233;;
AQUA Żyrardów Sp. z o.o.;(46)8541646;;
AQUA-TUR Sp. z o.o.;(94)3729628;;
AQUA-TUR Sp. z o.o.;(94)3729627;;
AQUADROM Sp. z o.o.;(32)7973600-02;;
AquaFit KABATY;(22)8595106;;
Aquapark Fala;(22)7720089;;
Aquapark GRANIT;(71)7902630;;
AQUAPARK KALISZ Sp. z o.o.;(62)5986709;;
AQUAPARK KALISZ Sp. z o.o.;(62)5986701;;
Aquapark Kutno;(24)3575600;;
Aquapark Kutno;(24)3575601;;
AQUAPARK LEŚNA;503131402;;
Aquapark Ostróda;(89)6420552;;
AQUAPARK Polkowice S.A.;(76)7462770;;
AQUAPARK Polkowice S.A.;(76)7462711;;
Aquapark Radom;(48)3853050;;
AQUAPARK Suwałki;(87)5626222;;
AQUAPARK Suwałki;(87)5626221;;
Aquapark Wągrowiec Sp. z o.o.;(67)2685555;;
Aquapark Wągrowiec Sp. z o.o.;(67)2685199;;
AquaPark WESOLANDIA;(22)7739191;;
AquaPark WESOLANDIA;(22)7739229;;
Basen Człuchów;(59)8222065;;
Basen DELFIN;(62)7677270-71;;
Basen Gdynia Karwiny;(58)6295115;;
Basen Kawęczyńska;(22)6700230;;
Basen Kawęczyńska;(22)5900707;;
Basen Kąpielowy w Andrychowie;(33)8752153;;
Basen Miejski w Chojnowie;(76)8549641;;
Basen Miejski w Chojnowie;(76)8549617;;
Basen NA FALI;(89)6151303;;
Basen Na Fali;(61)6708722;;
Basen Na Fali;606429700;;
Basen Porażyn;665096620;;
Basen PRAWY BRZEG;791401102;;
Centrum Park Chojnice Sp. z o.o.;(52)3966444;;
Centrum Park Chojnice Sp. z o.o.;(52)3966446;;
Centrum Rekreacji Wodnej i Sportu Strzelec;(77)4109410;;
Centrum Rekreacji Wodnej i Sportu Strzelec;(77)4632571;;
Centrum Rekreacyjno-Sportowe Zielona Góra;(68)4125000;;
Centrum Rekreacyjno-Sportowe Zielona Góra;(68)4125001;;
Centrum Sportowe U JEZUITÓW Sp. z o.o.;(58)6618433recepcja;;
Centrum Sportowe U JEZUITÓW Sp. z o.o.;(58)7141277biuro;;
Centrum Sportowo-Rehabilitacyjne SŁOWIANKA Sp. z o.o.;(95)7338500;;
Centrum Sportowo-Rehabilitacyjne SŁOWIANKA Sp. z o.o.;(95)7338502;;
Centrum Turystyczno-Rekreacyjne w Iławie;(89)6420551;;
Centrum Turystyczno-Rekreacyjne w Iławie;(89)6401245;;
Centrum Turystyki i Rekreacji DELFIN;(77)4102489;;
Centrum Wodne AQUARIUS;(12)2723132;;
Centrum Wodne AQUARIUS;(12)2723279;;
Centrum Wodne LAGUNA;(91)4153240;;
Centrum Wodne LAGUNA;(91)4153269;;
Family Park BALTICLANDIA;(94)3143426;;
Family Park BALTICLANDIA;(94)3145500;;
Gminny Ośrodek Sportu i Rekreacji w Miedźnej z siedzibą w Woli;(32)4488931;;
Gminny Park Wodny TRZEBNICA-ZDRÓJ Sp. z o.o.;(71)3121438;;
Gminny Park Wodny TRZEBNICA-ZDRÓJ Sp. z o.o.;603152238;;
Integracyjne Centrum Sportu i Rekreacji;(22)7896272;;
Integracyjne Centrum Sportu i Rekreacji;(22)7891177;;
Kompleks Basenowo-Rekreacyjny w Bytowie Sp. z o.o.;(59)8221500-01;;
Kompleks Basenów Rehabilitacyjnych MUSZELKA;(22)6741068;;
Kompleks Basenów Rehabilitacyjnych MUSZELKA;(22)6741061;;
Kompleks Basenów Termalnych - Terma Białka;(18)2612540;;
Kompleks Basenów Termalnych - Terma Białka;(18)2657490;;
Kompleks Sportowo-Rekreacyjny TERMY MALTAŃSKIE;(61)2226161;;
Krapkowicka Pływalnia Delfin Sp. z o. o.;(77)5560972-73;;
Kryta Pływalnia;(17)7720020;;
Kryta Pływalnia;(17)7720022;;
Kryta Pływalnia DELFIN;(33)8732972;;
Kryta Pływalnia DELFIN;(33)8732989;;
Kryta Pływalnia im. Jana Kota w Bochni;(014)6113119;;
Kryta Pływalnia im. Jana Kota w Bochni;(014)6113120;;
Kryta Pływalnia NEPTUN;(15)8611000;;
Kryta Pływalnia OPOCZYŃSKA FALA;(44)7361131;;
Kryta Pływalnia OPOCZYŃSKA FALA;(44)7361144;;
Kryta Pływalnia przy Gimnazjum nr 3;(58)6670125;;
Kryta Pływalnia Sportowo-Rekreacyjna w Bolesławcu Sp. z o.o.;(75)6107127;;
Kryta Pływalnia Sportowo-Rekreacyjna w Bolesławcu Sp. z o.o.;(75)6107128;;
Kryta Pływalnia w Chrzanowie;(32)6230440;;
Kryta Pływalnia w Chrzanowie;(32)6250840;;
Kryta Pływalnia w Proszówkach;(14)6110445;;
Kryta Pływalnia w Proszówkach;(14)6111585;;
Kryta Pływalnia w Suchej Beskidzkiej;(33)8745530;;
Miejska Kryta Pływalnia KAPRY;(22)7595256;;
Miejska Kryta Pływalnia KAPRY;(22)7595257;;
Miejska Kryta Pływalnia WODNIK w Ozorkowie;(42)7103151-52;;
Miejska Pływalnia OLIMPIJCZYK;(42)7120070;;
Miejski Ośrodek Sportu i Rekreacji;(13)4341527;;
Miejski Ośrodek Sportu, Rekreacji i Wypoczynku w Żarach;684702871;;
Miejski Ośrodek Sportu, Rekreacji i Wypoczynku w Żarach;684702870;;
Miejski Zakład Kąpielowy w Zabrzu;(32)2711296-97;;
Miejskie Centrum Sportu i Rekreacji w Oleśnie Sp. z o.o.;(34)3596815;;
NEMO Wodny Świat Dąbrowa Górnicza Sp. z o.o.;(32)6390561;;
NEMO Wodny Świat Dąbrowa Górnicza Sp. z o.o.;(32)6390579;;
OAZA Kórnickie Centrum Rekreacji i Sportu;(61)6498875;;
OAZA Kórnickie Centrum Rekreacji i Sportu;668568266;;
Ośrodek Sportowo-Rekreacyjny Kurdwanów Nowy;(12)6545355;;
Ośrodek Sportowo-Rekreacyjny Kurdwanów Nowy;(12)6595357;;
Ośrodek Sportu i Rekreacji OSiR BEMOWO;(22)8615690;;
Ośrodek Sportu i Rekreacji OSiR BEMOWO;(22)8614209;;
Ośrodek START W.Jakobschy i Wspólnicy Sp.j.;(58)3413727;;
Park Wodny AQUARIUM;(29)7642439;;
Park Wodny AQUARIUM;(29)7642437;;
Park Wodny FREGATA;(17)7444820;;
Park Wodny FREGATA;(17)7444825;;
Park Wodny JAN;(94)3144910;;
Park Wodny JAN;(94)3144930;;
Park Wodny JURA;(32)6709790;;
Park Wodny JURA;(32)6709799;;
Park Wodny Koszalin;(94)7216010;;
Park Wodny OCTOPUS;(61)8926540;;
Park Wodny REDZIKOWO;(59)8412551;;
Park Wodny REDZIKOWO;(59)8412555;;
Park Wodny Sopot Sp. z o.o.;(58)5558554-54;;
Park Wodny Sopot Sp. z o.o.;(58)5558585;;
Park Wodny w Krakowie S.A.;(12)6163190-91;;
Park Wodny w Krakowie S.A.;(12)6163144;;
Park Wodny w Tarnowskich Górach Agencja Inicjatyw Gospodarczych S.A.;(32)3933931;;
Park Wodny w Tarnowskich Górach Agencja Inicjatyw Gospodarczych S.A.;(32)3845533;;
Pływalnia ALBATROS;(22)8175194;;
Pływalnia ALBATROS;(22)4997358;;
Pływalnia Aqua;(33)8290020;;
Pływalnia Aqua;(33)8290022;;
Pływalnia KARPIK Zespół Szkół Nr 6 w Rzeszowie;(17)8570091;;
Pływalnia Kryta MOSiR w Giżycku;(87)4281095;;
Pływalnia Laguna;(67)2635993;;
Pływalnia Limanowska;(18)3370118;;
Pływalnia Limanowska;(18)3370177;;
Pływalnia Miejska Delfin;(86)2761069;;
Pływalnia Miejska Delfin;(86)2761070;;
Pływalnia Miejska NAWA Sp. z o.o.;(46)8338969;;
Pływalnia Miejska NAWA Sp. z o.o.;(46)8327343;;
Pływalnia Miejska w Końskich;(41)3729060;;
Pływalnia Miejska w Wolsztynie;(68)3474360;;
Pływalnia Miejska WODNIK;(85)7319950-60;;
Pływalnia Muszelka;(17)8562330;;
Pływalnia Powiatowa w Mońkach;(85)7162205;;
Pływalnia Powiatowa w Mońkach;(85)7162118;;
Pływalnia WODNIK;(22)6738200w.101;;
Pływalnia WODNIK;(22)6738200w.112,113;;
Pływalnia Wodnik Sp. z o.o.;(32)4400470;;
Profesjonalna Firma Rekreacyjno-Sportowa TOP-SPORT;(18)4410402;;
Profesjonalna Firma Rekreacyjno-Sportowa TOP-SPORT;602491783;;
PUNKT REKREACJI Przy Hotelu ORBIS;(71)3616680;;
RelaxCenter;(58)6662887;;
RelaxCenter;(58)6208651;;
Skoczowski Ośrodek Sportu i Rekreacji Kryta Pływalnia DELFIN;(33)8531820;;
Skoczowski Ośrodek Sportu i Rekreacji Kryta Pływalnia DELFIN;(33)8584611;;
SP MEDUZA Pajęczno;(34)3113930;;
Sport Pleszew Sp. z o.o.;(62)7421293;;
Sport Pleszew Sp. z o.o.;(62)7206772;;
Stołeczne Centrum Sportu AKTYWNA WARSZAWA - Ośrodek Grzybowska;(22)6205028;;
Stołeczne Centrum Sportu AKTYWNA WARSZAWA - Ośrodek Inflancka;(22)8319229;;
Stołeczne Centrum Sportu AKTYWNA WARSZAWA - Ośrodek Moczydło;(22)8361934;;
Stołeczne Centrum Sportu AKTYWNA WARSZAWA - Ośrodek Namysłowska;(22)6198808;;
Stołeczne Centrum Sportu AKTYWNA WARSZAWA - Ośrodek Polonia;(22)6350302;;
Stołeczne Centrum Sportu AKTYWNA WARSZAWA - Ośrodek Rozbrat-Jutrzenka;(22)5989400;;
Średzki Park Wodny;884676151;;
Śremski Sport Sp. z o.o.;698791324;;
Śremski Sport Sp. z o.o.;662563068;;
Tarnowskie Termy Sp. z o.o.;(61)8182863;;
Tarnowskie Termy Sp. z o.o.;(61)6259062;;
Terma S.c.;(18)2001500;;
Terma S.c.;(18)2073758;;
TERMY Mszczonów;(46)8578781;;
TERMY UNIEJÓW Sp. z o.o.;(63)2888071;;
TERMY UNIEJÓW Sp. z o.o.;505785280;;
Wodny Park;(22)8540130;;
Wodny Park;(22)8540140;;
Wodny Świat - AQUA PARK;(74)8664502;;
Wrocławski Park Wodny S.A.;(71)7711511;;
Zespół Krytych Pływalni w Krośnie;(13)4324273;;
Akademia Sztuk Walki Taekwon-do i Kickboxingu;507145636;;
Aqua Fitness Center;796851204;;
ARGONAUT Szkoła Pływania Nurkowania i Fitness;510178819;;
ARGONAUT Szkoła Pływania Nurkowania i Fitness;506949570;;
Brzeski Ośrodek Sportu i Rekreacji;(14)6865002;;
Brzeski Ośrodek Sportu i Rekreacji;(14)6865003;;
Centrum Konferencji i Rekreacji AKWAWIT;(65)5260810-11;;
Centrum Konferencji i Rekreacji AKWAWIT;(65)5294958;;
Centrum Kultury i Sportu w Miechowie;(41)3831331;;
Centrum Kultury i Sportu w Miechowie;(41)2308000;;
Centrum Kultury Miejska Biblioteka Publiczna;(74)8456334;;
Centrum Kultury Miejska Biblioteka Publiczna;(74)8456004;;
Centrum Rekreacyjno-Sportowe m.st. Warszawy w Dzielnicy Bielany;(22)6338680;;
Centrum Rekreacyjno-Sportowe m.st. Warszawy w Dzielnicy Bielany;(22)6338654;;
Centrum Rekreacyjno-Sportowe w Choszcznie, Pływalnia WODNY RAJ;(95)7657711;;
Centrum Rekreacyjno-Sportowe w Choszcznie, Pływalnia WODNY RAJ;(95)7658598Pływalnia;;
Centrum Rozwoju Com-Com Zone;(12)6510840;;
Centrum Rozwoju Com-Com Zone;(12)6510841;;
Centrum Rozwoju Kultury Fizycznej AKWEN;(61)6227529;;
Centrum Rozwoju Kultury Fizycznej AKWEN;(61)8121236;;
Centrum Sportowo Rekreacyjne Sp. z o.o.;(75)6492706;;
Centrum Sportowo Rekreacyjne Sp. z o.o.;(75)6492701;;
Centrum Sportu i Rekreacji CASCADA;(12)2627645-46;;
Centrum Sportu i Rekreacji CASCADA;(12)2627647;;
Centrum Sportu i Rekreacji WODNIK w Krotoszynie;(62)7226760;;
Centrum Sportu i Rekreacji WODNIK w Krotoszynie;(62)7228076;;
Centrum Sportu, Turystyki i Rekreacji;(17)2768560;;
Centrum Sportu, Turystyki i Rekreacji;(17)2768599;;
Dobrodzieński Ośrodek Kultury i Sportu;(34)3575346;;
Dobrodzieński Ośrodek Kultury i Sportu;(34)3575539;;
F.H.U. Gerwazysport;604173327;;
FIT MAG;502037511;;
FIT MAG;509083375;;
Gminny Ośrodek Sportu;(22)7201908;;
Gminny Ośrodek Sportu;(22)7201916;;
Gminny Ośrodek Sportu;(32)4724215;;
Hotel Amber Bay Aqua Park;(87)6430706;;
Hotel Amber Bay Aqua Park;(87)6412113;;
Hotel DAISY;(12)4252797;;
Hotel DAISY;(12)3415423;;
Hotel OGNISTY PTAK;(87)4272879;;
Hotel OGNISTY PTAK;(87)4270277;;
Hotel OSiR;(74)6450541recepcja;;
Hotel OSiR;(74)6450540sekretariat;;
Klub Rekreacyjno-Sportowy POD ORŁEM;(22)8474980;;
Kompleks Rekreacyjno-Sportowy FALA w Goleniowie;(91)4647120;;
Kompleks Rekreacyjno-Sportowy FALA w Goleniowie;(91)4647121;;
Kompleks Sportowo-Rekreacyjny;(87)6154010;;
Kompleks Sportowo-Rekreacyjny;(87)6154125;;
Malinowy Dwór i Baseny Mineralne;(75)7381000;;
Miejski Ośrodek Rekreacji i Sportu w Chorzowie;(32)2417050;;
Miejski Ośrodek Rekreacji i Sportu w Chorzowie;(32)2417055;;
Miejski Ośrodek Sportu i Rekreacji;(25)7522446;;
Miejski Ośrodek Sportu i Rekreacji;(67)2132783;;
Miejski Ośrodek Sportu i Rekreacji;(32)6611680;;
Miejski Ośrodek Sportu i Rekreacji;(94)3551400;;
Miejski Ośrodek Sportu i Rekreacji;(65)5120477;;
Miejski Ośrodek Sportu i Rekreacji Hotel Sportowy;(68)3843320;;
Miejski Ośrodek Sportu i Rekreacji Hotel Sportowy;(68)3843663;;
Miejski Ośrodek Sportu i Rekreacji w Koninie;(63)2430060;;
Miejskie Centrum Sportu i Wypoczynku Oceanik;(42)6144462;;
Międzyrzecki Ośrodek Sportu i Wypoczynku, Pływalnia Miejska KASZTELANKA, Hala Widowiskowo-Sportowa;(95)7427380;;
Międzyrzecki Ośrodek Sportu i Wypoczynku, Pływalnia Miejska KASZTELANKA, Hala Widowiskowo-Sportowa;(95)7427371;;
MOSiR Miejski Ośrodek Sportu i Rekreacji;(15)8422562;;
MOSiR Miejski Ośrodek Sportu i Rekreacji;(15)8447338;;
Ośrodek Sportu i Rekreacji Dzielnicy Śródmieście;(22)8257134;;
Ośrodek Sportu i Rekreacji m.st. Warszawy w Dzielnicy Ochota;(22)5729070;;
Ośrodek Sportu i Rekreacji m.st. Warszawy w Dzielnicy Ochota;(22)8248385;;
Ośrodek Sportu i Rekreacji m.st. Warszawy w Dzielnicy Targówek;(22)8848500;;
Ośrodek Sportu i Rekreacji m.st. Warszawy w Dzielnicy Targówek;(22)8848420w.33;;
Ośrodek Sportu i Rekreacji w Głogowie Małopolskim;(17)7176078;;
Ośrodek Sportu i Rekreacji w Głogowie Małopolskim;(17)7176076;;
Ośrodek Sportu i Rekreacji w Gostyniu;(65)5758900;;
Ośrodek Sportu i Rekreacji w Gostyniu;(65)5720054;;
Ośrodek Sportu i Rekreacji w Górze Kalwarii;(22)7274861;;
Ośrodek Sportu i Rekreacji w Górze Kalwarii;(22)7274871;;
Ośrodek Sportu i Rekreacji w Suwałkach;(87)5663282;;
Ośrodek Sportu i Rekreacji w Suwałkach;(87)5631856;;
Ośrodek Sportu i Rekreacji w Trzebownisku;(17)7713120;;
Ośrodek Sportu i Rekreacji w Trzebownisku;(17)7713122;;
Ośrodek Sportu i Rekreacji w Zamościu;(84)6775466;;
Ośrodek Sportu i Rekreacji w Zawierciu;(32)6724337;;
Ośrodek Wypoczynkowy Alga Activ;(91)3866115;;
Ośrodek Wypoczynkowy Alga Activ;(91)3866177;;
Park Kultury w Powsinie;(22)6484811-12;;
Park Kultury w Powsinie;(22)6482791;;
PICK & ROLL;(58)5558560;;
PICK & ROLL;503182444;;
Pływalnia WODNY RAJ Swarzędzkie Centrum Sportu i Rekreacji;(61)6509520;;
Pływalnia WODNY RAJ Swarzędzkie Centrum Sportu i Rekreacji;(61)6509521;;
Regionalne Centrum Sportowe Sp. z o.o.;(76)8460828;;
Rzeszowski Ośrodek Sportu i Rekreacji;(17)8534077;;
SOLNE MIASTO Sp. z o.o.;(12)2973950;;
SOLNE MIASTO Sp. z o.o.;(12)2973954;;
Stacja Nowa Gdynia SPA&Wellness Resort;(42)7142121;;
Stacja Nowa Gdynia SPA&Wellness Resort;(42)7142122;;
Stroński Park Aktywności JASKINIA NIEDŹWIEDZIA Sp. z o.o.;(74)8141604;;
Stroński Park Aktywności JASKINIA NIEDŹWIEDZIA Sp. z o.o.;(74)8142909;;
Usługi Melioracyjne Wojciech Dworakowski-Nowicki;(67)2610152;;
Usługi Melioracyjne Wojciech Dworakowski-Nowicki;697171613;;
Wałbrzyskie Centrum Sportowo-Rekreacyjne AQUA-ZDRÓJ Sp. z o.o.;(74)8488494;;
Wałbrzyskie Centrum Sportowo-Rekreacyjne AQUA-ZDRÓJ Sp. z o.o.;(74)8423037;;
Wrocławskie Centrum SPA Sp. z o.o.;(71)3488019;;
Wrocławskie Centrum SPA Sp. z o.o.;(71)3488037;;
Zespół Szkół nr 3 w Wejherowie-Kryta Pływalnia i Lodowisko;(58)6776088;;
Zespół Szkół nr 3 w Wejherowie-Kryta Pływalnia i Lodowisko;(58)7361900;;
