FHU LENMAS;(89)5345656;;
FHU LENMAS;602277145;;
Inter JJP Sp. z o.o.;(61)8628520-21;;
Inter JJP Sp. z o.o.;(61)8671154;;
KALLE NALO Polska Sp. z o.o.;(42)6407150;;
KALLE NALO Polska Sp. z o.o.;(42)6407659;;
VISKOPOL Sp. z o.o.;(61)8238291;;
VISKOPOL Sp. z o.o.;(61)8244223;;
AGRO-TOP;(42)6488400;;
AGRO-TOP;(42)6488139;;
AGROSTER Sp.j. A.R.Kozajda;(33)4979498;;
AGROSTER Sp.j. A.R.Kozajda;502252051;;
CDS Polska Sp. z o.o.;(75)6455855;;
Centrum Kultury Smaku SEKWENS Sp. z o.o.;(32)4152136;;
Centrum Kultury Smaku SEKWENS Sp. z o.o.;(32)4152956;;
Company Solo Maciej Kizior;(14)6705034;;
Company Solo Maciej Kizior;606897023;;
F.H.U. NET-POL Teresa Kaźmierska;(22)8436214;;
F.U.H. MADEX;(61)2856406;;
F.U.H. MADEX;602679566;;
Firma Handlowa ALPEK Alicja Bielecka;(82)5621011;;
Firma Handlowa ALPEK Alicja Bielecka;(82)5655792;;
Jelitex Sp.j.;(34)3287129;;
Jelitex Sp.j.;(34)3289999;;
JELUX Sp. z o.o. Sp.komandytowa;(32)2265516-17;;
JELUX Sp. z o.o. Sp.komandytowa;(32)7797690;;
Kaltek;509780762;;
Moguntia-Polska Sp. z o.o.;(61)8125241;;
Moguntia-Polska Sp. z o.o.;(61)8125150;;
P.H. LANIUS Sp.j.;(61)8483910;;
P.P.U.H. TADAR;(62)7847263;;
P.P.U.H. TADAR;603069089;;
P.Z. PANEPOL Sp. z o.o.;(61)8143822;;
P.Z. PANEPOL Sp. z o.o.;(61)8143662;;
PHU Agrimed S.c.;(22)5815000;;
PHU Agrimed S.c.;(22)5815001;;
PPH MAX-POL;(24)2647974;;
PPH MAX-POL;(24)2673499;;
Przedsiębiorstwo Wielobranżowe A.S.G.;(59)8341035;;
Przedsiębiorstwo Wielobranżowe A.S.G.;(59)8341036;;
Przedsiębiorstwo Wielobranżowe RaptoR;(74)6614466;;
Sarris Darm Sp. z o.o.;(95)7324596;;
Sarris Darm Sp. z o.o.;(95)7322305;;
T&K Sp. z o.o.;(77)4531470;;
T&K Sp. z o.o.;(77)4564893;;
TOMPOL Sp.j.;(62)7693014;;
TOMPOL Sp.j.;(62)7693089;;
Westpol-Teeuwissen Sp. z o.o.;(52)3979177;;
Westpol-Teeuwissen Sp. z o.o.;(52)3979176;;
ŻUK-POL Sp. z o.o.;(71)3516260;;
ŻUK-POL Sp. z o.o.;(71)3517660;;
Sharman Sp. z o.o.;(91)5704806;;
Sharman Sp. z o.o.;(91)5703780;;
