ZINA Polska;(63)2799820-21;;
ZINA Polska;(63)2892441;;
Firma KOKOTT Stroje Sportowe;(32)2541030;;
Firma KOKOTT Stroje Sportowe;(32)3521120;;
LOTOS STYL Krzysztof W.Piwowarczyk;(25)6330627;;
ORLICO SPORT;(61)6101870;;
ORLICO SPORT;505718445;;
PPHU JACKPOL Jacek Kiedyng;(42)6827790;;
PPHU JACKPOL Jacek Kiedyng;(42)6827791;;
SCANSPORT;(61)8523832;;
SCANSPORT;(61)8551854;;
ACCS Sp. z o.o.;(22)6702253;;
ACCS Sp. z o.o.;(22)6702263;;
BERDAX;883555010;;
BERDAX;604555460;;
BODELLA S.c.;(43)6754292;;
BODELLA S.c.;602679857;;
FILUTSHOP;(95)7224997;;
P.H.U. KRAKSPORT Sp.j.;(12)4131666;;
ABA Sport Sp. z o.o. Sp.k.;881055175;;
ABA Sport Sp. z o.o. Sp.k.;(58)7126366;;
ACTIVE WEAR Paweł Kowalewski, Wojciech Sobczak Sp.j.;(42)6300370;;
ACTIVE WEAR Paweł Kowalewski, Wojciech Sobczak Sp.j.;(42)6325954;;
AGAMIS;(33)8452208;;
AGAMIS;601952944;;
ALGODON Sklep Odzieżowy;791368879;;
ALGODON Sklep Odzieżowy;663218040;;
B.C.M. Nowatex Adam Miśkiewicz;(61)8133950;;
B.C.M. Nowatex Adam Miśkiewicz;(61)8133603;;
Firma Produkcyjno-Handlowa AQUA;(12)6651140;;
Firma Produkcyjno-Handlowa AQUA;501429925;;
GAMESPORT;(61)8352231;;
GLOBTEL Mariusz Winnicki;(22)2501177;;
GLOBTEL Mariusz Winnicki;(22)6519870;;
GOLD SPORT Sp.j.;(42)6376039;;
GOLD SPORT Sp.j.;(42)6371536;;
ILONA Stroje i kostiumy sportowe;(71)3251494;;
ILONA Stroje i kostiumy sportowe;(71)3727817;;
JUMPER Streetwear;(42)6305253;;
JUMPER Streetwear;601704320;;
KIMI S.c.;508077771;;
P.P.H. ROTEX;(63)2890802;;
P.P.H. ROTEX;665465999;;
Shiny Dream Producent Odzieży Artystycznej Łukasz Rosiński;(58)7361644;;
Shiny Dream Producent Odzieży Artystycznej Łukasz Rosiński;511043614;;
Sklep Sportowy SARASPORT Magdalena Kowalczyk;502283383;;
Sklep Sportowy SARASPORT Magdalena Kowalczyk;501477356;;
Sport Styl ANNA Anna Zwierzyk, Andrzej Zwierzyk;(71)7989950;;
Sportex Anna Krawczyk;502208392;;
Sportex Anna Krawczyk;501310737;;
Biuro Handlu Zagranicznego EXPEDIUS;(42)6781774;;
Biuro Handlu Zagranicznego EXPEDIUS;(42)6781770;;
PHU PrimaSorti Haft Komputerowy;(61)4251216;;
PHU PrimaSorti Haft Komputerowy;695517943;;
Wind-Snow-Moto S.c.;(12)4169210;;
Wind-Snow-Moto S.c.;(12)4169220;;
Forest;696091735;;
Forest;(62)7861188;;
Haft Paulinex;501268526;;
P.P.H.U. BARTON;(42)6450992;;
P.P.H.U. BARTON;509706600;;
SPORT 2002;(75)6123069;;
SPORT 2002;607311363;;
AGM;501344493;;
AGM;(71)7832463-65;;
ALGODON Hurtownia Odzieży;501097777;;
ALGODON Hurtownia Odzieży;(66)3218030;;
ASAMI Trade Sp. z o.o.;668876828;;
ATLETA Sp.j. R.Kardas, S.Kowara;(42)6310059;;
ATLETA Sp.j. R.Kardas, S.Kowara;601225903;;
BIG-SPORT Andrzej Dec;508255126;;
BUMA;608069180;;
Centrum Targowe KING;(12)2926693;;
Centrum Targowe KING;(12)4235443;;
DARK Danuta Pećka;(42)6800728;;
ENERGY SPORTS Dystrybucja S.c.;790434746;;
ENERGY SPORTS Dystrybucja S.c.;510086725;;
F.H.U. GOL S.c.;(18)3375603;;
F.H.U. GOL S.c.;600650844;;
FHU Domi-Sport;(81)8873090;;
GIEWONT Sp. z o.o.;(17)8634497;;
GIEWONT Sp. z o.o.;(17)8635064;;
Gracja - Producent Odzieży Dziecięcej i Młodzieżowej;501443927;;
Gracja - Producent Odzieży Dziecięcej i Młodzieżowej;510636701;;
KLUBBEN Polska Sp. z o.o.;(52)3456603;;
KONRAD Sp.j.;(43)6781752;;
KONRAD Sp.j.;(43)6781302;;
MAGDA Nadruki, Reklama Krzysztof Magda;(17)7730091;;
MAGDA Nadruki, Reklama Krzysztof Magda;692464967;;
Sklep Jeździecki PARKUR;(25)6824447;;
Sklep Jeździecki PARKUR;609247317;;
Sklep Sportowy LIDER;(18)2665554;;
Sklep Sportowy LIDER;601836356;;
US.PL Sp. z o.o. - Sklep Internetowy www.SupleUS.pl;725000777;;
V-GALLERY Perfect Sport;(22)3783868;;
V-GALLERY Perfect Sport;(22)2578553;;
WAM - Front, Lercel Sp.j. Sklep Internetowy megaoutdoor.pl;(12)4236188;;
POLYSPORT Wisła;(33)8553563;;
PHU DOWO Elegancka Odzież Męska;880053850;;
PHU DOWO Elegancka Odzież Męska;602363682;;
AllForYou;509601133;;
FORBER;512352171;;
MJclothes Jakub Kondratowicz;534922602;;
Sklep Sportowy Odyssey;(18)3371333;;
Sklep Sportowy Odyssey;604073254;;
Tripsport.pl Sklep Sportowo-Turystyczny;533380371;;
WOOLMED Sp. z o.o.;(18)5417775;;
3maj Fason;790333878;;
4-KEEPERS Piotr Skiba;604225836;;
4F Sklep Internetowy 4fsklep.pl;(12)6526900;;
4F Sklep Internetowy 4fsklep.pl;(12)6526918DziałZwrotów;;
4W Team Mateusz Wójcik;(22)2660916;;
4W Team Mateusz Wójcik;575300059;;
ABJ SPORT Sp.j.;(22)6217855;;
ACERON - Sklep Internetowy REDISBAD.PL;(22)2906655;;
ACTIVE FASHION;733770805;;
Active Life Paweł Markut Sklep Internetowy Swiatsportu.eu;605476512;;
ACTIVE MG Sp. z o.o. Sp.komandytowa;(41)3470051;;
Agencja Handlowo-Usługowa OLIMP;(67)3441365;;
Agencja Handlowo-Usługowa OLIMP;(67)2131973;;
Agencja Interaktywna CELEBRYCI - Sklep Internetowy Shirts `n Shorts;791328791;;
Agencja Promocyjna EVERYSOUND;501175619;;
Agencja Reklamowa FRESH MEDIA - Sklep Internetowy MOJAKOSZULKA;603725952;;
AGRESSIVA streetwear;603300511;;
Akademi Street Wear Shop;784241322;;
AKLAND S.c.;(12)4139968;;
Aktywni S.c.;791099990;;
Alien Group Poland Sp. z o.o.;(61)8281621;;
Alien Group Poland Sp. z o.o.;509411861;;
ALPIN-TREK;(41)3689053;;
ALPIN-TREK;605741920;;
Alpine Pro Polska Sp. z o.o.;(32)2040470;;
Alpine Pro Polska Sp. z o.o.;(32)2040471;;
ALVIKA;(32)2667175;;
ALVIKA;603931321;;
ANBER;(42)6846512;;
ANBER;602175858;;
ANEL Sklep sportowy;(22)8721256;;
ANGELFIT;530423323;;
ARCO Sp.j. Sklep Internetowy SportJam.pl;600338811;;
ARCO Sp.j. Sklep Internetowy SportJam.pl;(32)7302293;;
Art&Luiz - Sklep Internetowy 3GIBBONS;692678176;;
ArtHole - Sklep Internetowy PSIAKREW;602212611;;
ARTUR Sp. z o.o.;693843638;;
ASDEX Sp. z o.o. nSTYLE;(85)7323471;;
ATAk Sport;(75)6479750;;
ATAk Sport;(75)6479729;;
ATLANTEX Jacek Kowalik;(22)6727805;;
ATLANTEX Jacek Kowalik;662137155;;
ATZ Sp. z o.o.;(42)6306028;;
AUREA Piotr Dzudzicki;(85)7179094;;
AZS Politechnika Warszawska S.A;535177931;;
B.H. Concret;(52)3669944;;
B.H. Concret;(52)5524122;;
B&G B.Janiszewski;(58)6235725;;
B&G B.Janiszewski;(58)6633111;;
BALTICON-SPORT Sp. z o.o.;(58)3415879;;
BALTICON-SPORT Sp. z o.o.;(58)5243136;;
Barbour;(22)7175011;;
BASKETMANIA S.c.;501944143;;
BASKETMANIA S.c.;502285165;;
basketo.pl;(52)5699268;;
BasketPLANET.pl - Profesjonalny sklep koszykarski;577348844;;
BasketPLANET.pl - Profesjonalny sklep koszykarski;514301966;;
BATER-POL-BIS Sklep Internetowy whitesport.pl;(22)6702346;;
BATER-POL-BIS Sklep Internetowy whitesport.pl;600411663;;
Baxavis Sp. z o.o. Importer24.eu;693520142;;
BERENS;509557497;;
BEST SPORT Sp. z o.o.;602765333;;
Beta Style Piotr Skupień;509703900;;
BeyondX Polska;(71)7954696;;
BeyondX Polska;665887701;;
BJ Sport S.c.;797197301;;
BJsports S.c.;(58)6222739;;
BlackSport;882169217;;
BMKA Sp.j. Sklep Internetowy cenzi.pl;(14)6554411;;
BMKA Sp.j. Sklep Internetowy cenzi.pl;(14)6210601;;
BramGór;509557497;;
BRUGI POLSKA Sp. z o.o.;(33)8282652;;
BRUGI POLSKA Sp. z o.o.;797028582;;
BULLDOG - Sklep Internetowy Californiaskateshop.pl;(22)8258105;;
BUMP CO.;515051363;;
BUMP CO.;509934221;;
Bunkier Store Golf Pro Shop;(22)6515599;;
CALLIDA Sp. z o.o.;(34)3661434;;
CALLIDA Sp. z o.o.;(34)3661142;;
CANN;609228823;;
CANN;609228852;;
Cannybiz;737442619;;
Centrum Sportowe BIDON;(65)5127864;;
Centrum Sportowe BIDON;(65)5122317;;
Cerro Torre Sport Sp. z o.o.;(12)4161046;;
Cerro Torre Sport Sp. z o.o.;509135095;;
CHAPSONS Active Wear;698167047;;
CHAPSONS Active Wear;(22)8426246;;
CHMURA S.c., Sklep Internetowy www.przekot.pl;(41)3682098;;
CHOJNEX Barbara Chojecka;501150448;;
Chrom Skateshop;609212133;;
CIEMNA STREFA-Razem Ponad Kilo;(22)4673377;;
CIEMNA STREFA-Razem Ponad Kilo;790625125;;
City Sport Sp. z o.o.;(22)6740301;;
City Sport Sp. z o.o.;(22)6740472;;
CMP Distribution;(22)7014500-02;;
CMP Distribution;(22)7168300;;
CMT POLSKA Sp. z o.o.;(52)3204915;;
CMT POLSKA Sp. z o.o.;(52)5119559;;
CODIA Sp. z o.o.;0801090141;;
CODIA Sp. z o.o.;(91)8522799;;
COMPLETE Brand Management Sp. z o.o. Sp.komandytowa;(42)2881081w.1;;
COMPLETE Brand Management Sp. z o.o. Sp.komandytowa;(42)2881081w.725;;
COMPRESSPORT POLSKA Sp. z o.o.;883730999;;
COOL SPORT Dusińscy Sp.j.;(12)6239015;;
COOL SPORT Dusińscy Sp.j.;(12)4123331;;
Cool Sport Sp.j. Sklep internetowy supersklep.pl;506000141;;
Cool Sport Sp.j. Sklep internetowy supersklep.pl;(12)6359861;;
D3 Sklep MOCNEKOSZULKI.PL;(61)6242140;;
DareckiShop Agnieszka Swoboda;608401899;;
DECATHLON Sp. z o.o.;0800808007;;
DECATHLON Sp. z o.o.;(22)3377300;;
Diakles Sport Ltd.;698774246;;
DIP Paweł Wielogórski;536536119;;
DJ Sport;790425442;;
DJ Sport;793953885;;
DONNA;608311280;;
DONNA;(42)6450949;;
Draco;(42)6832789w.204;;
Draco;(42)6832788;;
DREAM Skate Shop;605550040;;
DUET Sp.j. Sklep Internetowy TrygonSport.pl;(22)6360193;;
Dziane.pl;603978111;;
e-megasport S.c. megabuty.pl;(91)8310040;;
e-megasport S.c. megabuty.pl;(91)8310988;;
E.Z. LIDER;(061)8131951;;
E.Z. LIDER;501454814;;
Eagle Consulting Sklep Internetowy www.4volley.pl;606736010;;
Ebasport Agnieszka Wysocka;503102250;;
EMPO-Sportowy Sklep Bokserski;530660261;;
EMPO-Sportowy Sklep Bokserski;531663551;;
ENG-PRO-Y.I.B.A. Piotr Niepsuj Sklep Internetowy Zebra-skate.pl;662097202;;
EPIC HERO;669225530;;
Ergosport.pl;(50)3087268;;
Espee;(42)2157647;;
Espee;(42)2273714;;
EspoSport.pl;530748173;;
EUROFALA;(22)6735872;;
EVERTREK;795020766;;
Expedus S.c.;446482482;;
EXTREME;606729792;;
EXTREME;606664502;;
F.H. ATLETIC Józef Klonowski;(76)8354666;;
F.H. FABRIK;796613181;;
F.H. Marionex Świerkowski Mariusz;509963781;;
F.H. Mega-Tex Zbigniew Gołacki;(042)6144684;;
F.H. Mega-Tex Zbigniew Gołacki;(042)6142252;;
F.H. ReAn Andrzej Korzeń;(12)2629606;;
F.H. ReAn Andrzej Korzeń;(12)2960587;;
F.H.U. BE ON TIME - Sklep Internetowy SportowaOdziez.pl;781120636;;
F.H.U. Dariusz Teodorczyk;601773763;;
F.H.U. Dariusz Teodorczyk;693840552-53;;
F.H.U. Patryk Zieliński - Sklep PATSHOP;530669071;;
F.H.U. PROMAX Bartłomiej Klocek;660490677;;
F.H.U.P. DANKROS - Sklep Internetowy ORIGINAL.NET;661062421;;
F.P.H. Hilltop;(12)2735610;;
F.P.H. Hilltop;695385962;;
FAN ZONE Sp. z o.o.;666830061;;
Fan-Sport Adrian Bergier;512284125;;
Fan-Sport Adrian Bergier;603507146;;
Fansport;(12)2613230;;
Fansport;(12)2613213;;
Fashion Sport;694621033;;
FHU KLON-SPORT - Sklep Internetowy LANDERSEN.PL;(94)7166416;;
FightingShop;607420677;;
FightingShop;696119445;;
Fightshop;790876685;;
Fightshop;609221322;;
FILATI Sp.j. Sklep Internetowy BRUBECK;(43)8244400;;
FILATI Sp.j. Sklep Internetowy BRUBECK;(43)8244404;;
Firma 375 Kacper Tomaszewski - Sklep Internetowy STEEZ SHOP;601268393;;
Firma ALWAYS Jadwiga Nalaskowska;(56)6485665;;
Firma ALWAYS Jadwiga Nalaskowska;601081916;;
Firma Handlowa LECH SPORTS Możejko Ewa;798154719;;
Firma Handlowa RADO Robert Kępa;(14)6636043;;
Firma Handlowa RADO Robert Kępa;506218760;;
Firma JOT Joanna Tatulińska;(12)4270741;;
Firma M2;(33)8100454;;
Firma M2;604654680;;
Firma odzieżowa SKALAR;(43)8222554;;
Firma odzieżowa SKALAR;502422592;;
Firma Produkcyjno-Handlowa DAN Monika Pietrzak;694552174;;
Firma Produkcyjno-Handlowa DAN Monika Pietrzak;503659237;;
Fiszert;(32)2810606;;
Fiszert;502162408;;
Foot Brand;(33)8223185;;
FOOTBALL CENTER;(32)2634586;;
Footballwear.net;(22)4987429;;
Footballwear.net;(22)4997749;;
FPH FIORD;(58)6646615;;
FPH FIORD;(58)5546177;;
Frace Polska Sp. z o.o.;(22)4020211;;
Frace Polska Sp. z o.o.;(22)4020312;;
Free Style Fitness Clothing;882837257;;
Free Style Fitness Clothing;602110068;;
FREE-WAY S.c. Łukasz Lasocki, Michał Stalbowski;516527679;;
Full Metal Jacket;(22)6470111;;
G'S WORLD Kowalski Rafał;(23)6616151;;
Galeria Handlowa KASJOPEJA;608304013;;
Gamisport;(055)8326246;;
Gamisport;725698888;;
GAUL;(42)6792496;;
GDS-Sport S.c.;(82)5761514;;
Gelding Manor;(22)6122577;;
GEMART;508192532;;
GEMINI - Sklep Klatka;(12)6287807;;
Girl Power Wear;(33)8215950;;
Girl Power Wear;606249904;;
GMG Odzież Sportowa;(52)3494450;;
Go Master;509568127;;
GOGA Sport - Oryginalna Odzież Sportowa;602115218;;
Góral;601241330;;
GRAMIX S.c.;(42)6377227;;
GRAMIX S.c.;(42)6377232;;
GREGOR TEX Grzegorz Dybowski;(42)6741786;;
GREGOR TEX Grzegorz Dybowski;605585525;;
GRUCA Wojciech Gruca;(76)3000108;;
Grupa Interaktywna Govv.pl Artur Dubiel;(32)7261344;;
Grupa Interaktywna Govv.pl Artur Dubiel;608400275;;
Grupa Kulturalno Turystyczna GKT-Zakopane;600692728;;
Grzegorz Jurasz Sklep Internetowy www.KOSZULKIJURIJ.pl;602693890;;
GUMP - Sklep Internetowy DWA KOLORY;888853564;;
gWINNER;(32)2155941;;
gWINNER;(32)2155959;;
HANNAH Poland Sp. z o.o.;508154701;;
HARLEM SHOP;(77)4459592;;
HARLEM SHOP;508355697;;
Hatok Sport;(012)6505660;;
Hatok Sport;(012)6505661;;
HEMPSZOP;504010260;;
HEMPSZOP;(22)8702386;;
Hike.pl;663762793;;
HIPHOPSHOP.PL Ewa Paśnik;505136195;;
Hummel Teamsport Poland;(61)8204981;;
Hummel Teamsport Poland;(61)8208111;;
Hurtownia All Sport Sp. z o.o.;(32)2357037;;
Hurtownia All Sport Sp. z o.o.;509988451;;
Hurtownia Odzieży Sportowej OUTLET;730998543;;
Hurtownia Odzieży Sportowej OUTLET;(58)7135609;;
HUSKY POLSKA;(52)3211123;;
HUSKY POLSKA;603941937;;
IBRA Producent Odzieży Sportowej;(81)5337034;;
IBRA Producent Odzieży Sportowej;512215494;;
IMAKO™;(22)7868834;;
IMS Anna Kurczyna;(33)8191250;;
Inkdividual S.c. Paweł Andrzejewski, Bartosz Idczak;603089569;;
InSPORTline Polska;510275999;;
InSPORTline Polska;510094997;;
INTERCITY SKATE SHOP - Sklep Internetowy ULICZNY FLOW;509446909;;
INTERCITY SKATE SHOP - Sklep Internetowy ULICZNY FLOW;505481415;;
INTERCOMES;514354010;;
Internetowy Sklep Piłkarski Sporttiw;(12)6323811;;
Internetowy Sklep Piłkarski Sporttiw;512467437;;
IQ Intelligence Quality - Concept Sport;(42)2313353;;
IQ Intelligence Quality - Concept Sport;(42)2394976;;
ISS Internetowy Sklep Sportowy;(77)4549967;;
ISS Internetowy Sklep Sportowy;505777202;;
Izasława Grabska Himalaya;730435379;;
JABI Sp. z o.o.;(42)6896623;;
JABI Sp. z o.o.;(42)6896601;;
JAGA FAN SHOP;(85)6614005;;
Janpol;(17)8523719;;
Janpol;(17)8522671;;
JAXA S.c.;(32)2686868;;
JB S.c.;794052610;;
JB S.c.;(42)2031369;;
JMP SPORTS WEAR S.c.;(18)2754255;;
JODAN;(58)6826227;;
JODAN;601180719;;
Jolka Sp.j.;794252421;;
JOMA Kraków;608398100;;
JOMA Kraków;509792051;;
KAJA Bieńkowska, Bieńkowski Sp.j.;(22)7510066;;
KAJA Bieńkowska, Bieńkowski Sp.j.;(22)7510067;;
KALAHARI Centrum Odzieży;(62)7612947;;
KALAHARI Centrum Odzieży;608502220;;
KANFOR;(42)6427128;;
KANFOR;(42)6427138;;
KARGUII;(33)4703527;;
KARGUII;509663112;;
Kayo Sklep Internetowy Sportowy24.pl;660333435;;
Kees International;(22)8830048;;
KILLTEC;(33)4975040;;
KOBI Motorcycle Equipment;600820088;;
KoszulkiDTG.pl﻿;(71)3744644;;
KoszulkiDTG.pl﻿;(71)3744645;;
KREOLLA producent kostiumów kąpielowych;601364129;;
KREOLLA producent kostiumów kąpielowych;(42)6781475;;
KriSport;(75)6415655;;
KriSport;508108867;;
Kriton Commercial Service Company - Dystrybutor Marki Pure Lime w Polsce;(85)7320305;;
Kriton Commercial Service Company - Dystrybutor Marki Pure Lime w Polsce;505391104;;
KS SPORT;(55)6479055;;
KWARK S.c.;(91)4312323;;
KWARK S.c.;(91)4617389;;
KWON Master Sport;(32)4530147;;
KWON Master Sport;668714406;;
Lajn.pl;784260765;;
LANETTE;(32)2315633;;
LARIX Sp.j.;(33)4975040;;
LARIX Sp.j.;(33)4975041;;
LAS Sp. z o.o.;(58)7762849;;
Lavano;(34)3270071;;
Lavano;696468504;;
LEGEA Polska Sp. z o.o.;(22)7844519;;
LEGEA Polska Sp. z o.o.;(22)7844706;;
LEMAR-ANABELA Elżbieta Karwatka;(65)5180335;;
LEMAR-ANABELA Elżbieta Karwatka;600898846;;
Life4sport;602407106;;
LITTLE THINGS;535585958;;
LITTLE THINGS;790830672;;
LIVE-STRONG;(71)7509010;;
MAAWsport Hurt-Detal-Art.Sportowe;(16)6487285;;
MAAWsport Hurt-Detal-Art.Sportowe;501450082;;
MAD Enterprises S.c. CITY SHOP;(22)6415324;;
MAD Enterprises S.c. CITY SHOP;(22)8256707;;
Madeinhell Producent Nowoczesnej Odzieży Sportowej;505426664;;
Manto Polska;(22)8990013;;
Marba-Sport Marcin Mocarski;(58)6802260;;
Marba-Sport Marcin Mocarski;(58)6848756;;
Marek Szatan KRAKVOLLEY.PL;535131666;;
MASITA POLSKA;(77)4537260;;
Mastersport Sp. z o.o. i Wspólnicy Sp.komandytowa;(61)4362151;;
Mastersport Sp. z o.o. i Wspólnicy Sp.komandytowa;697779455;;
MATI-SPORT PLUS;509806631;;
MATURO;(58)3427744;;
MATURO;(58)7105306;;
MAYOR;(13)4463705;;
MAYOR;600522792;;
MEGA SPORT S.c.;601444560;;
MEINDL;(33)4975041;;
MEINDL;(33)4975040;;
MEM FASHION - Sklep Internetowy MMAFACTORY.pl;792370065;;
METTO GROUP;(22)1881115;;
METTO GROUP;(22)1881116;;
MIDOSPORT Marcin Bosek;537182185;;
MIELCAR Paweł Mielcarek - Sklep OnTheRoad;698047431;;
MIELCAR Paweł Mielcarek - Sklep OnTheRoad;666359906;;
MILO SPORT Sp.j.;(32)2641134;;
MINIRAMP Skateshop Winowiecki Jakub;(61)8534417;;
MINIRAMP Skateshop Winowiecki Jakub;515142421;;
MM Sport & Fashion;601884891;;
MMAXTREME;698622725;;
MMSport Sp.j.;(12)4253171;;
MMSport Sp.j.;(12)4253305;;
MOD-POL Tomasz Gembala;(33)8513790;;
MOD-POL Tomasz Gembala;(33)8513791;;
MOUNT & WAVE® Tomasz Jeske;604907931;;
MOUNT & WAVE® Tomasz Jeske;606104330;;
MOVAX Wioleta Adamek - Sklep sportowy;662330222;;
MOVAX Wioleta Adamek - Sklep sportowy;(12)4180347;;
Mulcano Sp. z o.o.;531717776;;
MultoSport.pl;(022)6499236;;
MURAY Marcin Kowalik Sklep Internetowy eTURYSTYCZNY.com;(91)4830890;;
MURAY Marcin Kowalik Sklep Internetowy eTURYSTYCZNY.com;502159803;;
Muszak-Ski S.c.;(61)8614416;;
MW SPORT;(81)7454054;;
MW SPORT;(81)4410127;;
NANA;(42)6453269;;
Necco Sport Sp. z o.o.;(32)2174791;;
NEGRA Sport;(12)6536792;;
NEGRA Sport;(12)6536791;;
NEOSPORT.PL Norbert W.Trudziński;531451772;;
Neox Trade Kamil Nowak SKLEP-BENTON.PL;570946988;;
Nervous Sp. z o.o.;(42)2965964;;
Nervous Sp. z o.o.;609941666;;
Net Sales Consulting - Sklep Internetowy StreetShoes.pl;(22)4902550;;
Net Sales Consulting - Sklep Internetowy StreetShoes.pl;(22)2501385;;
NEW LOOK Hurtownia Odzieży;510042482;;
NEW LOOK Hurtownia Odzieży;500127135;;
NEWLINE - F.H.U. BEGONA Beata Panek;(32)2874920;;
Nice Sport S.c.;531147777;;
NIKO-SPORT Janusz Gieras;889757733;;
NO NAME;796141333;;
NORAFSPORT;666087166;;
NORDICLOTHING;(42)6511014;;
NORDICLOTHING;667948338;;
NORTHEAST - JagaSklep;(85)7420553;;
NoszeCoChce S.c.;792468153;;
O`Brien Textiles Poland Sp. z o.o.;(42)6831692;;
O`Brien Textiles Poland Sp. z o.o.;(42)6831693;;
ODLO;(33)4975040;;
ODLO;(33)4975041;;
Odzież Markowa Tomasz Piekarz - Sklep BAD HAUS;516603498;;
Online Group Sp. z o.o.;602728712;;
ONO Sławomir Droś;(42)6860168;;
ONO Sławomir Droś;(42)6880866;;
ORINA Bike Wear;(18)2070249;;
ORINA Bike Wear;502488013;;
ORKAN;(77)4850115;;
ORKAN;600153377;;
Osaico.pl;506403638;;
Outlet Sport;606247895;;
Outletstore.pl;608376333;;
Outletstore.pl;(22)7220979;;
OutsideWear;785505585;;
OutsideWear;605780516;;
P.H IN-SPORTIVO;793284101;;
P.H IN-SPORTIVO;782867399;;
P.H. Cotex-Bis;(89)6448230;;
P.H.U Darcet Dariusz Kozubek Sklep Internetowy darcet.pl;519100724;;
P.H.U Darcet Dariusz Kozubek Sklep Internetowy darcet.pl;516809391;;
P.H.U. B&W;504098330;;
P.H.U. B&W;501404855;;
P.H.U. COLO;(77)4722856;;
P.H.U. COLO;(77)4722846;;
P.H.U. GAMI-SPORT Hurt i Detal Michał Gawłowski;(61)6247767;;
P.H.U. Star`s Kamil Tafelski;694747404;;
P.P.H. SHEPA;(22)7199202;;
P.P.H. SHEPA;693944446;;
P.P.H. WETE Sklep Internetowy sportowe-stroje.pl;609290978;;
P.P.H.U. AMPI S.c. Anna i Marek Piekarscy;(74)8371793;;
P.P.H.U. AMPI S.c. Anna i Marek Piekarscy;(74)8371644;;
P.P.H.U. AROS;(42)6717539;;
P.P.H.U. ELTEX;(42)6568482;;
P.P.H.U. ELTEX;(42)6168277;;
P.P.H.U. Stanteks;(33)8297260;;
P.P.H.U. Stanteks;(33)8297261;;
P.P.H.U. SUMATEX S.c.;(42)6848300;;
P.P.H.U. SUMATEX S.c.;605344304;;
P.P.H.U. Tigers;(42)6488458;;
P.P.H.U. Tigers;604650769;;
P.U.H. TWOJA-KOSZULKA;536536906;;
P.W. RAPU Zapora Robert Sklep Internetowy SelectShop.pl;(17)8522703;;
P&J SPORT S.c.;(58)5324021;;
PACK-SHOP Tomiak Krzysztof - Sklep Internetowy Black-Town.pl;781985325;;
PAJAKSPORT;(33)4876654;;
PAJAKSPORT;(33)4876624;;
PARTNER SPORTU;609900059;;
PAW-BUD;530995880;;
Paweł Turowski;601413003;;
Petropolis;(32)7783289;;
Petropolis;600642799;;
PETRYS & PETRYS Grupa Produkcyjno-Handlowa Zakład Pracy Chronionej;(12)2560310-28;;
PETRYS & PETRYS Grupa Produkcyjno-Handlowa Zakład Pracy Chronionej;(12)2764002;;
PH MAREX Gronek Marek - Sklep Internetowy SKORPIONER;501825824;;
PH MAREX Gronek Marek - Sklep Internetowy SKORPIONER;(42)2560600;;
PH PUNCT Maria Cichecka;607529546;;
PHU DABRO - Dariusz Wójtowicz;(91)3863285;;
PHU DABRO - Dariusz Wójtowicz;665173148;;
PHU EKSPLO S.c.;(12)4218932;;
PHU EKSPLO S.c.;600276682;;
PHU GRACJA - Sklep Internetowy BRAGGASHOP;502666120;;
PHU Kronos Sklep Internetowy kronos-shop.pl;661081854;;
PHU Kronos Sklep Internetowy kronos-shop.pl;784540652;;
PHU S-EL Elżbieta Kaczorowska;604800468;;
PIKO-SPORT;(71)7255158;;
PIMA S.c.;(91)8812792;;
PIT BULL Promotion;(58)6611803;;
PK BUSINESS SOLUTIONS Piotr Komosiński - Sklep Internetowy F1Boutique.pl;790722505;;
Pole Addct - Workout Wear;606356815;;
Poundout Gear;503699035;;
PPH ARON;(18)2663002;;
PPH ARON;506151511;;
PPH GEPTEX;(42)6499340;;
PPH GEPTEX;601322829;;
PPH Kepi-Toys;502393627;;
PPHU ATTIQUE Domałacny Wacław;(018)2678673;;
PPHU KRIS-PAL II;507030927;;
PPHU KRYMARK;(42)6374950;;
PPHU KRYMARK;(42)6361375;;
PREZMEDIA;505020161;;
Pro Monte Sp. z o.o.;798983051;;
PRO-BALLER.COM Katarzyna Witczak;(68)3230200;;
PRO-BALLER.COM Katarzyna Witczak;604656668;;
PRO-SPORT;(32)2696600;;
PRO-SPORT;502143676;;
Producent Odzieży Sportowej VIPEK;501798004;;
Producent Odzieży Sportowej VIPEK;(61)8997202;;
PROFI SPORT;(77)4455188;;
PROFI SPORT;(77)4558159;;
PROFIT - Sklep Internetowy SuperHeroes.com.pl;(22)2131708;;
PROFITTO SHOP;798251523;;
PROGRES S.c.;(33)8451042;;
PROGRES S.c.;784829093;;
PROMOSYSTEM StrefaNadruku.pl;(18)4420445;;
PROTON;571210872;;
Przedsiębiorstwo Handlowe G.Kocieł-T.Zalewski Sp.j. Sklep Internetowy E-SPORTLINE.PL;723414101;;
Przedsiębiorstwo Produkcyjno-Handlowe IGA;(43)8294014;;
Przedsiębiorstwo Produkcyjno-Handlowe IGA;605832458;;
Przedsiębiorstwo Wielobranżowe RAWA-SPORT;601221492;;
QUEST;(85)6755739;;
QUEST;600202255;;
QuestSport;(75)7522635;;
QuestSport;(75)7545335;;
QUGER;(12)3971414;;
QUGER;(12)3971410;;
R-GOL;(22)2998900;;
R-GOL;502313630;;
RAX S.c.;535329729;;
REDA Sport;(42)7123758;;
REDA Sport;(42)2768080;;
Reprezentuj PL;604430088;;
Reusch;(33)4975041;;
Reusch;(33)4975040;;
Robert`s Outdoor Equipment;(58)3520897;;
Robert`s Outdoor Equipment;(58)6294298;;
ROCKNER - Extremely Sports Wear;(62)7671793;;
ROCKNER - Extremely Sports Wear;606294390;;
Rogelli-Odzież Sportowa;530026681;;
RUGGER®;(71)3555005;;
RUGGER®;601729301;;
RUN4FUN.PL;790550005;;
Salon Piłkarski AMBER SPORT;(91)4846807;;
Salon Piłkarski AMBER SPORT;605106317;;
Salon Piłkarski EUROGOL;(52)3752962;;
Salon Sportowy Crazy Sport;(41)3862125;;
Salon Sportowy Crazy Sport;662216558;;
SANUS;(22)7270872;;
SANUS;505144330;;
SARNA SPORT Jolanta Sarna;(74)8676262;;
SAT Sklep Internetowy X-SOCKS;(61)8655050;;
SAT Sklep Internetowy X-SOCKS;(61)8614035;;
SAT TS Sp. z o.o.;(61)8655050;;
SAT TS Sp. z o.o.;(61)8614035;;
SELF COMPANY GROUP Sp.j.;(46)8380061;;
SELF COMPANY GROUP Sp.j.;(46)8382066;;
SenseiShop;663219941;;
SILESIA Progress;693953661;;
Skate-Europe.com;(91)4889631;;
Skate-Europe.com;603600963;;
SKATESHOP GRAM;(41)3443762;;
SKATESHOP GRAM;(41)3437111;;
SKATESHOP Sp. z o.o. Sp.komandytowa;(61)6394240;;
SKATESHOP Sp. z o.o. Sp.komandytowa;(61)8501505;;
Skateshop STREET UNITED Mariusz Duda;517306153;;
Sklep Andegrand;(91)4889631;;
Sklep Andegrand;603600963;;
Sklep BENLEE;504987944;;
Sklep BENLEE;(44)6336368;;
Sklep dla Kibica;(22)2404264;;
Sklep dla Kibica;691611122;;
Sklep Dla Kibiców TIFOSI;(61)8552204;;
Sklep Eskapada;(25)7589025;;
Sklep GEOGRAPHICAL NORWAY;884636198;;
Sklep Górnik Zabrze S.S.A.;512129348;;
Sklep Hoolsheaven F.H.W. SUBZERO;(71)7271822;;
Sklep Internetowy 247Sport;664820396;;
Sklep Internetowy Craft-Outlet.pl;507705215;;
Sklep Internetowy DAKROSPORT;(94)3435258;;
Sklep Internetowy DAKROSPORT;791557885;;
Sklep Internetowy E-FUTBOL.pl;(32)4260243;;
Sklep Internetowy ExpertSport;660527020;;
Sklep Internetowy ExpertSport;(14)6925588;;
Sklep Internetowy merino.com.pl;881707188;;
Sklep Internetowy T-MAGIC.pl;600391301;;
SKLEP KIBICA - ARKOWIEC.com.pl;530327088;;
Sklep MMAniak.pl;500013950;;
Sklep MMAniak.pl;511616841;;
Sklep MOTO-SPORT;(32)4553778;;
Sklep MOTO-SPORT;504129813;;
Sklep Odzieżowy BAD HAUS;733777377;;
Sklep Outlet Oryginal;(085)6532253;;
Sklep Outlet Oryginal;(085)7482127;;
Sklep PERFANI;606490201;;
Sklep PERFANI;784707601;;
Sklep Sportowy 4Action;509102343;;
Sklep Sportowy 4Action;787787616;;
Sklep Sportowy Adidasler;510062373;;
Sklep Sportowy DYSKOBOL Tadeusz Kędziorski;(91)4343139;;
Sklep Sportowy Futbolstyl;(22)2541232;;
Sklep Sportowy Futbolstyl;(22)1855081;;
Sklep Sportowy RAJSPORT;(43)8271747;;
Sklep Sportowy RAJSPORT;663748312;;
Sklep Sportowy Wiesław Lechtański;793716160;;
Sklep Taneczno-Baletowy STREFA TAŃCA;516067285;;
Sklep Taneczny DanceSPOT;512270870;;
Sklep TMK;504987944;;
Sklep TREK;601755028;;
Sklep Wysyłkowy Kibicfanshop.pl;781010572;;
SklepStali;(17)7837290;;
SklepStali;662099039;;
Sklepy Sportowe ATHLETIC;(89)5359175;;
soccerpoint.pl;(22)6250152;;
soccerpoint.pl;508561361;;
SOCCERSTORE;603494434;;
SPIN Sp.j.;(32)2676185;;
Splash About - BM Consulting;502425745;;
Sport Corner Konrad Korek;501777137;;
Sport i Rekreacja Sp. z o.o. Sklep Internetowy FORPRO;533318607;;
Sport i Rekreacja Sp. z o.o. Sklep Internetowy FORPRO;(22)6212690;;
SPORT IMPACT - markowa odzież i obuwie NIKE, REEBOK, QUICKSIDE;603176669;;
SPORT SERVICE;730810810;;
SPORT SHOP ADI;665493410;;
SPORT SHOP ADI;696569722;;
SPORT STATION;(18)4426193;;
Sport Team Sp. z o.o.;(12)4157762;;
Sport Team Sp. z o.o.;(12)2722265;;
SPORT-PRO;510909533;;
SPORT-PRO;504771442;;
SPORTEAM Zbigniew Rybiński;793140260;;
SPORTEX;(042)2271330;;
SPORTEX;(042)2271331;;
SPORTGANG;607101088;;
SPORTGANG;607100136;;
SPORTIMUS Stanisław Bojsza;500550134;;
SPORTING;(65)5376569;;
SPORTOWA STREFA - Internetowy Sklep Sportowy;509667429;;
Sportowy Sklep Internetowy KlufSport;698658512;;
SPORTS-MEN;605162147;;
Sports-Shop;531543169;;
Sportsen S.c.;604417688;;
SPORTSIMO;(44)7325060;;
SPORTSIMO;(44)7890687;;
SPORTUS.PL;(61)8139552;;
SPORTUS.PL;504045833;;
Spółka Produkcyjno-Handlowa MIX;(71)3594141;;
Spółka Produkcyjno-Handlowa MIX;(71)3591731;;
SSG CORP - Sklep Smokestoryshop.pl;600129245;;
SSG CORP - Sklep Smokestoryshop.pl;606391250;;
STAPORT;(22)7251092;;
STAPORT;(22)7251091;;
Stelman® Odzież Sportowa;(22)7580464;;
Stelman® Odzież Sportowa;(22)7980666;;
stoor.pl Producent Bielizny Termoaktywnej;510942160;;
Street Wear Poland Andreas Oleśkiewicz;503574697;;
Strefa Tenisa;(22)8233748;;
Strefa Tenisa;512057244;;
StrefaZdrowia Arkadiusz Sztęborowski;721200004;;
StrojeSportowe.eu;(71)7568028;;
StrojeSportowe.eu;505111443;;
StrojeSportowe.pl;693222071;;
STUDIO SPORT Sklep Sportowy A i R Bonikowscy;(22)6692808;;
STYLPol;(042)6404271;;
STYLPol;662054024;;
SZOPEX Sp.j.;504075034;;
Szopex-Dutkiewicz Sp.j. Sklep Olimp-Sport;(89)5277664;;
Świat Tańca;(12)4294235;;
Świat Tańca;(12)4306266;;
TAKEDOWN Sklep Internetowy Takedown.pl;506538935;;
TAKEDOWN Sklep Internetowy Takedown.pl;(32)7206785;;
TAM-POL Sp. z o.o.;(52)3466063;;
TAM-POL Sp. z o.o.;508008185;;
TAVA, Sklep Internetowy www.footballfans.pl;605365623;;
TDS Odzież Sportowa;(43)6758327;;
TDS Odzież Sportowa;602487905;;
TEAMSPORTS;509160181;;
TEAMSPORTS;(67)3570357;;
TEKOSOM Poland Sp. z o.o.;(58)6817353;;
TEKSTYLIA I PIKSELE;697554662;;
Termax;(61)6520583;;
Termax;510143874;;
TETA Sport Wear;(42)2398513;;
TETA Sport Wear;690049874;;
The Four Elements;728561115;;
The Rules;609078840;;
TIM SPORT Dariusz Czyszczoń;535025777;;
TOP Print;(42)6898985;;
TopFly Sklep Internetowy e-landkite.pl;790815319;;
TOPI Dariusz Bieńkowski - Produkcja Odzieży Sportowej;(42)6865509;;
TOTAL;698552552;;
TRADE-IN - Sklep Internetowy Sportivo.com.pl;(61)8476329;;
TRAMP SPORT;(89)5264619;;
TRAMP SPORT;503090154;;
Traper Sklep Sportowo-Turystyczny;(81)5344645;;
TREK Marzena Reczek Sklep Internetowy Etrekking.pl;516314083;;
Trucht - Centrum Endorfin;505158322;;
UNICAT Nosek Konrad;531886395;;
UNIFORM B.Malita A.Malita Sp.j. - Deskorolka.com;(22)6118883;;
UNIFORM B.Malita A.Malita Sp.j. - Deskorolka.com;663738293;;
VCO S.A.;(52)3717171;;
Venessa 2 Anna Kursa Sklep Internetowy skate-europe.com;(91)4889631;;
Venessa 2 Anna Kursa Sklep Internetowy skate-europe.com;603600963;;
VF Polska Distribution Sp. z o.o.;(022)3180808;;
VF Polska Distribution Sp. z o.o.;(022)3180803;;
VIDA D.Stafiński Sklep Internetowy Vida-clothing.com;518543627;;
VigoSports.pl;790466588;;
VigoSports.pl;667567728;;
VIKING;(33)4975041;;
VIKING;(33)4975040;;
Vitesse Sportswear Sp. z o.o.;(24)2312059;;
Vitesse Sportswear Sp. z o.o.;794585254;;
Warehouse Sport;509667429;;
WILDWATER Monika Kadyrow;602133552;;
WIND ROSE;505144405;;
Wiślacki Świat;(12)6239596;;
Woda Góry Las Sp. z o.o.;(61)6394544;;
Woda Góry Las Sp. z o.o.;(61)8154976;;
WOOX Sp. z o.o.;728836861;;
World Sport;(48)3626411;;
www.NAKOSZULKACH.pl;791727252;;
WYSPA SKARBÓW Sklep Odzieżowo-Sportowy;505540489;;
Wytwórnia Wyrobów Dziewiarskich REGNIS;(61)8482784;;
Wytwórnia Wyrobów Dziewiarskich REGNIS;(61)8482892;;
XC Life;(75)6425044;;
XC Life;693436733;;
YETI R.Krawczyk Sp.j.;(22)6184868;;
YETI R.Krawczyk Sp.j.;(22)6183301;;
YetiSport.com.pl Grzegorz Mazur;532620620;;
Z.P.O.S. BIG SPORT S.c. Sklep Internetowy Big-sport.eu;(94)3749343;;
Zakład Produkcyjno-Handlowy ALTEX-FASHION;(22)7742196;;
Zakład Produkcyjno-Handlowy ALTEX-FASHION;(22)7848834;;
Zakład Usługowo Produkcyjno Handlowy ANNA;692453739;;
Zakład Usługowo Produkcyjno Handlowy ANNA;(32)2707454;;
ZINA Katowice;(32)7814379;;
ZINA Katowice;513187038;;
ZOOZ Sklep Lajn.pl;784260765;;
AISINOM - sklep internetowy z odzieżą damksą i dziewczęcą;606727928;;
E-SPORT;609305083;;
FULLPRINTWEAR Krzysztof Jachimowicz;690935316;;
FULLPRINTWEAR Krzysztof Jachimowicz;530755255;;
Kosmossklep.pl - oficjalny sklep snowboardowy Burton;(32)2536490;;
Kosmossklep.pl - oficjalny sklep snowboardowy Burton;797329780;;
MOTIV Bajus Darius;669252674;;
Sklep Sportowo-Turystyczno-Militarny ATLANTIS;507108627;;
2skin S.c.;605225905;;
4FOOTBALL.PL Agata Skupień;(78)2991989;;
A.Z. Prestige-Salon Kosmetyki Estetycznej;601670069;;
ACTIVE TRANS - Bielizna Sportowa;505057921;;
adidas Poland Sp. z o.o.;(22)5716600-01;;
AGAMAR Sp. z o.o.;531504509;;
AKAS Krzysztof Szopiński;501085821;;
ALBATROS Hurtownia Odzieży;792276238;;
ALBATROS Hurtownia Odzieży;513936690;;
All Year Collection Dorota Malinowska;516226148;;
ALPE BIKE;(32)3239092;;
ALPE BIKE;600069601;;
ALT-AIR F.H.;(22)2929636;;
ALT-AIR F.H.;606670797;;
Alter Invest Sklep Internetowy butyisport.pl;662075725;;
AM Racing;782301398;;
ANGORA - Dziewiarstwo maszynowe;(34)3629023;;
ANGORA - Dziewiarstwo maszynowe;605180999;;
Aqua Zone;669233343;;
AROS-SPORT.COM;798730199;;
AROS-SPORT.COM;723111324;;
Asadi Bis Bartosz Kowalewski;502284884;;
ATACAMA SPORT;(71)7232064;;
ATACAMA SPORT;(71)7232256;;
ATAF-SHOP;695847641;;
AtamanShop;572190939;;
ATLANTYDA Centrum Nurkowe;(91)3508000;;
ATLANTYDA Centrum Nurkowe;(91)3508001;;
Bat Sport Sp. z o.o.;(22)4358800;;
Bat Sport Sp. z o.o.;(22)4358855;;
BE ACTIVE Sklep Internetowy 3210sport.pl;(22)2434535;;
BE ACTIVE Sklep Internetowy 3210sport.pl;784342750;;
Bednarek Sport Firma Handlowa Jacek Bednarek;+48601436478;;
Bednarek Sport Firma Handlowa Jacek Bednarek;+48605856955;;
BELLMAR S.c.;(12)2630119;;
BELLMAR S.c.;604213210;;
BIG-SIZE;730319000;;
Biuro Organizacji Produkcji WALKUR;(77)4354127;;
Biznesmeni z Podwórka - BZP.SKLEP.PL;508208875;;
Biznesmeni z Podwórka - BZP.SKLEP.PL;512276976;;
Blue Change;665785020;;
BOKKEN Marcin Pitrus;503919700;;
boks-sklep.pl;518947860;;
BOMA Szul Bogdan;(12)6499147;;
BRENDA-SPORT Sp. z o.o.;(22)7538961;;
BRENDA-SPORT Sp. z o.o.;(22)7235781;;
ButyDlaCiebie.pl;(25)7589035;;
ButyDlaCiebie.pl;(25)7587374;;
CallistoShop Nadruk i Haft;693099278;;
CAMPO mgr Czesław Radziwon;(68)3413439;;
CAMPO mgr Czesław Radziwon;500155911;;
CasualShop.pl;607202196;;
CasualShop.pl;(61)8926851;;
Centrum Jachtingu;(22)8395777;;
Centrum Jachtingu;510210010;;
Centrum Nordic Walking;730043186;;
Centrum Nordic Walking;506163837;;
CIBIK Maciej Zaleski Sklep Internetowy Kibicuje.com;792671007;;
CIBIK Maciej Zaleski Sklep Internetowy Kibicuje.com;604253644;;
Crachlegal Skateshop;791561024;;
DALLAS Sklep Odzieżowy-Jeans;881222788;;
DANCEBOX;(42)2073199;;
DANCEBOX;691177785;;
DHALIA Pracownia Reklamy & Tekstyliów;502614416;;
dioneaqua;504106199;;
dioneaqua;504106001;;
DIsport;(61)6531966;;
DIsport;605592684;;
DobraMarka Daniel Paprzycki;603861236;;
dobrzeubrani.pl Barbara Zawistowska;508492290;;
Dzięgiel Sport;506196076;;
Dzięgiel Sport;517903273;;
e-butysportowe.pl;667945801;;
e-butysportowe.pl;508100120;;
E-Sportowe;(91)3910065;;
EBOLA;501423739;;
EBOLA;(12)6360494;;
ELEVEN Arkadiusz Szylar;512606900;;
EMPE Sport Sklep Internetowy ping-pong.pl;606220698;;
ENAJ;784443550;;
ENAJ;509044232;;
ENTER SPORT;(25)7989599;;
ESA SPORT Andrzej Sołtan;(71)3483020;;
ESA SPORT Andrzej Sołtan;(71)3483615;;
Escadra Katarzyna Kopystyńska;695246442;;
ESPORT Kopacz Jarosław Sp.j.;(33)8164672;;
ESPORT Kopacz Jarosław Sp.j.;(32)6110318;;
Ewa Sport Group S.c.;(42)2093932;;
Ewa Sport Group S.c.;(42)2093954;;
EX`S Sport;691856456;;
EXCEL;(91)8829770;;
EXDAN Daniela Przybylska;(62)5981025;;
EXDAN Daniela Przybylska;606873281;;
F.H. Centrum Sportu;696073312;;
F.H. Centrum Sportu;(12)3571107;;
F.H.U. Argos;791764699;;
F.P.H.U. BIKO;501460406;;
F.P.H.U. BIKO;(32)4221455;;
F.P.H.U. JANUSZ;(22)6549720;;
F.P.H.U. JOTEX Joanna Fiks;602773527;;
F.P.H.U. JOTEX Joanna Fiks;(42)6465551;;
F.P.H.U. MEGI;(14)6748091;;
F.P.H.U. MEGI;(14)6748092;;
F.P.H.U. MIRMIX;(43)8281767;;
FAMILISPORT;(61)8757875;;
Fanshop Creative;(22)7818063;;
FashionCode;537392330;;
Feel JOY! Every Day;509373720;;
Feel JOY! Every Day;603516576;;
FH Tysia - markowa odzież nowa i używana;690563300;;
FHU DAN Sklep Internetowy budo-shop.pl;505555478;;
FHU GASPORT;(58)3468111;;
Fit Town Sp. z o.o.;(91)4246850;;
FitFight;537900145;;
Football Factory;(41)3415542;;
Football Factory;502261881;;
Formacja Raster;661847504;;
FRAYA Sklep Myśliwski i Sportowy;(61)2862413;;
FRAYA Sklep Myśliwski i Sportowy;501302875;;
FUNKY Marcin Polańczyk Sklep Internetowy VertShop.pl;(61)8501051;;
FUTUREBODY Kulturystyka & Fitness;724181549;;
Gibsport Sławomir Gibała;(17)8535124;;
HARVEST;(058)6227623;;
HARVEST;(058)6222375;;
HENRI LLOYD Polska Sp. z o.o.;(56)4982264;;
Human Raiments Marcin Kozielski;791001936;;
Human Raiments Marcin Kozielski;535835777;;
Hunters Sport;733377006;;
Hunters Sport;733377809;;
Hurt Detal Import OLIWIA;(86)2252220;;
Hurt Detal Import OLIWIA;508505655;;
Hurtownia BARONTEX;(33)8458379;;
Hurtownia BARONTEX;605096066;;
Hurtownia MIŚ;(33)8285864;;
ImperMar;506680304;;
ImperMar;518101608;;
Importer Odzieży TEXTILEX;698286314;;
Intersport Polska S.A.;0801500502;;
Intersport Polska S.A.;(12)4448107;;
INTERSPORT Polska S.A.;(12)4448100;;
INTERSPORT Polska S.A.;(12)4448103;;
INTRO Yukonboards.pl;(61)8201049;;
INTRO Yukonboards.pl;(61)8208261;;
J&P Sp. z o.o.;796103774;;
K+M Sport;506024052;;
Kaja Kozłowscy Sp.j.;(85)7446690;;
Kaja Kozłowscy Sp.j.;(85)7446319;;
Kamuflage Piotr Jaskulski;(22)3117339;;
Kamuflage Piotr Jaskulski;(22)3117340;;
KANO LUBLIN Zbigniew Tupaj;504090422;;
KANO LUBLIN Zbigniew Tupaj;(81)7509200;;
KEEPERsport Polska S.c. Mariusz Wójcik, Marlena Wójcik;(12)4466515;;
KOMA Sp.j. Sklep Internetowy sklepkoma1.pl;(77)4829996;;
KOPERNIAK Sp. z o.o.;(18)2676808;;
KOPERNIAK Sp. z o.o.;(18)2670730;;
LeaFit;507528680;;
LeaFit;(85)7320305;;
LSW R.Kramarz, M.Sikorski, M.Wolańczyk;696078466;;
LSW R.Kramarz, M.Sikorski, M.Wolańczyk;510206816;;
Lublin Plaza;(81)5362205;;
Lublin Plaza;(81)5362204;;
Łysykot;781933059;;
MAGIA ZAKUPÓW;882750276;;
Makr S.c.;(12)3932101;;
Makr S.c.;604286321;;
Malavi Sp. z o.o. Sp.komandytowa;(22)8360231;;
MARGO Ferrina - Ręczniki i Szlafroki z Haftem;502537636;;
Marta Tymoszewicz Fitness Studio,Fitness Coaching;602696603;;
Marta Tymoszewicz Fitness Studio,Fitness Coaching;501099092;;
MARTES-SPORT Sp. z o.o.;(33)8281740;;
MEANDER SPORT;(76)8357514;;
MEDER Jarosław Skorupa;791987600;;
MEFIU;500070599;;
MIXPOINT Sklep Internetowy tripoint.pl;609838891;;
MMATOWN;666260903;;
MOD-ART PPHU Piotr Brzezowski;(42)6459296;;
N.E.S. S.c.;(61)8324071;;
NEW MEDIA S.c. Sklep Internetowy UrbanCity.pl;694671332;;
NEXT;509828368;;
NEXT;503917930;;
NN Design;509756713;;
Odzież Casual ULTRASTREET;508099174;;
ODZIEŻ SKÓRZANA com.pl;(32)2194947;;
ODZIEŻ SKÓRZANA com.pl;607068050;;
ORIENT AND SIDEKICK Roman Rolka;693760228;;
P.H. TRAF Sp.j. intravel.pl;(68)3537110;;
P.H. TRAF Sp.j. intravel.pl;604831801;;
P.H.P.U. ELLO - Skalski Emil;781465416;;
P.H.U. KARINO;(43)8234057;;
P.H.U. KARINO;501827787;;
P.P.H.U. ARIADNA S.c.;(44)6462119;;
P.P.H.U. ARIADNA S.c.;(44)6462102;;
P.P.H.U. JOAND Joanna Pokorska;(42)7125881;;
P.P.H.U. LAID-BACK® Elżbieta Smolarek - Sklep Internetowy CIUCHYNALUZIE;793716160;;
P.P.H.U. LAID-BACK® Elżbieta Smolarek - Sklep Internetowy CIUCHYNALUZIE;605222851;;
P.P.H.U. SALWETEX Import-Eksport Maria i Ryszard Salwerowicz;(75)7342228;;
P.P.H.U. SALWETEX Import-Eksport Maria i Ryszard Salwerowicz;(75)7342228;;
P&M Paweł Kubiak;504287478;;
Pacific Polska;(81)4469822;;
Pacific Polska;502670218;;
PHU FLISAK;(56)6457615;;
PMA SPORT Sp. z o.o. - Budowa i wyposażenie obiektów sportowych;(24)2647209;;
PMA SPORT Sp. z o.o. - Budowa i wyposażenie obiektów sportowych;666975615;;
POGOŃ Szczecin S.A. Sklep Pogoni Szczecin;(91)4872030;;
POLANIK Sp. z o.o. Sp.komandytowa;(44)6464481;;
POLANIK Sp. z o.o. Sp.komandytowa;(44)6464358;;
Poldan Net Sp. z o.o.;(59)8146585;;
Poldan Net Sp. z o.o.;602331447;;
POWERMAN SPORT;(71)3252513;;
PPHU Kastef;(061)6703717;;
PPHU Kastef;604243263;;
PPHU NIKI Artur Szewczyk;(43)8434271;;
PPHU NIKI Artur Szewczyk;603400779;;
PPUH ABIS;(48)3850372;;
PPUH ABIS;(48)3835181;;
PPUH TERLIS Export-Import;(74)8324150;;
PPUH TERLIS Export-Import;(74)8324151;;
Pracownia Sitodruku T-shirt Druk;512525694;;
PRESPO Sp. z o.o.;(95)7583253;;
PRESPO Sp. z o.o.;(95)7583696;;
Pretorian;(12)2640590;;
ProBikeShop Dawid Marut;608416105;;
Przedsiębiorstwo Handlowo-usługowe MARENO;608378502;;
Przedsiębiorstwo Handlowo-usługowe MARENO;603398676;;
Przedsiębiorstwo Wielobranżowe RASEKO Rafał Kozłowski www.KochamRuch.pl;(58)7834932;;
Przedsiębiorstwo Wielobranżowe RASEKO Rafał Kozłowski www.KochamRuch.pl;(58)7834930;;
Przedsiębiorstwo Zaopatrzenia Technicznego Leśnictwa SILVAPOL S.A.;(61)8663071;;
PUPILL;(56)6529818;;
PUPILL;602761127;;
PURE;(12)4110444;;
PURE;508228261;;
Quickson Sp. z o.o. Sklep Internetowy Wbsport.pl;(42)6353617;;
Quickson Sp. z o.o. Sklep Internetowy Wbsport.pl;(42)6353618;;
REKREACJA I SPORT Sklep Internetowy Sportx.pl;(89)7416777;;
REKREACJA I SPORT Sklep Internetowy Sportx.pl;503486253;;
RS Volley S.c.;533688694;;
RUNDA ZERO;(25)7549552;;
RUNDA ZERO;531668993;;
Salon Obuwia KLIMCZOK S.c.;(33)8122847;;
Salon Obuwia KLIMCZOK S.c.;506415228;;
Salon Sportowy FITNESS CLUB;(61)8411972;;
Salon Sportowy FITNESS CLUB;605130443;;
Salon Sportowy START;(67)2156031;;
Sanero Sp. z o.o.;502457702;;
Sanero Sp. z o.o.;502457701;;
Santos Group;(68)3202408;;
SAWART;(22)8262378;;
SAWART;(22)8265690;;
SDK Sp. z o.o. Sp.komandytowa - Bludshop.com;(42)6340122;;
SK-SPORT S.Gulina K.Łuszcz Sp.j.;(17)8590144;;
SK-SPORT S.Gulina K.Łuszcz Sp.j.;790257091;;
Skatesports Tomasz Darasz;668816551;;
Sklep Carmen;786118600;;
Sklep dla ratowników;607755660;;
Sklep i Hurtownia Sportowa FUTURE SPORT;797410111;;
Sklep Internetowy BIG STAR LIMITED;(62)7652102;;
Sklep Internetowy Jasminum;(12)6197629;;
Sklep Internetowy MILITARUS;(68)4537103;;
Sklep Internetowy MILITARUS;512049100;;
Sklep Internetowy Obuwie-sportowe.eu;601826342;;
Sklep Internetowy sportbody.pl;531402835;;
Sklep Internetowy sportbody.pl;531402836;;
Sklep MotoZbrojownia;731227590;;
Sklep Sportowo-Turystyczny PRESTO;(12)3848101;;
Sklep Sportowo-Turystyczny PRESTO;(12)4441142;;
Sklep Sportowy 4U-Sport & Serwis i Wypożyczalnia Rowerów;798649489;;
Sklep Sportowy ATHLETIC SPORT;(68)4517552;;
Sklep Taneczny DanceStore Sp. z o.o.;501850614;;
Sklep Taneczny Do-Tanca.pl;531744755;;
Sklep Taneczny ShopDance.pl;601670281;;
Sklep Turystyczno-Sportowy monsun.com.pl;(32)4155036;;
Sklep Turystyczno-Sportowy monsun.com.pl;600801314;;
SklepHokejowy.com;791231045;;
Sklepy Firmowe PL Sp. z o.o.;(32)2450552w.194;;
SLONSKIDIZAJN.PL;696353033;;
SOUL Sp. z o.o.;602595944;;
Spartanwear;601388767;;
Spartanwear;502409534;;
Specjalistyczny Sklep Sportowy i Hurtownia Sportowa PŁYWAK;(71)3439952;;
Specjalistyczny Sklep Sportowy i Hurtownia Sportowa PŁYWAK;(71)3439951;;
Sport Concept Group Sp. z o.o.;(32)4419999;;
SPORT Dariusz Piwowar;(18)2064179;;
SPORT Dariusz Piwowar;501514366;;
Sport Division;728999044;;
Sport Guru;(22)3702828;;
Sport Trend Sp. z o.o.;(52)3402398;;
Sport Trend Sp. z o.o.;660007922;;
Sportbeskid;501632565;;
Sportcity;790763092;;
Sportpoint.pl;664266037;;
Sportrebel Bartosz Graliński;(32)7275100;;
SPORTSALES;(22)8371806;;
SPORTSALES;(22)8773702;;
Spółdzielnia Socjalna W&TEAM;501816716;;
Spółdzielnia Socjalna W&TEAM;501817177;;
STEP S.c.;730294179;;
Stimago;793508232;;
Summit S.A.;(32)3490421;;
Summit S.A.;(32)3490444;;
SUN STYLE;(22)4283181;;
SWIFT;(34)3923000;;
SWIFT;603311310;;
TAILOR Sp. z o.o.;(74)8324304;;
TAILOR Sp. z o.o.;(74)8322936;;
TARMAX Sp. z o.o. Sp.komandytowa Sklep Internetowy Newbalancesklep.pl;(17)8581019;;
TARMAX Sp. z o.o. Sp.komandytowa Sklep Internetowy Newbalancesklep.pl;(17)8581048;;
TEAMSPORT Generalny Dystrybutor SPORTIKA;(22)7500111;;
TEAMSPORT Generalny Dystrybutor SPORTIKA;(22)2112165;;
Tennisplanet Polska;607929897;;
Top4U Wioletta Dmoch - TISZERTOWNIA.COM;(22)6310502;;
TRADE-POL;(22)8809287;;
TRADE-POL;(22)8125051;;
TRAPER Małgorzata Roman;606288893;;
TRAPER Sportowy Sklep;(94)3422886;;
TRAPER Sportowy Sklep;603213295;;
U&K TEXTILES Hurtownia Odzieży;730232327;;
United Marketing Services Sp. z o.o.;(22)3036686;;
United Marketing Services Sp. z o.o.;(22)3036685;;
VALEDOS;801000649;;
VALEDOS;883322680;;
Vincere Bike Components;(22)3784574;;
WebExperience Sp. z o.o.;(22)6740301;;
WHITE-STORE;503197297;;
Wolf Gang Polska Sp. z o.o.;(22)7296164;;
Wolf Gang Polska Sp. z o.o.;(22)7294422;;
Wsół Sport Sp. z o.o. S.K.A.;(41)2405886sklep;;
Wsół Sport Sp. z o.o. S.K.A.;(41)3426054serwis;;
Xofto Marcin Popów Sklep KiteOffer.com;720004000;;
XTREND.PL;(48)6856077;;
XTREND.PL;(48)6856073;;
Z.P.H.U. Kros-Sport S.c.;(13)4367008;;
Z.P.H.U. Kros-Sport S.c.;(13)4367708;;
Zakład Produkcji Odzieży FESSA;(43)8223945;;
Zakład Produkcji Odzieży HiS STYLE Sp.j.;(74)8372883;;
Zakład Produkcji Odzieży HiS STYLE Sp.j.;(74)8373030;;
Zakład Produkcji Odzieży JULO;(12)2622618;;
Zakład Produkcji Odzieży JULO;602778106;;
ZOLTAN SPORT Piotr Hołownia;693223232;;
ZOLTAN SPORT Piotr Hołownia;502250522;;
