Gminny Ośrodek Sportu i Rekreacji;(13)4381430;;
Gminny Ośrodek Sportu i Rekreacji;(13)4381431;;
Ośrodek Sportu i Rekreacji DWOREK GOZDAWA;(52)3155991;;
Ośrodek Sportu i Rekreacji DWOREK GOZDAWA;608733872;;
Ośrodek Sportu i Rekreacji m.st. Warszawy w Dzielnicy Żoliborz;(22)8324600;;
Ośrodek Sportu i Rekreacji m.st. Warszawy w Dzielnicy Żoliborz;(22)8324555;;
Centrum Wychowania Fizycznego i Sportu;(42)6655183;;
Centrum Wychowania Fizycznego i Sportu;(42)6655175;;
HALA PIŁKARSKA;(22)3236095;;
Klub Sportowy BUSHI;604308360;;
Krakowski Szkolny Ośrodek Sportowy im. Szarych Szeregów;(12)4115866;;
Krakowski Szkolny Ośrodek Sportowy im. Szarych Szeregów;(12)4117220;;
Miejski Ośrodek Sportu i Rekreacji;(32)2152706;;
Miejski Ośrodek Sportu i Rekreacji;(32)2156989;;
MOSiR Miejski Ośrodek Sportu i Rekreacji;(56)6226700;;
MOSiR Miejski Ośrodek Sportu i Rekreacji;(56)6226703;;
SanusFitness;(22)4059914;;
Słubicki Ośrodek Sportu i Rekreacji Sp. z o.o.;(95)7582501;;
Słubicki Ośrodek Sportu i Rekreacji Sp. z o.o.;(95)7584778;;
SPORT ZAKOPANE Ośrodek Przygotowań Olimpijskich w Zakopanem;(18)2632660sekretariat;;
SPORT ZAKOPANE Ośrodek Przygotowań Olimpijskich w Zakopanem;(18)2014906;;
Akademia Tai Chi Dao Yang;697693013;;
Akademicki Klub Karate AZS SHOGUN Szczecin;605060027;;
Automobilklub Krakowski;(12)4118963;;
Automobilklub Krakowski;697977279;;
Centrum Kultury Fizycznej w Brzezinach;(46)8752656-57;;
Centrum Kultury Fizycznej w Brzezinach;(46)8752646;;
Centrum Kultury i Sportu w Skawinie;(12)2762412;;
Centrum Kultury i Sportu w Skawinie;(12)2762601;;
Centrum Sportu i Rekreacji;(52)3210321;;
Centrum Sportu i Rekreacji;691121331;;
Fight Club Fanga;530903185;;
GOSiR - Kompleks Rekreacyjno-Sportowy;(61)4248600;;
GOSiR - Kompleks Rekreacyjno-Sportowy;(61)4248601;;
Klub Bokserski LEGIA Warszawa;606300493;;
Klub Karate KAMIKAZE;601884891;;
Klub Karate Kyokushin i Sportów Walki;504093457;;
Krav Maga Na Maxa;796100132;;
Legionowski Klub Sportów Walki TAJFUN;601267676;;
Lubelski Klub Karate Kyokushin;(81)5332446;;
Lubelski Klub Karate Kyokushin;665990344;;
Miejski Ośrodek Sportu i Rekreacji w Brzegu;(77)4046106;;
Miejski Ośrodek Sportu i Rekreacji w Brzegu;(77)4046109;;
Miejski Ośrodek Sportu i Rekreacji w Łańcucie;(17)2259380;;
Miejski Ośrodek Sportu i Rekreacji w Łańcucie;(17)2259381;;
Miejski Ośrodek Sportu i Rekreacji w Redzie;(58)6785802;;
Miejski Ośrodek Sportu i Rekreacji w Redzie;(58)6783164;;
Miejsko-Gminny Ośrodek Sportu i Rekreacji;785901200;;
Miejsko-Gminny Ośrodek Sportu i Rekreacji;785901202;;
OSiR Ośrodek Sportu i Rekreacji w Bielawie;(74)8339510;;
OSiR Ośrodek Sportu i Rekreacji w Bielawie;(74)8339512;;
Ośrodek Sportowo-Rekreacyjny w Zabierzowie;(12)2851154;;
Ośrodek Sportowo-Rekreacyjny w Zabierzowie;(12)2851200;;
Ośrodek Sportu i Rekreacji;(62)5860401;;
Ośrodek Sportu i Rekreacji;728454713;;
Ośrodek Sportu i Rekreacji;(46)8302028;;
Ośrodek Sportu i Rekreacji w Olsztynie;(89)5277402;;
Ośrodek Sportu i Rekreacji w Olsztynie;(89)5274510;;
Ośrodek Sportu i Rekreacji w Sierakowie;(61)2952868;;
Ośrodek Sportu i Rekreacji w Sierakowie;663312433;;
Podlaskie Centrum DEFENDO ALLIANCE;604576088;;
SHOSHIN DOJO Gdańsk;502053356;;
SOLPARK Kleszczów Sp. z o.o.;(44)7316517;;
SOLPARK Kleszczów Sp. z o.o.;(44)7316501;;
SZERMIERKA REKREACYJNA;601471311;;
Szkoła Karate-Do Fighter;608331944;;
Szkoła Karate-Do Fighter;695444416;;
Ślężański Ośrodek Kultury, Sportu i Rekreacji;(71)3162355;;
Towarzystwo Łyżwiarstwa Figurowego Walley;515184555;;
Ośrodek Kolonijny JĘDREK;(87)6433273;;
Ośrodek Kolonijny JĘDREK;600822324;;
Aquasfera GALERIA WARMIŃSKA Wodne Centrum Rekreacyjno-Sportowe;(89)5335968;;
SKIBNO Pensjonat Agroturystyczny, Jeździecki Klub Sportowy;(94)3185102;;
SKIBNO Pensjonat Agroturystyczny, Jeździecki Klub Sportowy;602217206;;
Sport-Timing;(18)2068858;;
Sport-Timing;601168858;;
Stowarzyszenie Rehabilitacyjno-Sportowe SZANSA-START GDAŃSK;(58)3000008;;
Stowarzyszenie Rehabilitacyjno-Sportowe SZANSA-START GDAŃSK;(58)7188926;;
Bialski Klub Sportowy STAL Bielsko-Biała;(33)4975263;;
Bialski Klub Sportowy STAL Bielsko-Biała;(33)4975262;;
J&J SPORT CENTER HAJTEK - SPÓŁKA JAWNA;(12)2609330;;
J&J SPORT CENTER HAJTEK - SPÓŁKA JAWNA;(12)2609365;;
Klub Sportowy Podwawelski;(12)2665405;;
Miejski Ośrodek Sportu i Rekracji MOSIR w Kielcach;(41)3676716;;
Miejski Ośrodek Sportu i Rekracji MOSIR w Kielcach;(41)3676796;;
Organizacja Zawodów Sportowych Camping POD KROKWIĄ;(18)2012256;;
Organizacja Zawodów Sportowych Camping POD KROKWIĄ;(18)2000451;;
Ośrodek Wypoczynku i Rekreacji;(17)7445454;;
Polski Związek Wushu;(22)6289084;;
Stowarzyszenie AKADEMIA SZERMIERKI;512027699;;
Klub Sportowy Konstancin;535495273;;
Klub Sportowy Konstancin;607603369;;
2Wieże Sp. z o.o.;604640042;;
2Wieże Sp. z o.o.;690821221;;
5 Rytm KRAV MAGA;531059248;;
A4K Active for Kids;792505111;;
AAI-POLSKA AIKIDO Masa Katsu Dojo;501015335;;
AAI-POLSKA AIKIDO Masa Katsu Dojo;(89)5410079;;
ACRO DANCE Klub Sportowy;693846399;;
ACRO DANCE Klub Sportowy;607031183;;
ActivLive Trener Osobisty Śląsk;502837323;;
ActivLive Trener Osobisty Śląsk;502156207;;
Agencja Rozwoju Miasta Siedlce Sp. z o.o. Ośrodek Sportu;(25)6441441;;
Agencja Szkoleniowo-Treningowa KORIO Dariusz Nowicki;(89)5354316;;
Agencja Szkoleniowo-Treningowa KORIO Dariusz Nowicki;502089616;;
Agencja Szkoleniowo-Turystyczna Wesołek;602185526;;
AIKI-FIT Jacek Engel;504153977;;
AIKIDO;607791154;;
Aikido Aikikai Częstochowa Aik-Budo Dojo;785585485;;
AIKIDO CHRZANÓW;501260604;;
AIKIDO Kobayashi Dojo Janusza Górskiego;504234024;;
Aikido Legnica;503363970;;
Aikido Poznań - BUGEI DOJO;664975049;;
Aikido Shudokan;696072022;;
Aikido Shudokan;606358560;;
Aikido Tanren Dojo;501516666;;
Aikido Warszawa;502377031;;
Aikikai Myślenice;601464478;;
Akademia 2012;606185221;;
Akademia 2012;506046515;;
Akademia Aikido;501775164;;
Akademia AIKIDO IQ;501669669;;
Akademia Dao;(32)7858987;;
Akademia Dao;603670254;;
Akademia JUDO;881575676;;
Akademia Karate Tradycyjnego;(12)3464200;;
Akademia Klubu Piłkarskiego START Toruń Paweł Delimata;513142644;;
Akademia Piłkarska Bolluś;509214126;;
AKADEMIA PIŁKARSKA Janusza Domaradzkiego;602193575;;
Akademia Piłkarska Reissa;(61)8956254;;
Akademia Piłkarska Reissa;502741749;;
Akademia Piłkarska Team;602502009;;
Akademia Piłkarza Grzegorza Mielcarskiego;790760709;;
Akademia Sportów i Sztuk Walki Defence-Kicking;(24)3663673;;
Akademia Sportów i Sztuk Walki Defence-Kicking;601437068;;
Akademia Sportów Walki KNOCKOUT;607428634;;
Akademia Sportu Michała Maliszewskiego;503667744;;
Akademia Sportu Paweł Kusek;504897624;;
Akademia Sportu Paweł Kusek;502130777;;
Akademia Sztuk Walki;791173103;;
Akademia Sztuk Walki MICHI;602154005;;
Akademia Sztuk Walki Taekwon-do i Kickboxingu;507145636;;
Akademia Sztuk Walki Tarnów Opolski-Zdzieszowice;667807797;;
Akademia Sztuki CAPOEIRA;505295888;;
Akademia Sztuki CAPOEIRA;502430551;;
Akademia Technik Walk;(58)3446741po16:00;;
Akademia Technik Walk;694775951;;
Akademia Tradycyjnych Sztuk Walki Biały Smok;602259399;;
Akademia Walk Krzysztof Kęsek;660615486;;
Akademicki Klub Karate Tradycyjnego Wrocław;660680259;;
Akademicki Klub Karate w Łodzi;603103113;;
Akademicki Klub Karate w Łodzi;502153802;;
Akademicki Klub Lekkoatletyczny URSYNÓW;(22)5931620;;
Akademicki Klub Lekkoatletyczny URSYNÓW;604201797;;
Akademicki Związek Sportowy Zarząd Główny;(22)8497136;;
Akademicki Związek Sportowy Zarząd Główny;513066210;;
AKMB Sp. z o.o. Klub Sportowy CITYZEN;(61)8355038;;
AKMB Sp. z o.o. Klub Sportowy CITYZEN;(61)8355124;;
ALB Service;(22)3355960;;
ALB Service;(22)3355961;;
AM NAT Boks Tajski;662132334;;
ANKOS ZAPASY POZNAŃ;796256507;;
ANOYA FIGHT CLUB;661472288;;
Arena Pruszków Sp. z o.o.;(22)7388394-95;;
Arena Pruszków Sp. z o.o.;603114693;;
Atletyczny Klub Sportowy;(44)7327017;;
Atletyczny Klub Sportowy;790884401;;
Autonomiczna Akademia AIKIDO;601863850;;
AZOTY ARENA;503145513;;
AZOTY ARENA;510072966;;
AZS Częstochowa S.A.;(34)3683021;;
AZS Katowicka Sekcja Kendo;608050827;;
AZS Katowicka Sekcja Kendo;697305079;;
Bartoszycki Ośrodek Sportu i Rekreacji;(89)7629871;;
BASKET HILLS;500102865;;
BASKET HILLS;506137337;;
Basket25;(52)5252266;;
BBOSiR Bielsko-Bialski Ośrodek Sportu i Rekreacji;(33)8221875;;
BBOSiR Bielsko-Bialski Ośrodek Sportu i Rekreacji;(33)8166461;;
BE A STAR Football Academy im. Rotmistrza Witolda Pileckiego;509058970;;
BENE SPORT CENTRUM;(91)4395555;;
Białostocki Ośrodek Sportu i Rekreacji;(85)6768060;;
Białostocki Ośrodek Sportu i Rekreacji;(85)6768063;;
Bielański Klub Kyokushin Karate;(22)8642069;;
Bielański Klub Kyokushin Karate;(22)8641707;;
Bielski Klub Bokserski BESKIDY;501311993;;
Biuro Sportu i Rekreacji SPORT-WIDOK;667999999;;
Biuro Sportu i Rekreacji SPORT-WIDOK;(33)8176514w.26;;
BKS SKORPION Klub Bokserski;608294632;;
BKS SKORPION Klub Bokserski;668397747;;
Black & White Klub Sportowy;509422332;;
Bocheński Klub Sportowy;(14)6124868;;
Bocheński Klub Sportowy;(14)6122540;;
Bokserski Klub Rekreacyjny GLADIATOR;504123382;;
Brzeski Ośrodek Sportu i Rekreacji;(14)6865002;;
Brzeski Ośrodek Sportu i Rekreacji;(14)6865003;;
BUSHIDO Centrum;604145992;;
Bydgoska Szkoła Kyokushin Karate;609595858;;
Bydgoska Szkoła Kyokushin Karate;691015544;;
CAMPING 140 Ośrodek Sportu i Rekreacji;(41)2543351;;
Capoeira UNICAR;535222606;;
Capoeira UNICAR;792810930;;
Centralny Ośrodek Sportowo-Szkoleniowy TKKF w Sierakowie;(61)2952128;;
Centralny Ośrodek Sportu - Ośrodek Przygotowań Olimpijskich w Spale;(44)7242361;;
Centralny Ośrodek Sportu - Ośrodek Przygotowań Olimpijskich w Spale;(44)7242346;;
Centralny Ośrodek Sportu Hala Widowiskowo-Sportowa TORWAR;(22)5298720-21;;
Centralny Ośrodek Sportu Hala Widowiskowo-Sportowa TORWAR;(22)6289179;;
Centralny Ośrodek Sportu Ośrodek Przygotowań Olimpijskich im. Feliksa Stamma Cetniewo we Władysławowie;(58)6746200;;
Centralny Ośrodek Sportu Ośrodek Przygotowań Olimpijskich im. Feliksa Stamma Cetniewo we Władysławowie;(58)6746300;;
Centralny Ośrodek Sportu-Ośrodek Przygotowań Olimpijskich w Giżycku;(87)4417100;;
Centralny Wojskowy Klub Sportowy LEGIA Sekcja Strzelecka;(22)6252630w.1;;
Centralny Wojskowy Klub Sportowy LEGIA Sekcja Strzelecka;(22)6252630w.5;;
Centrum Aktywnego Wypoczynku;601633292;;
Centrum Choy Li Fut & Tai Chi Chuan;698875950;;
Centrum Kultury Fizycznej i Sportu w Bełżycach;(81)5172033;;
Centrum Kultury Fizycznej i Sportu w Bełżycach;(81)5172350stadion;;
Centrum Kultury i Sportu;(58)6823571;;
Centrum Kultury, Sportu i Rekreacji w Bestwinie;(32)2141365;;
Centrum Piłkarskie PTAK S.A.;(44)6161190;;
Centrum Piłkarskie PTAK S.A.;(44)6161195;;
Centrum Promocji Sportu i Rekreacji DRAGON;513089657;;
Centrum Promocji Sportu i Rekreacji DRAGON;603767327;;
Centrum Rekreacyjno Sportowe SCOUT;(34)3615662;;
Centrum Rekreacyjno Sportowe SCOUT;343615662;;
Centrum Rekreacyjno-Sportowe m.st. Warszawy w Dzielnicy Bielany;(22)6338680;;
Centrum Rekreacyjno-Sportowe m.st. Warszawy w Dzielnicy Bielany;(22)6338654;;
Centrum Rekreacyjno-Sportowe w Choszcznie, Pływalnia WODNY RAJ;(95)7657711;;
Centrum Rekreacyjno-Sportowe w Choszcznie, Pływalnia WODNY RAJ;(95)7658598Pływalnia;;
Centrum Rozrywki PITSTOP;(58)7821798;;
Centrum Rozrywki PITSTOP;792226588;;
Centrum Rozwoju Kultury Fizycznej AKWEN;(61)6227529;;
Centrum Rozwoju Kultury Fizycznej AKWEN;(61)8121236;;
Centrum Sportowe Capoeira;502593336;;
Centrum Sportowe Capoeira;518955372;;
Centrum Sportowo Rekreacyjne Sp. z o.o.;(75)6492706;;
Centrum Sportowo Rekreacyjne Sp. z o.o.;(75)6492701;;
Centrum Sportowo-Biznesowe;(55)6256200;;
Centrum Sportowo-Biznesowe;(55)6256202;;
Centrum Sportów Siłowych RIMINI;505033882;;
Centrum Sportów Walki CHAMPION;694148430;;
Centrum Sportów Walki Energy Gold Team;507628871;;
Centrum Sportu i Kultury SIDZINA;(12)2554150;;
Centrum Sportu i Rekreacji;(42)6785141;;
Centrum Sportu i Rekreacji;(32)2612010;;
Centrum Sportu i Rekreacji Agatsu;796654001;;
Centrum Sportu i Rekreacji WODNIK w Krotoszynie;(62)7226760;;
Centrum Sportu i Rekreacji WODNIK w Krotoszynie;(62)7228076;;
Centrum Sportu IRBIS;(12)6260178;;
Centrum Sportu SOLARIS;(85)6610019;;
Centrum Sportu, Turystyki i Rekreacji;(17)2768560;;
Centrum Sportu, Turystyki i Rekreacji;(17)2768599;;
Centrum Swobodna Przestrzeń;(22)7838123;;
Centrum Swobodna Przestrzeń;660487921;;
Centrum Sztuk Walk i Rekreacji Rodzinnej;783962066;;
Centrum Sztuk Walk i Rekreacji Rodzinnej;601565452;;
Centrum Sztuk Walki;(71)3609451;;
Centrum Sztuk Walki;(71)3609450;;
Centrum Sztuk Walki Choy Lee Fut Polska;(12)6261238;;
Centrum Sztuk Walki i Sportu w Leżajsku;601827190;;
Centrum Sztuk Walki i Sportu w Leżajsku;609925854;;
Centrum Tenisowe REDECO;(71)3380973-74;;
Centrum Treningowe M1;605150205;;
Centrum Turystyczno-Sportowe Sp. z o.o.;(74)8726010;;
Centrum Turystyczno-Sportowe Sp. z o.o.;(74)8726212;;
Centrum VERA SPORT;(42)2532844;;
Centrum VERA SPORT;784995975;;
Centrum Zdrowego Ciała;(22)8640017;;
Centrum Zdrowego Ciała;530038805;;
CITY SPORTS CLUB;695836880;;
CITY SPORTS CLUB;510273633;;
Combat Sambo;606245965;;
ĆWICZENIA OGÓLNOROZWOJOWE;(22)6157146;;
ĆWICZENIA OGÓLNOROZWOJOWE;602775078;;
Dalekowschodnie Centrum Kulturalno-Sportowe SOTO;(22)2990130;;
Dalekowschodnie Centrum Kulturalno-Sportowe SOTO;502506933;;
DOJO BUDOKAN Krzysztof Dawidowicz & Marcin Dawidowicz;(22)7539579;;
DOJO BUDOKAN Krzysztof Dawidowicz & Marcin Dawidowicz;601246124;;
Dojo Centrum Sztuk Walki;509186253;;
Dragon's Den;784633311;;
EdenGreen Spa&Sport Club;(65)5200005;;
ELITE ZONE Sp. z o.o.;793409709;;
ELITE ZONE Sp. z o.o.;884898808;;
Ełcki Klub Karate Kyokushin;601830651;;
Ełcki Klub Karate Kyokushin;503011707;;
Energetyczny Klub Sportowy SKRA Bełchatów;(44)7398980;;
Europejskie Centrum Sportu S.c.;530333350;;
F.H.U. PIRAT;(61)8686816;;
F.H.U. PIRAT;602897630;;
Family Sport Center;533126131;;
Family Sport Center;507437251;;
FAVELA;666848208;;
FIGHT ACADEMY;698627699;;
FIGHT CLUB Elbląg;883136893;;
Fight Club FREESTYLER;(54)4118921;;
Fight Club FREESTYLER;796757201;;
FIT CONCEPT Sp. z o.o. KUŹNIA - Centrum Atletyki;(42)2929129;;
FITNESS LATTE;793525252;;
FOOTBALL ACADEMY GROUP;(77)4064658;;
FOOTBALL ACADEMY GROUP;(77)5474470;;
FORCA BRAVA;501363401;;
FORMOWNIA;(42)2068200;;
Franciszkański Klub Sportowy;504240609;;
Franciszkański Klub Sportowy;608353010;;
Freerajdy;501400007;;
Ganador Sport;(22)6768134;;
Ganador Sport;795666495;;
Gdańsk Curling Club;602230045;;
Gdański Klub Aikido KATANA;501803161;;
Gdański Klub Sportowy KORSARZ;512393901;;
Gdański Klub Sportowy KORSARZ;512393902;;
Gdański Klub Taekwon-Do;501321175;;
Gdański Klub Wioślarski Drakkar;(58)3042266;;
Gdański Klub Wioślarski Drakkar;503429426;;
Gdyński Ośrodek Sportu i Rekreacji;(58)6221164;;
Gdyński Ośrodek Sportu i Rekreacji;(58)6223574;;
GKS Bełchatów SSA;(44)6350791;;
GKS Bełchatów SSA;(44)6350355;;
GKS Morcinek;(32)4693798;;
GKS Morcinek;697301863;;
Gminna Szkółka Piłkarska;605236141;;
Gminne Centrum Kultury i Sportu w Jabłonnie;(22)7824737;;
Gminne Centrum Kultury i Sportu w Jabłonnie;(22)7824713;;
Gminne Centrum Kultury Sportu Turystyki i Rekreacji w Poniecu;(65)5731169;;
Gminno-Miejski Ośrodek Kultury Sportu i Rekreacji w Bolkowie;(75)7413431;;
Gminny Klub Sportowy Błękit Pniewo;609838510;;
Gminny Ośrodek Kultury Sportu i Turystyki w Dębowcu;(33)8588351;;
Gminny Ośrodek Kultury Sportu i Turystyki w Dębowcu;512298558;;
Gminny Ośrodek Kultury, Sportu i Rekreacji w Górnej Grupie;(52)3306125;;
Gminny Ośrodek Kultury, Sportu i Rekreacji w Górnej Grupie;(52)3306126;;
Gminny Ośrodek Sportu;(22)7201908;;
Gminny Ośrodek Sportu;(22)7201916;;
Gminny Ośrodek Sportu;(32)4724215;;
Gminny Ośrodek Sportu i Rekreacji;(22)7166600-01;;
Gminny Ośrodek Sportu i Rekreacji;(22)4623181;;
Gminny Ośrodek Sportu i Rekreacji Goczałkowice-Zdrój;(32)2127424;;
Gminny Ośrodek Sportu i Rekreacji w Wilkowicach;(33)4883003;;
Golden Dragon;796751818;;
Golden Fight Gym;665439058;;
Gościniec przy Ośrodku Kultury, Sportu i Rekreacji w Koniecpolu;(34)3551411;;
Gościniec przy Ośrodku Kultury, Sportu i Rekreacji w Koniecpolu;(34)3551320;;
GreenUp Fitness Club Piaseczno;(22)7014207;;
Grudziądzki Klub Pływacki ORKA;(56)4640090;;
Grudziądzki Klub Pływacki ORKA;(56)4640044;;
Grupa BRUTALS;883744788;;
GSSiR Jamniuk - Biegański Team;665003045;;
GWARDIA Zielonogórski Klub Sportowy;(68)3255057;;
GWARDIA Zielonogórski Klub Sportowy;(68)3253789;;
Hala Sportowa im. Andrzeja Grubby;(91)3229042;;
HALA SPORTOWA-LKS Beskid Brenna;(33)8536533;;
HALA SPORTOWA-LKS Beskid Brenna;(33)8536391;;
HALNY-Centrum Sportów Walki;503696376;;
HOBBY SPORT Szkoła Zdrowego Stylu Życia;796626868;;
Holenderska Szkoła Piłki Nożnej AJAX;788300900;;
HumanSport.pl;508076264;;
HUNTER GYM;509352482;;
IGNASIAK SPORT;537100151;;
IKIZAMA Klub Judo;506143100;;
Integracyjny Klub Sportowy ATAK;(55)6424255;;
Integracyjny Klub Sportowy ATAK;508175566;;
Integracyjny Uczniowski Klub Sportowy Dziewiątka;609355538;;
Integracyjny Uczniowski Klub Sportowy Dziewiątka;(44)7244282;;
J2 Szkoła Sportów;600800405;;
J2 Szkoła Sportów;600800406;;
Jacht Klub AZS Szczecin;(91)4612734;;
JASNA Sport i Rekreacja;(32)4119999;;
JODAN Sp. z o.o.;798625520;;
JU JITSU Kraków;792995510;;
K-1 BOKS Tomek Mamulski;600231261;;
K.S. Zgoda Ruda Śląska Bielszowice;(032)2402200;;
Kaliskie Stowarzyszenie MuayThai;531448660;;
KARATE KLUB Gdynia;601655437;;
KARATE KLUB Gdynia;505488950;;
Karate Klub KUMADE Łódź;501283272;;
Karate Klub Pruszków;(22)7588930w.253;;
Karate Klub Pruszków;504215531;;
KARATE KLUB Wejherowo;691181888;;
KARATE KLUB Wejherowo;690498188;;
KART TEAM S.c.;500146428;;
KART TEAM S.c.;515515606;;
KART1;797122711;;
KARTCENTER;692277978;;
KARTCENTER;514601446;;
KCKSiR Kłodzkie Centrum Kultury, Sportu i Rekreacji;(74)8673364;;
KICK FIGHT;506268997;;
KICK FIGHT;609135999;;
Klub Aikido Kyodo;518628928;;
Klub Aikido Kyodo;503342587;;
Klub Anakonda;788557001;;
Klub ARRACHION;608190991;;
Klub ARRACHION;693808022;;
Klub dla Dzieci SHODAN;796277730;;
Klub dla Dzieci SHODAN;501687225;;
Klub Imprez na Orientację NEPTUN;(58)3052613;;
Klub Imprez na Orientację NEPTUN;(58)6828119;;
KLUB KARATE 44;(42)2592020;;
KLUB KARATE 44;792012532;;
Klub Karate BODAIKAN;605619408;;
Klub Karate BODAIKAN;(91)4236912;;
Klub Karate SHOBU-KAN;501486997;;
Klub Karate SHOBU-KAN;501476778;;
Klub Karate Shotokan;608820086;;
Klub Karate Tradycyjnego;602759995;;
Klub Karate Tradycyjnego Kowal;606634355;;
Klub Karate Tradycyjnego Kowal;503126885;;
Klub Koreańskiej Sztuki Walki Taekwon-do w Lubinie;(76)8478664;;
Klub Kyokushin Karate im. Masutatsu Oyama;603506766;;
Klub Kyokushin Karate im. Masutatsu Oyama;604817070;;
Klub MILA ZEGRZYNEK;(22)7827302;;
Klub MILA ZEGRZYNEK;(22)3782664;;
Klub Motorowy Cross;(81)5346580;;
Klub Motorowy THOR Crossway;604961213;;
Klub Motorowy THOR Crossway;518558722;;
Klub Muay Thai 300;516666935;;
Klub PUNCHER;605522758;;
Klub Rekreacyjno Sportowy TKKF EnerGOsport;(34)3648276;;
Klub Rekreacyjny ACTIV;(58)6980650;;
Klub Rekreacyjny ACTIV;502388011;;
Klub Sportowego Reagowania PowerSport;(32)7470669;;
Klub Sportowo-Rekreacyjny Spartakus;(32)2537449;;
Klub Sportowy Alpino;(32)2544763;;
Klub Sportowy Alpino;605429207;;
Klub Sportowy Amatorska Liga Siatkówki;665076477;;
Klub Sportowy AQUILA Wadowice;(33)8797420;;
Klub Sportowy AQUILA Wadowice;798754226;;
Klub Sportowy Azoty-Puławy;(81)8880977;;
Klub Sportowy AZS AWF Warszawa;(22)8343704;;
Klub Sportowy AZS AWF Warszawa;(22)8640958;;
Klub Sportowy BestFit Club;(32)7228288;;
Klub Sportowy BestFit Club;(32)7228280;;
Klub Sportowy BLIZNE;884348588;;
Klub Sportowy BUSHI i FITHOUSE;660429809;;
Klub Sportowy BUSHI i FITHOUSE;608462773;;
Klub Sportowy CAPOEIRA;604411089;;
Klub Sportowy Capoeira Camangula Centrum Sportowe ARMADA;509917004;;
Klub Sportowy Capoeira Camangula Centrum Sportowe ARMADA;608600437;;
Klub Sportowy Capoeira Camangula Poznań;503004684;;
Klub Sportowy Carbo-Gliwice;(32)2348211;;
Klub Sportowy Carbo-Gliwice;(32)2348294;;
Klub Sportowy Dąbrowica;502031006;;
Klub Sportowy Dąbrowica;606640515;;
Klub Sportowy ENTRE.PL Team;(22)6289390;;
Klub Sportowy GEPARD;508399395;;
Klub Sportowy GEPARD;508399393;;
Klub Sportowy Gwardia 1924;607820802;;
Klub Sportowy KORNER;(68)3254507;;
Klub Sportowy LECHIA;501837214;;
Klub Sportowy LECHIA;600025830;;
Klub Sportowy Limanowa-Swim;504733668;;
Klub Sportowy MARINA LASOKI;507828708;;
Klub Sportowy MARWIT;(56)6744300;;
Klub Sportowy MARWIT;(56)6744337;;
Klub Sportowy MAXIMUS;501191908;;
Klub Sportowy Mistral;513383352;;
Klub Sportowy NARCIARNIA;500040606;;
Klub Sportowy NARCIARNIA;516050396;;
Klub Sportowy OYAMA Rzeszów;662291817;;
Klub Sportowy PACO I;(81)7403300;;
Klub Sportowy PALESTRA;783540600;;
Klub Sportowy PALESTRA;782974930;;
Klub Sportowy Puszcza Hajnówka;(85)8710247;;
Klub Sportowy Puszcza Hajnówka;509166215;;
Klub Sportowy RACING KIDS;501710574;;
Klub Sportowy RACING KIDS;601165315;;
Klub Sportowy RONIN;600294574;;
Klub Sportowy SEMIRAMIDA;509276344;;
Klub Sportowy Shindo;607314119;;
Klub Sportowy Skra;(34)3610504;;
Klub Sportowy Społem Łódź;(42)6326519;;
Klub Sportowy Społem Łódź;(42)6321878;;
Klub Sportowy Spójnia-Warszawa;(22)8395989;;
Klub Sportowy Spójnia-Warszawa;(22)8392260;;
Klub Sportowy SPRINT;(33)8183247;;
Klub Sportowy START;605062326;;
Klub Sportowy STOCZNIOWIEC Płock;502328133;;
Klub Sportowy Szpada Wrocław;603459594;;
Klub Sportowy Szpada Wrocław;609391188;;
Klub Sportowy TAEKWON Kolbudy I.T.F;601180719;;
Klub Sportowy Uniszowice;691284228;;
Klub Sportowy Uniszowice;503890275;;
Klub Sportowy Victoria Niemcz;515263002;;
Klub Sportowy Victoria Niemcz;605420700;;
Klub Sportowy WESOŁA;794249266;;
Klub Sportowy WIELKOPOLANIN;(61)8301141;;
Klub Sportowy WIELKOPOLANIN;607086466;;
Klub Sportowy ZJEDNOCZENI;601353087;;
Klub Sportowy ZJEDNOCZENI;601353087;;
Klub Sportów Ekstremalnych ON-SIGHT;609028789;;
Klub Sportów Górskich DIRETA;783565418;;
Klub Sportów Górskich DIRETA;693148200;;
Klub Sportów Walki SEKRET;602120899;;
Klub Sportów Walki SEKRET;504007137;;
Klub Sportów Walki Spartakus;607384451;;
Klub Sportów Wodnych i Rowerowych PEGAZ;603953734;;
Klub Strzelecki Defendu Sp. z o.o.;693835435;;
Klub Strzelecki Defendu Sp. z o.o.;513078956;;
Klub Stu;604644844;;
Klub Stu;509907331;;
Klub Szermierczy WROCŁAWIANIE;(71)3417861;;
Klub Szermierczy WROCŁAWIANIE;(71)3421378;;
Klub Sztuk Walki Alien;607068663;;
Klub Sztuk Walki SIDEKICK;693760228;;
Klub Sztuk Walki TANTO;886046611;;
Klub Taekwon-Do Tradycyjnego;694510664;;
Klub Tenisa Ziemnego GRYF;502585801;;
Klub Tenisowy ARKA;(58)6624953;;
Klub Tenisowy ARKA;(58)6224051;;
Klub Tenisowy PARK;502092038;;
Klub Tenisowy Rakieta;505302505;;
Klub Tenisowy STEGNY;501751798;;
Klub Tenisowy ZGODA;(52)3852289;;
Klub Tenisowy ZGODA;607452700;;
Klub Walki i Fitness GRAPPLER;692238240;;
Klub Walki i Fitness GRAPPLER;793298095;;
Klub WILKI;881644482;;
Klub Żeglarski IZERY;509458234;;
Klub Żeglarski SZTORM Barlinek;666316160;;
KnockOut Gym;515370111;;
KO-zone;502251697;;
Kompleks Rekreacyjno-Sportowy FALA w Goleniowie;(91)4647120;;
Kompleks Rekreacyjno-Sportowy FALA w Goleniowie;(91)4647121;;
Kompleks Sportowo-Rekreacyjny;(87)6154010;;
Kompleks Sportowo-Rekreacyjny;(87)6154125;;
Krakowska Akademia Aiki Jujutsu;505064480;;
Krakowska Akademia Taekwon-do;601443894;;
Krakowski Klub Karate Tradycyjnego;606248108;;
Krakowski Klub Szermierczy;883773767;;
KRAV MAGA - PLUS;501579204;;
KRAV MAGA 360;693160410;;
KRAV MAGA Centrum Treningowe Rafał Wdowiak;503506832;;
Krav Maga Cobra Group;722333335;;
Krav Maga Gdańsk;510058677;;
KRAV MAGA Katowice;502455589;;
Krav Maga Poznań;514508767;;
Krav Maga Warszawa;502061750;;
Krośnieński Klub Kyokushin Karate;(13)4350674;;
Krośnieński Klub Kyokushin Karate;603912373;;
KS Rojek Kraków;505077245;;
KS Rojek Kraków;(12)8810199;;
KST ELEKTRYK Manekin Toruń;(56)6528188;;
KST ELEKTRYK Manekin Toruń;502205630;;
KUMA JUDO;502559164;;
KUMA JUDO;501353446;;
KUZI SPORT;785082777;;
Kwidzyńskie Centrum Sportu i Rekreacji;(55)2793866;;
Kwidzyńskie Centrum Sportu i Rekreacji;(55)2611395;;
LANG TEAM Sp. z o.o.;(22)6492491;;
LANG TEAM Sp. z o.o.;(22)6492496;;
LECH-KORT;(22)6659461;;
LECH-KORT;601511490;;
Legion Team Tarnów;510815918;;
Legnicki Klub Taekwon-do;693552734;;
Legnicki Klub Taekwon-do;509779801;;
LEMUR S.c.;608523545;;
LEMUR S.c.;608306346;;
Let`s Go Sp. z o.o.;(22)6490502;;
Let`s Go Sp. z o.o.;(22)2050881;;
Linke Gold Team;601701714;;
Linke Gold Team;603947702;;
Lubelski Klub Sportowy Głuchych SPARTAN;(81)5340346;;
Lubelski Klub Sportów Walki DAN;507166184;;
Lubelski Klub Sportów Walki DAN;602351585;;
Luboński Ośrodek Sportu i Rekreacji;(61)8992235;;
LUSOWSKI ZDRÓJ;(61)8146368;;
Łódzka Akademia Karate Tradycyjnego;695279595;;
Łódzki Klub Karate Kyokushin;794296956;;
Łódzki Klub Karate Kyokushin;665472509;;
Łuczniczy Klub Sportowy Radom;605768598;;
Łuczniczy Klub Sportowy Radom;601388394;;
M&Sport Sp. z o.o.;509441449;;
MALTA SKI Sp. z o.o.;501355153;;
MALTA SKI Sp. z o.o.;533315055;;
Mała Akademia Sportu 7;606320864;;
Mała Akademia Sportu 7;502366951;;
Mazowiecki Klub Karate Kyokushin;602675693;;
Mazowiecki Klub Karate Kyokushin;602737002;;
Mazowiecki Klub Sportowy Niesłyszących MAZOWSZE;(22)7297928;;
Micro Sport Zajęcia Rekreacyjno-Sportowe;501640894;;
Micro Sport Zajęcia Rekreacyjno-Sportowe;604128386;;
Miejski Klub Sportowy Cracovia;(12)2929100-02;;
Miejski Klub Sportowy Cracovia;(12)6551882;;
Miejski Klub Sportowy Iskra Pszczyna;501582591;;
Miejski Ośrodek Kultury i Sportu w Oleśnicy;(71)3142203salawidowiskowa;;
Miejski Ośrodek Kultury i Sportu w Oleśnicy;(71)7945821-22halasportowa;;
Miejski Ośrodek Kultury, Sportu i Rekreacji;(32)6233086;;
Miejski Ośrodek Kultury, Sportu i Rekreacji;(32)6234022;;
Miejski Ośrodek Rekreacji i Sportu w Chorzowie;(32)2417050;;
Miejski Ośrodek Rekreacji i Sportu w Chorzowie;(32)2417055;;
Miejski Ośrodek Sportu i Kultury;(91)3813227;;
Miejski Ośrodek Sportu i Kultury;(91)3813320;;
Miejski Ośrodek Sportu i Rekreacji;(67)2132783;;
Miejski Ośrodek Sportu i Rekreacji;(32)6611680;;
Miejski Ośrodek Sportu i Rekreacji;(32)6494490;;
Miejski Ośrodek Sportu i Rekreacji;(41)2475500;;
Miejski Ośrodek Sportu i Rekreacji;(41)2475501;;
Miejski Ośrodek Sportu i Rekreacji;(67)2584056;;
Miejski Ośrodek Sportu i Rekreacji;(32)4341547;;
Miejski Ośrodek Sportu i Rekreacji;(32)4341751;;
Miejski Ośrodek Sportu i Rekreacji;(82)5630003;;
Miejski Ośrodek Sportu i Rekreacji;(55)6256300;;
Miejski Ośrodek Sportu i Rekreacji;(75)6460606;;
Miejski Ośrodek Sportu i Rekreacji;(32)7797603-04;;
Miejski Ośrodek Sportu i Rekreacji;(32)7797603w.27;;
Miejski Ośrodek Sportu i Rekreacji;(65)5120477;;
Miejski Ośrodek Sportu i Rekreacji;(25)7522446;;
Miejski Ośrodek Sportu i Rekreacji;(67)2132783;;
Miejski Ośrodek Sportu i Rekreacji;(32)6611680;;
Miejski Ośrodek Sportu i Rekreacji;(83)3716420;;
Miejski Ośrodek Sportu i Rekreacji;(32)4270317;;
Miejski Ośrodek Sportu i Rekreacji;(32)4318842;;
Miejski Ośrodek Sportu i Rekreacji Centrum Wodzisław Śląski;(32)4551519;;
Miejski Ośrodek Sportu i Rekreacji Łódź;(42)6368517;;
Miejski Ośrodek Sportu i Rekreacji Łódź;(42)6367980;;
Miejski Ośrodek Sportu i Rekreacji w Bolesławcu;(75)7323886;;
Miejski Ośrodek Sportu i Rekreacji w Bolesławcu;(75)7322376;;
Miejski Ośrodek Sportu i Rekreacji w Chodzieży;(67)2820249;;
Miejski Ośrodek Sportu i Rekreacji w Chodzieży;(67)2829643;;
Miejski Ośrodek Sportu i Rekreacji w Częstochowie;(34)3720783-84;;
Miejski Ośrodek Sportu i Rekreacji w Częstochowie;(34)3720785;;
Miejski Ośrodek Sportu i Rekreacji w Ełku;(87)6103838;;
Miejski Ośrodek Sportu i Rekreacji w Ełku;(87)6216480;;
Miejski Ośrodek Sportu i Rekreacji w Gdańsku;(58)5243473;;
Miejski Ośrodek Sportu i Rekreacji w Gdańsku;(58)5243493;;
Miejski Ośrodek Sportu i Rekreacji w Janowie Lubelskim;(15)8725105;;
Miejski Ośrodek Sportu i Rekreacji w Janowie Lubelskim;(15)8724674;;
Miejski Ośrodek Sportu i Rekreacji w Jaśle;(13)4435180-82;;
Miejski Ośrodek Sportu i Rekreacji w Jaśle;(13)4465204;;
Miejski Ośrodek Sportu i Rekreacji w Katowicach;(32)2538733;;
Miejski Ośrodek Sportu i Rekreacji w Knurowie;(32)3304810;;
Miejski Ośrodek Sportu i Rekreacji w Knurowie;(32)3304812;;
Miejski Ośrodek Sportu i Rekreacji w Koninie;(63)2430060;;
Miejski Ośrodek Sportu i Rekreacji w Leżajsku;(17)2420118;;
Miejski Ośrodek Sportu i Rekreacji w Leżajsku;(17)2420302;;
Miejski Ośrodek Sportu i Rekreacji w Mławie;(23)6551571;;
Miejski Ośrodek Sportu i Rekreacji w Mławie;(23)6551579;;
Miejski Ośrodek Sportu i Rekreacji w Oświęcimiu;(33)8434339;;
Miejski Ośrodek Sportu i Rekreacji w Oświęcimiu;(33)8434727;;
Miejski Ośrodek Sportu i Rekreacji w Radomiu Sp. z o.o.;(48)3851001-02;;
Miejski Ośrodek Sportu i Rekreacji w Sosnowcu;(32)2663426;;
Miejski Ośrodek Sportu i Rekreacji w Sosnowcu;(32)2662843;;
Miejski Ośrodek Sportu i Rekreacji w Sycowie;(62)7855144;;
Miejski Ośrodek Sportu i Rekreacji w Żywcu;(33)8614701;;
Miejski Zarząd Obiektów Sportowo-Turystycznych i Infrastruktury Technicznej w Ostrołęce;(29)7606868;;
Miejski Zarząd Obiektów Sportowo-Turystycznych i Infrastruktury Technicznej w Ostrołęce;(29)7606945;;
Miejskie Centrum Sportu i Rekreacji;(23)6628521;;
Miejskie Centrum Sportu i Rekreacji;(23)6622701;;
Miejskie Centrum Sportu i Wypoczynku Oceanik;(42)6144462;;
Miejskie Centrum Sportu w Ząbkach Sp. z o.o.;(22)3002931;;
Miejskie Towarzystwo Sportowe PIAST Skawina;724927860;;
Miejsko-Gminny Ośrodek Sportu i Rekreacji;(14)6578089;;
Międzyrzecki Ośrodek Sportu i Wypoczynku, Pływalnia Miejska KASZTELANKA, Hala Widowiskowo-Sportowa;(95)7427380;;
Międzyrzecki Ośrodek Sportu i Wypoczynku, Pływalnia Miejska KASZTELANKA, Hala Widowiskowo-Sportowa;(95)7427371;;
Międzyszkolny Klub Sportowy KUSY;(91)4337231;;
Międzyszkolny Ośrodek Sportowy Kraków WSCHÓD;(12)6442272;;
Międzyszkolny Pływacki Klub Sportowy ORKA;(23)6727207;;
Międzyszkolny Pływacki Klub Sportowy ORKA;660463828;;
Mini Basket Academy;603741609;;
Mini Basket Academy;605265686;;
Miński Klub Sportowy TAEKWON-DO;(25)7592764;;
MIZONG QUAN SHU - Treningi Kung Fu Wushu;660372441;;
MKARTS;880800980;;
MKS Volley;603103851;;
MKZ Unia Racibórz;(32)4152544;;
MKZ Unia Racibórz;509169684;;
Mławska Hala Sportowa;(23)6520027;;
Mławska Hala Sportowa;(23)6520028;;
Młodzieżowe Towarzystwo Sportowe;(55)2796441;;
Młodzieżowe Towarzystwo Sportowe PŁOMIEŃ Milowice;601431339;;
Młodzieżowe Towarzystwo Sportowe PŁOMIEŃ Milowice;721957422;;
MOSiR Jastrzębie Zdrój;(32)4719450;;
MOSiR Jastrzębie Zdrój;(32)4718614;;
MOSiR Miejski Ośrodek Sportu i Rekreacji;(15)8422562;;
MOSiR Miejski Ośrodek Sportu i Rekreacji;(15)8447338;;
MOSiR Miejski Ośrodek Sportu i Rekreacji w Rumi;(58)7711736-37;;
MOSiR Rybnik;(32)4227853;;
MOSiR Rybnik;(32)4227839;;
MOSiR w Zabrzu Sp. z o.o.;(32)2716640;;
MOSiR w Zabrzu Sp. z o.o.;(32)2716340;;
MOVE LIFE SPORT;503604864;;
Movement Designers S.c. Marcin Bąk, Michał Derlicki;(22)6314831;;
Movement Designers S.c. Marcin Bąk, Michał Derlicki;692801388;;
MUKS Unia Warszawa;601300667;;
NASTULA CLUB Sp. z o.o.;(22)6398744;;
NOGALSKI World Karate Association;(61)8529604;;
NOGALSKI World Karate Association;691059413;;
NOKAUT Fight Club;608776678;;
NORD-WALK Michał Ciecharowski;600725594;;
Nowodworski Klub Sportów Walki BASTION;606267845;;
Obiekt Sportowy przy Zespole Szkół Nr 79 im. St. Kostki Potockiego;(22)8850060;;
Obiekt Sportowy przy Zespole Szkół Nr 79 im. St. Kostki Potockiego;(22)8850109;;
Obornickie Centrum Sportu;(61)2960906;;
Ognisko TKKF APOLLO;(22)7792477;;
Ognisko TKKF APOLLO;(22)2247067;;
Ognisko TKKF BŁYSKAWICA;(22)6195940;;
Ogólnopolska Organizacja Taekwon-do ITF;503014596;;
Olsztyński Klub Kyokushin Karate;604339373;;
OPEN SPORT;(32)3074400;;
Opolska Akademia Capoeira Companhia Pernas Pro Ar;512347007;;
Opolski Klub Karate Kyokushin;(77)4419369;;
ORANJE SPORT KONIN;605229992;;
ORMASport;(32)4450235;;
ORMASport;(32)4450260;;
OSiR Ośrodek Sportu i Rekracji;(25)7812667;;
OSiR Ośrodek Sportu i Rekreacji;(44)7326569;;
OSiR Ośrodek Sportu i Rekreacji;(44)7326651;;
OSIR ŚWIEBODZICE Sp.z.o.o.;(74)6669620;;
OSR Victoria;(33)8118037;;
Ostródzkie Centrum Sportu i Rekreacji;(89)6460813;;
Ośrodek Kultury Sportu i Rekreacji OKSiR;(52)5627378;;
Ośrodek Kultury Sportu i Rekreacji OKSiR;795180114;;
Ośrodek Kultury Sportu i Rekreacji w Witkowie;(61)4779277;;
Ośrodek Rekreacyjno Sportowy WIKING;730272645;;
Ośrodek Rekreacyjno Sportowy WIKING;797406450;;
Ośrodek Sportowy KAR-TEL;(32)2322234;;
Ośrodek Sportów Motorowych MOTOPARK;503650111;;
Ośrodek Sportów Motorowych MOTOPARK;509385764;;
Ośrodek Sportu i Rekreacji;(68)4750816-18;;
Ośrodek Sportu i Rekreacji;(68)4750817;;
Ośrodek Sportu i Rekreacji;(32)2673007;;
Ośrodek Sportu i Rekreacji;(74)8551696;;
Ośrodek Sportu i Rekreacji;(68)4190404;;
Ośrodek Sportu i Rekreacji;(68)3852384;;
Ośrodek Sportu i Rekreacji;(22)8252430;;
Ośrodek Sportu i Rekreacji;(85)7112571;;
Ośrodek Sportu i Rekreacji;(85)7119331;;
Ośrodek Sportu i Rekreacji;(18)3526970;;
Ośrodek Sportu i Rekreacji;(18)3526126;;
Ośrodek Sportu i Rekreacji ALPINA SPORT;(18)4714181;;
Ośrodek Sportu i Rekreacji ALPINA SPORT;695653763;;
Ośrodek Sportu i Rekreacji ANGELICA;(42)2750182;;
Ośrodek Sportu i Rekreacji BIAŁY DOM;(32)3806200;;
Ośrodek Sportu i Rekreacji BIAŁY DOM;601471601;;
Ośrodek Sportu i Rekreacji Dzielnicy Śródmieście;(22)8257134;;
OŚRODEK SPORTU I REKREACJI INOWROCŁAW;(52)3555350;;
OŚRODEK SPORTU I REKREACJI INOWROCŁAW;(52)3555366;;
Ośrodek Sportu i Rekreacji KOLNA Krakowski Klub Kajakowy;(12)2593540;;
Ośrodek Sportu i Rekreacji KOLNA Krakowski Klub Kajakowy;(12)2593590;;
Ośrodek Sportu i Rekreacji m.st. Warszawy w Dzielnicy Ochota;(22)5729070;;
Ośrodek Sportu i Rekreacji m.st. Warszawy w Dzielnicy Ochota;(22)8248385;;
Ośrodek Sportu i Rekreacji m.st. Warszawy w Dzielnicy Targówek;(22)8848500;;
Ośrodek Sportu i Rekreacji m.st. Warszawy w Dzielnicy Targówek;(22)8848420w.33;;
Ośrodek Sportu i Rekreacji m.st. Warszawy w Dzielnicy Wawer;(22)4437099;;
Ośrodek Sportu i Rekreacji m.st. Warszawy w Dzielnicy Wawer;(22)4430099;;
Ośrodek Sportu i Rekreacji m.st. Warszawy w Dzielnicy Włochy;(22)6090140;;
Ośrodek Sportu i Rekreacji m.st. Warszawy w Dzielnicy Wola;(22)6367045;;
Ośrodek Sportu i Rekreacji OSiR Stargard Sp. z o.o.;(91)5732570;;
Ośrodek Sportu i Rekreacji OSiR Stargard Sp. z o.o.;(91)5732334;;
Ośrodek Sportu i Rekreacji Tarnowo Podgórne;(61)8166086;;
Ośrodek Sportu i Rekreacji w Biłgoraju;(84)6881038;;
Ośrodek Sportu i Rekreacji w Biłgoraju;(84)6862629;;
Ośrodek Sportu i Rekreacji w Bytomiu;(32)2812770;;
Ośrodek Sportu i Rekreacji w Bytomiu;(32)2812372;;
Ośrodek Sportu i Rekreacji w Ciechocinku;(54)2312940;;
Ośrodek Sportu i Rekreacji w Głogowie Małopolskim;(17)7176078;;
Ośrodek Sportu i Rekreacji w Głogowie Małopolskim;(17)7176076;;
Ośrodek Sportu i Rekreacji w Goleniowie;(91)4182104;;
Ośrodek Sportu i Rekreacji w Goleniowie;(91)4071502;;
Ośrodek Sportu i Rekreacji w Gostyniu;(65)5758900;;
Ośrodek Sportu i Rekreacji w Gostyniu;(65)5720054;;
Ośrodek Sportu i Rekreacji w Górze Kalwarii;(22)7274861;;
Ośrodek Sportu i Rekreacji w Górze Kalwarii;(22)7274871;;
Ośrodek Sportu i Rekreacji w Jezioranach;(89)7182581;;
Ośrodek Sportu i Rekreacji w Kętach;(33)8455121;;
Ośrodek Sportu i Rekreacji w Kościanie;(65)5121125;;
Ośrodek Sportu i Rekreacji w Raciborzu;(32)4153717;;
Ośrodek Sportu i Rekreacji w Staszowie;(15)8642711;;
Ośrodek Sportu i Rekreacji w Suwałkach;(87)5663282;;
Ośrodek Sportu i Rekreacji w Suwałkach;(87)5631856;;
Ośrodek Sportu i Rekreacji w Trzebownisku;(17)7713120;;
Ośrodek Sportu i Rekreacji w Trzebownisku;(17)7713122;;
Ośrodek Sportu i Rekreacji w Turku;(63)2891635;;
Ośrodek Sportu i Rekreacji w Zamościu;(84)6775466;;
Ośrodek Sportu i Rekreacji w Zawierciu;(32)6724337;;
Ośrodek Sportu i Rekreacji WYSPIARZ, Ośrodek Kempingowy RELAX;(91)3213912;;
Ośrodek Sztuk Walk THORAX;502588736;;
Ośrodek Turystyki Sportu i Rekreacji KRAKOWIANKA;(12)2681135;;
Ośrodek Turystyki Sportu i Rekreacji KRAKOWIANKA;(12)2681417;;
PALUCH SPORT;509111156;;
PANTERA FAMILY & Sport Club;508689718;;
PANTERA FAMILY & Sport Club;508966877;;
Park Kultury w Powsinie;(22)6484811-12;;
Park Kultury w Powsinie;(22)6482791;;
PERSONAL TRAINER Piotr Wasil;721057261;;
Personal Training Center;504120043;;
Pilskie Centrum AIKIDO;(67)2134439;;
Pilskie Centrum AIKIDO;600361988;;
PIŁKARSKA SZANSA;660564282;;
PLAZA SPORT Sp. z o.o.;533655114;;
PLAZA SPORT Sp. z o.o.;692493730;;
Pływalnia WODNY RAJ Swarzędzkie Centrum Sportu i Rekreacji;(61)6509520;;
Pływalnia WODNY RAJ Swarzędzkie Centrum Sportu i Rekreacji;(61)6509521;;
Podkarpacki Wojewódzki Szkolny Związek Sportowy;(17)8564482;;
Politechnika Krakowska im. Tadeusza Kościuszki - Centrum Sportu i Rekreacji;(12)6326422;;
Polska Federacja Kyokushin Karate;663854321;;
Polski Klub Szermierczy;(22)6383760;;
Polski Klub Szermierczy;668129844;;
Polski Związek Badmintona;(22)4121031;;
Polski Związek Badmintona;(22)4121032;;
Polski Związek Golfa;(22)6305560;;
Polski Związek Golfa;(22)6305561;;
Polski Związek Karate Tradycyjnego;(42)6328579;;
Polski Związek Karate Tradycyjnego;(42)6329759;;
Polski Związek Taekwondo Olimpijskiego;(22)8404557;;
Polski Związek Taekwondo Olimpijskiego;(22)3821613;;
Pomorska Akademia AIKIDO;608731015;;
Pomorskie Centrum Sztuk Walki;603181763;;
POSiR Przemyski Ośrodek Sportu i Rekreacji;(16)6785758;;
Powiatowe Centrum Sportu;(44)7330170;;
Powiatowe Centrum Sportu;(44)7330172;;
Poznańska Akademia Karate;501245964;;
Poznańskie Ośrodki Sportu i Rekreacji Oddział Malta;(61)8766011;;
Poznańskie Ośrodki Sportu i Rekreacji Oddział Malta;(61)8765121;;
Practical Method - Tai Chi Gdynia;600054345;;
PRO FIGHTER - Sekcja MUAY THAI;516169350;;
Proflyer;604431749;;
PROTECT YOURSELF - Fighting & Defense;604576088;;
Prywatny Klub Aikido - UNDO;606618561;;
PTH KĄPIELISKO MORSKIE Sopot Sp. z o.o.;(58)5511276;;
PTH KĄPIELISKO MORSKIE Sopot Sp. z o.o.;(58)5511277;;
RACING CENTER Sp. z o.o.;(22)5755232;;
RACING CENTER Sp. z o.o.;509760600;;
RACING KAMAT;513812317;;
RACKETLON CLUB - MKJ Bielsko Sp. z o.o.;(33)8156393;;
RACKETLON CLUB - MKJ Bielsko Sp. z o.o.;693240300;;
Radomskie Centrum Krav Maga Dariusz Kołodziej;605675023;;
RADSAS SPORT;513726102;;
RADSAS SPORT;510073356;;
RAGE Cekcyński Klub Sportów Siłowych;785180963;;
Regionalne Centrum Sportowe Sp. z o.o.;(76)8460828;;
ROKiS Radzymiński Ośrodek Kultury i Sportu;(22)7865299;;
Rudzki Klub Sportowy;(42)6832503;;
Rugby Club ARKA GDYNIA;(58)6222992;;
Rzeszowska Akademia Sportu;608036608;;
Rzeszowski Ośrodek Sportu i Rekreacji;(17)8534077;;
Safe Zone Fighting Academy;510510006;;
SAGGITA Instytut KRAVMAGA;510930460;;
Sala Sportów Walki GŁD Team;664436951;;
Sala Sportów Walki GŁD Team;794171741;;
SAMOLEWSKI GYM;605137785;;
SAMOLEWSKI GYM;605147785;;
SAN-BAO;503489574;;
SAN-BAO;790773080;;
SanusFitness;(22)4059914;;
Shudokan Aikido Akademia Czarnych Pasów;509285835;;
Siłownia Fitness;606366615;;
Siłownia Fitness;604402061;;
SINNET Sp. z o.o.;(22)5503400;;
SINNET Sp. z o.o.;(22)5503401;;
SINUS Sport Club;(22)6422282;;
Skuteczna Samoobrona Kostecki Grappling;606441650;;
SOCATOTS POLSKA Sp. z o.o.;0801900099;;
Sopocki Klub Tenisowy;(58)5513569;;
Sopocki Klub Tenisowy;(58)5513530;;
Sopocki Klub Żeglarski Ergo Hestia Sopot;(58)5557200;;
Sopocki Klub Żeglarski Ergo Hestia Sopot;(58)5557201;;
Sosnowiecki Klub Karate;(32)2663000;;
Sparta Gym - Warszawska Szkoła Walki;664988111;;
Specjalistyczne Ognisko TKKF Aikido;600413536;;
SPEKTRUM SPORTU;504300477;;
SPORT PARK PRZYMORZE;509024105;;
SPORT PARK PRZYMORZE;509024108;;
SPORT-EVO;697111930;;
SPORT-KOMPLEKS;503732759;;
SPORTOWE ZAGŁĘBIE;500362989;;
SPORTSMEN;(32)2792714;;
SPORTSMEN;(32)2306831;;
SPORTSTACJA;501182258;;
SPORTSTACJA;(58)7646262;;
Sporturismo Sp. z o.o.;693841351;;
SPORTWERK;(71)3539880;;
SPORTWERK;(71)3539890;;
Spółdzielczy Klub Sportowy CRESOVIA;(85)7431189;;
Spółdzielczy Klub Sportowy CRESOVIA;510082032;;
Spółdzielczy Klub Sportowy START;(42)6511709;;
Stadion Leśny;(58)5512360;;
Stadion Leśny;(58)5503306;;
Starochorzowskie Centrum Sportu SOKÓŁ;(32)2413361;;
Stołeczne Centrum Sportu AKTYWNA WARSZAWA - Ośrodek Hutnik;(22)8320311;;
Stołeczne Centrum Sportu AKTYWNA WARSZAWA - Ośrodek Legia;728403172;;
Stołeczne Centrum Sportu AKTYWNA WARSZAWA - Ośrodek Solec;(22)6216863;;
Stołeczne Centrum Sportu AKTYWNA WARSZAWA - Ośrodek Solec;(22)6214782;;
Stowarzyszenie Akrobatyki Sportowej w Zielonej Górze;(68)3248459;;
Stowarzyszenie Akrobatyki Sportowej w Zielonej Górze;603868931;;
Stowarzyszenie Kulturystyki i Sportów Siłowych ATLETA;508403703;;
Stowarzyszenie Kulturystyki i Sportów Siłowych ATLETA;733392291;;
Stowarzyszenie Sportowe FIGHT CLUB KNURÓW;790554558;;
Studio Rekreacyjno-Kulturystyczne Andrzej Brzeziński;(61)4367013;;
Studio Rekreacyjno-Kulturystyczne Andrzej Brzeziński;602450334;;
Studio Sportu i Rekreacji Activ;(32)2780886;;
System CID;507070861;;
Szamotulski Ośrodek Sportu i Rekreacji;(61)2921485;;
Szamotulski Ośrodek Sportu i Rekreacji;(61)2925472;;
Szczeciński Klub Bokserski SZTORM Szczecin;783088601;;
Szczeciński Klub Sportowy HUSARIA;888560717;;
Szczecińskie Centrum Karate Kontaktowego;503562643;;
Szczęsny i Wspólnicy Sp. z o.o.;570505500;;
Szkoleniowo-Rekracyjne Centrum Sztuk Walk TYGRYS;(61)8232819;;
Szkoleniowo-Rekracyjne Centrum Sztuk Walk TYGRYS;501292283;;
Szkoła I LIQ CHUAN Bartosza Samitowskiego;793231611;;
Szkoła Karate SAMURAJ;603943761;;
Szkoła Karatestars;603440013;;
Szkoła Piłkarska Górnik Libiąż;502540357;;
Szkoła Sztuk Walk Wojciecha Adamusika;(42)6405888;;
Szkoła Sztuk Walki Kung Fu LUNG;(12)2882416;;
Szkoła Sztuk Walki Kung Fu LUNG;606235877;;
Szkoła Sztuk Walki WARRIOR Robert Karpiński;666359313;;
SZKOŁA WALK KIME Dariusza Bajkowskiego 7 Dan;(22)6642508;;
SZKOŁA WALK KIME Dariusza Bajkowskiego 7 Dan;604411811;;
Szkoła Walki DRWALA;731504404;;
Szkoła Walki SHARK;795158080;;
Szkółka Bramkarska SALI;(32)2231189;;
Szkółka Bramkarska SALI;501659664;;
Szkółka Piłkarska DIDI-GOL;661710210;;
Szkółka Piłkarska Orły Rzeszów;(17)7844926;;
Szkółka Piłki Nożnej FAIR PLAY;501288869;;
Śląski Klub Karate GOLIAT;(32)2597112;;
Śląski Klub Karate GOLIAT;602753333;;
Środowiskowa Hala Sportowa SASKA;(22)6726077;;
Środowiskowa Hala Sportowa SASKA;(22)8700392;;
Świdnicki Ośrodek Sportu i Rekreacji;(74)8522536;;
Świdnicki Ośrodek Sportu i Rekreacji;(74)8521262;;
Tatrzańskie Centrum Kultury i Sportu JUREZENKA;(18)2012833;;
Tiger Instinct Treningi Kickboxingu;662083099;;
TOR KORMORAN Sp. z o.o.;504476171;;
Toruński Klub KARATE KYOKUSHIN;609595858;;
Toruński Klub Piłkarski Elana S.A.;(56)6555698;;
TOSiR Tarnowski Ośrodek Sportu i Rekreacji;(14)6220710;;
TOSiR Tarnowski Ośrodek Sportu i Rekreacji;(14)6220813;;
Towarzystwo Krzewienia Kultury Fizycznej Ognisko TONUS;(91)8121234;;
Towarzystwo Krzewienia Kultury Fizycznej Ośrodek Sportu i Rrekreacji FALENICA;(22)8729331;;
Towarzystwo Krzewienia Kultury Fizycznej Ośrodek Sportu i Rrekreacji FALENICA;516941876;;
Towarzystwo Sportowe OLIMPIA;(61)8480731;;
Towarzystwo Sportowe OLIMPIA;(61)8420063;;
Towarzystwo Sportowe Wisła Kraków;(12)6304500sekretariat;;
Towarzystwo Sportowe Wisła Kraków;(12)6304589;;
TRENER Sławomir Fotek;514213478;;
TRENER Sławomir Fotek;602370146;;
Trójmiejskie Centrum Aikido Aikikai;502989566;;
Uczniowski Klub Judo VICTORIA;607711297;;
Uczniowski Klub Sportowy ATENA;606650979;;
Uczniowski Klub Sportowy G-8 Bielany;(22)8345423w.40;;
Uczniowski Klub Sportowy G-8 Bielany;784483892;;
Uczniowski Klub Sportowy HALINÓW TEAM;509154241;;
Uczniowski Klub Sportowy Judo Fight Club;513961616;;
Uczniowski Klub Sportowy Keter;(22)8626330;;
Uczniowski Klub Sportowy Keter;502659400;;
Uczniowski Klub Sportowy MDK OTWOCK;693816099;;
Uczniowski Klub Sportowy MDK OTWOCK;784748905;;
Uczniowski Klub Sportowy NAKI;604532547;;
Uczniowski Klub Sportowy PIĘTNASTKA;(13)4368887;;
Uczniowski Klub Sportowy PIĘTNASTKA;517719605;;
Uczniowski Klub Sportowy SANCHIN;606683830;;
Uczniowski Klub Sportowy SANCHIN;668698263;;
Uczniowski Klub Sportowy Szesnastka;602224645;;
Uczniowski Klub Sportowy Szesnastka;608447633;;
Uczniowski Klub Sportowy Trops;602252852;;
Uczniowski Klub Sportowy Trops;666039598;;
Uczniowski Klub Sportowy UKS JANTAR Gdynia;517500155;;
Uczniowski Klub Sportowy WODNIK 29 Katowice;603646226;;
Uczniowski Klub Sportowy ŻOLIBORZ;608660117;;
Uczniowski Międzyszkolny Klub Sportowy MEDYK Giżycko;608340315;;
UKS ADRENALINA Boxing Club;519357685;;
UKS ADRENALINA Boxing Club;505604462;;
UKS Fala;(91)4241210;;
UKS Fala;602890805;;
UKS Musu - Judo dla Dzieci;792080093;;
UKS Pionier-Ujejsce;(32)2640697;;
UKS Pionier-Ujejsce;608445706;;
UNICAR capoeira;505770839;;
Ursynowskie Centrum Sportu i Rekreacji Pływalnia Hirszfelda;(22)3346212;;
Ursynowskie Centrum Sportu i Rekreacji Pływalnia Hirszfelda;(22)6439719;;
VALIANT GOLD TEAM-Klub Sportowy;883321386;;
VALIANT GOLD TEAM-Klub Sportowy;796586905;;
VISTULA PARK Świecie Sp. z o.o. Hala Widowiskowo-Sportowa;(52)3332942;;
VISTULA PARK Świecie Sp. z o.o. Hala Widowiskowo-Sportowa;(52)3332941;;
VITA CENTER;(34)3506118;;
VITASPORT Centrum Rehabilitacyjno-Sportowe;(32)4692426;;
Wałbrzyski Klub Karate Kyokushinkai;(74)8485165;;
Wałbrzyski Klub Karate Kyokushinkai;608640000;;
Wałbrzyskie Centrum Sportowo-Rekreacyjne AQUA-ZDRÓJ Sp. z o.o.;(74)8488494;;
Wałbrzyskie Centrum Sportowo-Rekreacyjne AQUA-ZDRÓJ Sp. z o.o.;(74)8423037;;
War-sztat;608356623;;
Warmiński Klub Strzelecki 10 Jonkowo;602383099;;
Warszawski Klub Aikido Aikikai;602492648;;
Warszawski Klub Kolarski;600452865;;
Warszawski Klub Kolarski Legia Masters;(22)7460014;;
WCSHIR Wrocławskie Centrum Sportu Hippiki i Rekreacji;(71)7334060;;
WCSHIR Wrocławskie Centrum Sportu Hippiki i Rekreacji;(71)3154318;;
WING TSUN Gdańsk;502006996;;
WING TSUN Kung Fu;604109165;;
Wojewódzki Ośrodek Sportu i Rekreacji w Drzonkowie imienia Zbigniewa Majewskiego;(68)3214312;;
Wojewódzki Ośrodek Sportu i Rekreacji w Drzonkowie imienia Zbigniewa Majewskiego;(68)3214341;;
Wrocławska Akademia YAWARA;600707940;;
Wrocławski Klub Karate Kyokushin;507066016;;
Wrocławski Klub Karate Kyokushin;501770549;;
Wrocławski Klub Sportów Azjatyckich BUDOKAN;(71)3673467;;
Wrocławski Klub Sportów Azjatyckich BUDOKAN;(71)3671840;;
Wrocławski Klub Szermierczy KOLEJARZ;(71)3434989;;
Wrocławski Tor Wyścigów Konnych PARTYNICE;(71)3398364;;
Wrocławski Tor Wyścigów Konnych PARTYNICE;(71)3334518;;
WROTKOWISKO EL-WROT;512890230;;
WYSPA ASSECO RESOVIA;(17)7707157;;
WYSPA ASSECO RESOVIA;669001573;;
Wyszkowski Ośrodek Sportu i Rekreacji;(29)7424269;;
XYZ Fight Academy;606101406;;
XYZ Fight Academy;505680325;;
YACHT Klub Człuchów;663556515;;
YACHT Klub Człuchów;603948306;;
YMAA Kraków;(12)3764860;;
YOKO Ząbki;605692876;;
Yoshinkan Aikido;603570301;;
Yoshinkan Aikido;603570331;;
Zielonogórski Klub Żużlowy Sportowa S.A.;(68)4538911;;
Złotowskie Centrum Aktywności Społecznej;(67)2632288;;
ŻLKS-Żeglarski Ludowy Klub Sportowy;(61)8482701;;
ARCHICON;(71)3188448;;
ARCHICON;509711046;;
BELLATOR;500727303;;
Celestynowska Liga Szóstek Piłkarskich;609682283;;
Centrum Konferencyjno-Szkoleniowe Fundacji NOWE HORYZONTY;(22)5592201;;
Centrum Konferencyjno-Szkoleniowe Fundacji NOWE HORYZONTY;(22)5592218;;
Centrum Kultury i Sportu w Miechowie;(41)3831331;;
Centrum Kultury i Sportu w Miechowie;(41)2308000;;
Centrum Rekreacyjno-Sportowe Zielona Góra;(68)4125000;;
Centrum Rekreacyjno-Sportowe Zielona Góra;(68)4125001;;
Centrum Rozwoju Com-Com Zone;(12)6510840;;
Centrum Rozwoju Com-Com Zone;(12)6510841;;
Centrum Szkoleniowe AIKINUR Kamil Majczak;530821882;;
Centrum Turystyki i Rekreacji WSIiZ w Kielnarowej;(17)8661341;;
Centrum Turystyki i Rekreacji WSIiZ w Kielnarowej;(17)8661344;;
Cudotwórcy S.c. PM SPORT;535008847;;
DASIE;697443545;;
Dobrodzieński Ośrodek Kultury i Sportu;(34)3575346;;
Dobrodzieński Ośrodek Kultury i Sportu;(34)3575539;;
Dziecięca Akademia Sportu - ActiFit Akademia Fitness;(83)3437357;;
Dziecięca Akademia Sportu - ActiFit Akademia Fitness;530770904;;
EM STUDIO;506504912;;
FORMUŁA FITNESS Klub Sportowy;512753305;;
Fundacja "DR OTIS";606741343;;
Fundacja "DR OTIS";668839832;;
Fundacja na Rzecz Kultury Fizycznej i Sportu;(17)2271131;;
Fundacja na Rzecz Kultury Fizycznej i Sportu;(17)2273975;;
Fundacja Rozwoju Sportu, Kultury Fizycznej i Turystycznej;(32)3262700;;
Fundacja Rozwoju Sportu, Kultury Fizycznej i Turystycznej;(32)3267102;;
Fundacja Wspierania Sportu Ekstremalnego EXTREME SPORTS;508000194;;
Fundacja Wspierania Sportu Ekstremalnego EXTREME SPORTS;(22)8721121;;
Gminny Ośrodek Sportu i Rekreacji w Miedźnej z siedzibą w Woli;(32)4488931;;
GOTA Akademia Tańca i Walki;(12)3490404;;
GOTA Akademia Tańca i Walki;504217007;;
HERKULES GYM;665362149;;
Instytut Sportu - Państwowy Instytut Badawczy;(22)5699999;;
Instytut Sportu - Państwowy Instytut Badawczy;(22)8350977;;
Jeździecki Klub Sportowy PRZYBYSZEWO;(65)5263200;;
Jeździecki Klub Sportowy PRZYBYSZEWO;(65)5287941;;
K1 - Training Center;(81)7472660;;
K1 - Training Center;601967959;;
Klub Golfowy Lisia Polana;(22)7943205;;
Klub Golfowy Lisia Polana;(22)7943233;;
Klub Sportowy ASTER;501506560;;
Klub Sportowy Centrum;(52)3614510;;
Klub Sportowy Centrum;(52)3755587;;
Klub Sportowy DELFIN Gdynia;(58)6291771;;
Klub Sportowy DELFIN Gdynia;502083311;;
Klub Zdrowia i Urody BABSKI RAJ;(33)4889815;;
Klub Zdrowia i Urody BABSKI RAJ;660503895;;
KOLOROWY ŚWIAT;(17)8590888;;
KOLOROWY ŚWIAT;506358508;;
Kombinat Formy;791201401fitness;;
Kombinat Formy;531597567;;
KZB Legionowo Sp. z o.o.;(22)7744595;;
KZB Legionowo Sp. z o.o.;(22)7741177;;
MARINA SPORT;609112288;;
Miejski Ośrodek Sportu i Rekreacji Hotel Sportowy;(68)3843320;;
Miejski Ośrodek Sportu i Rekreacji Hotel Sportowy;(68)3843663;;
Miejskie Centrum Kultury i Sportu w Jaworznie;(32)7451030;;
Miejskie Centrum Kultury i Sportu w Jaworznie;(32)6141767w.66;;
Międzyszkolny Klub Sportowy SZKUNER;501122931;;
MOVE UP!;602799349;;
MOVE UP!;(32)2857673;;
ODIS - Terapia Ruchem i Edukacyjna SWIMMING POLAND;602836978;;
Ośrodek Kultury i Sportu w Maszewie;(91)4187753;;
Ośrodek MEDINCUS;(22)4990647;;
Ośrodek MEDINCUS;(22)3931067;;
Ośrodek Sportu i Rekreacji Stajnia Wiosenny Wiatr;(83)3411169;;
Ośrodek Sportu i Rekreacji Stajnia Wiosenny Wiatr;607767477;;
Park Rozrywki i Miniatur SABAT KRAJNO;(41)3127711;;
Park Rozrywki i Miniatur SABAT KRAJNO;505505654;;
PLANETA FORMY;(89)5132266;;
PLANETA FORMY;(89)5132267;;
Polska YMCA Ognisko w Krakowie;(12)4300175;;
Polska YMCA Ognisko w Krakowie;(12)4210091;;
Polski Związek Skibobowy;792025130;;
Polski Związek Towarzystw Wioślarskich;(22)8264364;;
Polski Związek Towarzystw Wioślarskich;(22)8271130;;
Polskie Towarzystwo Gimnastyczne SOKÓŁ;(12)4217397;;
Polskie Towarzystwo Gimnastyczne SOKÓŁ;(12)4218055;;
Powiatowe Centrum Kultury, Sportu i Rekreacji w Zduńskiej Woli;(43)8232201;;
Przedsiębiorstwo Turystyczne GÓRA CHROBREGO Sp. z o.o.;501517738;;
Przedsiębiorstwo Turystyczne GÓRA CHROBREGO Sp. z o.o.;791609515;;
PRZYSTAŃ NAD ZALEWEM;691179912;;
REKORD Sportowa S.A.-Ośrodek Sportowo-Szkoleniowy REKORD;(33)8299610;;
REKORD Sportowa S.A.-Ośrodek Sportowo-Szkoleniowy REKORD;(33)8299614;;
RICKARD Fitness & Fight Club;602278113;;
SOLNE MIASTO Sp. z o.o.;(12)2973950;;
SOLNE MIASTO Sp. z o.o.;(12)2973954;;
Stajnia Terenowo-Rajdowa Nawojowa Góra;664753812;;
Stołeczne Centrum Sportu AKTYWNA WARSZAWA - Ośrodek Polonia;(22)6350302;;
Stowarzyszenie Chińskich Sztuk Walki YMAA Katowice;603855261;;
Stowarzyszenie Kultury Fizycznej BOKSING Zielona Góra;533778877;;
Stowarzyszenie Kultury Fizycznej Klub Turystyki Niekonwencjonalnej BigAdventure Jakub Sonntag;607867082;;
Stowarzyszenie Sportowe POLONIA Kraków;794654549;;
Stroński Park Aktywności JASKINIA NIEDŹWIEDZIA Sp. z o.o.;(74)8141604;;
Stroński Park Aktywności JASKINIA NIEDŹWIEDZIA Sp. z o.o.;(74)8142909;;
Szkoła Narciarska i Sudecki Klub Sportowy Aesculap;(75)7645604;;
TAO ARTE Integralna Taoistyczna Joga-Chi Kung;504760859;;
Tarnowski Klub Tenisowy;(14)6231774;;
Towarzystwo Sportowe TRI-SPORT;604583996;;
VITALTUR;(67)2662038;;
Warszawski Klub Narciarski - Licencjonowana Szkoła Narciarska WKN;604235902;;
Warszawski Klub Narciarski - Licencjonowana Szkoła Narciarska WKN;(22)8240956;;
