Agropol Sp. z o.o. Zakład Przetwórstwa Owocowo-Warzywnego;(22)7273543;;
Browar Zamkowy RACIBÓRZ;(32)4159200;;
Browar Zamkowy RACIBÓRZ;(32)4159229;;
HENKELL & CO. Polska Sp. z o.o.;(56)6571700;;
HENKELL & CO. Polska Sp. z o.o.;(56)6597221;;
Jung & Lecker - prawdziwe wina;(22)8666749;;
Kompania Piwowarska S.A.;(61)6677794;;
Kompania Piwowarska S.A.;(22)3212300BiuroZarządu;;
KOREK;508339151;;
Kraina Alkoholi DIONIZOS / Browar Czarny Kot;668146920Przedstawiciel;;
Kraina Alkoholi DIONIZOS / Browar Czarny Kot;531971461Przedstawiciel;;
Marani 1915 Sp. z o.o.;(22)8536237;;
NALEWKARNIA LONGINUS R.Dziliński;(23)6735963;;
NALEWKARNIA LONGINUS R.Dziliński;602187986;;
PWW Sp. z o.o.;(22)4566162;;
TrezorWines Sp. z o.o - Wino;(41)3303872;;
TrezorWines Sp. z o.o - Wino;609202275;;
Vinoteka 13;(12)6170250;;
MARKUS;(43)6763287;;
MARKUS;609469400;;
PAWLINA Sp. z o.o.;(22)3507930;;
PAWLINA Sp. z o.o.;(22)3506919;;
Verde Delikatesy;(71)3732882;;
Verde Delikatesy;501720120;;
Browar KORMORAN Sp. z o.o.;(89)5349716;;
Browar PILSWEIZER S.A.;(18)4453431;;
Browar PILSWEIZER S.A.;(18)4453433;;
Dolium Vini;603617525;;
Krajan Browary Kujawsko-Pomorskie Sp. z o.o.;(52)5444100;;
Krajan Browary Kujawsko-Pomorskie Sp. z o.o.;(52)5513437;;
Monte di Vino;503182407;;
SKLEP PIWOSZA - GALERIA ALKOHOLI;(62)7261880;;
SKLEP PIWOSZA - GALERIA ALKOHOLI;535425425;;
SpiritFerm;(22)4125552;;
TOP WINA ŚWIATA SPÓŁKA Z OGRANICZONĄ ODPOWIEDZIALNOŚCIĄ SPÓŁKA KOMANDYTOWA;(94)3542847;;
Vinimex;602228842;;
Vinimex;602414623;;
VINO DIVINO Sp. z o.o.;696484991;;
VINO DIVINO Sp. z o.o.;601749200;;
WALDIPOL Sp. z o.o.;(22)6787055;;
WALDIPOL Sp. z o.o.;(22)6786582;;
Wina Świata;(32)2570151;;
Wine Direct Sp. z o.o.;(44)6494737;;
Wine Direct Sp. z o.o.;695140015;;
WINE TUNING POLSKA;502824962;;
Winnica Dwie Granice;693562380;;
WinoHOBBY;(22)6700613;;
WinoHOBBY;(22)7413130;;
Winoteka ŻYRARDÓW;603089707;;
Carrefour Express - najmniejszy Carrefour świata;(22)8285058;;
Agencja FABER Wina Reklamowe;(22)3056447;;
Agencja FABER Wina Reklamowe;601352555;;
Artystyczna Pracownia Upominków VINTORE;(56)6741710;;
Hotel Kamena **;(82)5656401-03;;
Hotel Kamena **;(82)5656400;;
P.P.H. Jo-L Jan Ludwiczak;602119409BeataKokocinska;;
P.P.H. Jo-L Jan Ludwiczak;(65)5174160DyrektorNaczelny;;
NICOTIANA Grawerowanie;602587295;;
Spółdzielnia Pszczelarska APIS w Lublinie;(81)7442005;;
Spółdzielnia Pszczelarska APIS w Lublinie;(81)7442942;;
VIVAT Sp.j. Teresa Krasowska, Barbara Kosmala;(22)8355835;;
VIVAT Sp.j. Teresa Krasowska, Barbara Kosmala;(22)8649353;;
Winiarnia Balczewo;604336184;;
Winoteka czeska Adam Kisza;880349520;;
+ H2O Sp. z o.o.;513060109;;
+ H2O Sp. z o.o.;(42)7186866;;
4 SENSES;502900717;;
ABAGRO Export-Import;(22)8141589;;
ABAGRO Export-Import;603834596;;
Absynt Alkohole;(22)3034344;;
Adamus Sp. z o.o.;(58)3013197;;
Adamus Sp. z o.o.;509170644;;
ADDER Sp. z o.o.;(22)6363644;;
ADLON Import-Export International Poland;(77)4334043;;
ADVADIS S.A.;(12)4158773;;
ADVADIS S.A.;(12)4158961;;
AGA II Salon Win i Alkoholi;(22)8515251;;
AGRA;(22)8993300;;
AGRA;601288689;;
Akademia Wina;(22)6420780;;
Akademia Wina;(22)3710456;;
AKWAWIT-POLMOS S.A.;(71)3474102;;
AKWAWIT-POLMOS S.A.;(71)3474110;;
ALEEKS Sklep Monopolowy;609871422;;
ALEEKS Sklep Monopolowy;693684842;;
ALEMBIK;607317327;;
ALKOHOLE ŚWIATA;664149499;;
ALKOHOLE ŚWIATA;664133604;;
Alkohole Świata;(87)4271255;;
Alkohole świata - Alraf S.c.;(22)4680660;;
Alkohole Świata MICHALIK;(25)6821314;;
Alkohole Świata S.c.;(81)5320206;;
Alkohole Świata S.c.;501563815;;
Alkohole Świata S.C. Kamil Dębski, Jolanta Dębska;(48)3634929;;
Alkohole-Tequila.pl;502213149;;
ALKOHOLOWO;515205541;;
Alkoteka;(62)7671583;;
ALMES Sp. z o.o.;(89)6256607;;
Alti Plus S.A.;(12)6623900;;
Alti Plus S.A.;(12)6623910;;
AMBRA S.A.;(22)5663300;;
AMBRA S.A.;(22)5663303;;
AN.KA Sp. z o.o.;(22)4072993;;
AN.KA Sp. z o.o.;(22)4072994;;
Ankar CD Sp. z o.o. Sp. komandytowa;(32)4330153;;
Ankar CD Sp. z o.o. Sp. komandytowa;(32)4330154;;
Anpah Sp.j.;(62)7662447;;
ARES Sp.j.;(22)4032737;;
ART Promotion;501173766;;
Aston Bis;(22)7739923-25;;
Aston Bis;(22)7735974;;
ASTRA-S.U. Sp. z o.o.;667888277;;
ATLANTIKA Sp. z o.o.;(22)8771495;;
ATLANTIKA Sp. z o.o.;(22)8771511;;
Austrovin Sp. z o.o.;603999715;;
Bacardi-Martini Polska Sp. z o.o.;(22)4520200;;
Bacardi-Martini Polska Sp. z o.o.;(22)4520290;;
Bachanalia Świat Win;(61)2234702;;
Bachanalia Świat Win;606496667;;
BACHUS domowe trunki i specjały;668139276;;
BACHUS Salon Win;(22)6480167;;
BACHUS Salon Win;504445555;;
banderola.EU;602461474;;
Bardimex;(33)8738660;;
Bardimex;(33)8739728;;
BARTEX Winiarnia;(61)4426100;;
BARTEX Winiarnia;(61)4426141;;
Belgium`s Best Sp. z o.o.;(61)4365065;;
Belgium`s Best Sp. z o.o.;(61)4365516;;
BIAPOL Sp. z o.o.;(22)4399999;;
BIS Sp. z o.o.;(081)7442284;;
BIS Sp. z o.o.;(081)7438040;;
Bodega Sp. z o.o. Sp.komandytowa;(12)4275600;;
Bodega Sp. z o.o. Sp.komandytowa;(12)4275601;;
BOMEX Sp. z o.o.;(17)8710441;;
BOMEX Sp. z o.o.;667954243;;
BORDOPOL;(44)7244834;;
BOSS Browar Witnica S.A.;(95)7515114;;
BOSS Browar Witnica S.A.;(95)7515532;;
Brindis Navarro Garcia Sp.j. Sklep Internetowy www.brindis.pl;794607057;;
BRONEK Świat Piwa;601198155;;
BROVARIUM Poznańska Hurtownia Piw Regionalnych i Importowanych;503715115;;
BROVARIUM Poznańska Hurtownia Piw Regionalnych i Importowanych;516997991;;
Browamator;(17)2761411;;
Browar AMBER Sp. z o.o. Sp.komandytowa;(58)6826621;;
Browar AMBER Sp. z o.o. Sp.komandytowa;(58)6826150;;
Browar CIECHAN;(23)6734545;;
BROWAR CZARNKÓW;(67)2552021;;
BROWAR CZARNKÓW;(67)2552022;;
Browar Fortuna Sp. z o.o.;(61)4382096;;
Browar Fortuna Sp. z o.o.;(61)4382097;;
Browar Jabłonowo Zarząd Sp. z ograniczoną odpowiedzialnością i Sp.k.;(22)7561545;;
Browar Jagiełło Sp.j.;(82)5638070;;
Browar Jagiełło Sp.j.;(82)5636814;;
Browar Konstancin Sp. z o.o.;(22)7541356;;
Browar Konstancin Sp. z o.o.;(22)7541357;;
Browar Miejski Gloger Sp. z o.o.;(85)6752257;;
Browar Miejski Gloger Sp. z o.o.;604766240;;
Browar Namysłów Sp. z o.o.;(77)4039100;;
Browar Namysłów Sp. z o.o.;(77)4039101;;
BROWAR POŁUDNIE S.c.;(12)4121608;;
BROWAR POŁUDNIE S.c.;501221080;;
Browar Śląski 1209;(75)6431880;;
Browary Regionalne ŁOMŻA Sp. z o.o.;(86)4734800;;
Browary Regionalne ŁOMŻA Sp. z o.o.;(86)4734801sekretariat;;
BWS Polska Sp. z o.o.;(17)8552614;;
BWS Polska Sp. z o.o.;(17)8509331;;
Cantina;(22)8550001;;
Cantina;602122295;;
Carey Agri International Poland Sp. z o.o.;(022)3751800;;
Carey Agri International Poland Sp. z o.o.;(022)3751810;;
Carlsberg Polska Sp. z o.o.;(22)5431400;;
Carlsberg Polska Sp. z o.o.;(22)5431500;;
CASTEL FRERES Sp. z o.o.;(22)7237982;;
CASTEL FRERES Sp. z o.o.;(22)7237985;;
CD Partner Sp. z o.o.;(61)8425745;;
CD Partner Sp. z o.o.;(61)8425746;;
CEDC Polska;(22)4566000;;
CEDC Polska;(22)4566001;;
Cellario Sp. z o.o.;605899095;;
Centralne Piwnice Win Importowanych Sp. z o.o.;(22)6791939;;
Centralne Piwnice Win Importowanych Sp. z o.o.;(22)6778226;;
CHALLANGE 69 Sp. z o.o. Sklep Internetowy WINOWINO.COM;535700655;;
CHMIEL - Świat Piwa;690616939;;
Chrostowski Łukasz Equus C Sklep Internetowy polskiewinacom.pl;504286758;;
Chrostowski Łukasz Equus C Sklep Internetowy polskiewinacom.pl;504147655;;
COLLOSSUS;668591621;;
Coneser Club Sp. z o.o.;(32)2617350;;
CULTURA Y VINO;(22)5201350;;
CULTURA Y VINO;600808526;;
DARS PREMIUM;(76)8463440;;
DARS PREMIUM;607742585;;
Dekanter.pl;(22)8190313;;
Dekanter.pl;(22)8191199;;
DESTYLARNIA SOBIESKI S.A.;(58)5339400;;
DESTYLARNIA SOBIESKI S.A.;(58)5339406;;
Destylernia POLMOS w Krakowie S.A.;(12)4114843;;
Destylernia POLMOS w Krakowie S.A.;(12)4121433;;
Detal Partner Sp. z o.o.;605888811;;
DĘBOWA POLSKA Sp.j.;(68)3848516;;
DĘBOWA POLSKA Sp.j.;(68)3470943;;
DIONIZ POLSKA Sp. z o.o.;602106091;;
Dionizos S.c. Monika Strakowska, Marcin Strakowski;609892244;;
Dionizos S.c. Monika Strakowska, Marcin Strakowski;601590022;;
dobrewina.pl Sklep z Winami;(32)7805619;;
dobrewina.pl Sklep z Winami;608814644;;
Dolina Win;(22)4022042;;
Dolina Win;603379427;;
Dom Wina MARIO;(94)3433997;;
Dom Wina Sp. z o.o.;(12)6265652;;
Dom Wina Sp. z o.o.;(12)6381380;;
DOMAIN MENADA Sp. z o.o.;(22)6097295;;
DOMAIN MENADA Sp. z o.o.;(22)6097297;;
DOMINUS;(22)8538196;;
DOMINUS;(22)8538197;;
DONITZA PHU;(77)4660177;;
DYMEK Miśkiewicz Sp.j.;(32)6775214;;
Dystrybucja Pomorze Sp. z o.o.;(59)8425683;;
Dystrybucja Pomorze Sp. z o.o.;882002222;;
DYSTRYBUTOR Sp. z o.o.;(71)3253270;;
DYSTRYBUTOR Sp. z o.o.;(71)3252479;;
E & V Delicacies Sp. z o.o.;694674069;;
E & V Delicacies Sp. z o.o.;661300453;;
EKO-WINA;605898346;;
EKO-WINA;509272325;;
EL S.c.;(12)6287093;;
EL S.c.;(12)6542935;;
elipse - twój sklep z winami;(52)3240107;;
elipse - twój sklep z winami;792770689;;
ELIT–POL Sp. z o.o.;(42)6118226;;
ELIT–POL Sp. z o.o.;(42)6118229;;
ELUXO Sp. z o.o.;535975227;;
ELUXO Sp. z o.o.;792170866;;
ELYSIUM Sklep z Dobrym Piwem;517917067;;
Enoteca Nova Sp. z o.o.;601844405;;
Enoteca Nova Sp. z o.o.;601063315;;
ENOTECA Tre Bicchieri;(61)8532797;;
ENOTECA Tre Bicchieri;691861176;;
Eureka Product Sp. z o.o.;500100701;;
Eureka Product Sp. z o.o.;509168887;;
Euro-Win Mariusz Wójtowicz;509627742;;
Euro-Win Mariusz Wójtowicz;519107518zamówienia;;
Euro-wino Karolina Kasowska;(61)8610059;;
Euro-wino Karolina Kasowska;694371837;;
EUROMARKT-PL Sp. z o.o.;(22)6157025;;
EUROMARKT-PL Sp. z o.o.;(22)6157027;;
Euronat Investment Sp. z o.o.;(22)6549848;;
EXIMA;(86)2192705;;
EXIMA;(86)2192959;;
F.H. Astra;(59)8622322;;
F.H. Astra;698287752;;
F.H. Cerkom Sp. z o.o.;(22)7894601;;
F.H. Cerkom Sp. z o.o.;(22)7896273;;
F.H. Hawiko S.c.;(56)6880942;;
F.H. Hawiko S.c.;(56)6880685;;
F.H. NASTKA -Sklep 13 Trzynastka Alkohole;(22)7306051;;
F.H. NASTKA -Sklep 13 Trzynastka Alkohole;(22)7282178;;
F.H.U. Familia Wójtowicz Sp.j.;(12)2740690-92;;
F.H.U. Familia Wójtowicz Sp.j.;(12)2722093;;
F.H.U. Johanka;(44)6343414;;
F.H.U. MATIXX Mateusz Paszek Sklep Internetowy Alkadis;667288917;;
FABIANO CUCCI;600001547;;
Fabryka Wódek POLMOS ŁAŃCUT S.A.;(17)2254261;;
Fabryka Wódek POLMOS ŁAŃCUT S.A.;(17)2254015;;
FAMILIA Sp. z o.o. Sp.komandytowa;(52)3577576;;
FAMILIA Sp. z o.o. Sp.komandytowa;509126371;;
Fayer Hurt Sp. z o.o.;(022)6144347;;
Fayer Hurt Sp. z o.o.;(022)6144339;;
FESTUS;(058)5515288;;
Firma ABAR;(14)6293001;;
Firma Handlowo-Usługowa DARIUSZ SOKÓŁ;696421355;;
Firma Handlowo-Usługowa M&M Małgorzata Danek;886411499;;
Firma Handlowo-Usługowa M&M Małgorzata Danek;882029522;;
Firma MARSYL - Sklep SMOCZA JAMA;(85)7103003;;
Firma MICHAŁOWSKI Szymon Michałowski;668804653;;
Firma MICHAŁOWSKI Szymon Michałowski;(61)2910644;;
Firma Piechowski;(42)6740476;;
Firma Piechowski;606133648;;
FOLWARK BOLESŁAWÓW Piotr Rybicki;(42)6488247;;
FOLWARK BOLESŁAWÓW Piotr Rybicki;(42)6488717;;
FPH ALEKSANDER;(22)7865507;;
FPH ALEKSANDER;601877700;;
FREIXENET Sp. z o.o.;(22)6268187;;
Frizzante Sp. z o.o.;(22)2128678;;
Frizzante Sp. z o.o.;(22)2128749;;
Frozo Sp.j.;(18)2019083;;
Frozo Sp.j.;(18)2019082;;
Galeria Alkoholi COŚ MOCNIEJSZEGO;601516854;;
Galeria Trunków S.c.;(81)4691856;;
Galeria Wina;(12)4180047;;
Galeria Wina;(12)4182862;;
GALERIE ALKOHOLI Sp. z o.o.;(42)6772929;;
GALERIE ALKOHOLI Sp. z o.o.;(42)6772928;;
Galicyjskie Piwnice Win Sp. z o.o.;(012)6260076;;
Gastronomia Hurt-Detal Eleonora Prochota;(77)4141623;;
Gastronomia Hurt-Detal Eleonora Prochota;(77)4141655;;
gloodny.pl Sp. z o.o.;(22)2442121;;
GÓRNA PÓŁKA Skład Alkoholi;602175356;;
Grand Cru S.A. - dobrewina.pl;(22)6411749;;
GROSVIN;698641777;;
Grupa Żywiec S.A.;(33)8619999;;
Grupa Żywiec S.A.;(22)5376000;;
Guccio Domagoj;(22)3927438;;
Guccio Domagoj;(22)8330239;;
Halmar Bis;(42)6172693;;
Halmar Bis;(42)6565344;;
Handlowa Spółdzielnia Inwalidów RÓWNOŚĆ;(61)8430016;;
Handlowa Spółdzielnia Inwalidów RÓWNOŚĆ;(61)8472007;;
HDT Polska Sp. z o.o.;(77)4026350;;
HERMITAGE Sp.j.;(65)5402527;;
HERMITAGE Sp.j.;603796637;;
Hurtownia Alkoholi ARKADIA;(22)8124753;;
Hurtownia Alkoholi ARKADIA;(22)6133900;;
Hurtownia Alkoholi DUKATO Sp. z o.o.;(95)7639500;;
Hurtownia Alkoholi DUKATO Sp. z o.o.;(95)7639507;;
Hurtownia Alkoholi i Papierosów NOKAUT;609265945;;
Hurtownia Alkoholi i Papierosów NOKAUT;669265920;;
Hurtownia Alkoholi ZET;(58)6829507;;
Hurtownia Alkoholi ZET;(58)6920749;;
Hurtownia Artykułów Spożywczych i Monopolowych HASIM;(065)5297522;;
Hurtownia Artykułów Spożywczych i Monopolowych HASIM;(065)5297523;;
Hurtownia Artykułów Spożywczych i Przemysłowych Jarosław Nowociel;(48)6672209;;
Hurtownia Artykułów Spożywczych i Przemysłowych Jarosław Nowociel;(48)6670090;;
Hurtownia Mirax Hurt-Detal;(48)3626561;;
Hurtownia Piwa EuroNet;502316609;;
Hurtownia Piwa EuroNet;501543329;;
Hurtownia Piwa i Napojów;(77)4613621;;
Hurtownia Piwa i Napojów;(77)4621745-47;;
Hurtownia PROWIN - WINA ŚWIATA;(17)8611093;;
Hurtownia PROWIN - WINA ŚWIATA;(17)8626610;;
Hurtownia WOKAVIT;(67)2842510;;
Hurtownia WOKAVIT;602412291;;
ICE-FULL Sp. z o.o.;(44)7346347;;
ICE-FULL Sp. z o.o.;(44)7346348;;
IMA Sp. z o.o.;602670804;;
IMA Sp. z o.o.;883313225;;
IMPRESJA;696970724;;
IMPRESJA;692199377;;
Internetowy Sklep ALKADIS;667288917;;
INTERVINO;(012)6260620;;
INTERWIN Sp. z o.o.;(84)6274555;;
INTERWIN Sp. z o.o.;510064228;;
JAKO Sp. z o.o.;(62)7521209;;
JAKO Sp. z o.o.;(62)7521213;;
Jama Sp. z o.o.;(76)8623211;;
Jama Sp. z o.o.;(76)8524901;;
JANTOŃ S.A. Sp.komandytowa;(43)6768200;;
JANTOŃ S.A. Sp.komandytowa;(43)6768242;;
JARCZYŃSKI Art Group Centrum Dystrybucyjne;(22)7517399;;
JARCZYŃSKI Art Group Centrum Dystrybucyjne;(22)7517768;;
JOHN KING POLSKA Sp. z o.o.;(22)7590095;;
JOHN KING POLSKA Sp. z o.o.;(22)4487129;;
K1 Sp. z o.o.;792129129;;
Keraniss Sp. z o.o.;(022)8381014;;
Keraniss Sp. z o.o.;(022)8380811;;
KING SIEĆ;600067791;;
Klub Wino;(42)6367048;;
Kolekcja Wybornych Win Vienna G.R. Sp. z o.o.;722333339;;
Kolonialny Świat - wina, whisky, herbata, kawa;(58)6618041;;
Kondrat Wina Wybrane Sp. z o.o.;(22)1120194;;
Kondrat Wina Wybrane Sp. z o.o.;668671389;;
Krako Slow Wines;669225222;;
LAUBEL - Sklep WINO TOKAJ;515291877;;
LB Hurtownia Piwa;693862989;;
Lion-Gri Europe Sp. z o.o.;(22)6123326;;
MAGNAT - Galeria Trunków;(71)7847095;;
MANE UNION TRADING Sp. z o.o.;(22)7397007;;
MANE UNION TRADING Sp. z o.o.;(22)7298007;;
MANTINI Sp. z o.o.;(12)3461093;;
MANTINI Sp. z o.o.;(12)3454997;;
Mariott;(42)2132798;;
MARIOTT;(42)2132798;;
MARIOTT;(42)2134060;;
MARTIN Sp. z o.o. Sp.komandytowa;(32)6709322;;
MARTIN Sp. z o.o. Sp.komandytowa;(32)6723107;;
MAXPOL Sp. z o.o.;(014)6658761;;
MAXPOL Sp. z o.o.;(014)6658384;;
Mazowiecka Wytwórnia Wódek i Drożdży POLMOS S.A.;(22)7225211-14;;
Mediterra Polska Sp. z o.o.;537467711;;
MEGAM KMK;(24)2623132;;
MEGAM KMK;513133233;;
MELANŻ - Delikatesy Alkoholowe;(58)6217736;;
Merlot;(61)8194708;;
Merlot;(61)8193948;;
Mervil Sp. z o.o.;(22)7579604;;
Mervil Sp. z o.o.;(22)7577974;;
Mielżyński Winnica i Winiarnia;(22)6368709;;
Mielżyński Winnica i Winiarnia;(22)8873805;;
MineWine.pl Salon Win;(61)6650885;;
MineWine.pl Salon Win;604623303;;
MINIBROWAR KOWAL Sp.komandytowa;(94)3460955;;
MINIBROWAR KOWAL Sp.komandytowa;(94)7312905;;
MJA Distribution S.c.;(22)8468196;;
MJA Distribution S.c.;(22)8468195;;
Mojito-Napoje Alkoholowe;792533822;;
Mojito-Napoje Alkoholowe;535531321;;
MORZE WINA Twój Sklep z Winami;600331930;;
MW Gastro Sp. z o.o.;(61)8147412;;
MW Gastro Sp. z o.o.;(61)8147413;;
NALEWKI STAROPOLSKIE Karol Majewski i Wspólnicy Sp. z o.o.;(22)8646547;;
NALEWKI STAROPOLSKIE Karol Majewski i Wspólnicy Sp. z o.o.;501301819;;
Noma Sp. z o.o.;(58)6615516;;
Noma Sp. z o.o.;(58)6612219;;
Oktan Energy-Wina Sp. z o.o.;(91)8142100-01;;
Oktan Energy-Wina Sp. z o.o.;(91)8142147-49;;
ORIENSA Sp. z o.o.;781770779;;
ORIENSA Sp. z o.o.;781770778;;
P.H. TRIASS-Hurtownia Alkoholi i Papierosów;(32)2170900;;
P.H. TRIASS-Hurtownia Alkoholi i Papierosów;(32)2170901;;
P.H. Vinex Slaviantsi Poland Sp. z o.o.;(56)6559016;;
P.H. Vinex Slaviantsi Poland Sp. z o.o.;(56)6559019;;
P.H.U Uniqato;(058)3440994;;
P.H.U Uniqato;500269530;;
P.H.U. AIMEX Sp.j.;(34)3199104;;
P.H.U. Alkohole Świata Janowicz Sp.j.;(85)7403445;;
P.H.U. Dystrybucja Sp. z o.o.;(22)6365305;;
P.H.U. Dystrybucja Sp. z o.o.;(22)6365306;;
P.H.U. Eurodex;(74)8478545;;
P.H.U. HALIMAR;(54)2337336;;
P.H.U. HALIMAR;(54)2337338;;
P.H.U. Reczek Andrzej;(32)4181694;;
P.H.U. Reczek Andrzej;(32)4181674;;
P.H.U. Rudmar;(34)3595076;;
P.H.U. Rudmar;(34)3215435;;
P.P.H.U. GRO-VIN;(42)7181107;;
P.P.H.U. GRO-VIN;(42)7183322;;
P.W. AGMAR;790893264;;
P.W. AGMAR;609509690;;
P.W. LUWINA;(61)2977256;;
P.W. LUWINA;604997715;;
Partner Center Sp. z o.o.;(44)6494700;;
PASJA PIWA;606976503;;
PERŁA-Browary Lubelskie S.A.;(81)7101200;;
PERŁA-Browary Lubelskie S.A.;(81)7101202;;
PERNOD RICARD Polska - Oddział WYBOROWA S.A. w Warszawie;(22)5971131;;
PERNOD RICARD Polska - Oddział WYBOROWA S.A. w Warszawie;(22)5971183;;
PHU ANSWED Sp. z o.o.;(42)2760101;;
PHU ANSWED Sp. z o.o.;601269210;;
PHU ANTARES Sp. z o.o.;(22)7957144;;
PHU ANTARES Sp. z o.o.;(22)7890437;;
PHU FORMEL;(59)8612901;;
PHU FORMEL;(59)8612902;;
PHZ Baltona S.A.;(58)5192000;;
PHZ Baltona S.A.;(58)5192005;;
Pieroth Polska Sp. z o.o.;(061)6422000-01;;
Pieroth Polska Sp. z o.o.;(061)6422002;;
PIJ Sp.j.;(71)3505453;;
PINOT;600526807;;
Pinot Sp. z o.o. Sp.komandytowa;(42)2965505;;
Pinot Wine & Spirits Importer Win i Alkoholi;(42)2965505;;
Pinot Wine & Spirits Importer Win i Alkoholi;(42)6618552;;
Piwa Regionów Sp. z o.o.;539014440;;
Piwiarnia Warka w Andrychowie;(33)8753796;;
Piwnica Smaków Sp. z o.o.;(22)4120547;;
Piwnice Win Importowanych VINFORT Sp. z o.o.;(12)6336981;;
Piwnice Win Importowanych VINFORT Sp. z o.o.;(12)6334927;;
PIWONIA Piwa z Duszą;664137277;;
Planeta Sp. z o.o.;(12)2511831;;
Planeta Sp. z o.o.;690094600;;
Podlaska Wytwórnia Wódek Polmos S.A.;(25)6327421;;
Podlaska Wytwórnia Wódek Polmos S.A.;(25)6327902;;
Podlaskie Gorzelnie SURWIN Sp. z o.o.;(83)3530022;;
Podlaskie Gorzelnie SURWIN Sp. z o.o.;(83)3530359;;
Polkar S.c.;(58)5245995-97;;
Polkar S.c.;(58)5221704;;
POLMOS Żyrardów Sp. z o.o.;(46)8580600;;
POLMOS Żyrardów Sp. z o.o.;(46)8580610;;
POLOSUR S.c. Wina Chilijskie;601352555;;
POLOSUR S.c. Wina Chilijskie;(22)3056447;;
POLPIW Dystrybucja Sp. z o.o.;(42)6491060;;
POLPIW Dystrybucja Sp. z o.o.;(42)6491061;;
Poltrep S.c. Sklep NalewkaWawelska.pl;(12)6549002;;
Poltrep S.c. Sklep NalewkaWawelska.pl;500235322;;
Popielscy i Syn S.c. Sklep Internetowy 101WIN.Pl;506016190;;
Popielscy i Syn S.c. Sklep Internetowy 101WIN.Pl;(91)8205233;;
Posejdon-Dystrybucja Sp. z o.o.;(56)6430408;;
Posejdon-Dystrybucja Sp. z o.o.;(56)4659338;;
PPH Maak Sp. z o.o.;(022)7568083;;
PPH Maak Sp. z o.o.;(022)7502229;;
PPHU MUSKAT Waleria Gray;(63)2429228;;
PPHU MUSKAT Waleria Gray;(63)2429311;;
PPUH SIMS;(67)2145053;;
PPUH SIMS;(67)2145052;;
PPUH STRUMYK Sp. z o.o. Hurtownia Napojów i Alkoholi;(33)8533509;;
PPUH STRUMYK Sp. z o.o. Hurtownia Napojów i Alkoholi;(33)8533826;;
Pravda S.A.;(33)8272260;;
Pravda S.A.;(33)8272269;;
Premium Brands Sp. z o.o.;(58)6745967;;
PRO AGRO Sklep Internetowy STARA WINNICA;501424856;;
PRO AGRO Sklep Internetowy STARA WINNICA;663990495;;
Profil Wino Sp. z o.o.;(32)6464770;;
Propaganda;603610870;;
ProQualiter;602236356;;
PROWIN WinoDomowe.pl;600004802;;
Przedsiębiorstwo Bednarskie PAWŁOWIANKA;(82)5664671;;
Przedsiębiorstwo Bednarskie PAWŁOWIANKA;798604966;;
Przedsiębiorstwo Import-Export Agata Miller;691502907;;
Przedsiębiorstwo JANUS S.A.;(56)6116481;;
Przedsiębiorstwo JANUS S.A.;(56)6597379;;
Przedsiębiorstwo Produkcyjno-Handlowo-Usługowe AWE-BIS Sp. z o.o.;(033)8183304-06;;
Przedsiębiorstwo Produkcyjno-Handlowo-Usługowe AWE-BIS Sp. z o.o.;(033)8183380;;
Przedsiębiorstwo Przemysłu Spirytusowego POLMOS w Warszawie S.A.;(22)8266105;;
Przedsiębiorstwo Przemysłu Spirytusowego POLMOS w Warszawie S.A.;(22)8277883;;
Przedsiębiorstwo TOST Sp.j.;(44)6831418;;
Przedsiębiorstwo TOST Sp.j.;502143366;;
Przedsiębiorstwo Usługowo-Handlowe ABE Sp. z o.o.;(32)2873200;;
Przedsiębiorstwo Usługowo-Handlowe ABE Sp. z o.o.;(32)7678888;;
Przedsiębiorstwo Wielobranżowe MULTIHURT Sp. z o.o.;(55)2772278;;
Przedsiębiorstwo Winiarskie LPDV Sp. z o.o. & KLUB LA PASSION DU VIN;(22)3314270;;
Przedsiębiorstwo Winiarskie LPDV Sp. z o.o. & KLUB LA PASSION DU VIN;(22)3314271;;
Q Invest Sp. z o.o.;(22)4246600;;
Q Invest Sp. z o.o.;(22)8983020;;
Racke Polska Sp. z o.o.;(22)8333401;;
Racke Polska Sp. z o.o.;(22)8333403;;
RADEX Sp. z o.o.;(34)3181066;;
RADEX Sp. z o.o.;694469355;;
REDO Sp. z o.o.;(87)6432362;;
REGIONALNE PRZYSMAKI Sp. z o.o.;605995018;;
REGIONALNE PRZYSMAKI Sp. z o.o.;609302010;;
Rema-Trade;(32)6084672;;
Rema-Trade;(32)2571607;;
Restauracja-Winiarnia U Renarda;(32)2940971;;
Restauracja-Winiarnia U Renarda;695588080;;
RIVA S.c.;(76)8585339;;
ROSIEK & ROSIEK Sp.j. Krzysztof, Przemysław Rosiek;(62)7869410;;
ROSIEK & ROSIEK Sp.j. Krzysztof, Przemysław Rosiek;(62)7869412;;
Rumtex Sp. z o.o.;(33)8734400;;
Rumtex Sp. z o.o.;(33)8734401;;
Safety Net Communication Sp. z o.o.;512395531;;
Safety Net Communication Sp. z o.o.;(22)6245005;;
Salon Alkoholi;(14)6571212;;
Salute Sp. z o.o.;(34)3614563;;
Sieć Alkohole WINOTEKA;(89)5331193;;
Sieć Alkohole WINOTEKA;(89)5339862;;
Sigma Sp. z.o.o.;(58)7628900;;
Sigma Sp. z.o.o.;(58)7694388;;
Single Malt Club;506164605;;
SingleMalt.pl - Szkocka whisky;(22)6626081;;
SingleMalt.pl - Szkocka whisky;793770719;;
Sipping Sardinia Nalaskowscy Sp.j.;500278944;;
SIS Siguri Sinergasia Iwona Monika Żołądź Sklep Internetowy Smaki-Grecji.pl;(67)3482361;;
SIS Siguri Sinergasia Iwona Monika Żołądź Sklep Internetowy Smaki-Grecji.pl;508059555;;
SKARBNICA WIN;(58)7144929;;
Sklep ALKOHOLE WINA ŚWIATA;(56)6219081;;
Sklep George Ballantine`s;(22)5428622;;
Sklep George Ballantine`s;605535353;;
Sklep Internetowy Acorn 2 Oak;609060900;;
Sklep Internetowy Dom Whisky;691430000;;
Sklep Internetowy www.prezencik.info;794794996;;
Sklep Internetowy www.prezencik.info;(052)3951697;;
Sklep LA WINA;(12)3530358;;
Sklep LA WINA;503101182;;
Sklep Monopolowy DAB99;515869666;;
Sklep Monopolowy MELANŻ Wojciech Jakuć;501156003;;
Sklep Monopolowy Wojciech Okraj;502577371;;
Sklep Monopolowy Wojciech Okraj;509121624;;
Sklep Specjalistyczny Alkohole i Wina;(41)3447542;;
Sklep Specjalistyczny Alkohole i Wina;517955539;;
Sklep TOAST;(58)6209800;;
Sklep VinoTrio;(22)8261697;;
Skład Piwa;534593342;;
Skład Win Sokołowski;(022)7298315;;
Skład Wina Fort Okęcie;601212763;;
Słoneczna Winnica;(22)7824138;;
Słoneczna Winnica;601365657;;
SMAKI ŚWIATA - Wina i Alkohole Dorota Dziedzic;(32)2067777;;
SMAKI ŚWIATA - Wina i Alkohole Dorota Dziedzic;507831223;;
Sobieski Sp. z o.o.;(22)8683798;;
Sobieski Sp. z o.o.;(22)8684728;;
Sobieski Trade Sp. z o.o.;(61)4778212-13;;
Sobieski Trade Sp. z o.o.;(61)4778908;;
SOKMAR Hurtownia Piwa, Wina i Napojów;(34)3152217;;
SOLE Importer Wina;722262397;;
SOLE Importer Wina;(71)3362252;;
Solut Piwa Naturalne Hurtownia;795501340;;
Solut Piwa Naturalne Hurtownia;795663976;;
Sommelier Dystrybucja Sp. z o.o.;(22)6097295w.302;;
Sommelier Dystrybucja Sp. z o.o.;(22)6097297;;
SOPLICA Sp.j.;(52)3619373;;
Spiżarnie Poniatowskich;(22)6546608;;
Stabol;(33)4793326;;
Staropolska Wytwórnia Win i Wódek Gatunkowych ELBA Sp. z o.o.;(42)6398651;;
Stock Polska Fabryka w Lublinie;(81)5310200;;
Stock Polska Fabryka w Lublinie;(22)5310202;;
SULIMAR Sp. z o.o.;(44)6475121;;
SULIMAR Sp. z o.o.;(44)6477561;;
SZCZYRBA ALKOHOLE;(32)2261058;;
Szkolenia Winiarskie;607097297;;
Szkolenia Winiarskie;(22)6368759;;
Śląska Wytwórnia Wódek Gatunkowych POLMOS S.A.;(033)8126051-56;;
Śląska Wytwórnia Wódek Gatunkowych POLMOS S.A.;(033)8187584;;
ŚWIAT ALKOHOLI;532628930;;
ŚWIAT ALKOHOLI;512989700;;
Świat Alkoholi;(81)8886647;;
ŚWIAT KONESERA;697016331;;
ŚWIAT PIW;603346603;;
ŚWIAT PIW;518873100;;
Świat Trunków;(77)5543106;;
Świat Trunków;880730182;;
TANIE ALKOHOLE S.c.;607138954;;
TANIE ALKOHOLE S.c.;(12)2606310;;
Tequilla Ekskluzywne Alkohole;604643096;;
The Fine Food Group Polska;(12)4285005;;
The Fine Food Group Polska;(12)4285016;;
TIM S.A.;(33)8299840;;
TIM S.A.;(33)8182896;;
TiM WINENAWIGATOR Krystian Pawłowski;606964817;;
TiM WINENAWIGATOR Krystian Pawłowski;502003266;;
timeonwine.pl - więcej niż sklep z winami;(61)4151301;;
TOHANI Polska Sp. z o.o.;(48)3635225;;
TOORANK POLSKA S.A.;(33)8152627;;
TOORANK POLSKA S.A.;(33)8152630;;
TOTAL Sp. z o.o.;(58)5623432;;
TOTAL Sp. z o.o.;(58)5600101;;
Trendi-Eno Agencja Handlowa;(33)8235322;;
Trendi-Eno Agencja Handlowa;600882411;;
Tudor House Ltd.;(22)8535365;;
Tudor House Ltd.;(22)8535424;;
UNIX Sp. z o.o.;(52)3270541;;
UNIX Sp. z o.o.;(52)3455015;;
Van Pur S.A.;(17)2240400;;
Van Pur S.A.;(17)2249301;;
VAN PUR S.A.;(032)3736700;;
VAN PUR S.A.;(032)2715876;;
Vegas-Alkohole;(81)7107582;;
VIDEOTEKA KOLOROWA - Alkohole;513123151;;
ViGO Sp. z o.o.;(22)3931212;;
ViGO Sp. z o.o.;(22)3931001;;
Vin Divino;608747205;;
Vin-Kon S.A.;(63)2441032;;
Vin-Kon S.A.;(63)2429311;;
Vinarius Sp. z o.o.;(58)3413140;;
VINI E AFFINI Sp. z o.o.;(22)6200346;;
VINI E AFFINI Sp. z o.o.;785719231;;
Vini Italiani;(32)4214501;;
Vini Italiani;601712422;;
Vinicole Sp. z o.o.;(58)7193338;;
Vinicole Sp. z o.o.;600833335;;
VININOVA Sp. z o.o.;(61)8117847;;
VININOVA Sp. z o.o.;(61)8117848;;
Vinnica Polini Sp. z o.o.;(12)6261057;;
Vino Vintana 1 S.c.;(91)4223388;;
Vinorama Sp. z o.o.;(42)2158602;;
Vinoteka La Bodega;(22)7454610;;
Vinoteka La Bodega;(22)8284573;;
Vinum S.c.;507444236;;
WARWIN S.A.;(48)6661555;;
WARWIN S.A.;(48)6661500;;
Weinhaus Jakob Gerhardt Polonia Sp. z o.o.;(58)3447234-37;;
Weinhaus Jakob Gerhardt Polonia Sp. z o.o.;(58)3431835;;
WEINLAND;(77)4163038;;
WEINLAND;606392231;;
Weyna Sp. z o.o.;(52)3731177;;
Weyna Sp. z o.o.;(52)3739200;;
Whisky and Wine Place;(22)4878958;;
Wielkie Wina Sp. z o.o.;(61)2229100;;
Wielkie Wina Sp. z o.o.;(61)8338993;;
Wielkopolska Wytwórnia Wódek Polanin Sp. z o.o.;(61)2853441;;
Wielkopolska Wytwórnia Wódek Polanin Sp. z o.o.;(61)2854167;;
WILLA WIN S.c.;(81)5328085;;
WILLA WIN S.c.;(81)5328084;;
Win-Cin Sp. z o.o.;(89)5331193;;
Win-Cin Sp. z o.o.;(89)5339862;;
Wina i Szampany;601260144;;
Wina i Szampany;(42)6488247;;
WINA REŃSKIE;(34)3561126;;
WINA REŃSKIE;512433197;;
Wina z Sycylii Sp. z o.o.;(22)7227901;;
Wina z Sycylii Sp. z o.o.;723999777;;
WINA-GALI;604918974;;
WINA-GALI;(22)8721929;;
WINA.PL;(12)6260321;;
WINA.PL;500211886;;
Winaria Sp. z o.o.;(13)4645308;;
Wine Bar & Sklep z Winami;(22)3716731;;
Wine Bar & Sklep z Winami;(22)7510636;;
Wine Express Limited;(58)6812852;;
Wine Express Limited;(58)6840790;;
Wine Express Ltd.;(58)6812852;;
Wine Market;514610004;;
Wine Of Dreams;(22)6213429;;
Wine Of Dreams;502543736;;
WineAndYou;511900900;;
Wineonline Sp. z o.o.;(22)8462013;;
Wineonline Sp. z o.o.;(22)8462014;;
WINES&MORE;(22)6160288;;
WINES&MORE;602773184;;
Winestory Wawer;(22)7206626;;
Winezja.pl Sp. z o.o.;(22)4724747;;
Winezja.pl Sp. z o.o.;516108996;;
WINIARNIA ARTYSTYCZNA;(22)2969570;;
Winiarnia Cellier;(22)4030400;;
Winiarnia Cellier;662230997;;
Winiarz.pl;(68)4583997;;
Winiarz.pl;(68)3213604;;
WINNE POLA Magdalena Grzywińska;(58)6775455;;
WINNE POLA Magdalena Grzywińska;504157581;;
WINNICA Adoria Vineyards;697699560;;
WINNICA Adoria Vineyards;(71)3419657;;
WINNICA BUDZISKA;(25)6752350;;
WINNICA BUDZISKA;698531251;;
WINNICA DE SAS Sp. z o.o.;(71)3845518;;
WINNICA DE SAS Sp. z o.o.;535991882;;
Winnica Dolina Sanu Bodziak Józef;(13)4637089;;
WINNICA GENNARI;601154029;;
Winnica Jasienica;608693317;;
Winnica KINGA;609528581;;
Winnica KINGA;609499515;;
Winnica KRÓL;799220274;;
WINNICA MIŁOSZ;609882325;;
WINNICA MIŁOSZ;664020264;;
Winnica Mozów;660493034;;
Winnica Sandomierska;782679034;;
Winnica Sandomierska;511776360;;
Winnica VANELLUS;604052132;;
Winnica Wieczorków Aleksandra i Paweł Wieczorek;798837577;;
Winnica ZAJDEL;604803906;;
Winnica Zbrodzice;(12)3521510;;
Winnica Zbrodzice;509741220;;
Winnice Jaworek Sp. z o.o.;(71)3960987;;
Winnice Jaworek Sp. z o.o.;695990947;;
Winnice Krymu;(22)6217927;;
Winnice Krymu;(22)7891940;;
WINNICE MOŁDAWII;(22)4688376;;
WINNICE MOŁDAWII;725741162;;
Winnice Świata;(42)6367722;;
WINO Piotr Gonciarz - WINO PG;695928312;;
WINO-EXPERT;(75)7428557;;
WINO-EXPERT;(75)7428800;;
Wino-Vino;(71)3527370;;
Winoland;(22)7865394;;
Winoland;(22)6785561;;
WINOMAN;604077731;;
WINOMAN;602606205;;
WINOMANIA;(22)8333360;;
WINOMANIA;697969173;;
WINOSFERA - Sklep z Winami;(61)8422776;;
WINOSFERA Bydgoszcz;(52)3228329;;
WINOTOPIA;(22)6426547;;
WinoToskanii;605584878;;
WinoToskanii;607122883;;
WÓDKI RACIBORSKIE;(32)4152116;;
WÓDKI RACIBORSKIE;602159024;;
Wódki Regionalne Sp. z o.o.;(33)4454216;;
Wódki Regionalne Sp. z o.o.;669203220;;
Wyrób Drożdży Winiarskich P.J.Zamojscy;(041)3442597;;
Wyrób Drożdży Winiarskich P.J.Zamojscy;(041)3171957;;
Zacne Wina;(22)3216554;;
Zacne Wina;695308208;;
Zakłady Piwowarskie Głubczyce S.A.;(77)4710540-41;;
Zakłady Piwowarskie Głubczyce S.A.;(77)4710470;;
Zakłady Przemysłu Spirytusowego POLMOS S.A.;(24)3554100;;
Zakłady Przemysłu Spirytusowego POLMOS S.A.;(24)3554125;;
ZOFMAR-BIS Zofia Szymioł;(42)6744863;;
ZOFMAR-BIS Zofia Szymioł;510124033;;
ZPU ZAPRO Sp. z o.o.;(58)3047103;;
ZPU ZAPRO Sp. z o.o.;(58)3000128;;
Żywiec Sprzedaż i Dystrybucja Sp. z o.o.;(12)6518817-19;;
Żywiec Sprzedaż i Dystrybucja Sp. z o.o.;(12)6534764-66;;
Afrodyta Iwona Rduch;(32)4552859w.44;;
Afrodyta Iwona Rduch;502612969;;
AL DENTE PLAN & TRAVEL - Sklep Internetowy SmakToskanii.pl;606424060;;
Arcturus Sp. z o.o.;(91)8142100;;
Arcturus Sp. z o.o.;(91)8142149;;
ATLANTA A.M. Sp. z o.o.;(22)7619230;;
ATLANTA A.M. Sp. z o.o.;(22)7714715;;
BACZEWSKI Towary Kolonialne;(12)3071144;;
BACZEWSKI Towary Kolonialne;535434427;;
Bar Tawerna Zofia Michałowska;518028496;;
Belex;601242042;;
Belex;(22)6730367;;
BENEDICITE Jednostka Gospodarcza;(12)6885285;;
BENEDICITE Jednostka Gospodarcza;(12)2595025;;
BROWAR TRZY KORONY;(18)4770333;;
BROWAR TRZY KORONY;607410115;;
Browarmia Królewska;(22)8265455;;
Browarmia Królewska;(22)8262267;;
BURGUNDIA Winiarnia i Sklep;(32)6030137;;
Cafe Wanilia;782293701;;
Chimera Restauracja, Herbaciarnia, Winiarnia;(61)8520317;;
DAMIANEX S.A.;(16)6492222;;
DAMIANEX S.A.;(16)6492223;;
Delikatesy & Spirytualia Książęce;(32)4470531;;
Dino Trade;(85)6633381;;
Dino Trade;(85)6633915;;
El - Szambelan;(12)6287093;;
El - Szambelan;506699193;;
ENOTEKA Polska Restauracja - Winiarnia i Sklep;(22)6355510;;
ENOTEKA Polska Restauracja - Winiarnia i Sklep;(22)8313443;;
Euro Group Holding Sp. z o.o.;(022)6432229;;
Euro Group Holding Sp. z o.o.;(022)8940920;;
F.P.U.H. ATA Przetwórstwo Owoców i Warzyw Anna Anita Chachulska;(44)7571769;;
F.P.U.H. ATA Przetwórstwo Owoców i Warzyw Anna Anita Chachulska;502628120;;
Firma Handlowa STASIA A.D. 1947 Sp. z o.o.;(32)6424030;;
Firma Handlowa STASIA A.D. 1947 Sp. z o.o.;510081554;;
FOODINI.pl Sp. z o.o.;(22)1885555;;
GAUMARJOS;(22)7501230;;
GAUMARJOS;606398833;;
GOPLLANA - Słodycze i Alkohole;608072163;;
GOPLLANA - Słodycze i Alkohole;(32)2674725;;
GRECKIE SMAKI S.c.;690071730;;
HEJKOLAND S.c. Sklep Spożywczy-Bufet;(91)4623170;;
HEJKOLAND S.c. Sklep Spożywczy-Bufet;(91)4624592;;
Hurtownia SEKWIM BIS;(65)5125073;;
Hurtownia SEKWIM BIS;(65)5117148;;
Hurtownia Spożywcza LELONEK;(84)6861670;;
Hurtownia Spożywcza Sikorscy S.c.;(22)8360614;;
Hurtownia Spożywcza Sikorscy S.c.;501779928;;
Hurtownia Spożywczo-Przemysłowa Sp.j. Robert Bartczak Mieczysław Bartczak;(68)3560285;;
Jan Olbracht Browar Staromiejski;797903333;;
JO-MIZ Jolanta Miziura;602356909;;
JUTRZENKA Hurt-Detal S.c. Sklep Internetowy DONOSIMY.pl;(33)4966888;;
JUTRZENKA Hurt-Detal S.c. Sklep Internetowy DONOSIMY.pl;502117127;;
Karczma Zaułek;692179049;;
Karczma Zaułek;726130915;;
KARTEL PRESS S.A.;(56)6603160;;
KARTEL PRESS S.A.;(56)6603190;;
KOMERS International;(058)6820166w.110;;
KOMERS International;(058)6828820;;
Krajina Piva;533331985;;
Krajina Piva;500157843;;
krystek24.pl;601423113;;
LOBO Sp. z o.o.;(12)6886840;;
LOBO Sp. z o.o.;(12)6886818;;
METR NAD ZIEMIĄ;(22)4041248;;
METR NAD ZIEMIĄ;518718141;;
Mirex Sp. z o.o.;(33)8103777-78;;
Mirex Sp. z o.o.;502195401;;
MIX S.A.;(58)3448989;;
MONTE VINO Sklep Winiarski i Restauracja;(58)3418402;;
MONTE VINO Sklep Winiarski i Restauracja;506070221;;
Obołoń-Polska S.c.;(61)6615950;;
Obołoń-Polska S.c.;(61)6615903;;
Oligo Tomasz Krakowski;509507463;;
OPTIMA Słodownia Pneumatyczna Sp. z o.o.;(61)6529505-09;;
OPTIMA Słodownia Pneumatyczna Sp. z o.o.;(61)6529505w.112;;
P.P.H. Artservis;(63)2441111;;
P.P.H. Artservis;(63)2441212;;
Pewex S.c.;(75)7756626;;
PHU BARBAREX;(23)6966027;;
PHU BARBAREX;601894627;;
PIOTRUŚ PAN Sp. z o.o. Sp.komandytowa - Hurtownia Artykułów Spożywczych;(16)6760202wew.37;;
PIOTRUŚ PAN Sp. z o.o. Sp.komandytowa - Hurtownia Artykułów Spożywczych;(16)6760202;;
PIWOTEKA;730356706;;
Policko Invest Sp. z o.o.;506020515;;
RAMPEX Sp.j.;(32)2168307;;
RAMPEX Sp.j.;(32)2168317;;
Restauracja Portugalska PORTUCALE;(22)8980925;;
Restauracja Portugalska PORTUCALE;(22)8980927;;
Rolno-Spożywcza GIEŁDA OKĘCIE;(22)8686606;;
Rolno-Spożywcza GIEŁDA OKĘCIE;501180458;;
Sklep Fabryczny Spożywczo-Monopolowy;(42)2366889;;
Sklep Fabryczny Spożywczo-Monopolowy;696070788;;
Sklep LA PETITE FRANCE;(22)6729646;;
Sklep Spożywczo-Przemysłowy Halina Rymarczyk;(18)2673332;;
SKLEP SPOŻYWCZO-PRZEMYSŁOWY Marta Wojtasiewicz;(15)8668918;;
Sklep z Winami, Kawiarnia POD PRETEXTEM;(22)4364508;;
STREFA PIWA Pub & Sklep;(12)4264254;;
STREFA PIWA Pub & Sklep;790281273;;
Supermarket RAFA;(18)5475193;;
Supermarket RAFA;608046256;;
SUPERNOVA Słodka Planeta;(61)8301133;;
SUPERNOVA Słodka Planeta;500200988;;
TAHE Henryk Tański Przedsiębiorstwo Handlowo-Usługowe;(29)7515416;;
TAHE Henryk Tański Przedsiębiorstwo Handlowo-Usługowe;(29)7515710;;
TEDI Dystrybucja Sp. z o.o. Sp.komandytowa;(86)4761515;;
TEDI Dystrybucja Sp. z o.o. Sp.komandytowa;(86)4761717;;
TRENDI Agencja Handlowo-Reklamowa;(33)8739883;;
TRENDI Agencja Handlowo-Reklamowa;(33)8235322;;
Vin Sp.j.-Kotłownia Restauracja i Skład Win;(22)8332327;;
VINTAGE Restauracja & Winiarnia;(12)4215797;;
VINTAGE Restauracja & Winiarnia;(12)4237372;;
WEPPING S.c. Butik YourLuxury;533666463;;
WEPPING S.c. Butik YourLuxury;533666462;;
Winiarnia i Sklep Czas Na Wino;(22)8407028;;
Winiarnia i Sklep Czas Na Wino;(22)8407070;;
Winnica Cieplice;(75)7136260;;
Winnica Cieplice;889388864;;
Winnica Jasiel Wiktor Szpak;(13)4485879;;
Winnica Jasiel Wiktor Szpak;509326650;;
Zakład Wielobranżowy SKAWA;(33)8412251;;
Zakład Wielobranżowy SKAWA;(33)8422109;;
