ABA Glass;(63)2491464;;
ABA Glass;(63)2491401;;
ELFA szyby-autobusowe24.pl;(12)6325599;;
ELFA szyby-autobusowe24.pl;(12)6325588;;
PHU EURO-CAR S.c.;501419771;;
PHU EURO-CAR S.c.;506184206;;
SZYBEX Daniel Owczarski;796102892;;
SZYBEX Daniel Owczarski;664948160;;
APS Auto Szyby;(12)2657070;;
APS Auto Szyby;(32)6458191;;
EUROGLASS;(22)8120724;;
EUROGLASS;(22)6106356;;
INTERGLASS;604514714;;
PHU SZKŁOBUD Sp. z o.o.;(61)8780697;;
PHU SZKŁOBUD Sp. z o.o.;602750599;;
ALMIR Auto Szyby Rzeszów;502251372;;
ALMIR Auto Szyby Rzeszów;508389689;;
ANGLASS Szyby Samochodowe S.c.;(58)3460128;;
ANGLASS Szyby Samochodowe S.c.;533224444;;
AUTO FOLIE Wojciech Czaja;601959687;;
AUTO FOLIE Wojciech Czaja;(52)5524995;;
Auto Szyby S.c.;(83)3423101;;
Auto Szyby S.c.;603130642;;
AUTO-SERWIS Dariusz Peśla;(71)3144786;;
AUTO-SERWIS Dariusz Peśla;601535165;;
Auto-Szyby BARTEX;(95)7239927;;
Auto-Szyby BARTEX;(95)7239929;;
Auto-Szyby P.H.U. SZYBEX-SERVICE;(44)6477641;;
Auto-Szyby P.H.U. SZYBEX-SERVICE;531245524;;
Auto-Szyby P.H.U. SZYBEX-SERVICE;(34)3650788;;
Auto-Szyby P.H.U. SZYBEX-SERVICE;602360138;;
AUTO-SZYBY-ALARMY Marek Cichocki;(87)5659999;;
AUTO-SZYBY-ALARMY Marek Cichocki;(87)5672419;;
Autoszyby u Denisa Chodecz;600945133;;
Autoszyby u Denisa Chodecz;792945133;;
AUTOSZYBYPL. S.c.;(71)3015173;;
BLACK SUN;(56)6812446;;
BLACK SUN;(56)6812447;;
CAR-GLASS;(48)3847727;;
CAR-GLASS;604123299;;
eMKa GLASS;784088550;;
eMKa GLASS;784411211;;
F.H.U. Expert;(46)8809205;;
F.H.U. Expert;(46)8809206;;
Forti Autotuning;(12)2819224;;
Forti Autotuning;605269639;;
FPHU Auto-Szyby Marcin Szafron;502397360;;
FPHU Auto-Szyby Marcin Szafron;502590277;;
KOPOL Sp.j. Andrzej Michalski, Krzysztof Stepaniak;(77)4553153;;
KOPOL Sp.j. Andrzej Michalski, Krzysztof Stepaniak;(77)4554540;;
MAXGLASS Piotr Sierpiński;505367465;;
MAXGLASS Piotr Sierpiński;660133632;;
MTS AutoSzyby;(68)4526600;;
MTS AutoSzyby;(68)4517373;;
MULTIGLAS Szyby Samochodowe;(22)6323815;;
MULTIGLAS Szyby Samochodowe;(22)6315561;;
POL SZYB;664910772;;
Szyby Samochodowe RM;531841231;;
WORLDGLASS;508500107;;
C.H.G. GLAS Henryk Cieślicki - mobilny serwis szyb;601755316;;
AGA-POL Sławomir Pawlak;(22)7222681;;
AGA-POL Sławomir Pawlak;602624508;;
ECOPLAN Sp. z o.o.;(32)2303235;;
ECOPLAN Sp. z o.o.;501520728;;
F.H. TAPISAM;(32)3602930;;
F.H. TAPISAM;(32)3634411;;
Przedsiębiorstwo Wielobranżowe SEGLA Sp.j.;(63)2725010;;
Przedsiębiorstwo Wielobranżowe SEGLA Sp.j.;(63)2722468;;
Auto Serwis Kańczura;(12)2852624;;
Auto Serwis Kańczura;601400306;;
Auto TOMEKS;(71)3416807;;
Auto TOMEKS;603808509;;
Auto-Naprawa-Hol Janusz Puka;(16)6329850;;
Auto-Naprawa-Hol Janusz Puka;502372603;;
Auto-Serwis Czarnecki;(32)4712797;;
Auto-Serwis Czarnecki;602289503;;
BLPD Serwis Herbert Czekała;(32)2568403;;
BLPD Serwis Herbert Czekała;602364012;;
CAR-SOLAR przyciemnianie szyb, foliowe piecowe;604583035;;
Firma Handlowo-Usługowa J.G.;601848001;;
AUTOTOP Brzost Stanisław;(91)3920303;;
AUTOTOP Brzost Stanisław;(91)3920131;;
P.H.U. Auto Szyby JARO Jarosław Pawlikowski;602848745;;
3E Jacek Grzelczak;(044)7192560;;
3E Jacek Grzelczak;698624608;;
A.P.H. SPRINT Specjalistyczny Zakład Przyciemniania Szyb Samochodowych;500350443;;
ACARUS auto szyby;508299526;;
ADAN Zakład Naprawy Szyb Samochodowych;(58)5500138;;
ADAN Zakład Naprawy Szyb Samochodowych;501730401;;
ADCAR Auto-Szyby;696100170;;
AG MOTOR;(12)4258821;;
AG MOTOR;603233889;;
AGAT Szyby Samochodowe;(74)8512140;;
AGAT Szyby Samochodowe;601719103;;
AKOSS-Szyby Samochodowe;(12)2665220;;
AKOSS-Szyby Samochodowe;512937855;;
ALEX-BIS;602339822;;
ALEX-BIS;(62)7665740;;
ALFA Szyby Samochodowe;(71)3730118;;
Auto Expert;(22)8724960;;
Auto Glas Kowiako;(55)2432067;;
Auto Glas Kowiako;(55)2433347;;
AUTO GLAS PHU;(59)8425029;;
AUTO GLAS PHU;502557787;;
Auto Glass Jan Puć;(71)3529681;;
Auto Glass Jan Puć;(71)3254813;;
AUTO KLIMA SERWIS Firma Wszelaki PPHU;(61)4361094;;
AUTO KLIMA SERWIS Firma Wszelaki PPHU;509341745;;
AUTO KRAM Sp.j.;(71)3725531;;
AUTO KRAM Sp.j.;(71)3420696;;
Auto Medic S.c.;(12)4180361;;
Auto Medic S.c.;601262673;;
AUTO MIX;698683932;;
AUTO MIX;664477082;;
Auto Szklarz;(61)8523180;;
Auto Szklarz;602616524;;
AUTO SZYBY;531588808;;
AUTO SZYBY;(59)8415215;;
AUTO SZYBY;601840480;;
Auto Szyby;(41)2479190;;
Auto Szyby;693839838;;
AUTO SZYBY;(58)5311258;;
AUTO SZYBY;602283239;;
AUTO SZYBY;(18)2676328;;
AUTO SZYBY;605462165;;
Auto Szyby;(83)3433024;;
Auto Szyby;664736566;;
AUTO SZYBY;(85)6513209;;
AUTO SZYBY;600448686;;
AUTO SZYBY;(85)6513209;;
AUTO SZYBY;600448686;;
Auto Szyby Bolesławiec Automobile Arkadiusz Gudzowski;516019727;;
Auto Szyby Bolesławiec Automobile Arkadiusz Gudzowski;699970925;;
Auto Szyby Bolesławiec Robert Gudzowski;606455468;;
AUTO SZYBY Centrum Sprzedaży i Montażu;(32)2387065;;
AUTO SZYBY Centrum Sprzedaży i Montażu;602387065;;
Auto Szyby CORSE;(71)3014131;;
Auto Szyby CORSE;889226888;;
Auto Szyby DARMAR;(25)6821953;;
Auto Szyby DARMAR;601312059;;
Auto Szyby Firma Obliński;(32)2519694;;
Auto Szyby Firma Obliński;(32)7856021;;
Auto Szyby GODMAX;(32)4225671;;
Auto Szyby GODMAX;697710888;;
Auto Szyby Grzegorz Gajek;(32)2536492;;
Auto Szyby Grzegorz Gajek;602696807;;
Auto Szyby Henryk Serwatka;(18)5475101;;
Auto Szyby Henryk Serwatka;691548554;;
Auto Szyby Jan Kurnatowski;(22)8464359;;
Auto Szyby Jan Kurnatowski;602232833;;
Auto Szyby KARAD;693289316;;
Auto Szyby Kraków;606747102;;
AUTO SZYBY Krzysztof Szymański;512816512;;
Auto Szyby LAMAR;886174366;;
Auto Szyby Marcin Pawlak;605068082;;
Auto Szyby Marek Kiliański;(82)5650472;;
Auto Szyby Marek Kiliański;509727384;;
AUTO SZYBY MARIUSZ KRIGER;(89)5260439;;
AUTO SZYBY MARIUSZ KRIGER;519059590;;
Auto Szyby MIGLASST;(56)6585335-36;;
Auto Szyby MIGLASST;(56)6585337;;
AUTO SZYBY Paweł Mil;(32)3072111;;
AUTO SZYBY Paweł Mil;793042111;;
Auto Szyby Poznań-Varia;(61)8476615;;
Auto Szyby Poznań-Varia;(61)8475770;;
Auto Szyby R&U;886750512;;
Auto Szyby R&U;668492068;;
AUTO SZYBY SERWIS;(75)7648402;;
AUTO SZYBY SERWIS;602319999;;
Auto Szyby SEWER;796750914;;
Auto Szyby SpeedGlass;(22)8365506;;
Auto Szyby SpeedGlass;695306312;;
Auto Szyby Warszawa;(22)8392429;;
Auto Szyby Warszawa;(22)8699816;;
Auto Szyby Widlicki;(22)6661516;;
Auto Szyby Widlicki;501156270;;
AUTO SZYBY Wiesław Skałba;(22)6788547;;
AUTO SZYBY Wiesław Skałba;602114852;;
Auto-Glas ZHU Michalecki R.;(58)5320180;;
Auto-Glas ZHU Michalecki R.;508326517;;
AUTO-GLASS;(22)7202119;;
AUTO-GLASS;501262386;;
AUTO-GLASS Szyby Samochodowe;(91)4822320;;
AUTO-GLASS Szyby Samochodowe;502183285;;
AUTO-MARCO Markowe Szyby Samochodowe;(15)6445973;;
AUTO-STYL S.c.;(71)3730164;;
AUTO-STYL S.c.;601764795;;
AUTO-SZYBY;501049529;;
AUTO-SZYBY;(42)6828989;;
AUTO-SZYBY;(32)6708858;;
AUTO-SZYBY;501620293;;
Auto-Szyby;(17)8636344;;
Auto-Szyby;502252674;;
AUTO-SZYBY;501095050;;
AUTO-SZYBY;(91)4875755;;
AUTO-SZYBY;501054421;;
Auto-Szyby;602253024;;
Auto-Szyby;(71)3735819;;
AUTO-SZYBY;(91)4875755;;
AUTO-SZYBY;501054421;;
Auto-Szyby ANMIX Zieliński;505999311;;
Auto-Szyby ANMIX Zieliński;(32)4733311;;
Auto-Szyby MALISZEWSCY.COM;607404797;;
AUTO-SZYBY Mirosław Korpok;501318040;;
AUTO-SZYBY, AUTO-KLIMA Stanisław Hajnysz;(14)6273838;;
AUTO-SZYBY, AUTO-KLIMA Stanisław Hajnysz;(14)6270838;;
Auto-Tech Szyby Samochodowe;(61)8705942;;
Auto-Tech Szyby Samochodowe;600393571;;
AUTO-TU;(91)4613752;;
AUTO-TU;(91)4614688;;
AUTOFENIX;(41)3615717;;
AUTOFENIX;(41)3481820;;
AUTOFOLIE FOLGLAS;(91)4835101;;
AUTOFOLIE FOLGLAS;607751369;;
AUTOGANKO;793411333;;
AUTOGANKO;501266944;;
AutoGlass Service;(74)8320737;;
AutoGlass Service;502311564;;
AUTOGLASS SERWIS;(58)3446811;;
AUTOGLASS SERWIS;502503062;;
Autoszkło TEDREX;(32)2636913;;
Autoszkło TEDREX;604182074;;
AutoSzyby;(32)4221656;;
AutoSzyby;501585882;;
AutoSzyby;(23)6724652;;
AutoSzyby INTER-GLASS Michał Zagożdżon;783733991;;
AutoSzyby INTER-GLASS Michał Zagożdżon;600958610;;
Autoszyby IZEK-EKO S.c.;(62)7353242;;
Autoszyby IZEK-EKO S.c.;(62)7361178;;
AUTOSZYBY Jerzy Świdrak;(13)4200095;;
AutoSzyby RZYMKOWSCY;513145855;;
Autoszyby Sarnicki;502481544;;
Autoszyby Sarnicki;513774397;;
autoszybyszczecin.pl;(91)4530413;;
autoszybyszczecin.pl;603928778;;
AUTOWIDOK;(67)2152105;;
AUTOWIDOK;793456782;;
BO-WA TUR AutoSzyby;(85)7194951;;
BO-WA TUR AutoSzyby;889266551;;
Car Glass Szyby Samochodowe;(22)6722211;;
Car Glass Szyby Samochodowe;(22)6722244;;
CAR-GLASS Krystian Kukieła;(58)3424644;;
CAR-GLASS Krystian Kukieła;(58)3053939;;
COVER Rafał Węglowski;(76)8464915;;
COVER Rafał Węglowski;502394712;;
DAGLASS S.c.;531912633;;
DAKRAJ;605547575;;
Darmax S.c.;(32)4154466;;
Darmax S.c.;(32)4154466w.45;;
DAZ-TRONIK S.c.;(87)5675555;;
Doktor Glass;886165962;;
Domalik Szyby Samochodowe;(18)2664505;;
Domalik Szyby Samochodowe;603071201;;
EL-Lack Auto Szyby;(85)6525817Białystok;;
EL-Lack Auto Szyby;502619400Białystok;;
EURO-GLAS Sp.j.;(12)6352000;;
EURO-TOP Laszczyk Ryszard;(71)3726301;;
EUROGLAS;608489446;;
EUROGLAS;(56)6518399;;
EXPRESS Auto-Szyby;507285592;;
F.H.U. Auto-Szyby Mariola Walter;(32)4722675;;
F.H.U. Auto-Szyby Mariola Walter;666143143;;
F.H.U. Konrad Kowalewski;602260084;;
F.H.U. Konrad Kowalewski;608598472;;
F.H.U. Nikus;(32)6428656;;
F.H.U.P. Łukasz Gugało BULL HORN;(12)4121944;;
F.H.U.P. Łukasz Gugało BULL HORN;888080300;;
FHU COMPLEX;(32)4552349;;
FHU COMPLEX;501095050;;
FHU MK4 Autoszyby;(12)6365938;;
FHU REWES;(14)6827186;;
FHU REWES;602746092;;
Firma AB;(18)3536529;;
Firma AB;604265084;;
Firma Handlowo Usługowa SPEEDEX;(85)7151034;;
Firma Handlowo Usługowa SPEEDEX;857151034;;
Firma Handlowo-Usługowa Paweł Paszkuć;(42)6841440;;
Firma Handlowo-Usługowa Paweł Paszkuć;503353216;;
Firma Handlowo-Usługowa Tobiasz;(18)3374695;;
Firma Handlowo-Usługowa Tobiasz;508063332;;
Firma SZYBEX Szyby Samochodowe;(91)5730924;;
Firma WITT;(58)5550365;;
Firma WITT;(58)7635315;;
Flota Glasservice Sp. z o.o.;(61)8164530-31;;
Flota Glasservice Sp. z o.o.;663979797;;
FOL CAR P.H.U. Marcin Plaskota;(95)7206440;;
FOL CAR P.H.U. Marcin Plaskota;666315996;;
Fol-Studio Przyciemnianie, Montaż Szyb;518391622;;
FOLTECH;(91)4392050;;
FOLTECH;601720507;;
FUH MAGOR S.c.;(81)7429211;;
FUH MAGOR S.c.;601240049;;
GAD-IMPORT;(81)7440932;;
GAD-IMPORT;605584566;;
Glass Car;(91)4885186;;
Glass Car;606447330;;
Glass-Pol Auto Szyby;882039603;;
Glass-Service inż. Krzysztof Michałowski;(42)6740697;;
Glass-Service inż. Krzysztof Michałowski;606252141;;
Glass4cars.pl S.A.;601333608;;
Glass4cars.pl S.A.;605549718;;
GLASSMARK;(22)7991526;;
GLASSMARK;(22)7908260;;
Golden-Bay;(48)6645039;;
Golden-Bay;601387733;;
Hanesco Sp. z o.o.;(81)5361399;;
HIRSCH-GLAS Sp.j.;(32)7806520;;
HIRSCH-GLAS Sp.j.;(32)7806521;;
iblack Marcin Czekała;601177452;;
INTER GLAS;(55)2352962;;
INTER GLAS;600669940;;
INTER-GLASS;502915405;;
Irex Sp. z o.o.;(22)8466273;;
Irex Sp. z o.o.;(22)8681540;;
JAMES V Sp. z o.o.;(61)8164530;;
JAMES V Sp. z o.o.;(61)8164531;;
JAN Auto Szyby;(24)2644069;;
JANAL inż. Janusz Bartosiak;603377788;;
Jurpol Sp. z o.o. Sp.komandytowa;(61)8107617;;
Jurpol Sp. z o.o. Sp.komandytowa;(61)8108926;;
KAR-GLAS-SERWIS;882486304;;
KIMPOL AutoSzyby;757122089;;
KING-BELL;(67)2132724;;
KING-BELL;607055752;;
KR GLASS;(61)8107282;;
KR GLASS;(61)8107806;;
LASER Auto Szyby;(25)6323311;;
Lim-Glas Szyby Autobusowe;(18)3373157;;
Lim-Glas Szyby Autobusowe;665763910;;
MAJ-GLASS S.c.;664535211;;
MAJ-GLASS S.c.;664535031;;
MARCO POLO Sp.j.;(12)6563691;;
MARCO POLO Sp.j.;(12)6532636;;
Mobile Auto Glass - Auto Szyby Samochodowe;534538046;;
MOOFA;(17)8611011;;
MOOFA;602737622;;
Moto-Glas;(42)6347726;;
MT Szyby Samochodowe;(14)6122797;;
MT Szyby Samochodowe;602830383;;
Naprawa Pękniętych Szyb Samochodowych TRZASK;501141799;;
Naprawa Szyb Auto Gamma;(12)3935881;;
Naprawa Szyb Auto Gamma;501172559;;
NordGlass;(71)3591603;;
NordGlass Sp. z o.o.;(94)3465739;;
NordGlass Sp. z o.o.;(94)3465715;;
NZGLASS autoszyby;506398486;;
NZGLASS autoszyby;508484410;;
Olo Cars;(22)8436522;;
Olo Cars;601340105;;
P.H.U. AUTO-SZYBY Adam Murawski;(85)7437276;;
P.H.U. AUTO-SZYBY Adam Murawski;500066963;;
P.H.U. DAKAR;(83)3438071;;
P.H.U. DAKAR;501557781;;
P.H.U. IAWA;602350935;;
P.H.U. Jarosław Nowogórski;(52)3821820;;
P.H.U. Jarosław Nowogórski;605535362;;
P.H.U. SIM-FOL Mirosław Kieliś;500231418;;
P.P.H.U. AUTO-SZYBY;(52)3458374;;
P.P.H.U. AUTO-SZYBY;604247342;;
PANIT CAR;(61)6630000;;
Panorama Marcin Kopiec;506719894;;
Paweł Soswa 321.auto.pl;512696119;;
PHU FIERAS Marlena Fierka;512766312;;
PHU Iga-Glass Iwona Kogutowska;501706001;;
PITSTOP24h Auto Szyby;696820820;;
POLMAR Marek Rogalski AUTO SZYBY;502335012;;
PROGLASS Auto Szyby;(52)5214430;;
PROGLASS Auto Szyby;668677442;;
Przyciemnianie Szyb Venaplex.pl;(12)6261068;;
Przyciemnianie Szyb Venaplex.pl;501224561;;
przyciemnianie.com.pl;880219921;;
RADIS;(81)7465490;;
RADIS;603933122;;
RAF-MAR;505653650;;
RAF-MAR;662002178;;
REDGLASS;608471975;;
Regeneracja i Montaż Szyb Samochodowych Stanisław Lauterbach;(32)2386857;;
Regeneracja i Montaż Szyb Samochodowych Stanisław Lauterbach;605243113;;
RENMAG;(52)3022875;;
RENMAG;605668727;;
REZ-CC Classic Cars Bodyworks & Mechanicals Rafal Platek;602215871;;
S-POINT Damian Kubik;(33)8171727;;
S-POINT Damian Kubik;888959411;;
Saint-Gobain Sekurit HanGlas Polska Sp. z o.o. Oddział AUTOVER;(42)2562709;;
Saint-Gobain Sekurit HanGlas Polska Sp. z o.o. Oddział AUTOVER;(42)2562711;;
SAN-GLASS przyciemnianie i wymiana szyb;512633106;;
SIREX Profesjonalne Przyciemnianie Szyb;668014794;;
SpidGlass;696750777;;
SPRINT TUNING;(41)3318229;;
SPRINT TUNING;506521660;;
STREFA SERWISOWA;503463911;;
STREFA SERWISOWA;607172207;;
SZYBEX Sp.j.;(34)5065100;;
SZYBEX Sp.j.;(34)3654850;;
SZYBY SAMOCHODOWE;(22)6795859;;
Szyby Samochodowe S.c.;(18)5426798;;
Szyby Samochodowe S.c.;604803004;;
TECHNICOLOR Studio;883787878;;
TINT TECH;506076600;;
TirCar S.c.;694907976;;
TirCar S.c.;606494603;;
TŁOCZEK AutoExpert;515075808;;
TŁOCZEK AutoExpert;(94)7173695;;
Tomix Tomasz Żuradzki;(32)6138147;;
Tomix Tomasz Żuradzki;601531720;;
TOP-JAAN S.c. Oddział Deszczno;(95)7513361;;
TOP-JAAN S.c. Oddział Deszczno;604507771;;
TOP-JAAN S.c. Oddział Słubice;(95)7580815;;
TOP-JAAN S.c. Oddział Słubice;668012547;;
TopAuto;(22)6126226;;
Usługi Motoryzacyjne Marek Błasiak;602388165;;
Usługi Motoryzacyjne-Auto Szyby;512396973;;
WOGLASS szyby autobusowe;510786409;;
WOGLASS szyby autobusowe;661484353;;
Womarc;(32)2654681;;
Womarc;503515292;;
Z.U. Montaż Naprawa Szyberdachów;(42)7169801;;
Z.U. Montaż Naprawa Szyberdachów;605687037;;
DECORFOLIE S.c. Premium Car Wrapping;691644838;;
DECORFOLIE S.c. Premium Car Wrapping;695928167;;
A.G. EXPERT;(58)6649122;;
A.G. EXPERT;(58)6649187;;
AFS Folszyb;(22)8349692;;
AFS Folszyb;(22)6698470;;
Agencja Czyszcząca PROFESIONAL Igor Jarosz;795002003;;
Agencja Czyszcząca PROFESIONAL Igor Jarosz;795772020;;
ASO CHWALIBÓG Kompleksowe Naprawy Powypadkowe;(22)3784097;;
ASO CHWALIBÓG Kompleksowe Naprawy Powypadkowe;505018762;;
ASTRON Folie Okienne i Samochodowe z Atestem ISIC;502204445;;
AUTO PORADA;(22)6626476;;
AUTO PORADA;(22)6626550;;
AUTO SERWIS;(32)2427095;;
AUTO SERWIS;504052841;;
Auto Serwis SELCO;(52)3324334;;
Auto Serwis SELCO;(52)3324335;;
AUTO SERWIS Włocławek;669604980;;
AUTO STORCZYK;(48)6216157;;
AUTO STORCZYK;512118713;;
Auto-Awex Sklep Motoryzacyjny;(58)5614415;;
Auto-Awex Sklep Motoryzacyjny;600600380;;
AUTO-EDI;609902234;;
Auto-Reno-Gum;(41)3830493;;
AUTO-SERWIS Jagielska;666282333;;
AUTO-SERWIS Jagielska;666111129;;
BAS S.c.;(32)2717629;;
BAS S.c.;(32)2712751;;
BRACIKI Sp.j.;32)2478249;;
CAR IMAGE;502239272;;
Centrum Likwidacji Szkód;690266690;;
Clear View;508111211;;
Clear View;698616929;;
DYSKRET Sp. z o.o.;(61)8498870;;
DYSKRET Sp. z o.o.;(61)8498880;;
F.P.H. HART-SM;(68)3632600;;
F.P.H. HART-SM;(68)3632622;;
F.U. CARS;799201391;;
Firma VMAX;(77)4618818;;
Firma VMAX;(77)4610202;;
Fol-Art Studio;(22)2166594;;
Fol-Art Studio;502921064;;
FOLMAR Marcin Babkiewicz;668516733;;
Grupa Darkglass-Darkglass.pl;519445485;;
Grupa Darkglass-Darkglass.pl;(32)3080706;;
HITBUS;506319220;;
HITBUS;668972079;;
Kreno Automotive;883939291;;
Lakiernictwo Samochodowe MALANOWSKI;516136455;;
Laskowski Tuning;602178945;;
Laskowski Tuning;602178945;;
LENGLASS;531364488;;
LuxFoll;518023430;;
LuxFoll;518442119;;
M&G-Auto;(32)2812288;;
M&G-Auto;(32)3870856;;
MARCAR;600243651;;
millerauto.pl;608321010;;
millerauto.pl;(52)3633359;;
MJK SERWIS;535060050;;
MJK SERWIS;533060051;;
MOTO-EXPERT;572658818;;
PRO-LIZAK Autoserwis;(71)3592040;;
PRO-LIZAK Autoserwis;667942744;;
Rocar;535110285;;
SUN-FOLL;(75)7751688;;
SUN-FOLL;602292350;;
Teren Serwis 4X4;(71)3527538;;
Teren Serwis 4X4;601725182;;
Tłumiki Katalizatory Wydechy;(22)8703826;;
Tłumiki Katalizatory Wydechy;690155022;;
WRAP-CAR;725197621;;
WRAP-CAR;508061620;;
Zakład Blacharstwa i Lakiernictwa Pojazdowego Jerzy Hajduk;(95)7239700;;
Zakład Blacharstwa i Lakiernictwa Pojazdowego Jerzy Hajduk;601280290;;
