F.P.H. HAST Stefan LEWALSKI;(55)2343221;;
F.P.H. HAST Stefan LEWALSKI;603795307;;
JANIS TACTICAL;(62)7616265;;
PPHU WITAN;(22)7884625;;
PPHU WITAN;606702313;;
WENECJA;606216119;;
Firma Handlowo Usługowa VIXEN - Sklep Internetowy TORBACZ;664929092;;
Firma Produkcyjno-Handlowo-Usługowa JB Jadwiga Brykczyńska;(33)8165221;;
Firma Produkcyjno-Handlowo-Usługowa JB Jadwiga Brykczyńska;602515542;;
FRASPO;(71)3967951;;
FRASPO;(71)7071459;;
MARKA Wyroby Wełniane Wojciech Traczyk;(18)2677645;;
MARKA Wyroby Wełniane Wojciech Traczyk;531571831;;
PPHU MARCUS Marek Zieliński;(42)6886889;;
PPHU MARCUS Marek Zieliński;505078088;;
Producent Toreb Damskich Częstochowa PPH FILMARK;604554803;;
AMGA Przedsiębiorstwo Wielobranżowe;(34)3244274;;
Spark Promotions Sp. z o.o.;(71)3267410;;
Spark Promotions Sp. z o.o.;(71)3267411;;
ZBROJA International Trade Andrzej Zbroja;(71)3415800;;
ZBROJA International Trade Andrzej Zbroja;(71)3425719;;
ASKO II Sp. z o.o.;(91)4211605;;
CARLA;692220777;;
CONTRACT;(22)8184215;;
CONTRACT;692429644;;
PLANETA Dominik Mazur;509513081;;
Atut PPH S.c.;(58)7651571;;
Atut PPH S.c.;501235001;;
Centrum Sitodruku AKCENT;(41)3461800;;
Centrum Sitodruku AKCENT;601153191;;
Elegancja Sp.j.;(17)8545191;;
FH GREGORIO Grzegorz Zontek;509606270;;
FH GREGORIO Grzegorz Zontek;500852664;;
JUBILER Jacek Zamaryka;(32)4715775-ul.Mazowiecka2;;
JUBILER Jacek Zamaryka;(32)4761919-ul.1Maja19-21;;
koszulkomat.eu Sp. z o.o.;668330180;;
LEONARDO Gabryel Frede;(32)2458689;;
LEONARDO Gabryel Frede;601417525;;
LOOKSTORE;660482747;;
Omni Modo Bogumiła A.Ulanowska;(68)4552266;;
Omni Modo Bogumiła A.Ulanowska;(68)4552265;;
TXM S.A.;(33)8706565;;
TXM S.A.;609441098;;
21% Urszula Łańcuchowska;661469641;;
4damy.pl Grzegorz Marzec Trade System;531470270;;
4idea Sp. z o.o.;(12)2668181;;
4idea Sp. z o.o.;664094601;;
Aga Sp.j.;(58)6647730;;
Aga Sp.j.;(58)6648632;;
AGABAG;608458556;;
AGMAR;607165003;;
Aleksandra Sieradzka-Nowak BATI;531529939;;
ALTER ECO;880982350;;
ALTER ECO;(012)3593144;;
ANDI P.P.H.U;(42)6112013;;
ANKADA;503039098;;
ANKADA;501639985;;
APEKS P.P.U.H.;505074219;;
APEKS P.P.U.H.;601319076;;
ART4COM Artur Tomaszewski Sklep Internetowy Madcat.com.pl;501733399;;
Art4Fashion Jacek Serafiński;607943535;;
ARTION GROUP - Sklep Internetowy SCARLET FASHION SHOP;796356058;;
Arwena Hurtownia Torebek;(12)2883283;;
Arwena Hurtownia Torebek;605448824;;
AS-MAX Adam Szymichowski;(22)7360129;;
AS-MAX Adam Szymichowski;792113022;;
ASTRO Sp.j.;(22)1881353;;
ASTRO Sp.j.;601216666;;
BAG-A-PORTER Sp. z o.o.;790441590;;
Bagaloo;601335744;;
BAGMASTER-PL Sp. z o.o.;(71)3416261;;
BAGMASTER-PL Sp. z o.o.;691352350;;
Bags&Pepper Maja Łagoda-Marciniak;501570477;;
BAGSBAAR;692894308;;
BAGUA;602440333;;
BAGUA;(32)7248281;;
Bajaga Studio;695623398;;
BARCZAK CASES;(62)7861580;;
BARCZAK CASES;(62)7861587;;
BarellyBags;505851682;;
BarellyBags;792268487;;
BATICA Sklep Internetowy Torebki-Damskie.net;507925706;;
Beata Kadłubowska Pracownia Kaletnicza;600511692;;
Bemasiris;504757890;;
BILA Przedsiębiorstwo Wielobranżowe Tomasz Lachor;793186298;;
BiM Bogdan i Małgorzata Krzechki - Sklep Internetowy DINGACZ;510117398;;
Bistana;(54)2877300;;
Bistana;697701450;;
Bler;(42)2270907;;
Bler;601499083;;
Boutique me&BAGS;604608317;;
BROTHERSB W. R. Bochniarz Spółka Jawna ZPCHR;(18)4413000;;
BROTHERSB W. R. Bochniarz Spółka Jawna ZPCHR;(18)4491495;;
BRYGIER Manufaktura;(22)6545918;;
BUTTERFLY STYLE;500261070;;
COMERPOL Włoskie Torebki Skórzane;601778959;;
COMERPOL Włoskie Torebki Skórzane;607538877;;
CON-STAR Sklep Internetowy TwojeTorebki.pl;601148629;;
CONVEY;(74)8311355;;
CONVEY;601688060;;
COVALLAND Kowalczyk & Wojciechowski Sp.j.;517352507;;
Crosier Mirela Szumera;668377466;;
DeeZee Sp. z o.o. Sp.komandytowa;534644447;;
DELIVER;503803920;;
Dżdżu;666071076;;
E-MAG Tomasz Magoń;794600734;;
E-Wrodet Sklep Internetowy InBag.pl;694330963;;
e-zakupy24;(22)4072602;;
e-zakupy24;667929649;;
eBeauty Kamil Wieczorek;(079)3765562;;
ECO WEAR;696482459;;
Elita Sp.j.;(48)3635959;;
Elita Sp.j.;(48)3621604;;
EMA Sklep Internetowy torby-plecaki.pl;725881488;;
Etorba Sp. z o. o.;797810555;;
eTOREBKA.PL Joanna Dorula;(12)4441337;;
eTOREBKA.PL Joanna Dorula;511109100;;
Eurocase Sowiński Sp.j.;(22)7281702;;
EXPLORE;(22)6679468;;
EXPLORE;512077991;;
F.H. BARSOP;(18)3325311;;
F.H. Ever;(85)7451798;;
F.H. Ever;(85)7451662;;
F.H. FORTIS;695988448;;
F.H.P. XSARA-ASPOL;693231236;;
F.H.U. Oskar;(12)6577626;;
F.H.U. Oskar;501459685;;
F.P.H. Bona;(34)3252235;;
F.P.H. Bona;604453102;;
F.U.H. SZYK S.c.;664552665;;
Fabryka Plecaków Jankowski Sp.komandytowa;(61)8964147;;
Fabryka Plecaków Jankowski Sp.komandytowa;(61)8964149;;
FARBOTKA Juliana Farbotko-Bytys;662085115;;
Femme ART Marlena Żądło www.woman-in-red.pl;695545455;;
FINI;501322302;;
Firma BIGOZZ - Sklep Internetowy TwinsArt.pl;609451990;;
Firma BIGOZZ - Sklep Internetowy TwinsArt.pl;501369506;;
Firma ETUI;601376152;;
Firma Grzegorz Mankiewicz - Sklep Internetowy VeraPelle24.pl;(22)8207943;;
Firma Grzegorz Mankiewicz - Sklep Internetowy VeraPelle24.pl;609564043;;
Firma Handlowa BETI;(68)4583778;;
Firma Handlowa BETI;602189605;;
Firma Handlowa SEBIS;691252135;;
Firma Handlowa VIP Sp.j.;(12)6320054;;
Firma Handlowa VIP Sp.j.;(12)6320059;;
Firma Handlowo Produkcyjna Gawor, Piotr Gawor;(12)3337272;;
Firma Handlowo-Usługowa PARIS CHOUETTE;697663011;;
Firma Handlowo-Usługowa PARIS CHOUETTE;(77)4330583;;
Firma Kaletnicza GRAMST;694698183;;
Firma Kaletnicza RENIFER;605432655;;
Firma Kaletnicza RENIFER;(12)2761227;;
Firma ROGAL;530900056;;
FPH JOOL Jolanta Olaczek;(42)6168155;;
FPH JOOL Jolanta Olaczek;(42)6168152;;
GAAL Producent Torebek Damskich;(71)3291771;;
Gala24.pl - Sklep Internetowy - Dariusz Warylewski;(52)3411008;;
Gala24.pl - Sklep Internetowy - Dariusz Warylewski;512324382;;
GALARTI Artur Jaros;509870244;;
GALARTI Artur Jaros;(42)6362110;;
GALTOM S.c.;(43)8433755;;
GALTOM S.c.;693464653;;
GAWRONEX Sp. z o.o. Hurtownia Torebek;(22)3453126;;
GAWRONEX Sp. z o.o. Hurtownia Torebek;(22)3453127;;
GOLD - Sklep Internetowy TUFFI.pl;509991490;;
GOLD Sklep Internetowy KING;501262228;;
GOTRA Małgorzata Witkowska;730776777;;
GRALEX;(12)4213332;;
GRG Grzegorz Gurgul;(18)2646389;;
GRG Grzegorz Gurgul;604633220;;
GRUPA POLSKI BAGAŻ S.c. e-Walizki;(22)2501145;;
GRUPA POLSKI BAGAŻ S.c. e-Walizki;(22)2501146;;
HANDBAGS IMPORTERS;661861461;;
HAWENEX - Sklep Internetowy FANTASTIC.pl;606205456;;
HAWENEX - Sklep Internetowy FANTASTIC.pl;693668808;;
Hego Sp. z o.o.;(58)7143107;;
Hego Sp. z o.o.;503503964;;
HighClass.pl - Toys4Boys.pl Sp. z o.o.;(22)2128840;;
Hurtownia ADI;(12)6560225;;
Hurtownia ADI;501459510;;
Hurtownia OLAF;(76)8524040;;
Hurtownia OLAF;665463655;;
IGOMAG Igor Hallala - Sklep Internetowy Sklep-Torebki.pl;502455408;;
IJOIJO - Torby z Węży Strażackich;602177056;;
Internet Tourism Center S.c.;(22)8344059;;
Internet Tourism Center S.c.;513172071;;
Internet Tourism Center S.c.;(22)8344059;;
Internet Tourism Center S.c.;600029979;;
J&J Poznań;(61)2234072;;
J&J Poznań;507350804;;
JA INVEST Sp. z o.o.;603459999;;
JANYSPORT;(22)6690992;;
JEJQ Marcin Mironowicz - KARMELOVE STUDIO;604970667;;
JMR;788070075;;
JTM Sklep internetowy walizki-online.pl;501083126;;
K&K Fashion Sklep Internetowy TorebkiDavidJones.net;515399375;;
Kaletnictwo Radosław Otocki;504742092;;
Kaletnicza Spółdzielnia Socjalna SKORPIONS;504482343;;
Kaletnicza Spółdzielnia Socjalna SKORPIONS;797352061;;
KALPRODUS;(12)6385022;;
KALPRODUS;501456247;;
Keira Agnieszka Jaworska;506606404;;
KREDANIA POLSKA Sp. z o.o.;(22)6517754;;
KREDANIA POLSKA Sp. z o.o.;(22)6517734;;
La Perla Sklep Internetowy VIP.sklep.pl;(32)7505050;;
La Perla Sklep Internetowy VIP.sklep.pl;790880990;;
LEATHER AND THE PUG Beata Sosnowska;609473918;;
LEX-FINANCE Sp. z o.o. Sklep Internetowy ECOVERSO;(58)3440181;;
Loro by Milano;509483131;;
Loro by Milano;507580122;;
LUBICO - Sklep Internetowy TorbyTorebki24.pl;570348147;;
LUKS Daniel Strasburger;(22)4245599;;
LUX POINT;883707070;;
LUXBAG Grzegorz Pacek;501426114;;
LUXDESIGN;(32)2112277;;
LUXDESIGN;512242867;;
LUXORIA Sp. z o.o.;570908300;;
Łukasz Krupa PROJEKT TOREBKA;607983908;;
M&L Galanteria Skórzana;(71)3445949;;
M&L Galanteria Skórzana;510072422;;
MAG Producent Toreb Damskich;503520933;;
Mario Miramare Sp. z o.o.;(44)7240410;;
Mario Miramare Sp. z o.o.;512272720;;
MBM EXPORT;888610610;;
MDstyle;604814444;;
MEGI Małgorzata i Tomasz Milczarek Hurtownia Toreb;501447338;;
MEGI Małgorzata i Tomasz Milczarek Hurtownia Toreb;501076287;;
MERIDIAN Piotr Holka;(42)6143942;;
Miden Przedsiębiorstwo Produkcyjno-Handlowe;(42)6397908;;
Miden Przedsiębiorstwo Produkcyjno-Handlowe;601299965;;
MiKaSe Katarzyna Pelczar - Sklep Internetowy;501165559;;
MiKaSe Katarzyna Pelczar - Sklep Internetowy;783371804;;
MIKO Sp. z o.o.;(61)8422974;;
MIKO Sp. z o.o.;(61)8221788;;
MILATE;606193375;;
MILATE;726495397;;
MODESTE Felice.pl, Solier.pl;692866424;;
MODESTE Felice.pl, Solier.pl;692851817;;
Modne Torebki;(74)6460072;;
MOGETO - WALIZKI24.PL;(22)2012266;;
MOGETO - WALIZKI24.PL;(32)4416448;;
MoHa;609084175;;
Moose Design;796888824;;
MULTIBRANDS S.c. Sklep Internetowy KOBIECA ŁAWECZKA;724400004;;
NATALIA Kamila Narkiewicz Sklep Internetowy Superportfel.pl;607101333;;
NATALIA Kamila Narkiewicz Sklep Internetowy Superportfel.pl;607101639;;
NAVITOR POLAND Sp. z o.o.;534567401;;
NAVITOR POLAND Sp. z o.o.;795015316;;
NEW MILANO Sp. z o.o.;604357184;;
NIEPRZEMAKALNI;(42)6121815;;
NOWA EUROPA;(022)7251099;;
NOWA EUROPA;(022)7317036;;
OXFORD SPORT;(46)8631049;;
OXFORD SPORT;601345314;;
P.H.U. Millennium S.c. Ewa Bochnacka, Maciej Bochnacki;(16)6709901;;
P.H.U. RICCO;604433470;;
P.P.H. BAGGY S.c.;(22)8362733;;
P.P.H. DAREXIM;500801522;;
P.P.H. DAREXIM;500801523;;
P.P.H. JAPOŁ;(18)2755350;;
P.P.H. OKTIS Janusz Sitko;(58)6835738;;
P.P.H. OKTIS Janusz Sitko;(58)6833278;;
P.P.H.U BARTOS;887492679;;
P.P.H.U BARTOS;885324754;;
P.P.H.U Dorimex;(42)6302866;;
P.P.H.U GROMAL Roman Brzozowski;694553144;;
P.P.H.U. GROS S.c.;(62)7602297;;
P.P.H.U. GROS S.c.;608392825;;
P.P.H.U. KALET Eksport Import;609468682;;
P.P.H.U. LECH Lech Pawłowski;(42)6746614;;
P.P.H.U. LECH Lech Pawłowski;660043785;;
P.P.H.U. RAFMIX;664974281;;
P.W. Quass;(22)6122577;;
PACO CASES Sp.j.;(61)8194020;;
PACO CASES Sp.j.;(61)8194194;;
Paris je t`aime;785316707;;
PARISI - Salon Firmowy DELSEY Paris;733160400;;
Paso Polska Sp. z o.o. Sp.komandytowa;(61)8966666;;
Paso Polska Sp. z o.o. Sp.komandytowa;(61)8966667;;
PellAmor;500778600;;
PELLE&FILO;512426155;;
PHU EVA - Sklep Internetowy I-TOREBKI.PL;603613052;;
PHU GRACJA - Sklep Internetowy CAMBELLI.pl;535171884;;
PHU IMW Marek Wirkus Sklep Internetowy SUMATRA;(58)6923401;;
PHU WorldBag;723940386;;
PIKSEL Bogdan Sporek;(22)6679468;;
PIKSEL Bogdan Sporek;512077991;;
Polska Grupa Słoń Torbalski Sp. z o.o.;(12)2609580;;
Polska Grupa Słoń Torbalski Sp. z o.o.;(12)6565050;;
PPH BARTUS;(54)2332667;;
PPH BARTUS;695589861;;
PPH MARMEX;502117416;;
PPH MARMEX;509130729;;
PPH Stemar Marek Stęszewski;(32)2555067;;
PPH Stemar Marek Stęszewski;601439645;;
PPHU DiJ S.c. Dariusz Mszyca, Danuta Mszyca;(42)6549046;;
PPHU DiJ S.c. Dariusz Mszyca, Danuta Mszyca;601249713;;
PPHU Teresa Trociuk;517505192;;
PPUH Piotr Słotwiński;532777872;;
Pracownia Rymarsko-Kaletnicza;(22)8366051;;
Pracownia Rymarsko-Kaletnicza;513962607;;
Pracownia Toreb Skórzanych DUDO;504244995;;
Pracownia Toreb Skórzanych DUDO;505254800;;
Pracownia Torebek Niezwykłych Mia Mia;690505624;;
PRES Hurtownia;(77)4361022;;
PRES Hurtownia;606206272;;
Producent Torebek i Galanterii CORRADO MARTINO S.c.;(25)6333236;;
Promilex;501532584;;
PROMO - SZENFELD;608714285;;
Promos Autoryzowany dystrybutor VRoncato;505229296;;
Przedsiębiorstwo Kaletniczo-Rymarskie IGUANA;(32)2415325;;
Przedsiębiorstwo Kaletniczo-Rymarskie IGUANA;501409471;;
Przedsiębiorstwo Produkcyjno Handlowo Usługowe KALMAD;606905172;;
PUCCINI Sp. z o.o.;(91)4392652;;
PUCCINI Sp. z o.o.;798288088;;
Purol Design S.c.;608089693;;
Purol Design S.c.;663747559;;
PWU Ergopol Sp. z o.o.;(61)8147794;;
PWU Ergopol Sp. z o.o.;602179779;;
RACCOLTA.PL;725081321;;
Rajos Consulting - Sklep Internetowy MyFashionArt.pl;881060020;;
REACTIV Paweł Wachowski;600818204;;
Reiter Polska Titan Sp. z o.o.;(22)3314100;;
Reiter Polska Titan Sp. z o.o.;(22)3314117;;
Rent-A-Bag Wypożyczalnia Markowych Torebek;504287077;;
ROYAL TREND Anna Gwóźdź;508738644;;
RR Concept Sp. z o.o.;692733163;;
SACO;(32)7883488;;
SAMS-POL;(22)6132804;;
SAMS-POL;602600838;;
Sebastian Chołko S.c. Holek;508936580;;
Semi Line Group Spółka z ograniczoną odpowiedzialnością S.K.A.;(22)6724943;;
Semi Line Group Spółka z ograniczoną odpowiedzialnością S.K.A.;(22)6724944;;
SINO TRADE Sp. z o.o.;(42)6367170;;
Sklep Internetowy BagStyle.pl;(61)4241803;;
Sklep Internetowy BagStyle.pl;0801000908;;
Sklep Internetowy Duty-free.pl;668002844;;
Sklep Internetowy Duty-free.pl;504210535;;
Sklep Internetowy LAZA;506005956;;
Sklep Trendsetterka.com;606230990;;
SLIKO Sp. z o.o.;(62)5940001;;
SORO;517543006;;
SPAGO;(32)4214896;;
SPAGO;792171282;;
SPEED Accessories Sp. z o.o.;(91)4645540;;
SPEED Accessories Sp. z o.o.;(91)4627192;;
SPINO Sp. z o.o.;500017667;;
STL-MARKET Anna Maciąg;698363780;;
Store Cheap;(58)7314490;;
SUNRISE Wytwórnia Toreb;(32)2811941;;
SUPERBAG.PL - HEKTOR;515909878;;
TARA - Sklep Internetowy YOCO.PL;604386028;;
Topgal Novum Sp. z o.o.;500836281;;
Torby Turystyczne i Plecaki Szkolne Kazimierz Ero;(42)2132850;;
Torby Turystyczne i Plecaki Szkolne Kazimierz Ero;609492337;;
TOREBEX;535303405;;
Torebkowy Szał;722111415;;
TORO Augustyn Dobrowolski i Paweł Sokół;(42)6302100;;
TORO Augustyn Dobrowolski i Paweł Sokół;602194459;;
totu24 Małgorzata Wojtowicz;(71)7981646;;
totu24 Małgorzata Wojtowicz;602762151;;
TRAVEL-CASES;503036655;;
TylkoTorebki.pl;(61)6771734;;
TylkoTorebki.pl;660484221;;
TZL.PL Torebki Zawsze Lubiane;884628628;;
UNITEX;(32)4263134;;
UNITEX;501534642;;
VERO STILO Leather Italia S.c.;693406152;;
VERO STILO Leather Italia S.c.;500064154;;
VOYAGER Poland;512660295;;
WANDER;(22)7831245;;
Warsztat Kaletniczy Mieczysław Głowacki;608462417;;
WIDAN;(74)8365680;;
WIDAN;697059898;;
WILLIAMS`S BAGS Szutko Paweł;507374605;;
WILLIAMS`S BAGS Szutko Paweł;500424350;;
Winner Europe Sp. z o.o.;512357753;;
WISPORT;(71)3737010;;
WISPORT;(71)3737800;;
WozkiNaZakupy.pl;(22)1151075;;
WozkiNaZakupy.pl;798075932;;
Wytwarzanie Galanterii Handel Hurtowo-Detaliczny;602452675;;
XANTUS - Sklep Internetowy Encore4u.pl;(32)3073482;;
Z.P.H. ORTALEX yeepSport;(74)8311305;;
Z.P.H. WIGA;(22)6651388;;
Z.P.H. WIGA;604321831;;
Merlitz.eu;(85)3076155;;
Outletka.com;697718021;;
Sklep Galbut;(75)7526506;;
Sklep Galbut;660737401;;
3i;(16)6751214;;
A La Mode Shop;(22)6720044;;
A La Mode Shop;660590929;;
A&M FASHION Hurtownia Mody Włoskiej;666149777;;
A&M Mariusz Batycki;501081109;;
AB Agnieszka Basak;501109155;;
AB Agnieszka Basak;(22)7591255;;
AdinoBusiness.pl;721155784;;
AGA Sp.j.;(58)6647730;;
AGA Sp.j.;(58)6680131;;
Agencja Turystyczno Reklamowa WRZOS;791998883;;
ALFA 2 Rafał Kędziora;(62)7372942;;
ALFA 2 Rafał Kędziora;(62)5924917;;
Alta Moda Olszewski Sp.komadytowa;501239139;;
Alta Moda Olszewski Sp.komadytowa;502655455;;
ANDREA Zakład Wyrobów Skórzanych;(48)3313219;;
ANDREA Zakład Wyrobów Skórzanych;(48)3608515;;
ARBA;(46)8752780;;
ARBA;691711876;;
Arkadia;691515528;;
ARprint Torby Reklamowe;509965525;;
ARprint Torby Reklamowe;(29)7420473;;
Art Mada;883408159;;
ARTUR Sp. z o.o.;693843638;;
Artykuły Przemysłowe Paweł Kulak, Piotr Kulak Sp.j.;(67)2829473;;
Artykuły Przemysłowe Paweł Kulak, Piotr Kulak Sp.j.;668819233;;
ATZ Sp. z o.o.;(42)6306028;;
BENWILD Michał Kamiński;793795565;;
BEST TRAINING SERVICES Karolina Koźlicka - BUTIK VINTAGE;(22)8138738;;
BEST TRAINING SERVICES Karolina Koźlicka - BUTIK VINTAGE;603199389;;
BIGA STYL tania odzież używana;(12)2601065;;
BIGA STYL tania odzież używana;(12)2638988;;
BO-MIX Sp. z o.o.;662853431;;
Brainy Group - Sklep Internetowy Ragazzafashion.pl;690163722;;
Butik on-line Tomasz Strzelczyk;600608823;;
CONIN S.A.;(22)8461558;;
CONIN S.A.;(22)8681040-41;;
CORDATE S.c.;601488075;;
CORDATE S.c.;(12)4300027;;
Craft Studio Sklep Internetowy nitkaklebek.pl;792797495;;
CrazyBags;504651437;;
CZYSZ Galanteria Skórzana;(61)8523028;;
DESIGNERSKO Sp. z o.o.;509156274;;
DONA Donatella Latałło;531267067;;
E-kupiec.com;(22)4283617;;
Eagle Cases;793535643;;
Eagle Cases;733527074;;
eCommerce Group Marcin Rutkowski;(56)4710774;;
Eko-Torby;(42)6309993;;
Eko-Torby;(42)6366408;;
Ekotorba.pl S.c.;(87)6412510;;
Ekotorba.pl S.c.;509626272;;
ELANTE;501349993;;
ELANTE;510115007;;
ELEGANCE;662494827;;
ELFRIKA;691281525;;
ELFRIKA;(12)420-34-21;;
eUbranka.pl - Sklep Internetowy Justyna Zielonka;510364164;;
eUbranka.pl - Sklep Internetowy Justyna Zielonka;516832720;;
Exotic Gallery;609731131;;
F.H. Black Garden;512678829;;
F.H. Bucik Nyklarz Przemysław;690002908;;
F.H.U. Jagódka Hurtownia Torebek;(12)2922454;;
F.H.U. Poli-Fashion;512172710;;
F.P.H.U. Tromax;(32)2350214;;
F.P.H.U. Tromax;606164023;;
FAB Dymarczyk Krzysztof;783376237;;
Farbotka;662085115;;
FHU Agalant Perfekt Agnieszka Cieklińska;(55)2789096;;
FHU Agalant Perfekt Agnieszka Cieklińska;500162870;;
Finora.pl - Modne Torebki;660541257;;
Firma Handlowa LIDER S.c. Dom Mody Polskiej;(94)3422595;;
Firma RBS S.c. Sklepy TOSCANIO;519533467;;
Firma RBS S.c. Sklepy TOSCANIO;519533465;;
Fontel S.c.;(32)7816060;;
FPH NELY`S Emilia Grala;604279668;;
Frace Polska Sp. z o.o.;(22)4020211;;
Frace Polska Sp. z o.o.;(22)4020312;;
GAINAX SHOP Mariusz Sadowski;791407516;;
GALANTA;602219721;;
GALANTA;(12)4251935;;
Galeria Kawalec - KONIECZNY;508156817;;
Galeria Kawalec - KONIECZNY;501396857;;
Galeria Obuwia 4-YOU;508446020;;
Galeria Obuwia 4-YOU;(48)3600086;;
Genero Danuta Hajduga;608620719;;
Genero Danuta Hajduga;790449442;;
Go Master;509568127;;
Gomez Fashion Store;(61)3070312;;
Gomez Fashion Store;(61)3070318;;
Handel Piotr Zadura;691560891;;
HATOR;(22)8152690;;
HATOR;(22)8152390;;
HMS S.c.;601754517;;
HMS S.c.;(56)4611071Produkcja;;
Hossa Elżbieta Skorupa;(42)6500866;;
Hurtownia DOREX;601198407;;
Hurtownia Galanterii Cedar;(22)7206698;;
Hurtownia Rajstop i Bielizny FALKORIA;(22)7834181;;
I.T.A. S.c. Sklep Internetowy TRADE SPACE;784593591;;
I.T.A. S.c. Sklep Internetowy TRADE SPACE;(71)7903559;;
IDS STUDIO Dariusz Sobstyl;888203040;;
ImportEU S.c. Sklep Internetowy KRATECZKA;733583701;;
Isokros S.c.;791907103;;
ITALPOL;601711641;;
IW Group Sklep Internetowy aleButik.pl;504640464;;
JEX EUROPE Sp. z o.o.;(41)2406186;;
JEX EUROPE Sp. z o.o.;603340366;;
Jurom S.c. Producent galanterii skórzanej i skóropodobnej;(34)3286082;;
Jurom S.c. Producent galanterii skórzanej i skóropodobnej;530825400;;
KAROLINA Krawiectwo-Kaletnictwo;(41)2527706;;
KAROLINA Krawiectwo-Kaletnictwo;605560401;;
KEMER;(58)6828942;;
KEMER;(58)6820382;;
Ledrin Sp. z o.o.;(81)7475000;;
Ledrin Sp. z o.o.;(81)7475142;;
LEGIC Kompania Importowa Dóbr Luksusowych Sp. z o.o.;(22)6375757;;
LEGIC Kompania Importowa Dóbr Luksusowych Sp. z o.o.;(22)6375637;;
Lidea-Bell Bożena Pawłowska;509406467;;
LOFT37 Sp. z o.o.;519898418;;
LUX TRADE POLAND Natasza Wojtyńska;606775533;;
LUX TRADE POLAND Natasza Wojtyńska;(22)6481686;;
M.Rak Sklep Kesi.pl;(32)3500000;;
M&M;884842444;;
Made by Mammy Joanna Farkash;506564544;;
Made by Mammy Joanna Farkash;501265222;;
MAMON Rafał Lisiecki;516958752;;
MARRA;509195167;;
MMSport Sp.j.;(12)4270506;;
MMSport Sp.j.;500210613;;
MODANNA;693504086;;
Moliera 2 - Valentino;(22)8277099;;
Moliera 2 - Valentino;(22)8277086;;
MSS Solutions;605096732;;
MSS Solutions;601537206;;
MULTI BRAND GROUP;0800809900;;
MULTI BRAND GROUP;(85)7333811;;
MUSTACHE WARSAW Sp. z o.o.;(22)2903993;;
NEW LOOK Hurtownia Odzieży;510042482;;
NEW LOOK Hurtownia Odzieży;500127135;;
NEW&TRENDY Sklep Internetowy Johndoe.pl;500386686;;
Northpeak;501359625;;
NOVA-NOVA S.c.;607655047;;
OSCAR - Sklep Internetowy PerfectStyl;690309535;;
P.H. Miraż;(76)8354666;;
P.H. TRAF Sp.j. intravel.pl;(68)3537110;;
P.H. TRAF Sp.j. intravel.pl;604831801;;
P.H.U Darcet Dariusz Kozubek Sklep Internetowy darcet.pl;519100724;;
P.H.U Darcet Dariusz Kozubek Sklep Internetowy darcet.pl;516809391;;
P.H.U. MARCUS;(61)4423598;;
P.H.U. MARCUS;(61)4425406;;
P.P.H.U. SAXON;(58)6291934;;
P.P.H.U. SAXON;605105025;;
P.P.U.H DIANA Antoni i Halina Tężyccy;(54)2877646;;
P.P.U.H DIANA Antoni i Halina Tężyccy;601677131;;
PINACOLADA FASHION;664578086;;
PPH BASTIAN;602398944;;
PPH BASTIAN;668829106;;
PPHU DOMIN;(42)2567373;;
PPHU DOMIN;(42)6532493;;
PPHU Kastef;(061)6703717;;
PPHU Kastef;604243263;;
PPUH Jandrex;(34)3564526;;
PRUMA Galanteria;600353823;;
Przedsiębiorstwo Handlowo-Usługowe Małgorzata Piątek - Sklep Internetowy GOOHA;793456876;;
Przedsiębiorstwo Produkcyjno Handlowo Usługowe MODERIA Sylwester Wiekiera- Sklep Internetowy Moderia.pl;668402027;;
Przedsiębiorstwo Produkcyjno-Handlowe SEKA S.c.;(034)3651801;;
PUCCINI-sklep.pl;(52)3411008;;
PUCCINI-sklep.pl;512324382;;
QDRA Design be-fashion.me;511136136;;
RENA Sp.j. Irena Pętelska, Andrzej Pętelski;(34)3659595;;
RENA Sp.j. Irena Pętelska, Andrzej Pętelski;608251417;;
RICCARDO Sp.j.;(61)8995491;;
RICCARDO Sp.j.;(61)8678559;;
Royalpoint.pl;(32)4457153;;
Royalpoint.pl;0801003046;;
SAGAN;(081)7212440;;
SAGAN;(081)7212400;;
Salon Obuwia KORZO;513574772;;
Salon Obuwia KORZO;608506018;;
sidNET Kamil Jastrzębski Sklep Intenetowy www.buu.pl;691224720;;
SIGNIFIC;(12)3530790;;
SIM Koło Iwona Sosnowska-Walczak;(63)2722652;;
SIM Koło Iwona Sosnowska-Walczak;(63)2725771;;
Sklep Internetowy Handlonet I.Weymann;731522422;;
Sklep Internetowy ITALY-STYLE;692298300;;
Sklep Internetowy Jjaba;791514900;;
Sklep Internetowy PORTFELIK.pl;665666122;;
Sklep Internetowy PORTFELIK.pl;884699666;;
Sklep Internetowy Zonazielona.pl;602730233;;
Specjalistyczny Zakład Kaletniczy Siwierski i Syn;(48)3621593;;
Specjalistyczny Zakład Kaletniczy Siwierski i Syn;504916450;;
Spółdzielnia Inwalidów POSTĘP Zakład Pracy Chronionej;(55)2342501;;
Spółdzielnia Inwalidów POSTĘP Zakład Pracy Chronionej;(55)2340756;;
T@sha;606164023;;
Tezari;502364817;;
TIROLPI;(41)2533333;;
TIROLPI;602315816;;
Top-Trend;502750251;;
Topmoda.pl;516222770;;
TREK Marzena Reczek Sklep Internetowy Etrekking.pl;516314083;;
TrendySmyk.pl Paweł Stworzyjanek;519051064;;
Victoire Group Sp. z o.o.;690903888;;
Victoire Group Sp. z o.o.;531997706;;
Wójcik Store;(42)6335647;;
Zakład Kaletniczy KOCUR;(32)2028434;;
Zakład Kaletniczy KOCUR;602480303;;
Zakład Produkcji Galanterii Skórzanej MAR-DOR;(58)6862424;;
Zakład Produkcji Galanterii Skórzanej MAR-DOR;601625386;;
Zakład Wyrobów Skórzanych BARON Adam Baron;(18)4444960;;
Zakład Wyrobów Skórzanych BARON Adam Baron;(18)4439179;;
ZETMARK SKĘPE Sp. z o.o.;(54)2877260;;
ZETMARK SKĘPE Sp. z o.o.;(54)2877544;;
ZPHU MARGO;(17)8552515;;
