ITAX Sp. z o.o. Hurtownia Papieru i Tektury;(52)3718132;;
ITAX Sp. z o.o. Hurtownia Papieru i Tektury;(52)3489212;;
Lester Paper Sp. z o.o.;(55)2792151;;
Lester Paper Sp. z o.o.;(55)2796751;;
ADART PHUP Zakład Produkcji Kopert;(12)2920550;;
ADART PHUP Zakład Produkcji Kopert;(12)3416133;;
AURUM Michał Zdzienicki;(33)8751338;;
AURUM Michał Zdzienicki;606316439;;
CELLPAK Zdzisław Koziatek;(29)7681010-11;;
CELLPAK Zdzisław Koziatek;(29)7681012;;
CETECH Sp. z o.o.;(42)6816433;;
CETECH Sp. z o.o.;(42)6812850-55;;
DLH Polska Sp. z o.o.;(42)6740013;;
DOLPAP Sp. z o.o. Zakład Produkcji Wyrobów Papierowych;(76)8181034;;
DOLPAP Sp. z o.o. Zakład Produkcji Wyrobów Papierowych;(76)8188635;;
ELGRYF Sp. z o.o. PSB Mrówka Gryfino;(91)4161580;;
ELGRYF Sp. z o.o. PSB Mrówka Gryfino;(91)4161581;;
GRASANT Sp. z o.o.;(77)4079596;;
GRASANT Sp. z o.o.;606300379;;
Mer plus Janaszek Sp.j.;(22)7833702;;
Mer plus Janaszek Sp.j.;(22)7833704;;
PPHU Papier-Land;797722439;;
SchoPa Buchbinderei Sp. z o.o.;(91)5788201;;
SchoPa Buchbinderei Sp. z o.o.;(91)5788210;;
TAMIPOL T.M.D.Polańscy Sp.j.;(61)8674477;;
TAMIPOL T.M.D.Polańscy Sp.j.;(61)8619021;;
ALIGA Importer Artykułów Papierniczych;(22)8124365;;
ALIGA Importer Artykułów Papierniczych;(22)6133660;;
ANTALIS POLAND Sp. z o.o.;(22)1895000;;
ANTALIS POLAND Sp. z o.o.;(22)1895001;;
APAK Specjalistyczny Zakład Obróbki Papieru;(77)4566525;;
ATEMI Bempol;(22)6510407;;
ATEMI Bempol;(22)6510406;;
AUSTROPACK Sp. z o.o.;(22)6126314;;
BDS Sp.j. Profesjonalne Środki Utrzymania Czystości;(81)4410026-28;;
BDS Sp.j. Profesjonalne Środki Utrzymania Czystości;(81)4410027;;
DANEX Studio Graficzne S.c.;(58)5517033;;
DANEX Studio Graficzne S.c.;(58)5514048;;
ECO PROGRESS Sp. z o.o.;(17)8518031;;
ECO PROGRESS Sp. z o.o.;783996905;;
Przedsiębiorstwo Produkcyjne LIST;(22)7133636;;
Przedsiębiorstwo Produkcyjne LIST;(22)7758077;;
ŚwiatłoDruk Hurtownia Papieru;(22)6063639;;
ŚwiatłoDruk Hurtownia Papieru;(22)8468867;;
ZROBTOREBKE.PL;531170180;;
BERADEX Dariusz Sielski;(22)8179799;;
BERADEX Dariusz Sielski;(22)8347223;;
BOCHEM;(61)8105049;;
BOCHEM;604457540;;
EKO-KLAN Sp. z o.o. Wytwórnia Papieru Toaletowego;(67)2846097;;
EKO-KLAN Sp. z o.o. Wytwórnia Papieru Toaletowego;662142206;;
F.H.U. INWIT S.c.;(32)2041142;;
F.H.U. INWIT S.c.;696099590;;
FORMAT M;(22)8225590;;
GRICARD POLSKA Sp. z o.o.;(81)4415452;;
GRICARD POLSKA Sp. z o.o.;504084390;;
Hurtownia Papiernicza DABOX;(041)3722046;;
KARTONEX Sp. z o.o.;(82)5762821;;
KOM-PAP Office Partners;(42)6898079;;
KOM-PAP Office Partners;533533023;;
KTS Papier W.Dobroński i Spółka Sp.j.;(81)7441911w.50;;
NT Paper Adrianna Bogacka;(34)3111025;;
NT Paper Adrianna Bogacka;606253300;;
P.H.U. DAN PAK;697716684;;
P.H.U. DAN PAK;609802432;;
P.P.H. PROHANKOP Hurtownia Papierniczo-Chemiczna;(67)2163582;;
P.P.H. PROHANKOP Hurtownia Papierniczo-Chemiczna;(67)2163340;;
P.P.U.H. PROTOS Roman Olczyk;(74)8677490;;
P.P.U.H. PROTOS Roman Olczyk;(74)8671524;;
Papier-Serwis;(44)6499723;;
Papier-Serwis;(44)6497882;;
Papiery Powlekane PASACO Sp. z o.o.;(52)3875505;;
Papiery Powlekane PASACO Sp. z o.o.;(52)3875502;;
Primet;(56)6785120;;
Primet;(56)6785343;;
Producent Papieru Toaletowego AVANTI-BIS;(54)2848155;;
Producent Papieru Toaletowego AVANTI-BIS;606227731;;
Przedsiębiorstwo Produkcyjno-Handlowo-Usługowe ROLLS Sp. z o.o.;(54)2362806;;
Przedsiębiorstwo Produkcyjno-Handlowo-Usługowe ROLLS Sp. z o.o.;(54)2369958;;
REGER;501360051;;
REGER;(42)6484289;;
SURGO PAPIER;(63)2205090;;
SURGO PAPIER;603057761;;
WIZAN;(22)7558223;;
WIZAN;(22)7558324;;
Z.P.H. PAPIER Tomasz Krakowian;664435078;;
Agencja Reklamowo Usługowa ARAplus Grupa;(22)6221182;;
Agencja Reklamowo Usługowa ARAplus Grupa;(22)7842100;;
DISONI Trade House Sp. z o.o.;(22)7752392;;
DISONI Trade House Sp. z o.o.;(22)7757975;;
Fair Play Plus Sp.j.;(22)7814830;;
Fair Play Plus Sp.j.;(22)7816858;;
Konsorcjum Biuro Klub Sp. z o.o.;(22)2011108;;
Konsorcjum Biuro Klub Sp. z o.o.;(22)2011109;;
Marbach Polska Sp. z o.o.;(32)7834400;;
Marbach Polska Sp. z o.o.;(32)7834419;;
PHU SAMFIX-PAPIER Grzegorz Badtke, Dagmar Badtkeova Sp.j.;(58)3019833;;
PHU SAMFIX-PAPIER Grzegorz Badtke, Dagmar Badtkeova Sp.j.;(58)3053160-61;;
Rettenmaier Polska Sp. z o.o.;(22)6085100;;
Rettenmaier Polska Sp. z o.o.;(22)6085151;;
AEC Trade Sp. z o.o.;(71)3033517;;
AEC Trade Sp. z o.o.;(71)3033514;;
BAROMETR Centrum Papiernicze Joanna Mroczek-Jalowska;(55)6471771;;
BAROMETR Centrum Papiernicze Joanna Mroczek-Jalowska;(55)6471772;;
BETA-DRUK Rękas Bernadeta;(71)3019000;;
BETA-DRUK Rękas Bernadeta;(71)3019001;;
F.H. LIDER;(58)3424299;;
F.H. LIDER;(58)3221989;;
Firma Handlowo-Produkcyjna ABAKUS Rudolf Gil;(12)3410297;;
Firma Handlowo-Produkcyjna ABAKUS Rudolf Gil;(12)4143655;;
Fundacja CONTIGO Zakład Aktywności Zawodowej;(17)2472050;;
Hamelin Polska Sp. z o.o.;(22)5895111;;
Hamelin Polska Sp. z o.o.;(22)5895112;;
Hurtownia Papiernicza ELBO;(55)2794242;;
Hurtownia Papiernicza ELBO;(55)2610100;;
INTERHURT Sp. z o.o.;(75)7754609;;
INTERHURT Sp. z o.o.;(75)7756013;;
KARTON FOLIA FORMA K.F.F.;(025)7577182;;
KARTON FOLIA FORMA K.F.F.;694457877;;
Makart-Box Bojakowscy;(71)3017897;;
Makart-Box Bojakowscy;(71)3017899;;
MARGRAF Sp.j. Anna i Grzegorz Kwiecień;(55)2726717;;
MARGRAF Sp.j. Anna i Grzegorz Kwiecień;(55)2731352;;
MERIGRAF Maria Piechura Sp.j.;(61)8175198;;
MERIGRAF Maria Piechura Sp.j.;(61)8159072;;
MOTORMONITOR;691247100;;
MPack Sp. z o.o.;(22)7800500;;
OPAK;(94)3742002;;
OPAK;(94)3749798;;
P.H.U. PASTEL;(22)6180533;;
P.H.U. PASTEL;(22)6196426;;
P.W. AGENA Wiesław Topór;(33)8430315;;
P.W. AGENA Wiesław Topór;(33)8430316;;
PackOn Sp. z o.o.;(44)6840400;;
PackOn Sp. z o.o.;695740909;;
PAKFOL S.c. Lidia i Marek Czeniek;(12)4292744;;
PAKFOL S.c. Lidia i Marek Czeniek;(12)4324321;;
Partner XXI Kleks Sp.j.;(56)6584160;;
Partner XXI Kleks Sp.j.;(56)6584174;;
PLAST;(12)3565684;;
POLIKARTON;(61)8677917;;
POLIKARTON;(61)6517337;;
PPH RADO St. Dominiak, E. Rączka Sp.j. - Producent tulei papierowych;(13)4481966;;
PPH RADO St. Dominiak, E. Rączka Sp.j. - Producent tulei papierowych;(13)4429590;;
PRESTIGE Oddział Elbląg;512722798;;
PRINTMANIA;(22)6747000;;
PRINTMANIA;0801000644;;
TEDMARK Sp. z o.o.;(91)4853916;;
TEDMARK Sp. z o.o.;(91)4853819;;
TRIOMEN sp. z o.o.;(18)3535300;;
TUBY K.Jakubowski Sp. z o.o.;(22)8130784;;
TUBY K.Jakubowski Sp. z o.o.;(22)8703899;;
TURPLAST PRIMO Sp.j.;(42)6742517;;
TURPLAST PRIMO Sp.j.;(42)6749005;;
Zakład Wielobranżowy Hurt-Detal TEKFOL Zakład Pracy Chronionej Wiesław Szewczuk, Marian Bakuniak Sp.j.;(84)6166947;;
Zakład Wielobranżowy Hurt-Detal TEKFOL Zakład Pracy Chronionej Wiesław Szewczuk, Marian Bakuniak Sp.j.;(84)6166934-35;;
Alpha Dan Janusz Chilewski Sp.j.;(52)3453580;;
Alpha Dan Janusz Chilewski Sp.j.;(52)3453579;;
APR-Informmax;(12)2960060;;
APR-Informmax;518178373;;
ARKA Hurtownia Papiernicza;(43)6752275;;
BESKID Sp. z o.o.;(33)8222701;;
BESKID Sp. z o.o.;(33)8122729;;
BIELMARK;(33)8162210;;
BIELMARK;(33)8162220;;
Drukarnia P.P.H. ROL-PEX;(68)4581577drukarnia;;
Drukarnia P.P.H. ROL-PEX;(68)3873599hurtownia;;
DRUKPAK Sp. z o.o.;(54)2828200;;
DRUKPAK Sp. z o.o.;(54)2828203;;
EMEKO Tomecki i Płaczek Sp.j.;(42)6892350;;
EMEKO Tomecki i Płaczek Sp.j.;(42)6892355;;
ESTEL s.c. Producent Rolek do Kas Fiskalnych;(33)8184570;;
ESTEL s.c. Producent Rolek do Kas Fiskalnych;(33)4770085;;
FHU SAPT;(22)7732702;;
FHU SAPT;(22)7730073;;
GROMAL Zakład Poligraficzny;(48)3668286;;
GROMAL Zakład Poligraficzny;(48)3605359;;
HANKE TISSUE Sp. z o.o.;(95)7208610-13;;
HANKE TISSUE Sp. z o.o.;(95)7523560;;
Ideal Partner Dorota i Jarosław Dojlidko Sp.j.;(85)7193899;;
Ideal Partner Dorota i Jarosław Dojlidko Sp.j.;(85)7193999;;
JBM SERWIS;609900225;;
JBM SERWIS;667260504;;
KENMIX Witold Matusewicz;(22)4036234;;
KENMIX Witold Matusewicz;601150005;;
KOLOR PAK Sp. z o.o.;(56)4644957;;
KOLOR PAK Sp. z o.o.;(56)4644956;;
LEDAR;(42)6833213;;
LEDAR;(42)6826943;;
MBM-2 Systemy Informatyczne;(91)4163211;;
MBM-2 Systemy Informatyczne;(91)4163537;;
P.H. HALIM Sp.j. A.Bakir, I. i G.Słabosz;(34)3681727;;
P.H. HALIM Sp.j. A.Bakir, I. i G.Słabosz;(34)3614579;;
P.H.U. MHDRUK Maria Skoczeń;(22)3944359;;
P.H.U. MHDRUK Maria Skoczeń;508193274;;
P.P.H.U. Hamlet;(81)5262266;;
PAPEX Hurtownia Papiernicza i Biurowa J.Kozanowski;(62)5021262;;
PAPEX Hurtownia Papiernicza i Biurowa J.Kozanowski;(62)7572607;;
PHU MAKSUR;(42)6484150;;
PHU MAKSUR;(42)6488577;;
PHZ MAWA Sp.j.;(65)5292282;;
PHZ MAWA Sp.j.;(65)5266567;;
Plastiflora Spółka z ograniczona odpowiedzialnością Sp.K.;(42)7161625;;
Plastiflora Spółka z ograniczona odpowiedzialnością Sp.K.;(42)7161627;;
Poliflex Sp. z o.o.;(61)8107594;;
Poliflex Sp. z o.o.;501624301;;
Polskie Centrum Czystości Sp. z o.o. Sp.komandytowa;(71)3346540Biuro;;
Polskie Centrum Czystości Sp. z o.o. Sp.komandytowa;509857772Karol;;
PPH Linex S.c.;(52)3213024;;
PPH Linex S.c.;(52)3457317;;
Prestige Sara Błaszczyk;530936003;;
Producent opakowań kartonowych POLIGRAFIA Ryszard Duma;(75)7753034(zakładprodukcyjny);;
Producent opakowań kartonowych POLIGRAFIA Ryszard Duma;609553144;;
Przedsiębiorstwo Handlowe MAS;(58)3413035;;
ROAN wszystko dla biura;(77)4169552;;
ROAN wszystko dla biura;(77)4160048;;
Spółdzielnia Inwalidów im. Hanki Sawickiej Zakład Pracy Chronionej;(42)6787980;;
Spółdzielnia Inwalidów im. Hanki Sawickiej Zakład Pracy Chronionej;(42)6788522;;
Stowarzyszenie Papierników Polskich;(42)6300117;;
Stowarzyszenie Papierników Polskich;(42)6333566;;
WERNER KENKEL Sp. z o.o.;(65)5331500;;
WERNER KENKEL Sp. z o.o.;(65)5331700;;
Zakład Poligraficzno-Wydawniczy MIKDRUK;602787764;;
Zakład Poligraficzno-Wydawniczy MIKDRUK;(22)7834996;;
ZETA WARSZAWA Sp. z o.o.;(22)8683267;;
ZETA WARSZAWA Sp. z o.o.;(22)8864814;;
3N;(18)5474474;;
3N;790539485;;
Adrex24;(61)6417440;;
Agencja Reklamowa TERAZ;698064001;;
ALIANS PHU;(58)5502032;;
ALIANS PHU;(58)5512818;;
ANMA Jasło;(13)4459088;;
ANN-PAP Anna Duplicka;(22)8944283;;
ANN-PAP Anna Duplicka;501180187;;
ART-DRUK Zakład Poligraficzny Wojciech i Ewa Gałuszka;(41)3034778;;
ART-DRUK Zakład Poligraficzny Wojciech i Ewa Gałuszka;503503201;;
BDB Sp. z o.o.;(61)6661603;;
BDB Sp. z o.o.;(61)2786809;;
Biuroexpres;(12)6425380;;
Biuroexpres;(12)6425381;;
BUD-OPAK Sp.j. Wytwórnia Opakowań Tekturowych;(95)7621620;;
BUD-OPAK Sp.j. Wytwórnia Opakowań Tekturowych;(95)7638076;;
CENTURION OPAKOWANIA Marzena Kabzińska;501004205;;
CENTURION OPAKOWANIA Marzena Kabzińska;(52)3277356;;
COPY SERWIS Mariusz Ciucias;(46)8321212;;
COPY SERWIS Mariusz Ciucias;509330960;;
DESIGN 4 BUSINESS Tomasz Świętorzecki;(85)6759174;;
DESIGN 4 BUSINESS Tomasz Świętorzecki;606129833;;
DORMEX;(22)7812442;;
Drukarnia Euro-Druk S.c.;(71)3922014;;
Drukarnia Euro-Druk S.c.;(71)3924144;;
Firma Handlowo-Usługowa TED Tadeusz Zawadka;(24)2636764;;
Firma Handlowo-Usługowa TED Tadeusz Zawadka;(24)2686630;;
FiVe Tomasz Wiśniewski Wynajem Urządzeń Biurowych;502132123;;
Gajo Sp.j.;(32)3277576;;
GRALUX Sp. z o.o.;(12)4200701;;
GRALUX Sp. z o.o.;(12)4200700;;
Hurtownia MARKER Maciej Jankowski;(62)7661161;;
Hurtownia MARKER Maciej Jankowski;(62)7534612;;
IGOPAK Sp. z o.o. Producent Opakowań Tekturowych;(43)6752014;;
IGOPAK Sp. z o.o. Producent Opakowań Tekturowych;605920390;;
KALANDER Czerpalnia Papieru Katarzyna Bakalarczyk;(32)7259153;;
KALANDER Czerpalnia Papieru Katarzyna Bakalarczyk;(32)3012090;;
KARiM Henryk Kaim;(32)7615680;;
KARiM Henryk Kaim;(32)7615681;;
KARTON-PAK Cieszyn Zbigniew Pieczonka;(33)4796100;;
KARTON-PAK Cieszyn Zbigniew Pieczonka;(33)4796200;;
Kelar Pak;(22)7211593;;
Kelar Pak;(22)7211592;;
KSERO KOMPLEKS;(71)7874141;;
MASTER Jolanta Hirowska;(68)3843395;;
MASTER Jolanta Hirowska;502602737;;
MEWA FPHU Andrzej Woźniak;(14)6480085;;
NC KOPERTY Sp. z o.o.;(87)6154152;;
NC KOPERTY Sp. z o.o.;(87)6154145;;
NIKOLS-KATOWICE;(32)2099605;;
NIKOLS-KATOWICE;(32)7102088;;
P.P.H. TEKMAR;(81)7518341;;
P.P.H. TEKMAR;(81)7518342;;
P.P.H. VEGA Sp. z o.o.;(58)5223737;;
P.P.H. VEGA Sp. z o.o.;(58)5223739;;
PAKFOL – PRODUCENT OPAKOWAŃ FOLIOWYCH;(89)6726754;;
PAKFOL – PRODUCENT OPAKOWAŃ FOLIOWYCH;606163190;;
PAKO - Wyrób i Sprzedaż Opakowań Zbigniew Stanowicki;(89)6265032;;
PAKO - Wyrób i Sprzedaż Opakowań Zbigniew Stanowicki;691517805;;
PAKOS Sp. z o.o.;(44)7552824;;
PAKOS Sp. z o.o.;(44)7553104;;
Parrot-Line Gadomska;(42)6513408;;
Parrot-Line Gadomska;(42)6517068;;
PLOCAD P.P.H.U. Zenon Pawlak;(71)3220160;;
PLOCAD P.P.H.U. Zenon Pawlak;(71)3220162;;
POL STRETCH;505369724;;
POL STRETCH;501442061;;
SPIN Sp. z o.o.;(94)3729432;;
SPIN Sp. z o.o.;(94)3746809;;
Spółdzielnia Inwalidów WARTA;(95)7285800;;
Spółdzielnia Inwalidów WARTA;(95)7285802;;
STARPAP T.Z.A.Woźniak Sp.j.;(41)2740297;;
STARPAP T.Z.A.Woźniak Sp.j.;(41)2758520;;
TALES Sp. z o.o.;(12)4235740;;
TALES Sp. z o.o.;(12)4235782;;
TAMFOL S.c.;(22)6317799;;
TECHGRAF Zakład Poligraficzny;(17)2252869;;
TECHGRAF Zakład Poligraficzny;(17)2252989;;
TECHMAT Jan Krzemiński;(22)6626369;;
UNIPAK Sp.j. Ewa i Tomasz Figwer, Stanisław Hojny;(33)8755330;;
UNIPAK Sp.j. Ewa i Tomasz Figwer, Stanisław Hojny;(33)8706748;;
Wu-eM Transport Dystrybucja Szarańska Cecylia;692926158;;
AllBag;500245599;;
AllBag;888305903;;
Awana Sp. z o.o.;781138236;;
Firma Handlowa Krzysztof Chmiel;534810169;;
Foxnord Sp. z o.o.;(32)7205111;;
Foxnord Sp. z o.o.;660086171;;
A-D S.c. Artykuły Papiernicze D. Bączkowska, A.Thoms;(77)4537510;;
A&B PAPER Ltd Sp. z o.o.;(56)6746190;;
A&B PAPER Ltd Sp. z o.o.;(56)6746191;;
A&G KOPERTY Company Sp. z o.o.;(87)6152105;;
A&G KOPERTY Company Sp. z o.o.;(87)6152106;;
A&G KOPERTY Gołdapska Fabryka Kopert Sp. z o.o.;(22)8880007;;
A&G KOPERTY Gołdapska Fabryka Kopert Sp. z o.o.;(22)6329686;;
ACTIV PAPIER;(58)6800330-31;;
ACTIV PAPIER;(58)6867952;;
AG FIRMA;(61)8768967;;
AG FIRMA;(61)8728137;;
AGE Sp. z o.o.;(22)5322600;;
AGE Sp. z o.o.;(22)5322622;;
Agencja Wydawnicza WiK;(067)2628432;;
Agencja Wydawnicza WiK;(067)2618948;;
AGPAP;(61)6517012;;
AGPAP;503076657;;
AGRA-PLAST opakowania;(42)6508721;;
AGRA-PLAST opakowania;(42)6862152;;
AKACIA Sp. z o.o.;0801055600;;
AKACIA Sp. z o.o.;(58)3331661;;
AKU Sp. z o.o.;(58)7773258;;
AKU Sp. z o.o.;(58)7773259;;
ALMUS Producent Papierów Higienicznych;(12)3881677;;
ALMUS Producent Papierów Higienicznych;(12)3880740;;
ALWA;603358649;;
APIS Sp.j.;(54)2848519;;
APIS Sp.j.;(54)2848520;;
AQUILA Września Sp. z o.o.;(61)6501900;;
AQUILA Września Sp. z o.o.;(61)6501901;;
ARCTIC PAPER POLSKA Sp. z o.o.;(22)2030500;;
ARCTIC PAPER POLSKA Sp. z o.o.;(22)2030505;;
ARS EXPO producent Passe-Partout;(61)8684395;;
ARS EXPO producent Passe-Partout;(61)6231531;;
ART MAGIK;608335865;;
ART-DELFIN Sp.j.;(32)2322377;;
ART-PAP S.c.;(32)2482611;;
ART-PAPIER Czerpalnia Papieru Flawiusz Pietrzyk;(32)2344099;;
ART-PAPIER Czerpalnia Papieru Flawiusz Pietrzyk;(32)2345678;;
ASKO PAPIER Sp. z o.o.;(77)4486701;;
ASKO PAPIER Sp. z o.o.;(77)4486700;;
ATRAM;(29)7642540;;
ATRAM;608635577;;
BAG DRUK Sp.j.;(42)6509133;;
BAG DRUK Sp.j.;(42)6509165;;
BAG PACK;(17)8633654;;
BAG PACK;786816942;;
BART Sp. z o.o.;(052)3800950-53;;
BART Sp. z o.o.;(052)3800954;;
BEATRIX Kurek Jarosław;506065071;;
BEMA Fabryka Płyt Filtracyjnych i Tektury;(75)7136349;;
BEMEL;(22)6637164;;
BEMEL;(22)6636707;;
BEST PAPIER S.c.;(12)4117721-Kraków;;
BEST PAPIER S.c.;(14)6118761-Bochnia;;
BEST Total Sp. z o.o.;(62)7853448Syców;;
BEST Total Sp. z o.o.;665461281;;
Bestem Sp. z o.o.;(068)3847237;;
Bestem Sp. z o.o.;(068)3868543;;
BIM-POL;602809652;;
BIM-POL;510176013;;
Biuro Handlowo-Serwisowe REPROMATIS Sp. z o.o.;(61)8233771;;
Biuro Handlowo-Serwisowe REPROMATIS Sp. z o.o.;501609201;;
BIUROHIT;(33)8513808;;
BIUROHIT;(33)8532023;;
BIZNESDRUK Sp. z o.o.;(12)2629141;;
BLUEPACK Ekskluzywne Torby Reklamowe;(22)3004258;;
BONG Cały Świat Kopert Sp. z o.o.;(22)8993910;;
BONG Cały Świat Kopert Sp. z o.o.;(22)8993917;;
BREWIS;507735555;;
BREWIS;(22)2515992;;
BUD-GAL;(68)3562263;;
BUD-GAL;506171149;;
CALAMUS Piotr Sobiech;698628662;;
Calen;722899933;;
Calendarius;(71)7271831;;
Calendarius;(71)7271832;;
Cartonbox.pl Made by Mateusz Perzyna;600561587;;
Centrum Opakowań BOX Wrocław Sp. z o.o.;(071)7924069;;
Centrum Opakowań BOX Wrocław Sp. z o.o.;(071)3600399;;
Centrum Toreb Papierowych;510099997;;
CLONDALKIN PHARMA AND HEALTHCARE (POLAND) Sp.z o.o.;(81)7455600;;
CLONDALKIN PHARMA AND HEALTHCARE (POLAND) Sp.z o.o.;(81)7455601;;
CONRAD JACOBSON Polska Sp. z o.o.;(91)4403356;;
CONRAD JACOBSON Polska Sp. z o.o.;(91)4403357;;
Convert PL Sp. z o.o.;(65)5751229;;
Convert PL Sp. z o.o.;(65)5751994;;
COPEX;(68)3846317;;
COPEX;(68)3847479;;
Covart.pl;601408335;;
CraftyMoly Karina Torchała;794241737;;
CraftyMoly Karina Torchała;514143274;;
Danczar;(42)2761007;;
Danczar;601134200;;
Decora-Meg;(24)2621671;;
Decora-Meg;511623868;;
DELTA GT Sp. z o.o.;(42)2534533;;
DELTA GT Sp. z o.o.;(42)2534535;;
DIKO;602227152;;
DOM PAPIERU;(042)7140135;;
DOM PAPIERU;(042)7151331;;
Doma Pak;(32)2226357;;
Doma Pak;600027402;;
DUNCAN ZZ Kamil Zabulski;(22)2428159;;
DUNCAN ZZ Kamil Zabulski;535935624;;
Dynamic Sp. z o.o.;(22)8330627;;
Dynamic Sp. z o.o.;(22)8333942;;
e-dyplomy;(25)7596560-61;;
e-dyplomy;(25)7596562;;
Ecolep;(77)4126577;;
Ecolep;601439536;;
Ecopack;(12)4205224;;
Ecopack;500319933;;
EKMAN Polska Sp. z o.o.;(58)6608230;;
EKMAN Polska Sp. z o.o.;(58)6608233;;
EKO PAPER;783368847;;
EKO PAPER;(12)3917304;;
Eko2;(22)7774406;;
EKOPAP;(22)4120411;;
EKOPAP;602338467;;
EMERSON Polska Sp. z o.o. S.K.A.;(44)6490650;;
EMERSON Polska Sp. z o.o. S.K.A.;(44)6490641;;
EUREKA;(89)6448123;;
EUREKA;(89)6448124;;
EUROPACK S.c. M.Gostomski, W.Węsierski;(48)5600799;;
EUROPACK S.c. M.Gostomski, W.Węsierski;(48)5600798;;
EUROPAPIER-IMPAP Sp. z o.o.;(52)3450072;;
EUROPAPIER-IMPAP Sp. z o.o.;(52)3299190;;
EUROPAPIER-IMPAP Sp. z o.o.;(22)3569200;;
EUROPAPIER-IMPAP Sp. z o.o.;(22)3569290;;
EUROPOL E.Bochenek P.Bochenek Sp.j.;(32)2634472;;
EUROPOL E.Bochenek P.Bochenek Sp.j.;(32)2634473;;
EVA;797804810;;
Evan Poland Sp. z o.o.;(22)8271267;;
Evan Poland Sp. z o.o.;(22)8271268;;
EXPOPRINT;(12)4299110;;
EXPOPRINT;(12)4298529;;
Expression Michał Brudny;501317960;;
F.H.P. Arkusz S.c.;(12)2681548;;
F.H.P. Arkusz S.c.;602247944;;
F.H.P.U. PACK-MAR;(62)7472838;;
F.H.P.U. VISATOS S.c.;(62)7421141;;
F.H.U. AGA;(71)3731907;;
F.H.U. BADO;669163118;;
F.H.U. PAPER TRADE;(81)7465417;;
F.H.U. PAPER TRADE;(81)7465418;;
F.P.H.U. FORPAP Sikorski Krzysztof;(050)8365357;;
F.P.H.U. FORPAP Sikorski Krzysztof;507613022;;
F.P.H.U. TRIO Krzysztof Jabłoński;(32)2168222;;
F.P.H.U. TRIO Krzysztof Jabłoński;(32)2168240;;
Fabryka Papieru Czerwonak Sp. z o.o.;(61)6504800;;
Fabryka Papieru Czerwonak Sp. z o.o.;(61)6504822;;
Fabryka Papieru i Tektury BESKIDY S.A.;(33)8735010;;
Fabryka Papieru i Tektury BESKIDY S.A.;(33)8735011;;
FABRYKA PAPIERU KACZORY Sp. z o.o.;(67)2842128;;
FABRYKA PAPIERU KACZORY Sp. z o.o.;(67)3507557;;
Fabryka Papieru Malta-Decor S.A.;(61)8735400;;
Fabryka Papieru Malta-Decor S.A.;(61)8735401;;
Fabryka Papieru Myszków Sp. z o.o.;(34)3137232-handel;;
Fabryka Papieru Myszków Sp. z o.o.;(34)3131022-sekretariat;;
Fabryka Papieru Sp. z o.o.;(75)7130058;;
Fabryka Papieru Sp. z o.o.;(75)7522071;;
Fabryka Tektury NOWA ZIEMIA Sp. z o.o.;(76)8580787;;
FANABERIA Andrzej Dzięcioł;(22)2455500;;
FARRO Sp.j.;(14)6293018;;
FARRO Sp.j.;(14)6293013;;
FH TOM papierowysklep.pl;669188228;;
FH TOM papierowysklep.pl;669188232;;
FILDRUK;(22)3718342;;
FILDRUK;(22)4254276;;
FILMAR GROUP Sp. z o.o.;(22)8101248;;
FILMAR GROUP Sp. z o.o.;(22)8153357;;
Firma Handlowa Moro S.c. Sklep Papierniczy;(18)2012613;;
Firma Handlowa Moro S.c. Sklep Papierniczy;(18)2001997;;
Firma Handlowa OLMAR;(32)6728730;;
Firma Handlowa OLMAR;(32)6728726;;
Firma Handlowo-Usługowa K-S;(12)6447131;;
Firma Handlowo-Usługowa K-S;602788679;;
Firma Handlowo-Usługowa OLIWIA Sklep ScrapArt;505023498;;
Firma JOKER Zygmunt Szarpak;(42)6565655;;
Firma JOKER Zygmunt Szarpak;603709100;;
Firma P&K;(61)8688777;;
Firma P&K;(61)8630688;;
Firma Produkcyjno-Usługowa VELIN;880902651;;
Firma RÓŻA B.;(42)6554867;;
Firma SEPO S.c.;(12)2571276;;
Firma SEPO S.c.;(12)4234164;;
Firma Usługowo-Handlowa ANNA;(61)4261258;;
Firma Usługowo-Handlowa ANNA;606803764;;
FOLEX AG - Przedstawicielstwo w Polsce;(22)6669696;;
FOLEX AG - Przedstawicielstwo w Polsce;(22)6668080;;
FPH BOGNAR;(32)6715648;;
FPH BOGNAR;504699673;;
Full Service Druk Torby Reklamowe;(32)2040142;;
Full Service Druk Torby Reklamowe;(32)2524871;;
GALAGO POLAND Sp. z o.o.;(22)7854460;;
GALAGO POLAND Sp. z o.o.;(22)7854986;;
GALAXO;(24)3663402;;
GALAXO;(24)3656465;;
Gamma Sp. z o.o.;(12)6336586;;
Gamma Sp. z o.o.;(12)6313630;;
GCG Groupe Sp. z o.o.;(94)3180698;;
Geo Papier S.c.;(32)2738397;;
GHAJ Krupiński, Kudela Sp.j.;(87)5665849;;
GHAJ Krupiński, Kudela Sp.j.;(87)5666812;;
Głuchołaskie Zakłady Papiernicze Sp. z o.o.;(77)4391915;;
Głuchołaskie Zakłady Papiernicze Sp. z o.o.;(77)4391911-12;;
GoldFang;601956892;;
GRACJA - hurtownia galanterii papierniczej i artykułów dekoracyjnych;(61)8523861;;
GRACJA - hurtownia galanterii papierniczej i artykułów dekoracyjnych;(61)8523860;;
Grupa Lambda Sp. z o.o. Dystrybucja Sp.komandytowa;(61)8131402;;
Grupa Lambda Sp. z o.o. Dystrybucja Sp.komandytowa;(61)8130287;;
HB Gniewek Handel Artykułami Przemysłowymi Bernadeta Gniewek;(18)4464096;;
HB Gniewek Handel Artykułami Przemysłowymi Bernadeta Gniewek;(18)4778444;;
HOLDING DOMATOR S.A.;(32)2851846;;
HOLDING DOMATOR S.A.;(32)2855715;;
Hoomark Sp. z o.o.;(75)7756235;;
Hoomark Sp. z o.o.;(75)7719530;;
Hurtownia Papiernicza ABIS;(68)3842919;;
Hurtownia Papiernicza MIKRO;(18)5474243;;
Hurtownia Papiernicza SOWA Sp. z o.o.;(91)5781810;;
Hurtownia Papiernicza SOWA Sp. z o.o.;(91)5790280;;
Hurtownia Papieru RADOMIX Sp.j.;(34)3170669;;
Hurtownia Papieru RADOMIX Sp.j.;(34)3192023;;
Hurtownia SENEKS;(12)2674172;;
Hurtownia SENEKS;(12)2601228;;
Hurtownia SP-ART Maria Walotek;608313666;;
Hurtownia SP-ART Maria Walotek;(32)2323312;;
IGEPA Polska Sp. z o.o.;(12)6392400;;
IGEPA Polska Sp. z o.o.;(12)6392419;;
INPOL-PAPIER Sp. z o.o.;(32)4500400;;
INPOL-PAPIER Sp. z o.o.;(32)4500499;;
Intelpap Jerzy Borowiec;(22)8944110;;
Intelpap Jerzy Borowiec;(22)8165106;;
INTER Papier Polska;(62)7912607;;
INTER Papier Polska;(62)7912608;;
INTERDRUK S.A.;(22)5816010;;
INTERDRUK S.A.;(25)6841000;;
International Paper–Kwidzyn Sp. z o.o.;(55)2798000;;
International Paper–Kwidzyn Sp. z o.o.;(55)2798451;;
Interprint Sp. z o.o.;(42)6832242;;
Interprint Sp. z o.o.;(42)6832220;;
Intro-Pol;(033)8454344;;
Intro-Pol;(033)8455654;;
IVEDO;510875900;;
Jaka Cards Artystyczna Pracownia Papieru;698154538;;
JANBIS HURTOWNIA KART OKOLICZNOŚCIOWYCH;(042)6539454;;
JUREX;(55)2370814;;
K&M Grupa Sp. z o.o.;(61)8975106-07;;
K&M Grupa Sp. z o.o.;(61)8186418;;
KOMGRAF;(85)6672258;;
KOMGRAF;609461330;;
KOMPAP S.A.;(55)2791971;;
KOMPAP S.A.;(55)2791978;;
KONSTANS Sp. z o.o.;(22)7156000;;
KOPERTIM Warszawa;(22)8472752;;
KOPTIM Kinga Tomczak-Gołowicz;(94)3727377;;
KOPTIM Kinga Tomczak-Gołowicz;784060324;;
Krakowskie Zakłady Wyrobów Papierowych TREFL KRAKÓW Sp. z o.o.;(12)6304401;;
Krakowskie Zakłady Wyrobów Papierowych TREFL KRAKÓW Sp. z o.o.;(12)6334467;;
Kukartka;(61)6245600;;
Kukartka;(61)6245611;;
Kwadrat&Baas;(42)6760639;;
L&L International Sp. z o.o.;608404801;;
L&L International Sp. z o.o.;608404812;;
LAKFOL S.c.;(33)8100440;;
LAKFOL S.c.;502676749;;
LAMIX;(95)7517000;;
LAMIX;(95)7517009;;
LANEX Hurtownia Papieru i Opakowań;(061)8471559;;
LBB Papier Sp. z o.o.;(48)6163153;;
LBB Papier Sp. z o.o.;(48)6163626;;
LEADER Zofia Kania;(61)6614808;;
LEADER Zofia Kania;(61)6615639;;
LILLADECOR Kreatywne Studio;730330082;;
LIME Sp. z o.o.;(12)3908081;;
LOGISPAK;(94)3652707;;
LOGISPAK;609469111;;
LOGO;(58)6719324;;
LOGO;(58)6794723;;
LOGOS Producent Kopert oraz Druk i Reklama;(12)2741419;;
LOGOS Producent Kopert oraz Druk i Reklama;(12)2740335;;
Mariopack;530558632;;
Mariopack;507710152;;
Mariposa;503107483;;
Mariposa;507014080;;
MARMI;(058)6241956;;
MARMI;501852699;;
Mawo Cores Sp. z o.o.;(77)4113447;;
Mawo Cores Sp. z o.o.;(77)4113448;;
MELBA Przedsiębiorstwo Produkcji, Handlu i Usług;(12)6332184;;
MELBA Przedsiębiorstwo Produkcji, Handlu i Usług;603103863;;
MEWA Sp. z o.o.;(22)6465200;;
MEWA Sp. z o.o.;(22)6465201;;
MILA PAPIER Sp. z o.o.;781502040;;
MILA PAPIER Sp. z o.o.;(95)7299479;;
MITO Sp. z o.o. Tomasz Świergalski;(22)6429211;;
MITO Sp. z o.o. Tomasz Świergalski;501700325;;
Mondi Świecie S.A.;(52)3321000;;
MULTIPAP Sp. z o.o.;(61)6619225;;
MULTIPAP Sp. z o.o.;(61)8674450;;
NAETTE;691099761;;
Nanoeco Professional;506002233;;
Nanoeco Professional;881292233;;
NekaDesign;601069229;;
NETUNO;(44)7380404;;
NETUNO;(44)7380405;;
NIKOS;664322357;;
NIKOS;(68)4141699;;
Nisko Latające Anioły Sklep Internetowy galeriapapieru.com.pl;508240565;;
NJ Jadwiga Księżyk;(95)7500061;;
NJ Jadwiga Księżyk;513172242;;
NOELKEN Sp. z o.o.;(75)7380500;;
NOELKEN Sp. z o.o.;(75)7380511;;
OMEKO;(12)2620101;;
OMEKO;(12)2620200;;
Omm-Oszer;(12)3953837;;
Omm-Oszer;694971737;;
Opako-Plast Sp.j.;(023)6723080;;
Opako-Plast Sp.j.;(023)6711414;;
P.H. DOBIS Sp. z o.o.;(17)8514902-05;;
P.H. DOBIS Sp. z o.o.;(17)8515010;;
P.H. DRUKPEX Katarzyna Sznajderowska, Lidia Sznajderowska;(68)3858212;;
P.H. DRUKPEX Katarzyna Sznajderowska, Lidia Sznajderowska;(68)3853218;;
P.H. Papirus Sp. z o.o.;(52)3258030;;
P.H. Papirus Sp. z o.o.;(52)3258034;;
P.H.P.U. KOCH-POL;(77)4134201;;
P.H.P.U. KOCH-POL;602301496;;
P.H.U. BIURO-BART;(089)7621515;;
P.H.U. BIURO-BART;(089)7621516;;
P.H.U. Edmel Papier Sp.j.;(76)8523205-06;;
P.H.U. FOLTRANS;605563152;;
P.H.U. Metro;(32)7676655;;
P.H.U. Stasiarczyk;(22)7318558;;
P.H.U. Stasiarczyk;(22)7252033;;
P.H.U.P. DAMARCO;(71)3725587;;
P.P. Martom;(42)2980021;;
P.P. Martom;502655322;;
P.P.H. BARTEX;609981305;;
P.P.H. Polkork S.A.;(61)8793315;;
P.P.H. Polkork S.A.;(61)8793244;;
P.P.H.U. ASIA;603661867;;
P.P.H.U. ASIA;(89)6487406;;
P.P.H.U. Jar-Pol Chechelska Lucyna;501591661;;
P.P.H.U. Jar-Pol Chechelska Lucyna;(32)6141651;;
P.P.H.U. MARCO;(63)2802041;;
P.P.H.U. MARCO;(63)2802040;;
P.P.H.U. MARIA - Maria Kolenda;(62)7336155;;
P.P.H.U. MARIA - Maria Kolenda;(62)5927474;;
P.P.H.U. Profix Grzegorz Krynicki;(54)2339530;;
P.P.H.U. Profix Grzegorz Krynicki;601635153;;
P.P.H.U. SARA;(71)3739290;;
P.P.H.U. SARA;504981454;;
P.P.U. ALLO Sławomir Zdziubany;(42)6514087;;
P.P.U.H. GEOFOLMARK;(22)8386833;;
P.P.U.H. GEOFOLMARK;(22)6368316;;
P.P.U.H. WOR-PAK Sp. z o.o.;(34)3577098;;
P.P.U.H. WOR-PAK Sp. z o.o.;(34)3577000;;
P.U.P.H. Papirus Bis Sp.j.;(52)3314595;;
P.U.P.H. Papirus Bis Sp.j.;(52)5243942;;
P.U.P.H. REMI;515273381;;
P.W. Maksim Sp. z o.o.;(61)6631620;;
P.W. Maksim Sp. z o.o.;(61)6617802;;
P.W. WE-ZA Galanteria Papiernicza;(52)3466022;;
P&W BRIDGE Sp. z o.o. (dawne: BOKK-net Polska Sp. z o.o.);(32)6473310-11;;
P&W BRIDGE Sp. z o.o. (dawne: BOKK-net Polska Sp. z o.o.);(32)7500434;;
Pack Consulting Sp. z o.o.;(42)6734777;;
PACKPROFIL Sp. z o.o.;(77)4004350;;
PACKPROFIL Sp. z o.o.;(77)4611485;;
PADMA ART.;(87)6437089;;
PAK-MOT Zakład Produkcyjno Handlowo Usługowy;(34)3219698;;
PANTA Sp. z o.o.;(42)6123500;;
PANTA Sp. z o.o.;(42)6123581;;
Paper Team Poland Sp. z o.o.;(61)8140040;;
PaperConcept;(22)8384604;;
PaperConcept;664939886;;
PAPETERRA Sp. z o.o.;(22)7430922;;
PAPETERRA Sp. z o.o.;(22)7522837;;
PAPIER NA JATKACH;(71)3444116;;
Papier Plus S.c.;(44)6332251;;
Papier Serwis J. Żamojda, D. Gryko Sp.j.;(085)7418811;;
Papier Serwis J. Żamojda, D. Gryko Sp.j.;504053457;;
PAPIER Sp. z o.o.;(42)6372963;;
PAPIER Sp. z o.o.;(42)6328580;;
PAPIER Sp. z o.o.;(61)6520000;;
PAPIER Sp. z o.o.;(61)6543610;;
PapierDekoracyjny.pl;(12)3953837;;
PapierDekoracyjny.pl;694971737;;
PAPIERKOWO;(22)2414577;;
PAPIERKOWO;607093651;;
PapierLine.pl;(17)7837452;;
PapierLine.pl;696085218;;
PAPIERNIA papier ręcznie czerpany;(61)8283418;;
PAPIERNIA papier ręcznie czerpany;693737840;;
Papierotechnika Sp. z o.o.;(32)3831650;;
Papierotechnika Sp. z o.o.;(32)3831651;;
PAPIRUS;(32)2152447;;
PAPIRUS;(32)2158680;;
Papyrus Sp. z o.o.;(22)4490201;;
Papyrus Sp. z o.o.;(22)4490200;;
PARTNER Monika Zapendowska;(22)8311301;;
PARTNER Monika Zapendowska;(22)6352211;;
Partner XXI Sp. z o.o.;(22)2506400-Warszawa;;
Partner XXI Sp. z o.o.;(22)2506401-Warszawa;;
PEN ARTE-Sklep Papierniczo-Zabawkarski Jerzy Zarzycki;(22)8316458;;
PEN ARTE-Sklep Papierniczo-Zabawkarski Jerzy Zarzycki;604434408;;
Pfluger Koperty Sp. z o.o.;(12)2520200;;
Pfluger Koperty Sp. z o.o.;(12)2520202;;
PHP KAJM Kadela Andrzej;(077)4219282;;
PHP KAJM Kadela Andrzej;601920986;;
PHU ORO-KARTON;(13)4455522;;
PHU WO-KART;(85)6642300;;
PHU WO-KART;606139985;;
Plakat Polski;(022)8319843;;
Plakat Polski;(022)8413800;;
Pleszewskie Zakłady Papiernicze S.A.;(62)5080101;;
Pleszewskie Zakłady Papiernicze S.A.;(62)5080090;;
Pol-Net-Paper;602441718;;
Pol-Net-Paper;519719985;;
POLIGRAF;(95)7850948;;
POLIGRAF;(95)7206446;;
POLPAPERPLUS;(12)6410686;;
POLPAPERPLUS;(12)6410768;;
Polpapier S.c.;(91)8846020;;
Polpapier S.c.;504719709;;
PPH MAKRAMAX;(22)6109138;;
PPH MAKRAMAX;602678312;;
PPHU Arcus Dariusz Sobik;(32)7373087;;
PPHU Arcus Dariusz Sobik;604274487;;
PPHU Art-Atak;691169076;;
PPHU Art-Atak;667994897;;
PPHU HS Jerzy;(77)4250130;;
PPHU HS Jerzy;(77)4250131;;
PPHU MM PACK;(24)2858511;;
PPHU MM PACK;(24)2858072;;
PPU ELTA Sp.j.;(22)7841152;;
PPU ELTA Sp.j.;(22)7749873;;
PPU INPO;(42)2796443;;
PPU INPO;(42)2884000;;
PRECO LOGIC Maciej Mazur Sklep Internetowy Ecocorner.pl;608633767;;
PRODRYN Ryszard Steć;(32)2676210;;
PRODRYN Ryszard Steć;(32)2673725;;
Producent Toreb Ekologicznych Papierowych EKO-UE;512399033;;
Producent Toreb Ekologicznych Papierowych EKO-UE;502412427;;
Producent Wyrobów Papierniczych JACK-POL;(71)3033036;;
Producent Wyrobów Papierniczych JACK-POL;(71)3133861;;
Produkcja Galanterii Papierniczej HAS Sławomir Skórka;(22)8948214;;
Produkcja Galanterii Papierniczej HAS Sławomir Skórka;602333783;;
Przedsiębiorstwo Handlowe PAPIER-HURT;(22)5770830;;
Przedsiębiorstwo Handlowe PAPIER-HURT;(22)8865252;;
Przedsiębiorstwo Importowe PAPIRUS;(61)6707016;;
Przedsiębiorstwo Importowe PAPIRUS;(61)8518136;;
Przedsiębiorstwo Produkcyjno Handlowe MAGMA S.c.;(62)7847506;;
Przedsiębiorstwo Produkcyjno Handlowo Usługowe PAKARD;(22)7871289;;
Przedsiębiorstwo Produkcyjno-Handlowe ELTA Sp. z o.o.;(22)7810452;;
Przedsiębiorstwo Produkcyjno-Handlowe ELTA Sp. z o.o.;(22)7819903;;
Przedsiębiorstwo Produkcyjno-Handlowe FAX-POL;(52)3421537;;
Przedsiębiorstwo Produkcyjno-Handlowe FAX-POL;(52)3616505;;
Przedsiębiorstwo Usługowo-Handlowe NAWARR;(34)3130034;;
Przedsiębiorstwo Usługowo-Handlowe NAWARR;(34)3130945;;
Przedsiębiorstwo VIRGO;502770734;;
Przedsiębiorstwo Wielobranżowe ATM Sp.j.;(95)7524030;;
Przedsiębiorstwo Wielobranżowe ATM Sp.j.;(95)7210602;;
Przedsiębiorstwo Wielobranżowe FORMATEX Lewandowscy Sp.j.;(34)3607201;;
Przedsiębiorstwo Wielobranżowe FORMATEX Lewandowscy Sp.j.;(34)3607212;;
PUH INTER BOJA;(22)7806727;;
PUH INTER BOJA;(22)7809157;;
QUO VADIS Polonia Sp. z o.o.;(61)8658068;;
QUO VADIS Polonia Sp. z o.o.;(61)8658423;;
REDIS;(33)8142907;;
REDIS;602479898;;
REMAX Renata Postolska;515328004;;
REMAX Renata Postolska;505760268;;
REMPAP Sp. z o.o.;(61)6619225;;
REMPAP Sp. z o.o.;(61)8674450;;
REPROTECH Leszek Dzieński;(14)6300487;;
REPROTECH Leszek Dzieński;(14)6300486;;
ROL TOL Przedsiębiorstwo Papiernicze Główka, Trela Sp.j.;(42)2121237;;
ROL TOL Przedsiębiorstwo Papiernicze Główka, Trela Sp.j.;(42)6632060;;
Rol-Papier Sp.j. - Konfekcjonowanie Papieru, Bibuły;(95)7525272;;
ROL-TECH;(059)8425362;;
ROL-TECH;694438082;;
Roll-Pap Sylwia Domagalska;(91)4891482;;
Roll-Pap Sylwia Domagalska;694629949;;
Rosa;(77)4311284;;
Rosa;601362131;;
Salon Papierów Ozdobnych;(32)2588595;;
Salon Papierów Ozdobnych;(32)2598948;;
SAP Ppuh W.Techmańska i W.Techmański;(58)6216633;;
SAP Ppuh W.Techmańska i W.Techmański;(58)6615241;;
SAWANA Hurtownia Papieru i Opakowań Dominiak Hanna;(65)5299787;;
SERVUS;(22)7579828;;
SERVUS;511816518;;
Shorewood Poland Sp. z o.o.;(56)6785288;;
Sigma Sp. z o.o.;(34)3435189;;
Sigma Sp. z o.o.;602239312;;
Sklep Internetowy SCRAP PASJA;519757346;;
Sklep KLEKS;(022)8468695;;
Sklep KLEKS;(022)8680081;;
Sklep Papierniczy - STUDENT;(58)3415039;;
Sklep Papierniczy A4 - Skład Farb i Papieru;(42)6302007;;
Slubnezaproszenia.info;(41)3441147;;
Slubnezaproszenia.info;(41)3444697;;
Sortima;(22)3312200;;
Sortima;(22)3310555;;
Spółka Produkcyjno-Handlowa IMA Sp.j.;509963873;;
Spółka Produkcyjno-Handlowa IMA Sp.j.;(58)6711148;;
SRW Ogar & ArtMedia Studio;(071)3102998;;
SRW Ogar & ArtMedia Studio;508098586;;
ST-PRODUKT;(067)2616429;;
ST-PRODUKT;605943503;;
STIM;(67)2650533;;
STUDIO EFEKT Sp.j.;(17)2216688;;
Tawex Jan Wicher;(61)2920845;;
Tawex Jan Wicher;606954827;;
TEKTOPAK;795288024;;
TEKTRA Producent Tektury i Opakowań;668259675;;
TEKTRA Producent Tektury i Opakowań;666842732;;
Tektura Opakowania;(034)3276709;;
Tektura Opakowania;606710822;;
Tektura Opakowania Papier S.A.;(32)3257300;;
Tektura Opakowania Papier S.A.;(32)2198065;;
Time Line Poland S.c.;(22)3714028;;
Time Line Poland S.c.;(22)8452288;;
TOMPLA KOPERTY Sp. z.o.o.;(61)4253636;;
TOMPLA KOPERTY Sp. z.o.o.;(61)4252266;;
TORBY PAPIEROWE Marek Baranowski;(22)8338793;;
TORINO Grzegorz Świtała;692778503;;
TORIS Papier Koszalin;(94)3416923;;
TORIS Papier Koszalin;(94)3416932;;
Ulisses;(034)3615944;;
Ulisses;603930911;;
UNI FORMAT Jagielak i Wspólnicy Sp.j.;(42)6491022;;
UNI FORMAT Jagielak i Wspólnicy Sp.j.;722143649;;
UNI-ARS;(22)7804736;;
Vector Trading koperty24.pl;(22)3744003;;
Vector Trading koperty24.pl;(22)4357227;;
VIS Ewa Sylwia Kaczmarek;511372820;;
Walpex Sp. z o.o.;518855733;;
Walpex Sp. z o.o.;502159479;;
Warter Sp.j.;(22)7568530;;
Warter Sp.j.;(22)8854400;;
WELMAX PAPER Sp. z o.o.;(83)3530383;;
WELMAX PAPER Sp. z o.o.;(83)3530410;;
Wielobranżowa Firma Handlowa Aneta Kasprzak, Waldemar Kasprzak Sp.j.;(52)3271827;;
Wielobranżowa Firma Handlowa Aneta Kasprzak, Waldemar Kasprzak Sp.j.;(52)3209692;;
WRÓBEL - Produkcja Artykułów Papierniczych;(014)6513220;;
WRÓBEL - Produkcja Artykułów Papierniczych;601084084;;
Wydawnictwo i Drukarnia POLIGRAFIX S.c.;501075329;;
Wydawnictwo i Drukarnia POLIGRAFIX S.c.;(12)4128231;;
Wydawnictwo NEW ART Sklep Internetowy Lampiony24.pl;505009787;;
Wytwórnia Wyrobów Papierowych WORWO Sp. z o.o.;(56)6890800;;
Wytwórnia Wyrobów Papierowych WORWO Sp. z o.o.;(56)6890801;;
WZ Eurocopert Sp. z o.o.;(94)3724811;;
WZ Eurocopert Sp. z o.o.;(94)3723478;;
YAGRA Przedsiębiorstwo Handlu Zagranicznego;(42)6787093;;
YAGRA Przedsiębiorstwo Handlu Zagranicznego;(426787056;;
Z.P.H. ARO;(55)2782498;;
Z.P.H. ARO;(55)2780160;;
Z.P.U.H. EKOtuleje;(55)2783615;;
Z.P.U.H. EKOtuleje;501403298;;
Z.U.P.H. JOLPAP;501658777;;
Z.U.P.H. JOLPAP;(34)3192257;;
Zakład Produkcyjno-Handlowy ANGALO;(25)7985560;;
Zakład Produkcyjno-Handlowy ANGALO;(25)7983323;;
ZET ZET;(22)8463018;;
ZET ZET;606995883;;
ZHUP AiA Drukarnia Producent Opakowań;(33)8752332;;
ZHUP AiA Drukarnia Producent Opakowań;(33)8702576;;
Zing Sp. z o.o.;(12)6843980;;
Zing Sp. z o.o.;(12)6843981;;
Zinto Paper Bags;665787832;;
Żywieckie Zakłady Papiernicze SOLALI S.A.;(33)8620831;;
Żywieckie Zakłady Papiernicze SOLALI S.A.;(33)8620888;;
MD LABELS Jasiński Sp.komandytowa;782464242;;
MD LABELS Jasiński Sp.komandytowa;(62)7532188;;
Sklep Papierniczy Biur-Art.pl;502455445;;
1K Katarzyna Gawryś;(22)6791803;;
1K Katarzyna Gawryś;(22)6791438;;
4 WRAP;(42)6824255;;
4 WRAP;603919590;;
A.H.U. ATUT;(58)3021195;;
ABACUS Jakub Krawczyk;(22)7226576;;
ABACUS Jakub Krawczyk;602231303;;
ABCbiura.pl;(22)6110051;;
ABCbiura.pl;(22)6736045;;
ADMEL Adam Melnarowicz;783997009;;
ADMEL Adam Melnarowicz;723062434;;
AG-RAFF Producent Opakowań na Prezenty;(71)3117300;;
AG-RAFF Producent Opakowań na Prezenty;600431906;;
AGAWA.PL Sp. z o.o.;(44)7251761;;
AGAWA.PL Sp. z o.o.;(44)7261500;;
Agencja Handlowa ARS Agnieszka Bielasiewicz;(58)7199093;;
Agencja Handlowa ARS Agnieszka Bielasiewicz;501706707;;
Agencja Poligraficzno-Handlowa APOL Jolanta Niewęgłowska;(83)3520564;;
Agencja Poligraficzno-Handlowa APOL Jolanta Niewęgłowska;502628710;;
Aglo Dwa Aleksander Wojtyński;(22)7517471;;
Aglo Dwa Aleksander Wojtyński;(22)7517472;;
AGROJANAS Sp. z o.o.;(56)6547394;;
AGROJANAS Sp. z o.o.;(56)6548675;;
AJK Wielkopolskie Centrum Opakowań Kamil Kowalski;(62)7673867;;
AJK Wielkopolskie Centrum Opakowań Kamil Kowalski;(62)7673857;;
AKMES;(22)8100515;;
AKMES;(22)7409041-42;;
ALBERO S.c.;(58)5506828;;
ALBERO S.c.;535638888;;
ALCARD Szczepan Jułga;607402400;;
Aletofajne E. Bartela Sp.j.;517432754;;
Alken Sp. z o.o.;(76)8196622;;
Alken Sp. z o.o.;(76)8196672;;
ALL-PAK;535988688;;
ALPAP Sp. z o.o.;(22)8434621;;
ALPAP Sp. z o.o.;(22)8478642;;
AMA TRADING COMPANY Małgorzata Jabłońska-Nowak Sp.j.;(22)8321754;;
AMA TRADING COMPANY Małgorzata Jabłońska-Nowak Sp.j.;(22)8339229;;
AMAC Andrzej Cendrowski;(22)6523330;;
Amed Service;(41)3621517;;
Amed Service;602691401;;
AMIK;(61)8259291;;
AMIK;(61)8231122;;
AMPAK;(71)7277086;;
AMPAK;501235173;;
AMPAP Materiały Biurowe;(61)8483699;;
AMPAP Materiały Biurowe;(61)8483837;;
Andor Pack;(22)6778000;;
Andor Pack;(22)6778001;;
ANIPOL;(61)6531122;;
ANIPOL;(61)6531123;;
APJ Profesjonalny Serwis Biurowy;(22)2402032;;
APJ Profesjonalny Serwis Biurowy;518720120;;
Apostrof Sp. z o.o. - Sklepy ZYGZAK;(22)4893966;;
Art Studio Reklama i Poligrafia;(23)6920285;;
Art Studio Reklama i Poligrafia;504573041;;
Artemio Studio - usługi graficzne, strony internetowe, reklama;602373660;;
ArtHole - Sklep Internetowy PSIAKREW;602212611;;
ARTPAP Centrum Druku Wielkoformatowego;(86)2165462;;
ARTPAP Centrum Druku Wielkoformatowego;510026381;;
Artykuły Papiernicze Hurtownia PAPMAR;(32)2617547;;
ARTYZAN - Hurtownia i Sklep Internetowy KREATYWNE MALUCHY;(32)6239257;;
ARTYZAN - Hurtownia i Sklep Internetowy KREATYWNE MALUCHY;784985625;;
ASTRAPACK-Torby Papierowe i Maszyny Pakujące;501759077;;
ATEKO;(32)3509820;;
ATEKO;(32)2527007;;
ATENEUM Sp. z o.o. S.K.;(12)2637373;;
ATENEUM Sp. z o.o. S.K.;(12)2637070;;
ATK-Opakowania;(33)4841860-63;;
AUTO-TOPP TOPREX;501547367;;
Baj-Pros Eko Sp. z o.o.;(22)4634683;;
Baj-Pros Eko Sp. z o.o.;(22)4634697;;
BAJ-PROS Sp. z o.o.;(22)4634680;;
BAJ-PROS Sp. z o.o.;(22)4634522;;
BALOT;(61)8980960;;
BALOT;607553220;;
BARBO Transport i Produkcja;(71)3923774;;
BARBO Transport i Produkcja;(71)3923775;;
BAYER-PACK;(91)4344310;;
BAYER-PACK;601796907;;
BB-Tech;(68)4587550;;
BB-Tech;509341871;;
BEA Sp. z o.o.;(22)7816650;;
BEA Sp. z o.o.;(22)7628145;;
BELLERPACK BELLERDRUK Sp. z o.o.;(52)3731181;;
BELLERPACK BELLERDRUK Sp. z o.o.;(52)3793340;;
BIGO Szałwińscy S.c.;(87)6430616;;
BIGO Szałwińscy S.c.;607764124;;
Bille-Polska;(91)3507232;;
Bille-Polska;(91)3507231;;
BIOKSER Biuro Usług Poligraficznych;(42)6364800;;
BIOKSER Biuro Usług Poligraficznych;602674886;;
BIPROPAP Sp. z o.o.;(042)6339423;;
BIPROPAP Sp. z o.o.;(042)6335255;;
Biuro - Service S.c. Wiesław Siwiec & Agnieszka Niemkowicz;(91)8121131;;
Biuro - Service S.c. Wiesław Siwiec & Agnieszka Niemkowicz;(91)8121132;;
Biuro 2000;(22)8633126;;
Biuro Em-Jot S.c.;(41)3450596;;
Biuro Handlu Zagranicznego HOFFMANN;(52)3734212;;
Biuro Handlu Zagranicznego HOFFMANN;606994635;;
Biuro Partner;(14)6864756;;
Biuro Partner;(14)6849422;;
BIURO PLUS;(12)2964524;;
Biuro-LAND Sp. z o.o.;(32)3172734;;
Biuro-LAND Sp. z o.o.;(32)3172714;;
Biuronet.com;(22)6700802;;
Biuronet.com;(22)2668804;;
Biuroserwis Alfa;(65)5299987;;
Biuroserwis KAŁAMARZ;(91)4539436;;
Biuroserwis KAŁAMARZ;(91)4211752;;
BiuroVita Sp. z o.o.;(71)3773777;;
BiuroVita Sp. z o.o.;(71)3773775;;
CENTRO PAK;(32)2466001;;
CENTRO PAK;(32)2466018;;
Centrum Dystrybucji WAKAT Kazimierz Krasiński, Wiesław Krasiński Sp.j.;(58)3016171;;
Centrum Dystrybucji WAKAT Kazimierz Krasiński, Wiesław Krasiński Sp.j.;(58)3019004;;
Centrum Papiernicze GRUPA TONER;(74)8311676;;
Centrum Papiernicze GRUPA TONER;(74)8311477;;
CETUS-BIS;(54)4137292;;
CLEAN FORCE;698239250;;
CLEAN FORCE;533273239;;
Combinath Sp.j.;(56)6513296;;
Combinath Sp.j.;(56)6514173;;
COMBO Sp. z o.o.;(32)2066029;;
Correct E.Mikas, J.Mikas Sp.j.;(43)8232824;;
Correct E.Mikas, J.Mikas Sp.j.;(43)8246642;;
CREATIVE MAIL;602665700;;
CREATIVE MAIL;(61)8177859;;
Crosart;(13)4409212;;
Crosart;(13)4409253;;
CROSS-PACK Producent Opakowań z Tektury;501503430;;
CZEC Księgarnia Kaszubsko-Pomorska;(51)6572503;;
DAB Bednarz i Wspólnicy Sp.j.;(17)8635675;;
DAB Bednarz i Wspólnicy Sp.j.;(17)8635248;;
DAN-MARK Joanna Danys;(71)3769300;;
DAN-MARK Joanna Danys;(71)3769301;;
Dorpack Sp.j. TORBY PAPIEROWE;(22)6781850;;
Dorpack Sp.j. TORBY PAPIEROWE;(22)6782579;;
Duda-Pak Beata Duda;(42)6588869;;
Easy-Pack S.c.;(22)7302279;;
ECO CHEM;(61)6243759;;
ECO CHEM;(61)6242923;;
Eco Fix Sp. z o.o.;(74)8408266;;
ekalendarze24.pl - produkcja i druk kalendarzy;616617086;;
ekalendarze24.pl - produkcja i druk kalendarzy;502041134;;
EKO-PAK Zakład Produkcji Opakowań z Tektury;(56)4939517;;
EKO-PAK Zakład Produkcji Opakowań z Tektury;(56)4939584;;
EKOGRAF;(91)4222400;;
ELFI Hurtownia Zabawek i Art. Papierniczych;(81)7441145;;
ELFI Hurtownia Zabawek i Art. Papierniczych;515061065;;
ELMAR PAPIER Sp. z o.o.;(61)6530058;;
ELMAR PAPIER Sp. z o.o.;(61)8750351;;
ELTE Sp. z o.o.;(91)3124191;;
ELTE Sp. z o.o.;(91)3124198;;
EMBIPOL;(71)3112438;;
EMBIPOL;(71)3112466;;
EMU S.A.;(61)8676611-13;;
EMU S.A.;(61)8678396;;
Enveloper Profesjonalna Drukarnia Kopert;(61)6227800;;
Enveloper Profesjonalna Drukarnia Kopert;601461980;;
ESPACK;(52)3313435;;
ESPACK;(52)5223309;;
ESTO Sp. z o.o.;(95)7461511;;
EURO-PAPER Sp.j.;(56)4775458;;
EURO-PAPER Sp.j.;(56)4775457;;
EUROBOX Polska Sp. z o.o.;(44)7341001;;
EUROBOX Polska Sp. z o.o.;(44)7341010;;
EUROMEX Sp. z o.o.;(43)6753800;;
EUROMEX Sp. z o.o.;695735304;;
EUROSTICK;(22)7383460-61;;
EUROSTICK;(22)7383468-69;;
EVCOM-TRADE Minerals Sp. z o.o.;896707777;;
Extrema Urszula Stach;(012)4261220;;
F.H. BIURO-HURT;(42)2157426;;
F.H. BIURO-HURT;(42)2274836;;
F.H. Iwona Otręba;(32)6776683;;
F.H. Iwona Otręba;519544564;;
F.H. KEWAN Hurtownia Artykułów Papierniczych;(63)2457353;;
F.H. KEWAN Hurtownia Artykułów Papierniczych;(63)2438110;;
F.H. WIŚNIEWSCY;(94)3540835;;
F.H. WIŚNIEWSCY;509907465;;
F.H.P. MAJA;(32)7803494;;
F.H.U. DEKOR Maciej Grabiński;608380854;;
F.H.U. DEKOR Maciej Grabiński;(58)3468880;;
F.H.U. DeMI Hurtownia Artykułów Biurowych i Papierniczych S.c.;(18)5405550;;
F.H.U. DeMI Hurtownia Artykułów Biurowych i Papierniczych S.c.;(18)2013875;;
F.H.U. HANKOPOL Marek Hańko;(32)3559030-32;;
F.H.U. HANKOPOL Marek Hańko;(32)2039770;;
F.H.U. Ksawa;(14)6423925;;
F.H.U. Ksawa;791877771;;
F.H.U. MICHAŁEK Łukasz Michałek Papierowedrobiazgi.pl;663404303;;
F.P.H.U. EKO-PAK Bożena Rybka;(52)3561170;;
F.P.H.U. EKO-PAK Bożena Rybka;(52)5672909;;
F.P.H.U. MONIKA;792520586;;
F1 Artykuły do Produkcji Reklam;(63)2450594;;
F1 Artykuły do Produkcji Reklam;602265533;;
Fax-Pol Radosław Kozłowski;(43)6781381;;
Fax-Pol Radosław Kozłowski;601930236;;
FHU CENSUS Jacek Kaczmarek;663501858;;
FHU CENSUS Jacek Kaczmarek;691806428;;
FHU KALINEX;501437439;;
FILER Gabryela Rzechowska Sklep Internetowy filer.com.pl;664588411;;
Fimar Marek Fiks;(42)6342335;;
Firma DSP;(32)7501779;;
Firma DSP;500198364;;
Firma Handlowa M.M;(12)4251145;;
Firma Handlowa PLAS-MAX;(46)8325842;;
Firma Handlowa PLAS-MAX;(46)8333399;;
Firma Handlowa RO Sp.j.;(12)6563852;;
Firma Handlowa TOMEX;(41)3751388;;
Firma Handlowa TOMEX;604755533;;
Firma Handlowo-Usługowa FORMAT Antoni Krok;184435632;;
Firma Handlowo-Usługowa FORMAT Antoni Krok;184441792;;
Firma Produkcyjno-Usługowa Marek John;(65)5370012;;
Firma Produkcyjno-Usługowa Marek John;(65)5297710;;
Firma Reklamowa MANUAL;(14)6284466;;
Firma Reklamowa MANUAL;602199408;;
Firma W.Lewandowski P.H.U.;(42)6337212;;
Firma W.Lewandowski P.H.U.;(42)6324064;;
FOLIOS PAK Iwona i Paweł Szóstak;(61)8132200;;
FOLIOS PAK Iwona i Paweł Szóstak;(61)8136379;;
FOLMAX;663218673;;
FPHU Filar Sp.j.;(63)2614884;;
FPHU Filar Sp.j.;(63)2614883;;
GANDOLF;(22)6778935-36;;
GANDOLF;(22)6782505;;
GDM Partner w Biurze;(18)3310214;;
GDM Partner w Biurze;(18)5417208;;
GEKO-KART;(32)3843434;;
GEKO-KART;(32)3843484;;
Global Limited;(12)4446919;;
Global Limited;(14)6960696w.200;;
Goplast Serafińscy, Kowalscy Sp.j.;601384451;;
GRAFPRINT;(32)2900690-91;;
GRAFPRINT;(32)2690496;;
Handel Hurtowy Stanisław Adamczyk;(12)2668672;;
Handel Hurtowy Stanisław Adamczyk;601087707;;
HANO-PAK S.c. Wyrób Opakowań Tekturowych;(22)7813540;;
HANO-PAK S.c. Wyrób Opakowań Tekturowych;602607673;;
HARTCOM;(61)8225225;;
HARTCOM;(61)8283522;;
HB S.c. Wytwórnia Opakowań z Tektury;(58)6760707;;
HB S.c. Wytwórnia Opakowań z Tektury;(58)7817033;;
HEJKOLAND S.c. Sklep Spożywczy-Bufet;(91)4623170;;
HEJKOLAND S.c. Sklep Spożywczy-Bufet;(91)4624592;;
HEKSAN S.c.;(42)6364477;;
HERLITZ Sp. z o.o.;(61)6501100;;
HERLITZ Sp. z o.o.;(61)6501199;;
HIT PAP FHU;(42)6326362;;
HIT PAP FHU;(42)6364584;;
HORYZONT;(12)4213413;;
HORYZONT;508373203;;
HURTEX-LW Lech Wojciechowski;(62)7351906;;
Hurtownia ABC Sp.j. Sklep Internetowy Abchurt.com.pl;(12)6562500w.23;;
Hurtownia ABC Sp.j. Sklep Internetowy Abchurt.com.pl;(12)2694491;;
Hurtownia Artykułów Przemysłowych ADAM;(68)3299950;;
Hurtownia Chemiczna OLCHEM Iwona Trzeszczyńska;501423150;;
Hurtownia i Sklep NA SKARPIE;(68)3764884;;
Hurtownia Opakowań ANIMAX;605063354;;
Hurtownia Opakowań M&P;(58)5722519;;
Hurtownia Opakowań M&P;509836386;;
Hurtownia Papiernicza AZET Sp.j.;(84)6392559;;
Hurtownia Papiernicza AZET Sp.j.;(84)6393495;;
Hurtownia Papiernicza BIUROTEX;(68)4774411;;
Hurtownia Papiernicza BIUROTEX;(68)3772728;;
Hurtownia Papiernicza KARO;(61)8795385;;
Hurtownia Papiernicza WAKAT DK;(58)5720243;;
Hurtownia Papiernicza WAKAT DK;(58)6774387;;
Hurtownia Zabawek, Artykułów Papierniczych i Sportowych IKA;(12)6482652;;
IBEX INTERNATIONAL Sp.j.;(22)6204031;;
IBEX INTERNATIONAL Sp.j.;(22)6201582;;
ICT Poland Sp. z o.o.;(95)7336800;;
ICT Poland Sp. z o.o.;(95)7336801;;
IKA POLSKA Sp. z o.o. Sp.komandytowa;(61)6531080;;
IKA POLSKA Sp. z o.o. Sp.komandytowa;(61)6530965;;
IMA Rumia Producent Opakowań;(58)6711148;;
IMA Rumia Producent Opakowań;519135765;;
IMM CLEANING;690937654;;
InkOffice;(22)7161033;;
InkOffice;(22)7201356;;
INOT Sławomir Matwijów Sklep Internetowy TUSHITA;602778895;;
INOT Sławomir Matwijów Sklep Internetowy TUSHITA;(77)4373951;;
INTER CERA Hurtownia Kartonu i Papieru;(12)2620066;;
INTER CERA Hurtownia Kartonu i Papieru;(12)2620366;;
INTER PAK;(12)3574646;;
INTER PAK;(12)2702480;;
Inter-Styl S.c. Zakład Produkcji Opakowań Tekturowych;(42)6559009;;
Intercondis Poland Sp. z o.o.;(61)6534040;;
Intercondis Poland Sp. z o.o.;603775564;;
INTRO-PACKMAN P. Paczkowski i Wspólnicy Sp.j.;(52)3330454;;
Introligatornia Bibliotrop-Acta TEAM;(22)6693551;;
Introligatornia Bibliotrop-Acta TEAM;(52)5110580;;
INTROPAK Płochocki i Wspólnicy Sp.j.;(22)7898322;;
INTROPAK Płochocki i Wspólnicy Sp.j.;(22)7897844;;
INTUR Artykuły Biurowe;(23)6721321;;
INTUR Artykuły Biurowe;(23)6722347;;
ITAL-KARTON Sp.j.;(68)3273117;;
JG-Plastic Krystyna Zawadzka;(32)2500956;;
JG-Plastic Krystyna Zawadzka;515070270;;
JOLIMPEX;(22)6226301-02;;
JOLIMPEX;(22)6223545;;
JOLMAR Marian Wojtkowiak;(71)3499111;;
JOLMAR Marian Wojtkowiak;721458505;;
K2 Offis Sp. z o.o.;(12)4224227;;
K2 Offis Sp. z o.o.;(12)4320040;;
KAMA-HURT;(22)4991055;;
KAMA-HURT;601801615;;
Kartex S.c.;(58)6762202;;
Kartex S.c.;609091538;;
KARTON Jolanta Bona;(59)8612767;;
KARTON Jolanta Bona;500180012;;
Kartonoplastyka Poligrafia i Opakowania Kartonowe;(42)6369630;;
KEDAR Radosław Podyma;660456731;;
KEDAR Radosław Podyma;696850506;;
KIEL-PAK Więcek Ewa, Więcek Tadeusz Sp.j.;(41)2424244;;
KIEL-PAK Więcek Ewa, Więcek Tadeusz Sp.j.;(41)2424245;;
KLAN-W Sp. z o.o.;(94)7173290;;
KLAN-W Sp. z o.o.;(94)7173291;;
KLEKS Anna Kochańska;(89)5346333;;
KLEKS Anna Kochańska;(89)5344428;;
KOMAX 3 Sp. z o.o.;(012)4154236;;
KOMAX 3 Sp. z o.o.;(012)4156550;;
KONKRET PLUS;(41)3443051;;
KONKRET PLUS;(41)3443801;;
Konrad Niklewicz P.P.H.U. NIKOPOL;504934392;;
KONTAKT Jacek Kuźma;(63)2400046;;
KORIAN - Druk Cyfrowy;508141020;;
Kowalik Spółka z Ograniczoną Odpowiedzialnością Spółka Komandytowa;(56)4936419;;
Kowalik Spółka z Ograniczoną Odpowiedzialnością Spółka Komandytowa;(56)4936647;;
KRET Grzegorz Kret;502509917;;
KRK WOLA TRADING;(22)8177310;;
KRK WOLA TRADING;605033156;;
KSM STUDIO Klaudia Szyszko-Marceniuk;664428096;;
KSM STUDIO Klaudia Szyszko-Marceniuk;600331427;;
L&B;605352386;;
LAKTOPAK Wyrób Opakowań z Tworzyw Sztucznych S.c.;(52)3533369;;
LEDIBERG Sp. z o.o. Oddział Wrocław;(71)3375464;;
LEDIBERG Sp. z o.o. Oddział Wrocław;(71)3466588;;
Leviatan Poligrafia Sp. z o.o.;(33)4432100;;
Leviatan Poligrafia Sp. z o.o.;(33)4432108;;
lineCARD;(17)8536464;;
lineCARD;(17)8620482;;
LUPACK;(56)6742442;;
LUPACK;(56)6742443;;
MABITECH S.c.;(74)6604321;;
MABITECH S.c.;691599949;;
magant.pl;695326152;;
Mail Boxes Etc.;(71)3492235;;
Mail Boxes Etc.;602645200;;
Małopolska Wytwórnia Tektury PLT & KZK Sp. z o.o.;(15)8464235;;
Małopolska Wytwórnia Tektury PLT & KZK Sp. z o.o.;(15)8464237;;
MARCO Wszystko dla Biura;(71)3361169;;
MARCO Wszystko dla Biura;508080616;;
MARKOMP Sp. z o.o.;(94)3410316;;
MARKOMP Sp. z o.o.;(94)3438180;;
MASTER PACK;(17)2299293;;
MASTER PACK;608493792;;
Max Color;(42)6121260;;
Max Color;(42)6121379;;
Medagro Sp. z o.o.;(81)8555424;;
Medagro Sp. z o.o.;(81)8555419;;
MEGA-PAK;725256651;;
MENOS Sp. z o.o.;(62)7836040;;
MENOS Sp. z o.o.;607419480;;
MERIDA Sp. z o.o.;(71)3397888;;
MERIDA Sp. z o.o.;(71)3616161;;
MIM;661937932;;
MKM-GROUP;(22)2571903;;
MKM-GROUP;604443167;;
MMP Neupack Polska Sp. z o.o;(22)7893996;;
MMP Neupack Polska Sp. z o.o;(22)7894515;;
MOP-SERWIS Dagmara Grzegorz Kutyła;(55)6463151;;
MOP-SERWIS Dagmara Grzegorz Kutyła;(55)6463150;;
Multi Biuro Justyna Golda;(32)4930293;;
MULTI-HIGIENA;513053950;;
MULTI-HIGIENA;513053951;;
MULTIBOX Tomasz Kowalski;503070042;;
Multihigiena Sp. z o.o.;(61)8798187;;
Multihigiena Sp. z o.o.;(61)6660410;;
OFFI-PAP Sp. z o.o.;(022)8354238;;
OFFI-PAP Sp. z o.o.;(022)8354381;;
Office-Art Artur Gadziński;(77)4113178;;
Office-Art Artur Gadziński;606480814;;
OksiGraf S.c. Roksana Lubińska, Damian Lubiński, Krzysztof Sendur;(12)6371617;;
OksiGraf S.c. Roksana Lubińska, Damian Lubiński, Krzysztof Sendur;508943432;;
OLE.PL Wojciech Apola;(61)4151455;;
OLE.PL Wojciech Apola;(61)4151434;;
OLMAR;(24)2668773;;
Opak-System;730008686;;
OPAKSIM S.c.;(42)6569403;;
OPAKSIM S.c.;(42)6569455;;
ORZAPAK Sp. z o.o.;512353916;;
ORZAPAK Sp. z o.o.;(32)7267551;;
P.H. WIPPOL Piotr Kucharczyk;(24)2636823;;
P.H. WIPPOL Piotr Kucharczyk;(24)2636354;;
P.H.U. Arno Format Przemysław Nowak;(61)8114057;;
P.H.U. Dagmara Jaworska - Hurtownia OPAK;512306107;;
P.H.U. Dagmara Jaworska - Hurtownia OPAK;(52)3235167;;
P.H.U. Fortuna Layf;(34)3527339;;
P.H.U. Fortuna Layf;(34)3527205;;
P.H.U. Impuls;(81)5332510;;
P.H.U. Impuls;693289020;;
P.H.U. MAT-POL;(42)6585793;;
P.H.U. MAT-POL;504104755;;
P.H.U. Papier 99 S.c. Elżbieta Porczyńska, Elżbieta Gradomska;(42)6539172;;
P.H.U. Serwis Biurowy;(42)2529008;;
P.H.U.P. Hazet S.c.;(42)2141667;;
P.H.U.P. Hazet S.c.;509331303;;
P.H.U.P. MABER Bernard Baraniewski;(32)2260812;;
P.H.U.P. MABER Bernard Baraniewski;602337899;;
P.P.H. HEGARD;(52)3979915;;
P.P.H. HEGARD;(52)3979916;;
P.P.H.U SŁAWPOL Profesjonalne Środki Czystości;(22)6688488;;
P.P.H.U SŁAWPOL Profesjonalne Środki Czystości;(22)2246710;;
P.P.H.U. ARCUS Mariusz Rusek;(41)3612789;;
P.P.H.U. ARCUS Mariusz Rusek;601740080;;
P.P.H.U. FOLTEK S.c. eksport-import;663428048;;
P.P.H.U. FOLTEK S.c. eksport-import;790428048;;
P.P.H.U. INTER-ART;513332192;;
P.P.H.U. ROZETTE;(46)8373755;;
P.P.H.U. ROZETTE;(46)8300180;;
P.P.H.U. WIST Opakowania z Tektury i Kartonu;(22)7840094;;
P.P.H.U. WIST Opakowania z Tektury i Kartonu;(22)7727298;;
P.P.U.H. Kartonex S.c.;(34)3289522;;
P.T.H. PACOM;(32)2309034;;
P.T.H. PACOM;(32)2313026;;
P.W. Biuroserwis S.c.;(68)3257167;;
P.W. Biuroserwis S.c.;(68)4519430;;
P.W. Ekomat S.c.;(34)3652727;;
P.W. Ekomat S.c.;509384450;;
P.W. Solo-Kolos ZPChr;(34)3604170;;
P.W. Solo-Kolos ZPChr;(34)3604168;;
Pack Art Sp. z o.o.;(61)6525360;;
Pack Art Sp. z o.o.;(61)6525361;;
PAK&ART;668017780;;
PAK&ART;668017782;;
PAKER Sp. z o.o.;(71)3117534;;
PAKER Sp. z o.o.;606380446;;
PAKLAND Sp. z o.o.;(62)7600077;;
PAKLAND Sp. z o.o.;(62)7600078;;
PALMER Agencja Handlowa;(32)7702200;;
PALMER Agencja Handlowa;(32)7702700;;
Pamiątki z Polski - Warszawy, Krakowa, Gdańska, Poznania, Wrocławia;(12)6237815;;
Pan Papier;(61)6532830;;
PAN-PLAST;(17)2256421;;
PAPIER SYSTEM P.H.U. Dorota Marciniak-Cereś;(42)6407376;;
PAPIER SYSTEM P.H.U. Dorota Marciniak-Cereś;693335871;;
Papiernia;513137134;;
PAPIERNIA;(074)8157798;;
PAPIRUS II Sp. z o.o.;(91)5780741-42;;
PAPIRUS II Sp. z o.o.;(91)5780751;;
PAPIRUS P.Stępień J.Rezmer Sp.j.;(52)3333680;;
PAPIRUS P.Stępień J.Rezmer Sp.j.;(52)3333682;;
PAPRO Sp. z o.o.;(91)4191110;;
PAPRO Sp. z o.o.;507055803;;
Partner XXI - RESPOL Sp. z o.o.;(91)8122121;;
Partner XXI - RESPOL Sp. z o.o.;(91)8121212;;
Patentus S.A.;(32)2101100;;
Patentus S.A.;(32)2101150;;
PAW S.c. Pawlak Grażyna, Pawlak Mieczysław;(32)2015005;;
PAW S.c. Pawlak Grażyna, Pawlak Mieczysław;501401550;;
Perfect Poster;(91)4393834;;
PHU ART-GAL Marcin Briegmann;(59)8344365;;
PHU ART-GAL Marcin Briegmann;(59)8345028;;
PHU BAWI S.A.;600257902;;
PHU MAGNUS;(87)4216602;;
PHU MAGNUS;601509241;;
Pictura Sp. z o.o.;(22)7206675;;
Pictura Sp. z o.o.;(22)7200102;;
PiS Petrycki i Sorys Sp.j.;(13)4410004;;
PiS Petrycki i Sorys Sp.j.;(13)4459113;;
POGOTOWIE BIUROWE S.c.;(22)2904998;;
POGOTOWIE BIUROWE S.c.;506372430;;
POL-PAPIER Ryszard Bryja i Marek Bałazy;(34)3604653;;
POL-PAPIER Ryszard Bryja i Marek Bałazy;(34)3604820;;
Poli-Pack;(75)7531933;;
Poli-Pack;(75)7543076;;
Polsyr;(22)6647264;;
Polsyr;502088815;;
POZart Sp. z o.o. - Specjalistyczna Drukarnia Etykiet z Roli i Opakowań;(61)8209287;;
POZart Sp. z o.o. - Specjalistyczna Drukarnia Etykiet z Roli i Opakowań;(61)8257777;;
PPHU BIUR-POL;(52)3551816;;
PPHU BIUR-POL;602722214;;
PPHU Collino, Serwetki, Stelaże, Opakowania;(22)6126612;;
PPHU KARTON;(43)8248540;;
PPHU KARTON;(43)8244028;;
PPHU Majka;(71)7817178;;
PPHU Majka;(71)3592660;;
PPHU ORPAK Orbaczewski i Wspólnicy Sp.j.;(54)2541701;;
PPHU ORPAK Orbaczewski i Wspólnicy Sp.j.;(54)2541705;;
PPHU TEKPUD Alina i Krzysztof Boczkowscy;(22)7757558;;
PPUH RASEL;(94)3584116;;
PPUH RASEL;(94)3584602;;
Pracownia Artystyczna Dolina Marzeń Ewelina Glinka;515540374;;
Pracownia Wykrojników Robert Woźnicki;(56)4640458;;
Pracownia Wykrojników Robert Woźnicki;601202904;;
Presland;(22)7238555;;
Presland;(25)6435759;;
PRIMO Hurtownia Papiernicza Sp.j.;(59)8417070;;
PRIMO Hurtownia Papiernicza Sp.j.;(59)8402655;;
Projekt-K2 Sp.j.;(58)3334338;;
Projekt-K2 Sp.j.;(58)3334339;;
Projektus S.c. Art Calendarium;(58)7195187;;
Projektus S.c. Art Calendarium;609565575;;
Przedsiębiorstwo Handlowe AKAR;(71)3590996-97;;
Przedsiębiorstwo Handlowe AKAR;(71)3553646;;
Przedsiębiorstwo OPAK;(13)4468387;;
Przedsiębiorstwo Techniczno-Handlowo-Usługowe RAK;(32)7818599;;
Przedsiębiorstwo Techniczno-Handlowo-Usługowe RAK;(32)7818596;;
Przedsiębiorstwo Wielobranżowe DIMEX;(22)7231832;;
Przedsiębiorstwo Wielobranżowe DIMEX;(22)7536077;;
Przedsiębiorstwo Wielobranżowe KARTON;(41)3461549;;
Przedsiębiorstwo Wielobranżowe KARTON;(41)3662276;;
Przedsiębiorstwo Wielobranżowe MAGDA;(017)8532929;;
Przedsiębiorstwo Wielobranżowe TAKT;(81)5324803;;
Przedsiębiorstwo Wielobranżowe TAKT;601334304;;
Przedsiębiorstwo Wielobranżowe Zbigniew Wrona;(41)3462030;;
Przedsiębiorstwo Wielobranżowe Zbigniew Wrona;602733536;;
PW ALMAR-REGION;(32)2290145;;
PW ALMAR-REGION;(32)2203221;;
QUALIT;697885382;;
QUALIT;(61)8185131;;
RAFS Sp. z o.o.;(32)2814826;;
RAFS Sp. z o.o.;(32)3871428;;
Rajapack;(91)4553000;;
Rajapack;(91)4554000;;
Rant Sp. z o.o.;(25)6335725;;
Rant Sp. z o.o.;(25)6445483;;
RAVI® Sp. z o.o.;(14)6818283;;
RAVI® Sp. z o.o.;(14)6807908;;
RAWIBOX S.A.;(65)5460300;;
RAWIBOX S.A.;(65)5460310;;
REDIS Hurtownia Papiernicza;(25)6441223;;
REDIS Hurtownia Papiernicza;(25)6442747;;
Rodan Sp. z o.o.;(61)6679800;;
Rodan Sp. z o.o.;(61)6679801;;
Rodan Sp. z o.o.;(59)8487210;;
Rodan Sp. z o.o.;(59)8487211;;
Roma S.c. Marek Pyłko, Robert Mosiej;(85)7415164;;
Roma S.c. Marek Pyłko, Robert Mosiej;(85)7404617;;
Salon Handlowo-Usługowy CANMAX;(22)8270202;;
Salon Handlowo-Usługowy CANMAX;(22)8281314;;
Schumacher Packaging Sp. z o.o. Zakład Bydgoszcz;(52)3330902;;
Schumacher Packaging Sp. z o.o. Zakład Bydgoszcz;(52)3330967;;
Serwach Sp.j. Stanisław i Piotr Serwach;(91)4185477;;
Serwach Sp.j. Stanisław i Piotr Serwach;(91)4190426;;
Sito-Serwis Sp. z o.o.;(081)7470825;;
Sito-Serwis Sp. z o.o.;(081)7470762;;
Sklep KOSZAŁEK-OPAŁEK Papier-Zabawki;(071)3219778;;
Sklep papierniczy AWA;(22)6201620;;
Sklep Plastyczny Art & Hobby Studio;(81)4480550;;
Somax;(32)2699117;;
Somax;668827627;;
Spółdzielnia Inwalidów PRZYSZŁOŚĆ;(85)7307765-68;;
Spółdzielnia Inwalidów PRZYSZŁOŚĆ;(85)7307370;;
STAL Nowicki Sp.j.;(58)3054884;;
STAL Nowicki Sp.j.;(58)3014662;;
STAN 58;(22)7818274;;
STAN 58;(22)7718395;;
Studio Reklamowe AXIS ART;(12)4138353;;
Stylowo.com Katarzyna Sukiennik;790229229;;
SUPER OFFICE SERVICE Sp. z o.o.;(22)8376784;;
SUPER OFFICE SERVICE Sp. z o.o.;501839758;;
T.H. KAKADO Sp.j. Andrzej Pajda i Spółka;(32)7615715;;
T.H. KAKADO Sp.j. Andrzej Pajda i Spółka;(32)7571371;;
TanieWizytówki.info.pl;514083367;;
TEAM - Serwis Poligraficzny Sp.j.;(22)7512449;;
TEAM - Serwis Poligraficzny Sp.j.;(22)7512450;;
Technopol Group Sp. z o.o.;(62)7358458-59;;
Technopol Group Sp. z o.o.;(62)5918253;;
TEFIM Sp. z o.o.;(22)8270219;;
TEFIM Sp. z o.o.;(22)8281315;;
TEKTUROPAK S.c.;(32)6721983;;
TEKTUROPAK S.c.;698149944;;
Tektus Zdzisław Kuś;(58)3223205;;
Tektus Zdzisław Kuś;662105859;;
TIW EXPORT IMPORT;(67)3512672;;
TIW EXPORT IMPORT;(67)3521535;;
TMW Piatikow;(22)7874233;;
TMW Piatikow;(22)7763231;;
TNN Sp.j.;(18)4428623;;
TNN Sp.j.;(18)4427595;;
TOMASTER Producent Ekologicznych Kartonowych Opakowań;(18)4459242;;
TOMASTER Producent Ekologicznych Kartonowych Opakowań;508523163;;
Torbacz Sp. z o.o.;(58)3055323;;
Torbacz Sp. z o.o.;(58)3203791;;
Torebki Matex S.c.;(61)8146341;;
Torebki Matex S.c.;608179548;;
TREECO S.c.;500317650;;
TREECO S.c.;(17)7850505;;
Twince Pack S.c.;(33)8150700;;
Twince Pack S.c.;660096036;;
Tyranik;(77)4661399;;
Tyranik;(77)4665034;;
Unikatowe;501315794;;
VIKI FAMILY Przemysław Jastrzębski;(22)3806134;;
VIKI FAMILY Przemysław Jastrzębski;(22)3806139;;
WARTER;(77)4886421;;
WASZAK Mariusz Waszak Sklep Papierniczy;618515633;;
WISEN S.c.;609135333;;
WISEN S.c.;500215711;;
WM Trade;(22)8421012;;
WM Trade;(22)4232394-96;;
WPC Wirex Tusze, Tonery;(12)4229641;;
WPC Wirex Tusze, Tonery;(12)4265610;;
Wydawnictwa Akcydensowe S.A. Oddział Kraków;(12)2661825;;
Wydawnictwa Akcydensowe S.A. Oddział Kraków;(12)2660089;;
Wydawnictwo KRESKA;(52)3753098;;
Wydawnictwo KRESKA;(52)3750015;;
Z.P.U.H. Kartopak;(18)5475020;;
Z.P.U.H. Kartopak;(18)5475011;;
Z.P.W.P. Multipak;(41)3465100;;
Z.P.W.P. Multipak;(41)3465380;;
Z.U.H. Opakomar;(54)4269618;;
Z.U.H. Opakomar;509448581;;
Zakład Poligraficzno-Introligatorski ANIGRAF Anna i Ryszard Nolko;(87)6213480;;
Zakład Poligraficzno-Introligatorski ANIGRAF Anna i Ryszard Nolko;(87)6104486;;
Zakład Poligraficzny ASTA Agnieszka i Stanisław Zaprzałek;(022)8120200;;
Zakład Poligraficzny ASTA Agnieszka i Stanisław Zaprzałek;(022)8159722;;
Zakład Produkcji Opakowań EMPAK;(62)7623555;;
Zakład Produkcji Opakowań EMPAK;(62)7672533;;
Zakład Produkcyjno-Handlowy EKO-PAK;(32)3840524;;
Zakład Produkcyjno-Handlowy EKO-PAK;601408335;;
Zakład Produkcyjno-Usługowy SARA Sp.j.;(41)2748278;;
Zakład Produkcyjno-Usługowy SARA Sp.j.;(41)2754134;;
Zakład Usługowo Handlowy Ryszard Sałaciński - Hurtownia Artykułów Szkolnych i Biurowych;(68)4535323;;
ZEBRA;(022)7518708;;
ZEBRA;(022)7510465;;
ZEFIR Sp. z o.o.;(85)6750247;;
ZEFIR Sp. z o.o.;(85)6751660;;
