BEH ELTEC POLSKA Sp. z o.o.;(22)6440667;;
BEH ELTEC POLSKA Sp. z o.o.;(22)6440676;;
BISTYP - System Profesjonalnej Informacji Cenowej w Budownictwie;(22)6254833;;
BISTYP - System Profesjonalnej Informacji Cenowej w Budownictwie;(22)6222897;;
Biuro Kompleksowej Realizacji Inwestycji BIEDROŃ;(71)3254887;;
Biuro Kompleksowej Realizacji Inwestycji BIEDROŃ;(71)3727608;;
INWESDIM Sp. z o.o.;(77)4542994;;
INWESDIM Sp. z o.o.;(77)4545753;;
MAROK Mariusz Okuń;(22)7288384;;
MAROK Mariusz Okuń;602271636;;
PROJBUD Pracownia Projektowania i Nadzoru Budowlanego S.c.;(52)3523510;;
PROJBUD Pracownia Projektowania i Nadzoru Budowlanego S.c.;601665950;;
TBI Kontur;509017727;;
TBI Kontur;601202733;;
4B Budowa M.Baran;505124611;;
BUILDING SERVICE Krzysztof Jakowiecki;601285166;;
COPLA Polska Sp. z o.o.;(76)7461017;;
INWESTYCJE, BUDOWNICTWO, HANDEL INWEST COMPLEX Sp. z o.o.;(32)2310384;;
INWESTYCJE, BUDOWNICTWO, HANDEL INWEST COMPLEX Sp. z o.o.;601442124;;
KONSTRUKCJA Grzegorz Szeremeta;695933108;;
Piecyk Eugeniusz Przedsiębiorstwo Usługowo Handlowe DWÓR;501171855;;
Piecyk Eugeniusz Przedsiębiorstwo Usługowo Handlowe DWÓR;(22)7754436;;
Pracownia Inwestycyjna Ryszard Wyszyński;(22)7881854;;
Pracownia Inwestycyjna Ryszard Wyszyński;602127127;;
Usługi Projektowe, Nadzory Budowlane mgr inż. Zygmunt Kurc;(74)8677570;;
Usługi Projektowe, Nadzory Budowlane mgr inż. Zygmunt Kurc;601883033;;
WEGA Firma Projektowo-Wykonawcza;(32)2311000;;
Agencja Obsługi Inwestycji i Biznesu Wojciech Mazur;501482630;;
APAN Tadeusz Apanosowicz Katłu-bej;605278942;;
Biuro Obsługi Inwestycji EKA GĄDELA;(74)6460006;;
Biuro Obsługi Inwestycji EKA GĄDELA;(74)6460535;;
Biuro Wyceny i Nadzorów PRO-Tech Zbigniew Pruszyński;604538315;;
CONSTRUCTUM Konsulting Budowlany;604843662;;
FHU Kalemba;609327440;;
Firma Budowlana BANASBUD;606987563;;
Firma Budowlana BANASBUD;606985092;;
GRAFIKO Sp. z o.o.;(22)7138851;;
GRAFIKO Sp. z o.o.;(22)7138895;;
KNK Budownictwo Zbigniew Gajos;(41)3681729;;
KNK Budownictwo Zbigniew Gajos;518642292;;
Koszt Spec Rafał Śliwa;(32)752-4889;;
Koszt Spec Rafał Śliwa;502037466;;
NORMAN Opracowania Kosztowe dla Budownictwa;(52)5524650;;
P.B. GMACH Sylwester Gadomski;601702765;;
P.T.H. ELKENT-SYSTEM Andrzej Gasiński;(33)8453036;;
P.T.H. ELKENT-SYSTEM Andrzej Gasiński;602589325;;
P.W. PRojekt Piotr Różański;601785495;;
P.W. PRojekt Piotr Różański;(91)5737424;;
PHU Tomasz Matusiewicz;(71)3133463;;
PHU Tomasz Matusiewicz;604057731;;
Silesia Budownictwo Marcin Pluszyński;662439606;;
Nadzory i Doradztwo Budowlane Grzegorz Łopatowski;601947004;;
Nadzory i Doradztwo Budowlane Grzegorz Łopatowski;726001844;;
ABART PROJECT;(71)3429446;;
ABART PROJECT;(71)3429445;;
Korporacja Radex S.A.;(22)8141518;;
Korporacja Radex S.A.;(22)8112273;;
RHEINZINK Polska Sp. z o.o.;(22)7899191;;
RHEINZINK Polska Sp. z o.o.;(22)7899199;;
Waterman International Polska Sp. z o.o.;(22)6542648;;
Agencja Nieruchomości DOMATOR Piotr Wolniewicz;(75)7213042;;
Agencja Nieruchomości DOMATOR Piotr Wolniewicz;887298646;;
Agencja Usług Techniczno-Organizacyjnych Budownictwa DOMEXPERT;(76)8545541Rzeczoznawca;;
Agencja Usług Techniczno-Organizacyjnych Budownictwa DOMEXPERT;501720369Rzeczoznawca;;
GRAF Janusz Kurzyca;(77)4612597;;
GRAF Janusz Kurzyca;882444777;;
P.W. JUTA Technika Grzewcza;(56)6585470;;
P.W. JUTA Technika Grzewcza;510114651;;
Project-System;(55)2371127;;
Project-System;(55)2363777;;
SOWA PROJEKT Gabriel Sowa;(14)6763095;;
SUEZ Consulting - SAFEGE Oddział w Polsce;(22)4794247;;
SUEZ Consulting - SAFEGE Oddział w Polsce;(22)4794248;;
Biuro Usług Inwestycyjnych mgr inż. Andrzej Karpiński;(12)3573733;;
D.O.M. Projektowanie i Nadzory;(61)4247225;;
D.O.M. Projektowanie i Nadzory;607883562;;
Generalny Realizator Inwestycji Budowlanych Sp. z o.o.;(12)4122695;;
Generalny Realizator Inwestycji Budowlanych Sp. z o.o.;(12)2660235;;
Gliwickie Biuro Projektów Budownictwa Przemysłowego PROJPRZEM S.A.;(32)7882000;;
Gliwickie Biuro Projektów Budownictwa Przemysłowego PROJPRZEM S.A.;(32)7882100;;
GRI Generalny Realizator Procesu Inwestycyjnego Sp. z o.o.;(12)6413561;;
GRI Generalny Realizator Procesu Inwestycyjnego Sp. z o.o.;603693343;;
Hurtownia Budowlana Manex Sp. z o.o.;(71)3521111;;
Hurtownia Budowlana Manex Sp. z o.o.;(71)3521008;;
INKOM S.A.;(71)7818618;;
INKOM S.A.;(71)7818718;;
ISBM - Systemy i Sieci Komputerowe oraz Usługi Inżynierskie;(52)3607161;;
ISBM - Systemy i Sieci Komputerowe oraz Usługi Inżynierskie;(52)3607162;;
JTMS Sp. z o.o.;502479747;;
KOLEKTOR SERWIS Sp.j.;(65)5267700;;
Kulczyński Architekt Sp. z o.o.;(22)8282200;;
Kulczyński Architekt Sp. z o.o.;(22)8272918;;
MEGA Zdzisław Drobniewski;(68)4519080;;
MEGA Zdzisław Drobniewski;601583284;;
MEGA-BUD;606370056;;
MEGA-BUD;663490281;;
MERITUM TEAM;607245954;;
MERITUM TEAM;603896063;;
MIPRON Sp. z o.o.;(32)3541552;;
MIPRON Sp. z o.o.;601521091;;
PATI Biuro Nadzoru i Dokumentacji Budowlanej;(58)5364041;;
PATI Biuro Nadzoru i Dokumentacji Budowlanej;602691950;;
Przedsiębiorstwo Budowlane Max-Bud Sp. z o.o.;(89)6254873;;
Przedsiębiorstwo Budowlane Max-Bud Sp. z o.o.;501664650;;
Przedsiębiorstwo Konsultingowo-Inżynieryjne PREDOM Sp. z o.o.;(71)3471001;;
Przedsiębiorstwo Konsultingowo-Inżynieryjne PREDOM Sp. z o.o.;(71)3431215;;
Przedsiębiorstwo Usługowo-Handlowe RESBAU;662093800;;
Up-Telecom Sp. z o.o.;(22)8143037;;
Up-Telecom Sp. z o.o.;(22)8143047;;
URTech - Rzeczoznawca Majątkowy mgr inż. Roman Urbański;(91)3113819;;
URTech - Rzeczoznawca Majątkowy mgr inż. Roman Urbański;605583227;;
Usługi Inżyniersko-Budowlane BUDMISTRZ;(77)4829409;;
Usługi Inżyniersko-Budowlane BUDMISTRZ;691037198;;
ZARZĄD INWESTYCJI Sp. z o.o.;(24)2549458;;
ZARZĄD INWESTYCJI Sp. z o.o.;(24)2540980;;
Zetar;502859099;;
479 Architects Group;605988827;;
ARCHIDOM Bernard Łopacz;(32)4153889;;
ARCHIDOM Bernard Łopacz;606896829;;
Biuro Inwestorskie Janusz Rybka;(71)7159104;;
Biuro Inwestorskie Janusz Rybka;(71)3635675;;
Biuro Obsługi Inwestycji;(71)3453040;;
Biuro Obsługi Inwestycji;(71)3452400;;
Biuro Obsługi Nieruchomości WESTPOL Ryszard Bruski;(94)3458863;;
Biuro Obsługi Nieruchomości WESTPOL Ryszard Bruski;601870799;;
Biuro Projektowe 3D PROJEKT Kamil Kostrzewa;508060907;;
Biuro Usług Architektonicznych PROFIL Sp. z o.o.;(32)2460308;;
Biuro Usług Architektonicznych PROFIL Sp. z o.o.;(32)2460310;;
Biuro Usług Projektowo-Budowlanych Andrzej Babiarczuk;602612456;;
Biuro Usług Projektowo-Budowlanych Andrzej Babiarczuk;(75)7733355;;
CZM Zbigniew Cichy;(22)4086504;;
CZM Zbigniew Cichy;601326642;;
Decorum Art Pracownia Projektowa;888236309;;
Dom Wczasowy MIKOŁAJ Projektowanie i Turystyka Ryszard Gordziej;(58)6723922pozasezonemletnim;;
Dom Wczasowy MIKOŁAJ Projektowanie i Turystyka Ryszard Gordziej;(58)6735117przezcałyrok;;
ELEKTROPROJBUD Andrzej i Krzysztof Grzesikowski;503333640;;
F.U. TREBOR Robert Piechnik Usługi BHP;605088386;;
F.U. TREBOR Robert Piechnik Usługi BHP;(16)6750871;;
Inside;661934139;;
KLIMATERM mgr.inż. Andrzej Brandt;(22)6220918;;
KLIMATERM mgr.inż. Andrzej Brandt;(22)6222773;;
KM-CONSTRUCTION;(22)2523127;;
KM-CONSTRUCTION;(22)4017856;;
KOMPEX;600986850;;
KOMPEX;606510764;;
LD PROJEKT;602777574;;
MCPROJEKT Pracownia Projektowa;(22)7165309;;
MCPROJEKT Pracownia Projektowa;(22)7165501;;
MYK Konstrukcje;792555929;;
MYK Konstrukcje;792555930;;
PCA Paweł Chilimoniuk Architekt;600645077;;
PCA Paweł Chilimoniuk Architekt;504376264;;
PHU TOBEX Tomasz Leszko;501022996;;
PHU TOBEX Tomasz Leszko;515257360;;
POINT Co. Ltd Pracownia Projektowa Sp. z o.o.;(71)3217591;;
POINT Co. Ltd Pracownia Projektowa Sp. z o.o.;602776649;;
Pracownia Projektowa Iwanek Łukasz;(33)4797971;;
Pracownia Projektowa Iwanek Łukasz;(33)4797972;;
Pracownia Projektowa PROJBUD;(52)3532477;;
PROJ-COMPLEX Małgorzata Teresa Kaczmarek;600878115;;
PROJ-COMPLEX Małgorzata Teresa Kaczmarek;(52)5840044;;
PROJEKT-SERVICE Jerzy Drzewi;605555594;;
Projektowanie i Nadzory Budowlane Kamil Maciejewski;790420519;;
Projektowanie i Nadzór w Budownictwie mgr inż. Jerzy Gładysz;600907559;;
Przedsiębiorstwo Wielobranżowe SABUD;602383348;;
Transprojekt Geotechnika Sp. z o.o.;(61)6394903;;
Transprojekt Geotechnika Sp. z o.o.;(61)6690051;;
Zakład Remontowo Budowlany JAN KARDACKI;(33)8163123;;
Zakład Remontowo Budowlany JAN KARDACKI;668194580;;
Biuro Usług Geodezyjnych GEO-centrum S.c. Krzysztof Potorski, Tomasz Lorkowski;606416197;;
Biuro Usług Geodezyjnych GEO-centrum S.c. Krzysztof Potorski, Tomasz Lorkowski;(23)6841922;;
Rzeczoznawca Budowlany, Biegły Sądowy dr inż. Krzysztof Michalik;(32)6235018;;
Rzeczoznawca Budowlany, Biegły Sądowy dr inż. Krzysztof Michalik;(32)6250623;;
BIJOKOWE Biuro Kosztorysowe Adam Bijok;668344698;;
INVISO NADZORY Jacek Jaskuła;696867087;;
MarCon Mariusz Musik;575991535;;
Nadzory Budowlane Przemysław Zyguła;788920968;;
Obsługa Rynku Nieruchomości i Inwestycji Anna Dutkowska;793375360;;
THE MODERN Termowizja;698498033;;
4developments Sp. z o.o.;(58)7109230;;
ABA Instal Andrzej Baron;(61)8120931;;
ABA Instal Andrzej Baron;723266344;;
ABAKUS;501531571;;
ABAKUS;502263973;;
ADAMSKI projektowanie-realizacje-nadzór;(32)4236697;;
ADAMSKI projektowanie-realizacje-nadzór;(32)4233507;;
ADORE;607703857;;
ADORE;500063610;;
AEM-TECH Andrzej Majewski;603467001;;
AF Doradztwo Budowlane;(71)3181200;;
Agencja Budowlana Jacek Nawrocki;(33)8553464;;
Agencja Budowlana Jacek Nawrocki;669204207;;
AKM ROJEK Michał Rojek;795101855;;
AKPA;606331009;;
Allora;606654858;;
ALTECH;785527085;;
AND INVESTMENT Sp. z o.o.;(32)7203960;;
ANDEXUS Jan & Teresa;(58)5357853;;
ANDEXUS Jan & Teresa;601144757;;
ANGRA;(22)6467963;;
ANGRA;(22)8444059;;
APM Usługi Inżynierskie i Kosztorysowe Anna Morusiewicz;(41)3446833;;
APM Usługi Inżynierskie i Kosztorysowe Anna Morusiewicz;504595015;;
APOR Kierowanie, Nadzorowanie Budów inż. Augustyn Porębski;503612518;;
ArchiKS;(33)4870210;;
ArchiKS;518948155;;
ARKBUD Budownictwo mgr inż. Arkadiusz Lewkowski;608738452;;
ARTEM mgr inż. Andrzej Jach;602587161;;
ARTKOSZT;602229448;;
Baks Sp. z o.o.;515952295;;
Balcomp;(22)8675153;;
Balcomp;602659659;;
Bender Building Szymon Kubicki;(61)6515478;;
Bender Building Szymon Kubicki;(61)6491048;;
BestInvest Sp. z o.o.;(22)8268837;;
BestInvest Sp. z o.o.;(22)8268827;;
Bialinvest Obsługa Inwestycji Henryk Gromysz;503183533;;
BIK-KOPCZYK;606918422;;
BIK-KOPCZYK;(17)8537937;;
BIKON - Biuro Inżynierskie Budownictwa mgr inż. Zbigniew Pacuła;(75)6413636;;
BIKON - Biuro Inżynierskie Budownictwa mgr inż. Zbigniew Pacuła;782550501;;
BINARI Sp. z o.o.;(24)2612921;;
BINARI Sp. z o.o.;(24)2667446;;
BINK Biuro Inżynierskie Nowakowski Krzysztof;(71)3269072;;
BINK Biuro Inżynierskie Nowakowski Krzysztof;602584970;;
Biproinvest;502433889;;
Biuro BR Nadzór Budowlany i Obsługa Inwestycji Roman Budzar;510103331;;
Biuro Doradcze KEMES;530181530;;
Biuro Doradcze KEMES;503030038;;
Biuro Innowacyjno-Wdrożeniowe DUE Sp. z o.o.;(68)3244919;;
Biuro Innowacyjno-Wdrożeniowe DUE Sp. z o.o.;(68)3244920;;
Biuro Inwestorskie R-PROJEKT S.c.;(12)4159000;;
Biuro Inwestorskie R-PROJEKT S.c.;605966055;;
Biuro Inwestycyjne SDIS Sp. z o.o.;(22)6436514;;
Biuro Inwestycyjne SDIS Sp. z o.o.;(22)6430799;;
BIURO INŻYNIERSKIE Arkadiusz Peremicki;884907259;;
Biuro Inżynierskie Jan J.Wilczak;(22)8332404;;
Biuro Inżynierskie Jan J.Wilczak;502410404;;
Biuro Inżynierskie Kulczycki Rafał;509666196;;
Biuro Inżynierskie Marta Sałasińska;605943953;;
Biuro Inżynierskie Marta Sałasińska;503741831;;
Biuro Kosztorysowe;531033898;;
Biuro Kosztorysowe;(43)6761263;;
Biuro Kosztorysowe Constans;501242941;;
Biuro Kosztorysowe KOST-PLAN;781223441;;
Biuro Kosztorysowe WK Kosztorysy;506824983;;
Biuro Kosztorysowo-Budowlane "norma" Mirosław Świętuchowski;664125445;;
Biuro Nadzoru Budowlanego i Projektowania Krzysztof Panek;(77)4820722;;
Biuro Nadzoru Budowlanego i Projektowania Krzysztof Panek;600236127;;
Biuro Obsługi Budownictwa BUDOSERWIS;(22)7832772;;
Biuro Obsługi Budownictwa BUDOSERWIS;(22)3506246;;
Biuro Obsługi Budownictwa Krzysztof Wendt;504483825;;
Biuro Obsługi Inwestycji INWEST-WYBRZEŻE Sp. z o.o.;(58)6216173;;
Biuro Obsługi Inwestycji INWEST-WYBRZEŻE Sp. z o.o.;668328580;;
BIURO OBSŁUGI INWESTYCJI Piotr Stranz;694422517;;
Biuro Obsługi Kosztorysowej Budownictwa KOSZT-DM;(61)8661921;;
Biuro Obsługi Kosztorysowej Budownictwa KOSZT-DM;604312591;;
Biuro Projektowania, Kosztorysowania i Nadzoru w Budynkach Ireneusz Trzciński;(68)3566391;;
Biuro Projektowania, Kosztorysowania i Nadzoru w Budynkach Ireneusz Trzciński;696461686;;
Biuro Realizacji Inwestycji AWANGARDA;501183595;;
Biuro Realizacji Inwestycji AWANGARDA;(22)4084836;;
Biuro Rozwoju Sp. z o.o.;(58)5513409;;
Biuro Rozwoju Sp. z o.o.;602331759;;
BIURO TECHNICZNE mgr inż. Lechosław Suder;605139619;;
Biuro Usług Budowlanych inż. Jan Rudnicki;(74)8453375;;
Biuro Usług Budowlanych inż. Jan Rudnicki;604991845;;
Biuro Usług Budowlanych KOSZTBUD;601833410;;
Biuro Usług Inwestycyjnych Projektowych i Wyceny Nieruchomości INWEST-EFEKT;(44)7552153;;
Biuro Usług Inwestycyjnych Projektowych i Wyceny Nieruchomości INWEST-EFEKT;603600460;;
Biuro Usług Inżynierskich mgr inż. Jerzy Magocki;501166981;;
Biuro Usług Inżynierskich mgr inż. Jerzy Magocki;(71)3185902;;
Biuro Usług Inżynieryjno-Budowlanych Michał Andrasiewicz;791197020;;
Biuro Usług Inżynieryjno-Budowlanych Michał Andrasiewicz;792832202;;
Biuro Usług Kosztorysowych TG Tomasz Guc;601794066;;
Biuro Usług Kosztorysowych TG Tomasz Guc;(71)3676034;;
Biuro Usługi Inżynierskich;(74)8110721;;
BMA BUDOWNICTWO;601910223;;
BMA BUDOWNICTWO;(22)7539107;;
BMP Kosztorysy i Opracowania dla Budownictwa;(91)4315876;;
BMP Kosztorysy i Opracowania dla Budownictwa;533644060;;
BONI FABER Mieczysław Śliwka;(58)3099066;;
BONI FABER Mieczysław Śliwka;604093295;;
BONOBud;(018)3325196;;
BONOBud;691028213;;
Boti C.E.L. Sp. z o.o.;(22)6397826;;
Boti C.E.L. Sp. z o.o.;(22)6631252;;
BRIMBORG;508465500;;
BRUCKNER PROJEKT;(32)2890484;;
BRUCKNER PROJEKT;(32)2890478;;
BTG INWESTOR Mateusz Berger;(58)3476147;;
BTG INWESTOR Mateusz Berger;513008096;;
Bud-Jar Kosztorysowanie;505981424;;
BUDOCOM;602662700;;
BUDOKOL PHU;603188416;;
BUDOKOL PHU;607238078;;
Budowlane Biuro Prawne;794434607;;
Budowlane Biuro Prawne;(32)7454425;;
BUDOWLANIEC;785133326;;
Budox;(32)2823500;;
Budox;(32)2818383;;
Budserwis;512087432;;
Buwmat Sp. z o.o.;(22)7733940;;
Buwmat Sp. z o.o.;(22)7733882;;
BYGE;(22)2472970;;
BYGE;604439742;;
CDI;(52)3212029;;
CDI;(52)3210078;;
CENAKO Mituła Marek;606315584;;
CHALIK Wiktor Chalik;607259030;;
CON-CENTRUM OBSŁUGI NIERUCHOMOŚCI;(52)5840004;;
CON-CENTRUM OBSŁUGI NIERUCHOMOŚCI;535405900;;
Constructive Project Management Sp. z o.o.;(22)7491860-65;;
Cost Consulting Group;696073207;;
COST PLAN;502432592;;
Darimex Dariusz Gierejko;668821695;;
Deco-Studio;509905034;;
DIAMAR2;(58)6638451;;
DIAMAR2;601426664;;
Doradztwo, Wykonawstwo i Nadzory Budowlane Andrzej Matz;515269330;;
Doradztwo, Wykonawstwo i Nadzory Budowlane Andrzej Matz;(22)8125588;;
DTG Concept;600496205;;
E-BUD Eugeniusz Błoński;(77)4744729;;
E-BUD Eugeniusz Błoński;666075567;;
EconProject;(56)6390543;;
EconProject;600120243;;
EKO-AMIWA;(15)8321839;;
EKO-AMIWA;692193637;;
EKOSKOL;602775504;;
EKOSKOL;509495995;;
EL-WO Janusz Wojewski;501342804;;
EL-WO Janusz Wojewski;(58)6723735;;
ELEKTRIS Wiesław Boruszewski;(22)6484535;;
ELEKTRIS Wiesław Boruszewski;(22)4030831;;
Elektrotechnika Biuro Techniczne Jan Będowski;(061)8779768;;
Elektrotechnika Biuro Techniczne Jan Będowski;601777911;;
ELMA S.c.;(61)6633817;;
ELMA S.c.;510051455;;
ENERGO NAWIGATOR Aleksander Zawadzki;501414353;;
ESBUD;502746061;;
ESPOBUD;510070309;;
ESTIMA Biuro Kosztorysowe;(22)7712318;;
ESTIMA Biuro Kosztorysowe;602714407;;
ESW Budownictwo i Wyceny;664787072;;
Euro Invest Sp. z o.o.;(95)7208999;;
Euro Invest Sp. z o.o.;(95)7206556;;
FHU KO-BUD;790250226;;
FHU KO-BUD;663848647;;
FIDEL S.c. Dorota Fajkowska, Jacek Fajkowski;510184280;;
Firma Budowlana BUD-RE Jan Szadkowski;602261109;;
Firma Budowlana BUD-RE Jan Szadkowski;693942164;;
Firma Budowlano-Usługowa MIELNICZYN Marek Mielniczyn;603497826;;
Firma Doradztwa Technicznego-Paweł Kwiatkowski;662397012;;
Firma Inżynierska Cetnar Hubert Jerzy Anysz;(22)7470622;;
Firma Inżynierska Cetnar Hubert Jerzy Anysz;606668288;;
Firma Inżynierska UNION;696024896;;
Firma Usługowa OBIEKT;603177260;;
Firma Usługowa OBIEKT;(12)2723216;;
Firma Usługowo-Budowlana DUET S.c. Juliusz Zieliński & Jan Treder;(59)8623235;;
Firma Usługowo-Budowlana DUET S.c. Juliusz Zieliński & Jan Treder;602121568;;
Firma Usługowo-Handlowa BLOCK;(22)8207750;;
Firma Usługowo-Handlowa BLOCK;501773334;;
FU BALAS Zbigniew Ignacy Bala;(33)8228050;;
FU BALAS Zbigniew Ignacy Bala;664145245;;
Główny Urząd Nadzoru Budowlanego;(22)6618010;;
Główny Urząd Nadzoru Budowlanego;(22)6618142;;
Grupa INWEST-NET Sp. z o.o.;(22)8322677-79;;
Grupa INWEST-NET Sp. z o.o.;(22)8322681;;
Grupa Inwestor Sp. z o.o.;(17)8572383;;
Grupa Inwestor Sp. z o.o.;(17)7863031;;
Grupa YUMA-INWEST S.c.;501407115;;
Grupa YUMA-INWEST S.c.;501669050;;
Hanna Mirosława Hezler-Kosztorysowanie Robót Budowlanych;501248333;;
HOUSE PARTNER Nadzór Inwestycji Budowlanych;665283600;;
I.B.R. Sp. z o.o.;(33)8124035;;
IG-BUD S.c. Przedsiębiorstwo Budowlano-Usługowe;(32)2537789;;
IN-TAR;(32)2913491;;
IN-TAR;604471464;;
INB Nadzory Budowlane Jacek Jachym;509109844;;
InBud Biuro Obsługi Inwestycji;790507524;;
INBUD CONTROL S.c.;728149277;;
INBUD CONTROL S.c.;664610076;;
Inspektor Nadzoru Budowlanego ARPIBAH;691656608;;
Inspert Paweł Zubaszewski;519109904;;
INSTAL-INVEST;664981137;;
INSTRUO Przedsiębiorstwo Inżynieryjno-Budowlane;508057460;;
INTEGRA EKO INWESTMENT Sp. z o.o.;(22)6229660;;
INTEGRA EKO INWESTMENT Sp. z o.o.;(22)6229665;;
INTER-S;(22)2414610;;
INTER-S;508212052;;
INVESSPOL Sp.j.;602697512;;
INVESSPOL Sp.j.;604059636;;
INVEST-PLUS Biuro Inwestycyjne Budownictwa Sp. z o.o.;(52)3850012;;
INVEST-PLUS Biuro Inwestycyjne Budownictwa Sp. z o.o.;(52)3215938;;
INWES-BUD Obsługa Inwestycji Budowlanych;513507115;;
INWES-BUD Obsługa Inwestycji Budowlanych;509298317;;
INWEST PARTNER;501369128;;
INWEST-BUD Michał Świerzewski;512356911;;
Inwest-Serwis;693591926;;
Inwestorsko-Projektowa Spółdzielnia Pracy INWESTPROJEKT;(12)6334926;;
Inwestorsko-Projektowa Spółdzielnia Pracy INWESTPROJEKT;(12)6335822;;
Inwestprojekt Sp. z o.o.;(52)5819141;;
INWESTPROJEKT-ŚLĄSK Spółdzielnia Projektowania i Usług Inwestycyjnych;(32)2538512;;
INWESTPROJEKT-ŚLĄSK Spółdzielnia Projektowania i Usług Inwestycyjnych;(32)2536191;;
Inwestycyjny Nadzór w Budownictwie Wiesław Perlik;(52)3462424;;
Inwestycyjny Nadzór w Budownictwie Wiesław Perlik;601617497;;
Inżynieria Budowlana Rafał Maszkowski;661558404;;
Inżynierskie Przedsiębiorstwo Budowlane Roman Nowak;(62)7328200;;
Inżynierskie Przedsiębiorstwo Budowlane Roman Nowak;660220676;;
ITALPOL Sp. z o.o.;(22)8267360;;
ITALPOL Sp. z o.o.;(22)8266096;;
JAROSŁAW CHABOWSKI - PROJEKTY, NADZÓR BUDOWLANY;606947203;;
JKJ Projekt;515558805;;
JULINEX;604192561;;
JULINEX;(22)4162647;;
JUVENES - PROJEKT Sp. z o.o.;(22)6985071-74(w.105);;
K.O.I. KOMPLEX BUD;(58)6779099;;
K.O.I. KOMPLEX BUD;604586387;;
KALKO Usługi Inżynierskie Leszek Zmełty;535333551;;
Kancelaria Inżynierska mgr inż. Arkadiusz Kruła;(74)8466782;;
Kancelaria Inżynierska mgr inż. Arkadiusz Kruła;668066060;;
KAPE Polska;784240237;;
Kierowanie Budowaniem Piotr Piesch;601062607;;
Kierownik Budowy;607111017;;
Kierownik Budowy MAR-BUD;606855375;;
Kierownik Budowy, Inspektor Nadzoru inż. Przemysław Górka;519449481;;
Kierownik Budowy, Inspektor Nadzoru inż. Przemysław Górka;503073395;;
KIS - Kosztorysowanie Instalacji Sanitarnych;663028663;;
KKBud Sp. z o.o.;(61)6247455;;
KKBud Sp. z o.o.;(61)6247457;;
KNUB Ryszard Jezierski;602715922;;
KontrolProjekt;787643659;;
KOPRIN Sp. z o.o.;(94)7173500;;
KOPRIN Sp. z o.o.;(94)3471305;;
KORBI-FULL;791553555;;
Kosatio.pl mgr inż. Janusz Sadżuga;505633329;;
KOSZT Kosztorysowanie Robót Budowlanych i Instalacyjnych;(22)8283374;;
KOSZT Kosztorysowanie Robót Budowlanych i Instalacyjnych;601223153;;
KOSZTBUD Biuro kosztorysowania robót;(81)8871176;;
KOSZTBUD Biuro kosztorysowania robót;603854242;;
Kosztorysant Budowlany Krzysztof Chodaczkiewicz;884635132;;
Kosztorysowanie Kazimiera Fiącek;(71)7901864;;
Kosztorysowanie Kazimiera Fiącek;510308622;;
Kosztorysowanie Maurycy Leśnierowski;601928091;;
Kosztorysowanie Maurycy Leśnierowski;605388131;;
Kosztorysowanie Robót Budowlanych Dariusz Stańczyk;600642187;;
Kosztorysowanie Robót Budowlanych Paradowski;501379041;;
Kosztorysowanie Robót Drogowych i Mostowych Krzysztof Suder;(12)2947195;;
Kosztorysowanie Robót Drogowych i Mostowych Krzysztof Suder;501702661;;
Kosztorysowanie, Nadzory Paweł Dziadkowiec;694743564;;
Kosztorysowanie, Nadzory Paweł Dziadkowiec;785006955;;
Kosztorysy Budowlane mgr inż. Andrzej Sobczak;608495401;;
KOTAS Usługi Inżynierskie;790852088;;
KTM Tomasz Malik;505213121;;
KTM Tomasz Malik;664132472;;
LAGANOWSKI Henryk Laganowski;(89)5410721;;
LAGANOWSKI Henryk Laganowski;602426436;;
LOKUS;(18)4439328;;
LOKUS;606354825;;
M.A.D. Biuro Usług Projektowo-Budowlanych;(22)7555941;;
M.A.D. Biuro Usług Projektowo-Budowlanych;602611579;;
MAKO;605578867;;
MAKO;(68)3216437;;
MAKON Biuro Usług Inwestycyjnych;(58)7141914;;
MAKON Biuro Usług Inwestycyjnych;694451471;;
Marbud-Nadzór Budowlany;602609314;;
Marek Tomalski;(032)2314929;;
Marek Tomalski;(032)2307052;;
MAROB;886784679;;
MBI Małopolskie Biuro Inwestycyjne Sp. z o.o.;(12)4134978;;
MBI Małopolskie Biuro Inwestycyjne Sp. z o.o.;(12)4124033;;
MBJ Corporation Sp. z o.o.;(22)8681804;;
MBJ Corporation Sp. z o.o.;(22)8463799;;
MBS Projekt Maciej Święch;609623706;;
MCORP Sp. z o.o.;600234200;;
MD-Projekt-Kompleksowe Usługi Inżynierskie;606304810;;
MD-Projekt-Kompleksowe Usługi Inżynierskie;696062009;;
MDB Marek Nasiłowski;605559542;;
MDR Sp. z o.o.;(61)8699966;;
MDR Sp. z o.o.;(61)8643412;;
MED-DYK Edward Jarmiński;696320620;;
MEDIATIS;(71)3955282;;
MEDIATIS;500610151;;
Meriton Michał Kursadowicz;608410374;;
MERITUM Biuro Kosztorysowe;696045229;;
MIELNICKI - Konstrukcje Rafał Piotr Mielnicki;603956644;;
MIRBUD Nadzory i Okresowe Przeglądy Budowlane;505950412;;
MOTYLES Piotr Przybylski;607542675;;
MPROJEKT Nadzory Budowlane Michał Prymas;662050654;;
MVT Multiinvestment S.A.;(42)6800881;;
Nadbud Sp. z o.o.;501608809;;
Nadzory Budowlane inż. Eugeniusz Gryczewski;603641995;;
NADZORY BUDOWLANE Jerzy Gacek;601438524;;
Nadzory Budowlane Marcin Smajek;502526653;;
NADZORY BUDOWLANE Mariusz Łuniewski;696770109;;
Nadzory Budowlane Tomasz Mazur;501525391;;
Nadzory Budowlane Tomasz Walczak;513765008;;
Nadzory Inwestorskie Cezary Kamiński;693659739;;
Nadzorybudowlane.waw.pl Mgr Inż. Kamil Kwapiszewski;505446406;;
Nadzorybudowlane.waw.pl Mgr Inż. Kamil Kwapiszewski;(22)6155141;;
NADZÓR BUDOWLANY Kazimierz Biegajski;601211434;;
NADZÓR BUDOWLANY Kazimierz Biegajski;602738679;;
Nadzór Budowlany mgr inż. Mieczysław Wirkus;696687109;;
Nadzór i Doradztwo Budowalne Tomasz Kaczorowski;608046804;;
NBiK Nadzory Budowlane i Kosztorysowanie inż. Stanisław Liksza;664421274;;
NEO-BUD;607356555;;
NOiT;(023)6723354;;
NOiT;509548748;;
Obsługa Inwestycji Budowlanych Tomasz Urbanek;608506329;;
ODIN;690158357;;
OMEGA Project Sp. z o.o.;780037291;;
OWiB Obsługa i Wykonawstwo Inwestycji Budowlanych;668837002;;
P. i N. Projektowanie i Nadzory;(54)2841290;;
P. i N. Projektowanie i Nadzory;792184154;;
P.H.U. ALL-BUD;603980257;;
P.H.U. ALL-BUD;(68)83244569;;
P.P.H. FLORIN S.c. K.K.Świgoń;601673839;;
P.P.H. FLORIN S.c. K.K.Świgoń;(52)5610960;;
P.P.H.U. J.STARAK Jacek Starak;665774977;;
P.U.I. EKO-INWEST S.A.;(91)4623100;;
P.U.I. EKO-INWEST S.A.;(91)4623427;;
P.W. CONTROL;691729809;;
P.W. CONTROL;724224338;;
P.W. MALACH Jarosław Zyznarski;604524749;;
PBI PAWMAR Paweł Łygan;(71)7592178;;
PBI PAWMAR Paweł Łygan;502246339;;
PEMA Kosztorysy Budowlane;(22)8349484;;
PEMA Kosztorysy Budowlane;601151010;;
PERYHELIUM;600019977;;
PERYHELIUM;(61)4151879;;
PETRA;609736009;;
PHU AMBUD;(012)2742958;;
PIECHACZEK CONSULTING;602365596;;
PiK Robert Skowroński;503078895;;
PKORB NOVUM;517503598;;
PKUWIM Grzegorz Burdach Biuro Kosztorysowe;513235572;;
PKUWIM Grzegorz Burdach Biuro Kosztorysowe;(83)3520530;;
PL Biuro Inżynierskie;(91)8852529;;
PL Biuro Inżynierskie;783301865;;
PM Group Polska Sp. z o.o.;(71)3548900;;
PM Group Polska Sp. z o.o.;(71)3548901;;
PM Pilarski, Miśkiewicz Sp. z o.o.;(42)2782269;;
PM Pilarski, Miśkiewicz Sp. z o.o.;(42)2782263;;
POL-INWEST;605443688;;
POLAR BUDOWNICTWO;502033601;;
POLAR BUDOWNICTWO;607099535;;
Polska Grupa Inżynieryjna Sp. z o.o.;(22)8947478;;
Polska Grupa Inżynieryjna Sp. z o.o.;(22)8947476;;
Powiatowy Inspektorat Nadzoru Budowlanego;(89)7629390;;
Powiatowy Inspektorat Nadzoru Budowlanego;(56)6833566;;
Powiatowy Inspektorat Nadzoru Budowlanego;(74)8460675;;
Powiatowy Inspektorat Nadzoru Budowlanego;(74)8460685;;
Powiatowy Inspektorat Nadzoru Budowlanego;(15)6433671;;
Powiatowy Inspektorat Nadzoru Budowlanego;604903339;;
Powiatowy Inspektorat Nadzoru Budowlanego w Złotoryi;(76)8786940;;
Powiernictwo KORDEK® Biuro Obsługi Budownictwa;883329999;;
PPHU BOLT;501389428;;
Pracownia Obsługi Inwestorów PRO-INVEST Sp. z o.o.;(22)6252495;;
Pro-Bud Projekty i Nadzory Budowlane;608093338;;
PRO-ESTRICH;500200705;;
PRO-INHUT Sp. z o.o.;(32)7641266;;
PRO-INHUT Sp. z o.o.;602247559;;
PRO-INWEST Obsługa Inwestycji Budowlanych;501063097;;
PRO-INWEST Obsługa Inwestycji Budowlanych;(56)6600751;;
PROINWESTBUD;602291204;;
PROJEKT GRUPA;696460414;;
Projektmanagement Polska Sp. z o.o.;(71)7858220;;
Projektmanagement Polska Sp. z o.o.;(71)7858221;;
Projektowanie i Nadzory Budowlane Marian Jaworski;691417260;;
Projektowanie i Nadzory w Budownictwie Paweł Piotrowicz;(61)8177664;;
Projektowanie i Nadzory w Budownictwie Paweł Piotrowicz;601736119;;
PROKSEN Sp. z o.o.;(56)6626100;;
PROKSEN Sp. z o.o.;(56)6626110;;
Przedsiębiorstwo Budowlane AND-BUD Andrzej Andrzejewski;(71)7915836;;
Przedsiębiorstwo Budowlane AND-BUD Andrzej Andrzejewski;605578291;;
Przedsiębiorstwo Budowlane i Zabezpieczeń Ogniotrwałych UBiZO Lech Komiszak;(52)3798685;;
Przedsiębiorstwo Budowlane i Zabezpieczeń Ogniotrwałych UBiZO Lech Komiszak;501516533;;
Przedsiębiorstwo Handlowo-Usługowe PRYZMAT Nadzory Inwestorskie - Robert Miotk;603644500;;
Przedsiębiorstwo Handlowo-Usługowe PRYZMAT Nadzory Inwestorskie - Robert Miotk;(58)6654652;;
Przedsiębiorstwo Handlowo-Usługowe STRUO Marcin Ziemiański;794262858;;
Przedsiębiorstwo Inżynieryjne Mureco;506104869;;
Przedsiębiorstwo Obsługi Inwestycji Sp. z o.o.;(91)5783997;;
Przedsiębiorstwo Obsługi Inwestycji Sp. z o.o.;533276618;;
Przedsiębiorstwo Produkcyjno-Handlowo-Usługowe ALWAKO;509393775;;
Przedsiębiorstwo Projektowo-Budowlane G-M;725808085;;
Przedsiębiorstwo Projektowo-Budowlane ZABIELSKI;(89)6748001;;
Przedsiębiorstwo Projektowo-Budowlane ZABIELSKI;(89)6748400;;
Przedsiębiorstwo Realizacji Inwestycji Sp. z o.o. KDI RABA;(12)4114907;;
Przedsiębiorstwo Realizacji Inwestycji Sp. z o.o. KDI RABA;(12)4132033;;
Przedsiębiorstwo Usług inwestycyjnych i Projektowych INWESTOR Sp. z o.o.;(76)8340089;;
Przedsiębiorstwo Usług inwestycyjnych i Projektowych INWESTOR Sp. z o.o.;(76)8340087;;
Przedsiębiorstwo Usług Inwestycyjnych MADRO;(58)3000056;;
Przedsiębiorstwo Usługowo Handlowe INDOM;604435044;;
Przedsiębiorstwo Usługowo Handlowe INDOM;(58)6859997;;
PUHGS inż. Grzegorz Szafarski;500459510;;
PUI NADZORY Sp. z o.o.;(68)4561586;;
PUPH - Agencja Zarządzania Dariusz Orzeł;601579479;;
PUPH - Agencja Zarządzania Dariusz Orzeł;(22)2139308;;
PW Danuta Krawiecka-Nadzór Budowlany;(71)3517082;;
PW Danuta Krawiecka-Nadzór Budowlany;519747397;;
QRC System Radosław Laskowski;602491414;;
QRC System Radosław Laskowski;(58)6292778;;
QS POLSKA;(12)4312185;;
Raciborskie Przedsiębiorstwo Inwestycyjne Sp. z o.o.;(32)4153645;;
Raciborskie Przedsiębiorstwo Inwestycyjne Sp. z o.o.;(32)4152043;;
RemProConcept;(58)6863289;;
RemProConcept;790220689;;
RENO-BUD Krzysztof Dula;609995008;;
REXI Piotr Chmura;(17)7881090;;
REXI Piotr Chmura;(17)7881091;;
ROSARD INVEST;505381899;;
Rosbud;(29)7422082;;
RP PARTNER;660020855;;
S.B.K-MANDATUM Stanisław Kaczmarek;(61)8403266;;
S.B.K-MANDATUM Stanisław Kaczmarek;502028051;;
Sakbud Hubert Kamiński - Inspektorzy Nadzoru Budowlanego;501127046;;
SanitBud;509105077;;
SAW & KO BUDOWNICTWO;532206637;;
SAW & KO BUDOWNICTWO;692455121;;
SerwisElektro;600649090;;
STAMARZ;609755615;;
StarHome Artur Homel;603709749;;
STRATECH;784987026;;
SYNPIRIA Sp. z o.o.;690830690;;
SYSTEM KP;(12)3502701;;
SYSTEM KP;(12)3502825;;
TEBUD usługi ogólnobudowlane, nadzory wykonawcze i projektowe Marek Szymanowicz;510035926;;
TECH-BUD Robert Basa;607805650;;
TECHBUD Kosztorysowanie Technik Budowlanych;609035101;;
TECHBUD Kosztorysowanie Technik Budowlanych;609689101;;
Techniczna Obsługa Procesu Inwestycyjnego;601472408;;
Technus-Bud;(61)8204949;;
Technus-Bud;(61)8259241;;
Temal;669323404;;
Temal;(52)3409330;;
TPI INVEST;(32)7971373;;
TPI INVEST;665485678;;
Usługi Budowlane Pilarczyk Jakub;608072277;;
Usługi Inwestorskie Sebastian Wrzesiński;606767444;;
Usługi Inwestycyjne KLIF;(58)6616172;;
Usługi Inwestycyjne Nadzory Budowlane Kosztorysowanie;505111970;;
Usługi Inżynierskie Dariusz Rybczyński;(54)4162609;;
Usługi Inżynierskie GRAL;510209007;;
Usługi Inżynierskie Wacław Kołodziejczyk;604288933;;
Usługi Kosztorysowe Agnieszka Maziarz;(32)3289226;;
Usługi Kosztorysowe Agnieszka Maziarz;601962583;;
Usługi Projektowe i Nadzory Budowlane mgr inż. Jan Stocki;602241902;;
Usługi Projektowe i Nadzory Budowlane Robert Adamek;510470464;;
Usługi Projektowe i Nadzór Inwestorski Franciszek Kłusek;601654057;;
Usługi Projektowe, Nadzór, Kierownik Budowy Janusz Dzierżanowski;(22)7512289;;
Usługi Projektowe, Nadzór, Kierownik Budowy Janusz Dzierżanowski;604463614;;
Usługi Remontowo Budowlane i Kosztorysy Mirosława Szumiec;(12)4213533;;
Usługi Remontowo Budowlane i Kosztorysy Mirosława Szumiec;888220876;;
VERTIS Investments Solutions;517773733;;
VOCADI Inwestycje Mieczysław Grygorowicz;601380089;;
VOCADI Inwestycje Mieczysław Grygorowicz;(77)4314282;;
WarMbud;515291305;;
WEBX Inwest Ryszard Matczuk;501097700;;
Wobet mgr inż. Wojciech Wierzbicki;(048)6129347;;
Wobet mgr inż. Wojciech Wierzbicki;502439551;;
Wojewódzki Inspektorat Nadzoru Budowlanego w Krakowie;(012)4107300;;
Wojewódzki Inspektorat Nadzoru Budowlanego w Krakowie;(012)4117107;;
Wojewódzkie Przedsiębiorstwo Usług Inwestycyjnych Sp. z o.o. w Olsztynie;(89)5215800;;
Wojewódzkie Przedsiębiorstwo Usług Inwestycyjnych Sp. z o.o. w Olsztynie;(89)5215804;;
WW Consulting;609441096;;
Wykonawstwo i Koordynacja Sieg Jacek;(58)3495040;;
Wykonawstwo i Koordynacja Sieg Jacek;(58)5217405;;
Zakład Budowlano-Projektowy JR INWEST;(33)8117866;;
Zakład Budowlano-Projektowy JR INWEST;506909129;;
Zakład Elektryczny ELEKTRO-COMP;(058)6290545;;
Zakład Elektryczny ELEKTRO-COMP;602478144;;
Zakład Kosztorysowania Projektowania i Nadzoru Budowlanego S.c.;(12)4129874;;
Zakład Kosztorysowania Projektowania i Nadzoru Budowlanego S.c.;601738790;;
Zakład Obsługi Inwestycji EKO INWEST;(41)3620420;;
Zakład Obsługi Inwestycji EKO INWEST;(41)2434181;;
Zakład Projektowania, Nadzoru Budowlanego, Rzeczoznawca i Obrotu Nieruchomości;(42)6432726;;
Zakład Projektowania, Nadzoru Budowlanego, Rzeczoznawca i Obrotu Nieruchomości;604464545;;
Zakład Usług Budowlanych Roman Maćek;604868711;;
Zakład Usług Inwestorskich i Projektowych Ryszard Nawacki;663569882;;
Zakład Usług Inwestorskich i Projektowych Ryszard Nawacki;607669107;;
Zakład Usług Inwestycyjnych CERTUS;(82)5657290;;
Zakład Usług Inwestycyjnych CERTUS;501676606;;
Zakład Usług Inwestycyjnych DIM Sp. z o.o.;(77)4824800;;
Zakład Usług Inwestycyjnych DIM Sp. z o.o.;609186731;;
Zakład Usług Inwestycyjnych INTECH;(68)3224240;;
Zakład Usług Inwestycyjnych INTECH;663437400;;
Zakład Usług Inwestycyjnych INWESBUD Michał Polski;(41)2433857;;
Zakład Usług Inwestycyjnych INWESBUD Michał Polski;602798798;;
Zakład Usług Inżynierskich Ireneusz Kłysz;608424545;;
Zakład Usługowo-Handlowy Maciej Żelisko;602695810;;
Zakład Wielobranżowy FEST;604609855;;
Zamojska Dyrekcja Inwestycji ZDI Sp. z o.o.;(84)6392053;;
Zamojska Dyrekcja Inwestycji ZDI Sp. z o.o.;(84)6381058-59;;
ZARZĄDCA Sp. z o.o.;(91)4893631;;
ZARZĄDCA Sp. z o.o.;(91)4893632;;
Zastępstwo Inwestycyjne DZIDO sp.j.;601843601;;
Zastępstwo Inwestycyjne DZIDO sp.j.;606454215;;
ZUTH POLMEX Sp. z o.o.;(62)7534065;;
ZUTH POLMEX Sp. z o.o.;604063603;;
Biuro Projektowe, Budownictwo Hydrotechniczne Krzysztof Wróbel;792195579;;
Biuro Projektów Pro-Dom;732555044;;
Centrum Inżynierii Materiałowej InterMat;601934465;;
Centrum Inżynierii Materiałowej InterMat;(68)3280836;;
Creati-Pro Michał Ludwiczak;600765609;;
Inżynieryjne Usługi Budowlane MTrela Marcin Trela;503762371;;
MadPol Paweł Siwko;739413047;;
Pracownia Inżynierska PI mgr inż. Piotr Iwat;693353039;;
Projektowanie i Odbiory Elektryczne, Uprawnienia Budowlane;793426170;;
Projektowanie, Kosztorysowanie, Nadzory Budowlane Eugeniusz Chrobok;(32)4727676;;
Projektowanie, Kosztorysowanie, Nadzory Budowlane Eugeniusz Chrobok;502123199;;
Tommy Design mgr inż. Tomasz Kantor;509893640;;
2M MALINOWSKI Sp.j.;(22)7851011;;
2M MALINOWSKI Sp.j.;(22)7851012;;
A-14 Usługi Projektowe,Nadzory Budowlane, Roboty Drogowe mgr inż. Andrzej Olszowski;693333422;;
A-14 Usługi Projektowe,Nadzory Budowlane, Roboty Drogowe mgr inż. Andrzej Olszowski;783996468;;
A&B Zarządzanie i Administrowanie Nieruchomościami - Biuro Projektowo-Doradcze;(22)8336133;;
A&B Zarządzanie i Administrowanie Nieruchomościami - Biuro Projektowo-Doradcze;504545776;;
AAS SOLAR GREENHOUSE;(022)8639476;;
AAS SOLAR GREENHOUSE;602627703;;
AASOBOL Pracownia Projektowa S.c.;(87)6100685;;
AASOBOL Pracownia Projektowa S.c.;606884018;;
Abaris Projekt Sp. z o.o.;(61)6708894;;
Abaris Projekt Sp. z o.o.;(61)6660041;;
ABBK Biuro Konstrukcyjne mgr inż. Artur Biskupek;505634126;;
ABC Projekt Pracownia Projektowa;509456107;;
ABI Bud-Serwis;(71)7230080;;
AC Studio;(61)6658206;;
AC Studio;(61)6658207;;
ADREM Usługi Remontowe Jacek Chajęcki;501082917;;
AFFABRE Sp. z o.o.;(52)3421160;;
AFFABRE Sp. z o.o.;(52)3453045;;
AGBAST Jacek Gorzyński;888558508;;
AGS Firma Kosztorysowo-Remontowa;664418447;;
AKADEMIA METODYKI;514215705;;
AKint;501723202;;
AKint;(22)2434077;;
ALBIS Biuro Budowlane;(33)8126247;;
ALEKS Usługi Projektowe-Nadzory Budowlane;(25)7920035;;
ALEKS Usługi Projektowe-Nadzory Budowlane;510576062;;
ALZAR-STUDIO Studio Projektowe;605226410;;
ALZAR-STUDIO Studio Projektowe;693343260;;
AM-Tectonics Sp. z o.o.;501930438;;
AM-Tectonics Sp. z o.o.;(22)6191690;;
ANA Biuro Projektowe;608036191;;
ANA Biuro Projektowe;698347214;;
Andrzej Marzec AM;534333392;;
Andrzej Marzec AM;794901100;;
ANTAR Antoni Taraszkiewicz;(59)8452339;;
ANTAR Antoni Taraszkiewicz;600322000;;
APRO POLSKA Sp. z o.o.;(61)8171171;;
APRO POLSKA Sp. z o.o.;(61)8190666;;
APS Biuro Projektów Budownictwa;(68)4535991;;
APS Biuro Projektów Budownictwa;(68)4535994;;
ARCHAS DESIGN Maciej Zuber Autorska Pracownia Projektowa;602731007;;
Archeo-Invest Usługi Archeologiczne Katarzyna Anc;501719448;;
Archeo-Invest Usługi Archeologiczne Katarzyna Anc;502601138;;
Archi+ Bielski, Konończuk, Stobiecki Sp.j.;(85)7336086;;
ARCHIBUD;(56)6882776;;
ARCHIBUD;602102754;;
ARCHICON S.c.;607309091;;
ARCHICON S.c.;(32)2309318;;
Archido.pl projekty domów;(43)6756767;;
Archido.pl projekty domów;885203060;;
ARCHIDRAFT Pracownia Projektowa;505995980;;
ARCHIME;(85)6763346;;
ARCHIME;668580193;;
ARCHISPORT Sp. z o.o.;(71)3489087;;
ARCHITEKT Franciszek Oremus;660199000;;
Architektura Kucharczyk;(12)6237263;;
Area-Term Sp. z o.o. Sp.komandytowa;(12)4256660;;
Arkon Projekt;602488198;;
ARKON Sp.j. Biuro Projektów;(33)8423343;;
ARKON Sp.j. Biuro Projektów;607526346;;
ARPROJEKT S.c. Biuro Projektowe;(76)8470088;;
ART-REKO Sp. z o.o.;(22)7816666;;
ART-REKO Sp. z o.o.;(22)6735603;;
Autorska Pracownia Projektowa Konstrukcji Budowlanych DESCON Sp. z o.o.;691990354;;
Autorska Pracownia Projektowa Konstrukcji Budowlanych DESCON Sp. z o.o.;(22)4362485Pracownia;;
Autorska Pracownia Projektowa PROJEKTYKA;(52)5243645;;
Autorska Pracownia Projektowa PROJEKTYKA;(55)5005052;;
AWENTYN Firma Budowlana, Remontowo-Wykończeniowa;784448515;;
AWIMEX Sp. z o.o.;(32)6713297;;
AWIMEX Sp. z o.o.;605090141;;
BAUTAM PROJEKT;(12)4441393;;
BAUTAM PROJEKT;(12)4441332;;
BB Studio Architektoniczno-Budowlane ZREMB Pracownia Projektowa;(71)3522320;;
BB Studio Architektoniczno-Budowlane ZREMB Pracownia Projektowa;(71)3523025;;
Belweder Apartments Bartłomiej Janusz Kozera Zarządzanie Nieruchomościami;795702202;;
Belweder Apartments Bartłomiej Janusz Kozera Zarządzanie Nieruchomościami;509451780;;
BERBUD;607501307;;
Bet-Mix Wojciech Lelek;501651600;;
Bet-Mix Wojciech Lelek;(12)3977815;;
BGJ Consulting Jadwiga Bizon-Górecka;609997001;;
BGJ Consulting Jadwiga Bizon-Górecka;(52)3407507;;
BIB Biuro Inżynierii Budowlanej;600359552;;
Biowoma;(48)6673607;;
Biowoma;603638312;;
BIPOD BUDOWNICTWO Sp. z o.o.;(83)3435909;;
BIPOD BUDOWNICTWO Sp. z o.o.;601364649;;
BITL Biuro Inżynierskie Tomasz Łęski;(34)3638084;;
Biura Wyceny Nieruchomości i Obsługi Budownictwa CENROM;602573837;;
Biuro Budowlane ANKRA Sp. z o.o.;(41)3959022;;
Biuro Budowlane ANKRA Sp. z o.o.;(41)3445398;;
Biuro CABA GROSZEK Architekci Sp.j.;(71)7833814;;
Biuro CABA GROSZEK Architekci Sp.j.;(71)7833813;;
Biuro Inwestora Budowy;(12)2911000;;
Biuro Inwestora Budowy;603742823;;
Biuro Inżynierskie Anna Orłowska;(22)2587626;;
Biuro Inżynierskie Anna Orłowska;502414608;;
Biuro Inżynierskie BAUBUD;501107268;;
Biuro Inżynierskie Energia 2000 mgr inż. Dariusz Lenart;883107051;;
Biuro Inżynierskie GAZDA Mirosława Dominowska;(91)4847864;;
Biuro Inżynierskie GAZDA Mirosława Dominowska;(91)4847862;;
Biuro Inżynierskie M-INWESTYCJE;508436556;;
Biuro Inżynierskie Paweł Łaga;(58)3508446;;
Biuro Inżynierskie Paweł Łaga;783390084;;
Biuro Inżynierskie PHU BIKOMA;608250663;;
Biuro Inżynierskie PHU BIKOMA;695505851;;
Biuro Inżynierskie PROBUD;502318971;;
Biuro Nadzoru Kosztorysowania i Projektowania mgr inż. Grzegorz Borkowski;502551847;;
Biuro Nadzoru Kosztorysowania i Projektowania mgr inż. Grzegorz Borkowski;512205626;;
Biuro Obsługi Budownictwa EKSPERT;(52)3342041;;
Biuro Obsługi Budownictwa EKSPERT;606754615;;
Biuro Obsługi Budownictwa Tadeusz Szymborski;(58)7755310;;
Biuro Obsługi Budownictwa Tadeusz Szymborski;606655863;;
Biuro Obsługi Inwestycji PRO-INWEST;(81)8251810;;
Biuro Obsługi Nieruchomości ARENDA Elżbieta Kasperek;(32)2669021;;
Biuro Projektowe ARPOT;(84)6864592;;
Biuro Projektowe Artur Ludomirski;(12)6490759;;
Biuro Projektowe Artur Ludomirski;602331583;;
Biuro projektowe EKO Projekt;(46)8627815;;
Biuro projektowe EKO Projekt;602488824;;
Biuro Projektowe GREKOR Grzegorz Korszak;608329585;;
Biuro Projektowe i Nadzoru Budowlanego KONSTRUKTOR;728826177;;
Biuro Projektowe KONSTAR Patrycja Sinka;509484449;;
Biuro Projektowe KONSTAR Patrycja Sinka;(32)4227213;;
Biuro Projektowe OLPROJEKT;607273449;;
Biuro Projektowe OLPROJEKT;(71)7253781;;
Biuro Projektowe z Wykonawstwem Zygmunt Drzymalski;(15)8642670;;
Biuro Projektowe z Wykonawstwem Zygmunt Drzymalski;606322474;;
Biuro Projektowe Zbigniew Wiśniewski;(24)2615001;;
Biuro Projektowe Zbigniew Wiśniewski;603242208;;
Biuro Projektowo-Consultingowe STRUKTURA;(91)4853336;;
Biuro Projektowo-Inwestycyjne OMEGA Dariusz Kucharczyk;(44)7381201;;
Biuro Projektowo-Inwestycyjne OMEGA Dariusz Kucharczyk;512219036;;
Biuro Projektowo-Inżynierskie REDAN Sp. z o.o.;(91)4624091;;
Biuro Projektowo-Inżynierskie REDAN Sp. z o.o.;(91)4624043;;
Biuro Projektowo-Konsultacyjne Inżynierii Lądowej SIGMA Zbigniew Zadrożny;602758470;;
Biuro Projektowo-Usługowe MAKBUD Michał Knap;509306919;;
Biuro Projektowo-Usługowe mgr inż. Zbigniew Uszko;602750827;;
Biuro Projektowo-Wykonawcze Włodzimierz Stępień, Łukasz Stępień S.c.;(44)7555301;;
Biuro Projektowo-Wykonawcze Włodzimierz Stępień, Łukasz Stępień S.c.;605227473;;
Biuro Projektów Architektura i Konstrukcja;508095540;;
Biuro Projektów Architektura i Konstrukcja;517585179;;
Biuro Projektów i Nadzoru Budowlanego CAD-PROFIL;(77)4141715;;
Biuro Projektów i Nadzoru Budowlanego CAD-PROFIL;609637109;;
Biuro Projektów i Obsługi Inwestycji PRO-DOM;694792004;;
Biuro Projektów Inżynierskich Jacek Matuszak;502349994;;
Biuro Projektów Inżynierskich Jacek Matuszak;(61)2786308;;
Biuro Rachunkowo-Kosztorysowe BONEMO;609627178;;
Biuro Rachunkowo-Kosztorysowe BONEMO;605531050;;
Biuro Usług Budowlanych Stanisław Pokrywa;608481267;;
Biuro Usług Budowlanych Stefan Rosiak Rzeczoznawca Majątkowy i Budowlany;601778480;;
Biuro Usług Budowlanych Stefan Rosiak Rzeczoznawca Majątkowy i Budowlany;(94)3511366;;
Biuro Usług Inwestycyjnych BUDOTERM;(22)8477185;;
Biuro Usług Inwestycyjnych BUDOTERM;601374972;;
Biuro Usług Inwestycyjnych MAR-KA;603588101;;
Biuro Usług Projektowo-Budowlanych Łukasz Różyński;692616383;;
Biuro Usług Projektowych i Inwestycyjnych Jarosław Sawa;509241176;;
Biuro Usług Projektowych i Inżynierskich RWprojekt Roman Waliłko;723909947;;
Biuro Usług Projektowych i Inżynierskich RWprojekt Roman Waliłko;(74)8171910;;
Biuro Usług Projektowych i Nadzorów Inwestorskich Jan Stoń;601276228;;
Biuro Usług Projektowych i Obsługi Inwestycji DWG;(52)5524630;;
Biuro Usług Projektowych i Obsługi Inwestycji DWG;(52)5524588;;
Biuro Usług Projektowych m3kaczmarek;607850703;;
Biuro Xpertbud;(33)8158788;;
Biuro Xpertbud;502262174;;
BJD-Inwestycje Ryszard Kijanka;882830055;;
BLOKUS - Kompleksowa Obsługa Inwestycji;502957995;;
BMT Wybrzeże;(58)6659871;;
BMT Wybrzeże;(58)6659872;;
BONUS Sp. z o.o.;(67)2138485;;
BRiKI Łukasz Trepczyński;531772229;;
BUD-AUDYT;791050856;;
BUD-AUDYT;722185400;;
BUD-EXPERT;793678456;;
BUD-KAN Przedsiębiorstwo Budowlano-Inżynieryjne Zygmunt Wysocki;(71)3466384;;
BUD-KAN Przedsiębiorstwo Budowlano-Inżynieryjne Zygmunt Wysocki;603390716;;
BUD-PROJEKT;695667318;;
BUDARI doradztwo i nadzory budowlane;606855301;;
BUDKOMEKS;(61)8204449;;
BUDKOMEKS;(61)8259310;;
Budowlana Pracownia Projektowa ELMIR;(44)6323736;;
Budowlana Pracownia Projektowa ELMIR;601291465;;
Budowlana Spółka Inżynierska P.Libront, M.Sendor Sp.j.;(12)4143666;;
Budowlana Spółka Inżynierska P.Libront, M.Sendor Sp.j.;501422666;;
Budowlani Sylwia Kowalczyk;(34)3610837;;
Budowlani Sylwia Kowalczyk;605356333;;
Budurex;(71)6614461;;
Budurex;600378263;;
BUILD-SPORT-TRAFFIC;501237751;;
BUILDgreenDesign;(61)6700036;;
BUILDgreenDesign;607850028;;
Bujakowski Sp. z o.o.;(12)6557321;;
Bujakowski Sp. z o.o.;512484648;;
BUTiB STANAN mgr inż. Stanisław Andryjałowicz;(32)7854527;;
BUTiB STANAN mgr inż. Stanisław Andryjałowicz;695948891;;
CAD-production;(56)4779612;;
CAD-production;692705028;;
CENTRUM BHP TIS - więcej niż bezpieczeństwo;(41)3350513;;
CENTRUM BHP TIS - więcej niż bezpieczeństwo;(41)3107470;;
Centrum Projektowo-Budowlane BUDPLAN S.c.;602668660;;
Centrum Projektowo-Budowlane BUDPLAN S.c.;516199627;;
CEprojekt;600832169;;
CIEPŁY DOM Pracownia Inżynierska;504686235;;
COBE Sp. z o.o.;510445448;;
Complex Projekt Sp. z o.o. Biuro Projektowo-Konsultingowe;(32)2597201;;
Complex Projekt Sp. z o.o. Biuro Projektowo-Konsultingowe;(32)2597714;;
ConsProjekt Usługi Projektowe;692469560;;
CONST-PRO Grupa Inżynierska;(77)5471207;;
CONSTRUCTIVE Pracownia Inżynierii Lądowej;604366955;;
CONSTRUCTIVE Pracownia Inżynierii Lądowej;600964761;;
DAGABUD;(61)8157180;;
DAGABUD;601871590;;
DAKO-PROJEKT;501512937;;
DAROX inż.Dariusz Jochymczyk;533400305;;
DAROX inż.Dariusz Jochymczyk;511406038;;
De Lux S.c.;697900876;;
De Lux S.c.;691900110;;
DECADLINE;722070757;;
DEEL Świadectwa Energetyczne Budynków D.Lewandowska;604446579;;
DEEL Świadectwa Energetyczne Budynków D.Lewandowska;(34)3619035;;
DEKRA Polska Sp. z o.o.;(22)6544310-11BranżaBudowlana;;
DEKRA Polska Sp. z o.o.;(22)8900073;;
DiNB Wojciech Czarnynoga Doradztwo i Nadzór Budowlany;698813231;;
DiNB Wojciech Czarnynoga Doradztwo i Nadzór Budowlany;600700334;;
DOM Pracownia Projektowa mgr inż. Danuta Bartoszewicz;600293927;;
DOM-BUD ŁAWICA Michał Lichwa;604481664;;
DOM-LUX Maciej Tyryłło;535725999;;
DOMBUD Jakub Pisarek;(71)3154873;;
DOMBUD Jakub Pisarek;693543180;;
DOMPOL;506000174;;
DOMPOL;601378952;;
DOMUS-PLAN Biuro Architektoniczne;(32)2178035;;
DoppelHaus;609123448;;
DoppelHaus;603068180;;
DROG-REM;(22)8368102;;
Drogowa Trasa Średnicowa S.A.;(32)2502715;;
Drogowa Trasa Średnicowa S.A.;(32)2502904;;
E-INWEST Obsługa Inwestycji Budowlanych Jureczka Karolina;666986868;;
EDIT Usługi Ogólnobudowlane;602693719;;
EDWARD-POL Instalatorstwo Sanitarne w Zakresie Budownictwa;(033)8453058;;
EDWARD-POL Instalatorstwo Sanitarne w Zakresie Budownictwa;604430098;;
EGREEN;(61)6703081;;
EGREEN;668981488;;
EJPO Nieruchomości, Nadzór Budowlany;(71)7809200;;
EJPO Nieruchomości, Nadzór Budowlany;(71)7809203;;
EKO-INWEST S.c.;(55)2361460;;
EKO-INWEST S.c.;(55)2370498;;
Eko-mik-System Sp. z o.o.;(32)3302640;;
Eko-mik-System Sp. z o.o.;(32)3302641;;
Ekoinvest3miasto Zarządzanie Inwestycjami;668573583;;
Ekoinvest3miasto Zarządzanie Inwestycjami;505150906;;
EKOINWEST;515166950;;
EKOINWEST;(32)3014691;;
EKSPERTYZY.PRO;664301101;;
EL-POM;(61)2829833;;
EL-TECH S.c.;(71)3450822;;
EL-TECH S.c.;(71)3466618;;
ELBOR Włodzimierz Borecki;(22)3217054;;
ELBOR Włodzimierz Borecki;501009290;;
Elektro-Eska;601352522;;
Elektro-Eska;(22)7574707;;
ELEKTROM;(54)2335020;;
ELEKTROM;517870455;;
ELEKTROPROJEKT Wrocław Sp. z o.o.;(71)3677791;;
ELEKTROPROJEKT Wrocław Sp. z o.o.;601676540;;
EMBUD S.c.;(32)7689621;;
EMBUD S.c.;(32)7691383;;
EMFORM;506040271;;
Energo Tech;505065762;;
ENERGO USŁUGI Krzysztof Pawłowski;662251133;;
ENERGO-INVEST Rafał Kołodziej;793320058;;
ENERGOTECHNIKA-PROJEKT Sp. z o.o.;(32)3325800;;
ENERGOTECHNIKA-PROJEKT Sp. z o.o.;(32)3325801;;
ER Studio;(58)7106920;;
ER Studio;501797111;;
EREMES Inżynier Budownictwa Sławomir Bargieł;607189188;;
Esanit Sp. z o.o.;(74)8569096;;
Esanit Sp. z o.o.;604700680;;
ESOX PROJEKT Sp. z o.o. Sp. komandytowa;(22)7159490;;
EURYTMIA Pracownia Architektury;501010410;;
EURYTMIA Pracownia Architektury;600829588;;
EXAL;504102608;;
EXPERT Usługi Projektowe i Wycena Nieruchomości Danuta Jezienicka;(32)2700152;;
EXPERT Usługi Projektowe i Wycena Nieruchomości Danuta Jezienicka;(32)2701809;;
EXTEND;784148919;;
F.H.U. TECHNIKA;785720563;;
F.H.U. TECHNIKA;724794392;;
F.U. GAWŁOWSKI;602109204;;
F.U. GAWŁOWSKI;(34)3229393;;
F.U.H.P. AL-PROF;(12)4306433;;
Fachowy Odbiór Mieszkania i Świadectwa Energetyczne Budynków;503073395;;
Fast Kraków Sp. z o.o. Sp.komandytowa;(12)6478991;;
FHU ANGROM;601419915;;
FHUP DREW-STAL Antoni Korab;519126650;;
FHUP DREW-STAL Antoni Korab;(17)8555246;;
Firma Architektoniczno-Budowlana HAMMER-BUD Halina Mglej-Rudnicka;(33)8125691;;
Firma Architektoniczno-Budowlana HAMMER-BUD Halina Mglej-Rudnicka;603633425;;
FIRMA BUDOWLANA Jerzy Czuryło;(74)8581115;;
FIRMA BUDOWLANA Jerzy Czuryło;601813970;;
Firma Budowlana LISBUD S.c. Lis Damian, Lis Łukasz;(17)7881115;;
Firma Budowlana LISBUD S.c. Lis Damian, Lis Łukasz;(17)7881112;;
Firma Budowlana OSTAFIN;696023824;;
Firma Budowlano-Remontowa GALBUD;(34)3211005;;
Firma Budowlano-Remontowa GALBUD;668123062;;
Firma Budowlano-Remontowa Kierownik Budowy;731613017;;
Firma Elektryczna ELQ;602336541;;
Firma Elektryczna ELQ;(12)6177624;;
Firma Inżynieryjna BENE-BUD;(56)6486395;;
Firma Inżynieryjna BENE-BUD;601632070;;
Firma Janusz Gajda;(43)8423665;;
Firma Janusz Gajda;512250856;;
Firma Projektowa Chmura;(32)2242156;;
Firma Projektowa KONSPRO;(33)8440209;;
Firma Projektowa KONSPRO;506127899;;
Firma Projektowanie Konstrukcji Budowlanych;600294161;;
Firma Projektowo Budowlana KARCZMARSKI ART;603110901;;
Firma Projektowo Usługowa Liliana Wojciechowska Zgraja;604112845;;
Firma Projektowo-Budowlana CENTER-PAPST-BUD Stanisław Papież;501578712;;
Firma Projektowo-Budowlana CENTER-PAPST-BUD Stanisław Papież;(32)7471587;;
Firma Projektowo-Budowlana Elgrud S.c. Franciszek Kruk, Wojciech Melkowski;(56)4610120;;
Firma Projektowo-Budowlana Elgrud S.c. Franciszek Kruk, Wojciech Melkowski;(56)4658002-03;;
Firma Projektowo-Handlowo-Wykonawcza A.S.KLIMA;508237003;;
Firma Projektowo-Usługowa INSTAL-HEAT;509740058;;
Firma Usługowo Handlowa NOWPOL;515283517;;
Firma Usługowo Handlowa WITEX;603503049;;
FOX Stal Usługi Ślusarskie;(22)8141813;;
FOX Stal Usługi Ślusarskie;501725335;;
GALISTRA Sp. z o.o.;504023673;;
GAWBET S.c.;(22)7871895;;
GAWBET S.c.;604155815;;
GAZDA Domy z Drewna;607744724;;
GAZDA Domy z Drewna;665188512;;
Gburczyk & Samul - Z.U.I. Consult-Bud-Projekt;(67)2155428;;
Gburczyk & Samul - Z.U.I. Consult-Bud-Projekt;600243677;;
Gema Inwest;662203175;;
Gema Inwest;501193306;;
GEO-Bit Consulting;603746442;;
GEO-PROJEKT INVEST Sp. z o.o.;693814816;;
GEO-PROJEKT INVEST Sp. z o.o.;791640120;;
GeoProjekt Łukasz Hławiczka;606305008;;
GOORAL Marcin Góral;502534665;;
GOORAL Marcin Góral;(39)1396290;;
GrafiCad;506760344;;
GRAFIKS;501925317;;
GRAFIKS;(32)7500832;;
GRAL Dekarz Alicja Lisakowska;608598149;;
Grandia;510027011;;
Grandia;606971056;;
GRUPA INŻBUD;(32)4330585;;
GRUPA INŻBUD;(32)4330580;;
Grupa PROJCAD Biuro Inżynieryjne;518233458;;
GRYF Biuro Projektów i Nieruchomości;501043288;;
HALIKOWSKI Maciej Halikowski;504008641;;
HAUS PROJEKT;531313431;;
Haustherm;502062770;;
HP-PRO;604065172;;
HS Przedsiębiorstwo Usług Projektowych i Nadzorów Inwestycyjnych Helena Szczepankowska;602581139;;
HS Przedsiębiorstwo Usług Projektowych i Nadzorów Inwestycyjnych Helena Szczepankowska;(58)6786915;;
I-PROJEKT;(32)7003426;;
I-PROJEKT;(32)7003101;;
IKOMONT Zakład Specjalistycznych Robót Budowlanych Zbigniew Przybecki;(61)8724153;;
IKOMONT Zakład Specjalistycznych Robót Budowlanych Zbigniew Przybecki;(61)8724154;;
ILF Consulting Engineers Polska Sp. z o.o.;(22)4302600;;
ILF Consulting Engineers Polska Sp. z o.o.;(22)4302601;;
INCONS;(61)6712671;;
INCONS;604240319;;
INKAR Krzysztof Karowiec;605549340;;
INSANA Pracownia Projektowo-Usługowa;(74)6675043;;
INSANA Pracownia Projektowo-Usługowa;504255718;;
INSIDE Aranżacje i Realizacje Iwona Skuza;698237125;;
INSIGNIA Hanna Kubiak;602113884;;
INSPRO Grzegorz Kaczmarek Biuro Projektówi Realizacji Inwestycji;696087790;;
INTER-SKOL Sp. z o.o.;608141312;;
INTERMIS;601210405;;
INTERMIS;(61)8306597;;
Invest-Dominium;602249506;;
INVEST-LEX;886587323;;
INVESTPROFEO Projekty i Nadzory Budowlane Rafał Wiliński;728500538;;
INWEST SOL;603620893;;
INWEST SOL;(52)3434854;;
INWEST SYSTEM;(12)4447008;;
INWEST SYSTEM;(12)4447089;;
INWEST-BUD;667294062;;
Inwest-Bud S.c.;(42)7175383;;
Inwest-Bud S.c.;604482570;;
INWEST-BUD Sp. z o.o.;600615821;;
INWEST-KOSZT-BUD mgr inż. Zofia Cymbor;600099783;;
INWEST-KOSZT-BUD mgr inż. Zofia Cymbor;607572664;;
INWEST-REM inż. Remigiusz Kłoskowski;794359796;;
InwestBau Biuro Projektowo-Budowlane;(14)6816350;;
InwestBau Biuro Projektowo-Budowlane;(14)6816349;;
INWESTBUD Holding Spółka z ograniczoną odpowiedzialnością Sp. K.;(22)6243617;;
Inżynierskie Usługi Budowlane Stanisław Klajnowski;513052177;;
Inżynierskie Usługi Budowlane Stanisław Klajnowski;(32)2798061;;
IQnet Sp. z o.o.;(32)7301199;;
IQnet Sp. z o.o.;(32)7301190;;
Italian Polish Stone Works Sp. z o.o.;(22)6241544;;
Italian Polish Stone Works Sp. z o.o.;(22)6243306;;
ITF Biuro Projektowe;691338850;;
J.A.R. Beata Anna Wydrzyńska-Rabińska;(22)8795096-99;;
J.A.R. Beata Anna Wydrzyńska-Rabińska;608079894;;
JANG;(61)6522295;;
JANG;(61)6522296;;
Jardom-Bud;(61)8740288;;
Jardom-Bud;607281313;;
JH Constructions Sp. z o.o.;664203160;;
JH Constructions Sp. z o.o.;881064864;;
JIM STUDIO;(22)2515216;;
JIM STUDIO;502030449;;
JL-bud;506454545;;
JL-bud;(86)2140417;;
jm ARCHITEKCI Sp. z o.o.;(58)3467243;;
jm ARCHITEKCI Sp. z o.o.;(58)5110223;;
JSP Biuro Projektów;501625560;;
Jurczak Inwestycje Budowlane i Nieruchomości;608382705;;
Jurczak Inwestycje Budowlane i Nieruchomości;600077366;;
JZJPROJEKTY;604439218;;
JZJPROJEKTY;606853912;;
KAMPOL;660708711;;
KAMTECH Sp. z o.o.;(56)6572927;;
KAMTECH Sp. z o.o.;(56)6572928;;
Kancelaria ROYAL HOUSE Anna Antoniszyn;(71)3306600;;
KAPA Usługi Ogólnobudowlane Lipski Piotr;604797313;;
KAPPA-PROJEKT Sp. z o.o.;(22)8729009;;
Karoma Sp. z o.o.;(91)4333055;;
Karoma Sp. z o.o.;604500058;;
KL-Projekt Krystyna Lihs;(58)6817437;;
KL-Projekt Krystyna Lihs;508355262;;
KLINIKA BUDOWLANA Sp. z o.o.;(12)2631144;;
KLINIKA BUDOWLANA Sp. z o.o.;(12)2942777;;
KLM Project;886173174;;
KOINS Piotr Niemiec;608451257;;
KOINS Piotr Niemiec;694436769;;
Kompleksowa Obsługa Inwestycji Budowlanych JAROBUD Mateusz Jackowiak;(61)8768295;;
Kompleksowa Obsługa Inwestycji Budowlanych JAROBUD Mateusz Jackowiak;508165099;;
Kompleksowe Usługi Budowlane;(22)7819270;;
Kompleksowe Usługi Budowlane;606275536;;
Kompleksowe Usługi Kominiarskie i Nadzór Budowlany Szymon Piórkowski;660799638;;
Kompleksowe Usługi Kominiarskie i Nadzór Budowlany Szymon Piórkowski;(29)7416398;;
KOMPLEX;790289158;;
KOMPLEX;(32)4304861;;
Konsjerż Budowlany - Doradztwo i Kosztorysowanie;602313537;;
KONSNORD-Projekty i Nadzory Budowlane;(58)7316745;;
KONSNORD-Projekty i Nadzory Budowlane;793992460;;
KONSTRUKTON Biuro Projektów;(77)5474030;;
KONSTRUKTON Biuro Projektów;692418572;;
KONSTRUKTOR group;508240470;;
KONSTRUKTORZY.pl;(87)4281277;;
KONSTRUKTORZY.pl;606304973;;
KRZYSZTOF Przedsiębiorstwo Budowlano Handlowe;602893469;;
KSAR;692536051;;
KSAR;(12)3789253;;
KURPAS PROJEKT Usługi Projektowo-Budowlane inż. Eugeniusz Kurpas;(32)2357201;;
KURPAS PROJEKT Usługi Projektowo-Budowlane inż. Eugeniusz Kurpas;695872025;;
Landmark-Pracownia Architektury Krajobrazu Magdalena Słowik-Junko;606918977;;
LARGO HALE Sp. z o.o.;(58)5507019;;
LARGO HALE Sp. z o.o.;605601781;;
LCS Loss Control Service Sp. z o.o.;0801321654;;
LCS Loss Control Service Sp. z o.o.;781321654;;
LEADER S.c.;(68)4791391;;
LEADER S.c.;(68)4791390;;
Lineal Sp. z o.o.;(61)8275067;;
Lineal Sp. z o.o.;(61)8275070;;
M-Projekt Biuro konstrukcyjno-inżynierskie Mariusz Zelwis;692451669;;
M.A.K. Marzena Kaleta;(22)7301043;;
M.A.K. Marzena Kaleta;605660948;;
MALKOMBUD;691885605;;
MBT Engineering Sp. z o.o.;608760608;;
Miejskie Przedsiębiorstwo Energetyki Cieplnej - Rzeszów Sp. z o.o.;(17)8541542;;
Miejskie Przedsiębiorstwo Energetyki Cieplnej - Rzeszów Sp. z o.o.;(17)8541707;;
Miejskie Przedsiębiorstwo Gospodarki Mieszkaniowej S.A. w Poznaniu - MPGM S.A.;(61)6397096;;
Miejskie Przedsiębiorstwo Gospodarki Mieszkaniowej S.A. w Poznaniu - MPGM S.A.;(61)6397097;;
MIG-BUD S.c.;505476626;;
MIG-BUD S.c.;(61)8818324;;
MIK - TRANSBET Janusz Mikuła;601932028;;
MIK - TRANSBET Janusz Mikuła;(74)8313425;;
MIPLAN S.c.;(32)2368589;;
MIPLAN S.c.;694032624;;
MiroCert Certyfikaty Energetyczne Mirosław Szendera;(32)2256261;;
MiroCert Certyfikaty Energetyczne Mirosław Szendera;662165810;;
MK BUDOWNICTWO Marcin Kaczorowski;505837130;;
MK Nieruchomości Kołobrzeg;(94)3517463;;
MK Nieruchomości Kołobrzeg;604509207;;
ML DESIGN Biuro Inżynieryjne;(32)4358908;;
ML DESIGN Biuro Inżynieryjne;663381970;;
ML Projekt Michał Lipiński;602397186;;
MODULOR Sp. z o.o.;(14)6224692;;
MODULOR Sp. z o.o.;(14)6272579;;
MODUS Sp. z o.o;(058)6911798;;
MONBUD Paweł Załęcki;(81)8865023;;
MONBUD Paweł Załęcki;604414505;;
MONIT.com.pl S.c. Rafał Markiewicz, Łukasz Markiewicz;609466666;;
MONIT.com.pl S.c. Rafał Markiewicz, Łukasz Markiewicz;511003002;;
MP-MOSTY Sp. z o.o.;(12)2629599;;
MP-MOSTY Sp. z o.o.;(12)2597090;;
MPD Biuro Projektowe;(44)7340255;;
MPD Biuro Projektowe;(44)7341375;;
mrGeo Geodezja Michał Rutkowski;(52)5524414;;
mrGeo Geodezja Michał Rutkowski;(52)5524415;;
MRW Projekt Serwis;504123111;;
MUFA Studio Projektowe;793003522;;
MUFA Studio Projektowe;505870054;;
MULTI PB Sp. z o.o.;713077775;;
MULTI PB Sp. z o.o.;791303000;;
MZ-PROJEKT Autorska Pracownia Architektury;608661459;;
MZ-PROJEKT Autorska Pracownia Architektury;728917227;;
NAFF Studio Projektowe;504710807;;
Nest Sp. z o.o.;(71)3300282;;
NGS GROUP Sp. z o.o.;(61)3070000;;
NGS GROUP Sp. z o.o.;796080000;;
NIRAS Polska Sp. z o.o.;(12)3984800;;
NIRAS Polska Sp. z o.o.;(12)3984801;;
NOWA BRAMA Biuro Projektowe;(59)8424553;;
NOWA BRAMA Biuro Projektowe;605231010;;
OKSYS Marcin Siewert;793268278;;
OKSYS Marcin Siewert;502482535;;
OLBUD Zakład Instalacji Sanitarnych;(41)3787557;;
OLBUD Zakład Instalacji Sanitarnych;604080107;;
OLEJNIK Projektowanie i Obsługa Inwestycji;517191729;;
OMEGA INSTAL;512357420;;
OMEGA INSTAL;(61)6601523;;
OPTADOM Maciej Sierzchuła;(61)8153697;;
OPTADOM Maciej Sierzchuła;600960020;;
Orgbud-Serwis Sp. z o.o.;(61)8642591-95;;
Ośrodek Rzeczoznawstwa i Techniki Budowlanej Oddziału Warszawskiego PZITB;(22)6369249;;
Ośrodek Rzeczoznawstwa i Techniki Budowlanej Oddziału Warszawskiego PZITB;(22)6368031;;
P.H.U. INTELBUD;(71)7254255;;
P.H.U. Kolorowy Dom;505229697;;
P.H.U. VERDANA;(32)2312964;;
P.H.U.P. Komplex;(34)3282227;;
P.H.U.P. Komplex;601487240;;
P.P.H.U. Euromax;(94)3117272;;
P.P.H.U. Euromax;(94)3117072;;
P.P.U.H TABUD S.c.;(33)8178943;;
P.W. ELMA Sp. z o.o.;(18)4437573;;
P.W. RONT;602289084;;
PALIGA Pracownia Projektowa Robert Paliga;695656544;;
PB EuroInvest;690071797;;
PBI Hydromark Białobrzewski Sp.j.;(32)2417288;;
PBI Hydromark Białobrzewski Sp.j.;(32)3460231;;
Perfekt-Dom Sp. z o.o.;(12)2740207;;
Perfekt-Dom Sp. z o.o.;601532390;;
Petro-Bud-Serwis Przedsiębiorstwo Remontowo-Budowlano-Serwisowe A.Szczepaniak;(67)2631460;;
Petro-Bud-Serwis Przedsiębiorstwo Remontowo-Budowlano-Serwisowe A.Szczepaniak;(67)2631477;;
PETRUS Engineering and Management;(71)7894838;;
PETRUS Engineering and Management;(71)7894839;;
PHU BAAS;509319995;;
PHU KAVIT;530344058;;
PHU R-BUD POMORZE Tomasz Rossa;(52)3221020;;
PHU R-BUD POMORZE Tomasz Rossa;501062971;;
PiNB Projektowanie i Nadzory Budowlane Tomasz Załęski;782661932;;
PINBUD;(46)8375512;;
PINBUD;508345565;;
Piotr Hotała PH-PROJEKT;502819090;;
PJ-SANIT Piotr Józwik;694707265;;
PKBud mgr inż. Paweł Kaźmierski;603651109;;
PLAN-VISION Jarosław Hałupka;501676494;;
PlanoInvest Monika Kościuszko;788008989;;
PM Projekt S.c.;509189474;;
PM Projekt S.c.;608691456;;
PM-BAU;790282775;;
POL-INVEST;698567813;;
POL-INVEST;(52)5221413;;
POLANZ-DOM;(58)6861587;;
POLANZ-DOM;606678308;;
Polskie Biuro Ekspertów i Rzeczoznawców Bezpieczeństwa Sp. z o.o.;(22)7894701;;
Polskie Biuro Ekspertów i Rzeczoznawców Bezpieczeństwa Sp. z o.o.;501717936;;
POMIARY Kompleksowo;516029188;;
PORMAR;(32)2851295;;
PORMAR;693980404;;
PP JBR;(85)6534731;;
PP JBR;602777258;;
PPHU EMIR - Mirosław Ejchart;(95)7553429;;
PPHU EMIR - Mirosław Ejchart;601474987;;
PPU MarBud;(24)2755012;;
PPU MarBud;695449444;;
PPUH Inwestprojekt Sp. z o.o.;(32)2589330;;
PPUH Inwestprojekt Sp. z o.o.;(32)2596504;;
Pracownia Architektoniczna DNA Works;501188299;;
Pracownia Architektoniczna Józef Gracka;(33)8232965;;
Pracownia Architektoniczna Józef Gracka;602701438;;
Pracownia Projektowa ArCADius;515101906;;
Pracownia Projektowa ArCADius;515101904;;
Pracownia Projektowa ARTEO;503041745;;
Pracownia Projektowa ARTEON;606269289;;
Pracownia Projektowa Biuro Usług Inwestycyjnych mgr inż. Paweł Sosiński;607266325;;
Pracownia Projektowa Biuro Usług Inwestycyjnych mgr inż. Paweł Sosiński;603870265;;
Pracownia Projektowa Budownictwa Lądowego i Architektury PROJEKT SERWIS;(034)3225315;;
Pracownia Projektowa Budownictwa Lądowego i Architektury PROJEKT SERWIS;608616882;;
Pracownia Projektowa FORMAT Bartosz Zaremba;602507214;;
Pracownia Projektowa FORMAT Bartosz Zaremba;695951413;;
Pracownia Projektowa GRAFION;(14)6653420;;
Pracownia Projektowa KONSTRUKTOR S.c. S.Pietras, T.Siekiera;503045952;;
Pracownia Projektowa KONSTRUKTOR S.c. S.Pietras, T.Siekiera;503014154;;
Pracownia Projektowa Projektowanie, Nadzór, Badania Geotechniczne mgr inż. Bernard Kulesza;(95)7461574;;
Pracownia Projektowa Projektowanie, Nadzór, Badania Geotechniczne mgr inż. Bernard Kulesza;607066391;;
Pracownia Projektowa VORTEX Wojciech Pestka;(95)7350305;;
Pracownia Projektowa ZAMEK S.c.;(12)2670926;;
Pracownia Projektowa ZAMEK S.c.;(12)2670936;;
Pracownia Projektowo-Budowlana TECTI;608525406;;
Pracownia Projektowo-Realizacyjna EFEKT;602180148;;
Pracownia Projektowo-Realizacyjna EFEKT;501634698;;
Pracownia Projektowo-Usługowa ARCHITEKT;(86)2723884;;
Pracownia Projektowo-Usługowa ARCHITEKT;606804437;;
Pracownia Projektowo-Usługowa Stanisław Maciej Dąbrowski;(58)5579795;;
Pracownia Projektowo-Usługowa Stanisław Maciej Dąbrowski;602434114;;
Pracownia Projektowo-Wykonawcza;(46)8147905;;
Pracownia Projektowo-Wykonawcza;693162750;;
Pracownia Projektów Architektoniczno-Budowlanych Superjednostka Szymon Majcherczyk;502607979;;
Pracownia Projektów Budowlanych Paweł Orpiszak;(61)8177798;;
Pracownia Projektów Budowlanych Paweł Orpiszak;602369632;;
Pracownia Usług Inwestycyjnych Paweł Stolarczyk;(89)5270070;;
Pracownia Usług Inwestycyjnych Paweł Stolarczyk;501275450;;
Pro-Ban Maciej Banach Projektowanie, Kosztorysowanie, Nadzory;512472771;;
Pro-Dom S.c.;(71)3459329;;
Pro-Dom S.c.;601432660;;
PRO-GAZ;510366113;;
PRO-GAZ;(68)4121554;;
ProArtBud Usługi Projektowo-Budowlane inż. Artur Zając;694650696;;
PROBUD Firma Projektowo Budowlana Grupa Kapitałowa;(91)4536707;;
ProBud Ryszard Łuczak;(22)3571415;;
ProBud Ryszard Łuczak;601319706;;
PROCHEM S.A.;(22)3260100;;
PROCHEM S.A.;(22)3260101;;
Projekt BUDU Maciej Burchardt;694444342;;
PROJEKT-BUD;793544415;;
PROJEKT-BUD;500047476;;
Projektowanie i Nadzory Budowlane;(68)3524389;;
Projektowanie i Nadzory Budowlane;697815822;;
Projektowanie i Nadzory T.Zalewski i s-ka;(48)6645686;;
PROJEKTOWANIE I NADZÓR BUDOWLANY mgr inż. Antoni Krzysztof Romanowski;(85)7302718;;
Projektowanie i Nadzór Budowlany Roman Pilch;(63)2429193;;
Projektowanie i Nadzór Budowlany Roman Pilch;502361865;;
Projektowanie i Wykonawstwo SOFT-PONT Paweł Dygdoń;(32)7350414;;
Projektowanie i Wykonawstwo SOFT-PONT Paweł Dygdoń;514221415;;
Projektowanie Realizacja Nadzór mgr inż. Andrzej Leszek Żmiejko;(85)8730787;;
Projektowanie Realizacja Nadzór mgr inż. Andrzej Leszek Żmiejko;(85)8739787;;
Projekty-Budownictwo.pl Zbigniew Ratajewicz;501631307;;
PROKOBUD;515077902;;
Promeks Sp. z o.o.;(22)7517240;;
Promeks Sp. z o.o.;(22)7517241;;
PRONABUD;696034008;;
PRONABUD;(77)4362112;;
Przedsiębiorstwa Robót Sanitarnych EKO-INSTAL Sp. z o.o.;(032)4153742;;
Przedsiębiorstwa Robót Sanitarnych EKO-INSTAL Sp. z o.o.;(032)4153857;;
Przedsiębiorstwo Budowlane FILAR Filip Rafaląt;730000327;;
Przedsiębiorstwo Budowlane RB Poziom;(42)6333332;;
Przedsiębiorstwo Budowlane RB Poziom;501760347;;
Przedsiębiorstwo Budowlane ROL-BUD Sp. z o.o.;725300605;;
Przedsiębiorstwo Budowlano Remontowe PC-BUD S.c.;501570052;;
Przedsiębiorstwo Budowlano Remontowe PC-BUD S.c.;501233243;;
Przedsiębiorstwo Budowlano-Usługowe BUDINREM Sp. z o.o.;(18)2011163;;
Przedsiębiorstwo Budowlano-Usługowe BUDINREM Sp. z o.o.;(18)2001173;;
Przedsiębiorstwo Budowlano-Usługowe Zbigniew Walczyk;(41)3412626;;
Przedsiębiorstwo Budowlano-Usługowe Zbigniew Walczyk;602106471;;
Przedsiębiorstwo Budownictwa Inżynieryjnego EKO-BAU S.c.;(76)8452050;;
Przedsiębiorstwo Budownictwa Inżynieryjnego EKO-BAU S.c.;(76)8453194;;
Przedsiębiorstwo Budownictwa Ogólnego BUDOPOL-SUWAŁKI Sp.j.;(87)5664577;;
Przedsiębiorstwo Budownictwa Ogólnego BUDOPOL-SUWAŁKI Sp.j.;(87)5664676;;
Przedsiębiorstwo Budownictwa Specjalistycznego MONTOSTAL Sp.j.;(42)6372718;;
Przedsiębiorstwo Budownictwa Specjalistycznego MONTOSTAL Sp.j.;(42)6371041;;
Przedsiębiorstwo Budownictwa-Przemyłowego BUDO;(77)4420484;;
Przedsiębiorstwo Budownictwa-Przemyłowego BUDO;601415238;;
Przedsiębiorstwo Budownictwa-Przemyłowego BUDO;(77)4420484;;
Przedsiębiorstwo Budownictwa-Przemyłowego BUDO;601415238;;
Przedsiębiorstwo Handlowo Usługowe KWADRAT;(62)7642145;;
Przedsiębiorstwo Handlowo Usługowe KWADRAT;601567073;;
Przedsiębiorstwo Inwestycyjno-Techniczne INTECHKOP Sp. z o.o.;(032)7572320;;
Przedsiębiorstwo Inwestycyjno-Techniczne INTECHKOP Sp. z o.o.;(032)2555713;;
Przedsiębiorstwo Inżynierskie BIPROHUT Sp. z o.o.;(32)7775100;;
Przedsiębiorstwo Inżynierskie BIPROHUT Sp. z o.o.;(32)7775300;;
Przedsiębiorstwo Inżynieryjno-Projektowe HYDROBUD;(62)5918687;;
Przedsiębiorstwo Inżynieryjno-Projektowe HYDROBUD;601768923;;
Przedsiębiorstwo JANEX;605280851;;
Przedsiębiorstwo KRIS;606285431;;
Przedsiębiorstwo Obsługi Inwestycji San-System Karol Brodowski;(87)5201783;;
Przedsiębiorstwo Obsługi Inwestycji San-System Karol Brodowski;509706400;;
Przedsiębiorstwo Ogólnobudowlane i Konsultingowe FACH-DOM mgr inż. Józef Jabłonowski;(94)3516676;;
Przedsiębiorstwo Ogólnobudowlane i Konsultingowe FACH-DOM mgr inż. Józef Jabłonowski;728815712;;
Przedsiębiorstwo Ogólnobudowlane MHZ S.c.;(84)6270775;;
Przedsiębiorstwo Ogólnobudowlane MHZ S.c.;(84)6271516;;
Przedsiębiorstwo Produkcji Handlu i Usług PESAM J.Mytnik, A.Stusowicz, J.Połeć Sp.j.;(14)6812540;;
Przedsiębiorstwo Produkcji Handlu i Usług PESAM J.Mytnik, A.Stusowicz, J.Połeć Sp.j.;(14)6815999;;
Przedsiębiorstwo Produkcyjno-Handlowo-Usługowe FILAR S.c.;(94)3471709;;
Przedsiębiorstwo Produkcyjno-Handlowo-Usługowe FILAR S.c.;512158067;;
Przedsiębiorstwo Projektowo Usługowe Gaudi;601654663‎;;
Przedsiębiorstwo Realizacji Inwestycji INWESTOR S.c.;(32)2624408;;
Przedsiębiorstwo Realizacji Inwestycji INWESTOR S.c.;(32)2626841;;
Przedsiębiorstwo Realizacji Inwestycji Nest Sp. z o.o.;(71)7874418;;
Przedsiębiorstwo Realizacji Inwestycji Nest Sp. z o.o.;(71)7874420;;
Przedsiębiorstwo Techniczno-Budowlane WIBB Sławomir Kościelski Maciej Kozalski;(061)4281171;;
Przedsiębiorstwo Techniczno-Budowlane WIBB Sławomir Kościelski Maciej Kozalski;696092247;;
Przedsiębiorstwo Usług Budowlanych Zdzisław Kierun;504050851;;
Przedsiębiorstwo Usług Elektroenergetycznych ELSKO;888477754;;
Przedsiębiorstwo Usług Geodezyjnych GEOCENTRA;(12)3789255;;
Przedsiębiorstwo Usług Geodezyjnych GEOCENTRA;512194222;;
Przedsiębiorstwo Usług Inwestycyjnych BC-INWEST S.c.;(022)8319569;;
Przedsiębiorstwo Usług Inwestycyjnych BC-INWEST S.c.;(022)8317188;;
Przedsiębiorstwo Usług Inwestycyjnych INBUD;(32)4159960;;
Przedsiębiorstwo Usług Inwestycyjnych INBUD;516104244;;
Przedsiębiorstwo Usług Inwestycyjnych TERRABUD II Sp. z o.o.;(32)2000181;;
Przedsiębiorstwo Usług Inwestycyjnych TERRABUD II Sp. z o.o.;(32)2543000;;
Przedsiębiorstwo Usługowe M-NIERUCHOMOŚCI;503725084;;
Przedsiębiorstwo Usługowo-Budowlane INSPEC;(89)5279869;;
Przedsiębiorstwo Usługowo-Budowlane INSPEC;(89)5272294;;
Przedsiębiorstwo Wielobranżowe CEILING Sp. z o.o.;(22)6426162;;
Przedsiębiorstwo Wielobranżowe CEILING Sp. z o.o.;501440283;;
Przedsiębiorstwo Wielobranżowe RECLIK JANUSZ RECLIK;(32)7203241;;
Przedsiębiorstwo Wielobranżowe RECLIK JANUSZ RECLIK;(32)4510063;;
Przedsiębiorstwo Wielobranżowe WIPROM;(81)4685000;;
PU ABAKUS Ilona Ignalewska;509574882;;
PW ASCON;695623345;;
R PILCH Pracownia Projektowa ROMAN PILCH;502361865;;
R-BUD;(42)6370740;;
R-BUD;606970783;;
R.M.I. Biuro Inżynierskie Robert Maraszek;512495799;;
REM-DRÓG Sp. z o.o.;(32)2459090;;
REM-DRÓG Sp. z o.o.;601423444;;
RESUME Sp. z o.o.;(22)6980011;;
RID-kon Wsparcie Inwestycji;602464051;;
RM Project;607915200;;
RM Project;(61)2921172;;
ROADS Biura Projektowe i Wykonawstwo;792421423;;
Roboty Budowlane WOJ-BUD Wojciech Nowak;792929082;;
RUSZKOWSKI ARCHITEKCI Sp. z o.o.;501782208;;
Ryszard Sitarek - Rzeczoznawca Majątkowy;(91)5775123;;
Ryszard Sitarek - Rzeczoznawca Majątkowy;607139752;;
RYWAL Sp. z o.o. Sp.komandytowa;(17)7734621;;
RYWAL Sp. z o.o. Sp.komandytowa;(17)8636342;;
Rzeczoznawca Budowlany inż. Kazimierz Ruszecki;(14)6267048;;
Saluda Projekt Waldemar Sałuda;693623463;;
SEKA S.A.;(22)5178800;;
SEKA S.A.;(22)5178807;;
SEPBA;694721908;;
SH Inwestycje Henryk Sieradzki;533606218;;
SML Inżynierowie i Architekci;(58)5550261;;
SML Inżynierowie i Architekci;(58)7435109;;
SOCOTEC Polska Sp. z o.o.;(22)3145050;;
SOCOTEC Polska Sp. z o.o.;(22)3146649;;
STACH-BUD Barbara Stachura;(91)4873860;;
STACH-BUD Barbara Stachura;506072561;;
STAMAN ENGINEERING;604498533;;
STAMAN ENGINEERING;(61)6243760;;
Studio 8/8 Katarzyna Żelezik;(22)8707411;;
Studio 8/8 Katarzyna Żelezik;501066787;;
STUDIO ARCHITEKTURY DZ S.c.;(33)8762807;;
STUDIO ARCHITEKTURY DZ S.c.;(33)8762806;;
Studio FORMA;509822659;;
Studio FORMA;501456886;;
Studio Konstrukcji NORTHPLAN;(58)3413789;;
Studio Konstrukcji NORTHPLAN;516122026;;
Styl-Bau;605737440;;
Techniczna Obsługa Nieruchomości i Inwestycji TONI Sp. z o.o.;(61)6617629;;
Techniczna Obsługa Nieruchomości i Inwestycji TONI Sp. z o.o.;601784902;;
TENEO;(22)8645001;;
TERMAL BUD mgr inż. Tomasz Mazur;602295204;;
TERMOEXPERT S.A.;(77)4836589;;
TERMOEXPERT S.A.;508091673;;
TETERA Projektowanie Przemysłowe Sp. z o.o.;(71)3480502;;
TETERA Projektowanie Przemysłowe Sp. z o.o.;(71)3479333;;
TIKAL Polska Sp. z o.o.;(71)3337846;;
TIKAL Polska Sp. z o.o.;(71)7874984;;
TOP-BUD Piotr Motyka;504659305;;
TORYS Ryszard Tobiczyk;608597369;;
TRAVAUX Pracownia Konstrukcyjna Budownictwa i Fizyki Budowli;665980828;;
Twój Doradca Budowlany Katarzyna Przydryga;664570539;;
UNI-KOSZT S.c.;(32)2011808;;
UNI-KOSZT S.c.;(32)2011809;;
UNI-M;(42)6464714;;
UNI-M;502061029;;
Usługi Budowlane Adam Huk;601735597;;
Usługi Budowlane i Projektowe Mariusz Donat;(89)7512031;;
Usługi Budowlane i Projektowe Mariusz Donat;502439960;;
Usługi Budowlane Projektowanie i Nadzory Bogdan Bar;609608944;;
Usługi dla Budownictwa Przemysław Barczak;662024252;;
Usługi Geodezyjno-Kartograficzne T-GEO Łukasz Tarzyński;600191060;;
Usługi Inżynierskie i Budowlane Wojciech Jakszycki;604439218;;
Usługi Projektowe Grzegorz Drelich;605910651;;
Usługi Projektowe i Realizacje Rafał Stańczyk;668270839;;
Usługi Projektowe Katarzyna Woźnicka;(25)7922222;;
Usługi Projektowe Katarzyna Woźnicka;602539553;;
Usługi Projektowe Krzysztof Kmonk;(13)4315388;;
Usługi Projektowe Krzysztof Kmonk;697078355;;
Usługi Projektowo-Kosztorysowe inż. Jan Matysek;667673797;;
Usługi Projektowo-Kosztorysowe inż. Jan Matysek;505317994;;
VACAT;(85)7445577;;
VACAT;668118087;;
VISART Sp.j.;(32)2536619;;
VISART Sp.j.;501417806;;
VOLTROM Romuald Bożełko;730308068;;
Wałbrzyska Dyrekcja Inwestycji Sp. z o.o.;(74)8425021;;
Wałbrzyska Dyrekcja Inwestycji Sp. z o.o.;(74)8426438;;
Warszawskie Centrum Postępu Techniczno-Organizacyjnego Budownictwa WACETOB Sp. z o.o.;(22)6221346;;
Warszawskie Centrum Postępu Techniczno-Organizacyjnego Budownictwa WACETOB Sp. z o.o.;(22)6280063;;
WIĄZAR;(52)3326534;;
WIĄZAR;603811640;;
Wieliterm;698656047;;
Wieliterm;606471235;;
Wnętrza PRO - lider branży wykończenia wnętrz;732705683;;
Z.H.P.U. KOBIELANKA Sp. z o.o.;(32)4476654;;
Z.H.P.U. KOBIELANKA Sp. z o.o.;(32)2128658;;
Zakład Budowlano-Instalacyjny EKOBUD;665462133;;
Zakład Budowlano-Instalacyjny EKOBUD;506404261;;
Zakład Budowlano-Instalacyjny Mieczysław Kuzdraliński;(52)3798022;;
Zakład Budowlano-Instalacyjny Mieczysław Kuzdraliński;(52)3798959;;
Zakład Budowlany Izydor Breński;(89)6212540;;
Zakład Budowlany Izydor Breński;694791491;;
Zakład Budowlany UJMA;(34)3657559;;
Zakład Budowlany UJMA;695892229;;
Zakład Budownictwa Ogólnego Michał Fijałkowski;(59)8225009;;
Zakład Budownictwa Ogólnego Michał Fijałkowski;606757890;;
Zakład Inżynieryjno-Budowlany Z.I.B. Cieszyn;602118327;;
Zakład Obsługi i Realizacji Budownictwa ZOR-BUD;(61)4377918;;
Zakład Obsługi i Realizacji Budownictwa ZOR-BUD;601767978;;
Zakład Projektowania i Realizacji Inwestycji STALEX;(33)8168951;;
Zakład Projektowania i Realizacji Inwestycji STALEX;602697715;;
Zakład Remontowo-Budowlany Elżbieta Ruszczyk;(89)7415413;;
Zakład Usług Budowlano-Drogowych DROGBUD Łukasz Michalski;507150290;;
Zakład Usług Budowlanych JAKBUD;(44)7326060;;
Zakład Usług Budowlanych JAKBUD;603611126;;
Zakład Usług Instalacyjno-Remontowych Krzysztof Niegowski;502569347;;
Zakład Usług Instalacyjno-Remontowych Krzysztof Niegowski;(22)7879135;;
Zakład Usług Projektowo-Budowlanych RA-MA S.c.;604578027;;
Zakład Usług Projektowo-Budowlanych RA-MA S.c.;600123848;;
ZAKŁAD USŁUG REMONTOWO-BUDOWLANYCH Sochacz Wiesław;(41)3030562;;
ZAKŁAD USŁUG REMONTOWO-BUDOWLANYCH Sochacz Wiesław;604221426;;
Zakład Usług Technicznych ZUT S.c.;(34)3669300;;
Zakład Usług Technicznych ZUT S.c.;(34)3669358;;
Zakład Usługowo Projektowy PROBUD;601799742;;
ZAKŁAD USŁUGOWO-HANDLOWY TOMBIA;(33)8552575;;
Zakład Usługowo-Projektowy WIR;(76)8447818;;
Zakłady Budownictwa Mostowego Inwestor Zastępczy S.A.;(22)6510691;;
Zakłady Budownictwa Mostowego Inwestor Zastępczy S.A.;(22)6510649;;
Zespół Usług Projektowo-Budowlanych Karol Jaworowski;795438220;;
Zespół Usług Projektowo-Budowlanych Karol Jaworowski;795225010;;
ZETHA Zbigniew Hajduczenia;(75)7834322;;
ZETHA Zbigniew Hajduczenia;608857632;;
ZOMB-KAN Projektowanie Nadzór;660708722;;
ZPUH DRO-BUD Jerzy Wiśniewski;(67)2635537;;
ZPUH DRO-BUD Jerzy Wiśniewski;502554594;;
ZUBE Zakład Usług Budowlano-Elektroinstalacyjnych Jerzy Waliszewski;661021737;;
ZUT PROJEKT;(22)8589201;;
ZUT PROJEKT;606248123;;
ZYBUD - Wycena Nieruchomości i Specjalistyczne Usługi S.c.;(71)3429431;;
ZYBUD - Wycena Nieruchomości i Specjalistyczne Usługi S.c.;(71)3723975;;
