Janmar Sport;(42)2138723;;
Janmar Sport;506280788;;
ANDROPOL S.A.;(33)8756542;;
ANDROPOL S.A.;(33)8756372;;
APO-TESSILE Sp. z o.o.;504049834;;
APO-TESSILE Sp. z o.o.;508240859(DziałHandlowy);;
ARATEX TRADING CO. (POLAND) LTD;(41)2666433;;
ARATEX TRADING CO. (POLAND) LTD;(41)2666989;;
ELITE;(42)2271137;;
GLORMEB Krzysztof Jaworek;(22)6328853;;
GLORMEB Krzysztof Jaworek;501359633;;
Hurtownia Tkanin i Dzianin MIGRO-TEX;(42)2152073;;
Hurtownia Tkanin KAROL;(42)6782826;;
Hurtownia Tkanin KAROL;509215118;;
HURTOWNIA TKANIN PPHU ZOSIA Zofia Kryska;(33)8704005;;
HURTOWNIA TKANIN PPHU ZOSIA Zofia Kryska;606384278;;
Hurtownia Tkanin YARD Marek Chyc;(85)6760604;;
Hurtownia Tkanin YARD Marek Chyc;(85)8682714;;
INTER MAK Sp. z o.o.;426405506-07;;
INTER MAK Sp. z o.o.;426556201;;
MATIMPEX;(42)6517564;;
MATIMPEX;601272778;;
P.W. Bowi-Styl;(42)6391700;;
P.W. Bowi-Styl;(42)6391713;;
PAKO PLUS Adam Kryska;(33)8758701;;
PPH BYLICKI Sławomir Bylicki;(62)7368689;;
PPH BYLICKI Sławomir Bylicki;604979743;;
PPHU WAMATEX;(42)6405048;;
PPHU WAMATEX;(42)7120555;;
TEKSTYLIA Sp.j.;(71)7818360;;
TEKSTYLIA Sp.j.;(71)7818361;;
TKANINY Sp. z o.o.;(34)3618560;;
TKANINY Sp. z o.o.;504285350;;
BOMEX Hurtownia Tapicerska;(33)8532228;;
BOMEX Hurtownia Tapicerska;502330392;;
Centrum Tekstylii Domowych PPHU LESS Małgorzata Leszczyńska;(71)7817360;;
Centrum Tekstylii Domowych PPHU LESS Małgorzata Leszczyńska;(71)7817361;;
Dziewiarstwo Maszynowe P.P.H.U. ANNA Anna Żubert;(42)6484696;;
Dziewiarstwo Maszynowe P.P.H.U. ANNA Anna Żubert;696020087;;
FALKON;(32)2667985;;
FALKON;(32)3605235;;
Hurtownia YORK Grzegorz Sułowski;(48)3661233;;
JOKER Hurtownia Tkanin;(34)3665330;;
JOKER Hurtownia Tkanin;(34)3665342;;
P.H. Wenus Hurtownia Tkanin U JACKA;602775402;;
P.H. Wenus Hurtownia Tkanin U JACKA;618326143;;
PHU JANWO;(42)6362245;;
PHU JANWO;(42)6376242;;
PIK Zakład Dziewiarski Piotr Szewczyk;(42)6831593;;
PIK Zakład Dziewiarski Piotr Szewczyk;(42)6831505wew.24;;
PPHU Dona;(62)7348121;;
Przedsiębiorstwo Handlowe KAMA;(52)3466640;;
SIGMATEX Sp. z o.o.;(44)7327131sekretariat;;
SIGMATEX Sp. z o.o.;(44)7327130sekretariat;;
Andrzej Adamczyk Przedsiębiorstwo Usługowo-Handlowe WŁÓKIENNIK;(34)3635863;;
Andrzej Adamczyk Przedsiębiorstwo Usługowo-Handlowe WŁÓKIENNIK;606224902;;
Better Firma Dziewiarska;(42)2158400;;
Better Firma Dziewiarska;604804939;;
BIO-TEXTIL Sp. z o.o.;(61)8689544;;
BIO-TEXTIL Sp. z o.o.;604146544;;
COMO;(12)2641083;;
COMO;(12)2665308;;
DARK Danuta Pećka;(42)6800728;;
FILTEX S.A. Zakłady Przemysłu Filcowego;(42)6819281;;
FILTEX S.A. Zakłady Przemysłu Filcowego;(42)6849558;;
Firma Handlowo-Usługowa WESTKAN Michał Wesołowski;600899809;;
GREEN SIDE;(22)3747277;;
GREEN SIDE;(22)2442462;;
HiK Hurtownia Tkanin;(42)2117366;;
HiK Hurtownia Tkanin;601210730;;
HOUSE OF IDEAS;608540943;;
Hurtownia i Sklep Tkanin SKORPION Sp.j.;(85)6531223;;
Hurtownia i Sklep Tkanin SKORPION Sp.j.;(85)6622144;;
Hurtownia Tkanin PLUS Sp.j.;(95)7362623;;
Hurtownia Tkanin PLUS Sp.j.;(95)7362624;;
Hurtownia Tkanin SELLTEX Sp.j.;(12)2676378;;
Hurtownia Tkanin SELLTEX Sp.j.;(12)2670010;;
Hurtownia Tkanin VIKOM Export-Import, Pub-Kręgielnia KLIF;(62)7301422;;
Hurtownia Tkanin VIKOM Export-Import, Pub-Kręgielnia KLIF;602301478;;
Jedwab Polski Sp. z o.o.;(22)7583001-03;;
Jedwab Polski Sp. z o.o.;(22)7583523;;
LEDO Hurtownia Artykułów Przemysłowych i Sanitarnych;(42)6791133;;
LINEN PARTNER - lniane tkaniny, dzianiny, frotte;728266665;;
LINEN PARTNER - lniane tkaniny, dzianiny, frotte;(75)6477243;;
MILA Sp. z o.o.;(34)3607340;;
MILA Sp. z o.o.;(34)3607348;;
OPTEX S.A.;(44)7552841-43;;
OPTEX S.A.;(44)7553372;;
P.H.U. ELKA S.c.;(22)8392817;;
P.H.U. ELKA S.c.;501292682;;
P.P.H.U. KARINEX;(42)2154020;;
P.P.H.U. KARINEX;(42)2153730;;
P.P.H.U. SAVIT;(42)6304622;;
P.P.H.U. WOJTEX Wojciech Sylwestrzak;(42)6110940;;
P.P.H.U. WOJTEX Wojciech Sylwestrzak;(42)6110941;;
P.W. CEJAX Janusz Kozłowski;(43)8255104;;
P.W. CEJAX Janusz Kozłowski;515131707;;
P.W. OBCOWSKI S.c. Jadwiga i Zdzisław Obcowscy;501386654;;
Pik-Sonic H.T.Rajek;(42)6510362;;
POLDEKOR;(22)6759316;;
POLDEKOR;502600569;;
PPHU PIO-MAN;(42)2275588;;
PPHU PIO-MAN;(42)2275377;;
Przedsiębiorstwo Handlowo-Usługowe ALBEL A. Semeniuk, A. i A. Borowiec Sp.j.;(82)5643968;;
Przedsiębiorstwo Handlowo-Usługowe ALBEL A. Semeniuk, A. i A. Borowiec Sp.j.;(82)5640982;;
Przedsiębiorstwo Handlu Zagranicznego RENEX Sp. z o.o.;(22)7029800-04;;
Przedsiębiorstwo Handlu Zagranicznego RENEX Sp. z o.o.;(22)7029805;;
PW Altmex Aleksandra Czardybon-Małek;(32)4473602;;
PW Altmex Aleksandra Czardybon-Małek;(32)3263200;;
S.I.C Sp. z o.o.;(42)6402640;;
S.I.C Sp. z o.o.;(42)6402641;;
Sprinttex - druk na tkaninach, dzianinach;606603336;;
Sprinttex - druk na tkaninach, dzianinach;508227647;;
U-SZYCIE.PL - Sklep Internetowy ŁADNE TKANINY;501164112;;
ULTEX-POL Sp. z o.o.;(34)3627268;;
ULTEX-POL Sp. z o.o.;(34)3627318;;
USTER Sp. z o.o.;(32)2018048;;
USTER Sp. z o.o.;(32)2018050;;
VEL-VET;(42)2278326;;
VERMONT Sp. z o.o.;(42)6488277;;
VERMONT Sp. z o.o.;(42)6488485;;
Zakłady Produkcyjno-Usługowe CHEMEKS Sp. z o.o.;(34)3692400;;
Zakłady Produkcyjno-Usługowe CHEMEKS Sp. z o.o.;(34)3692448;;
ZO-JA;605203083;;
BOCIAN Anna Boniszewska-Bocian, Tadeusz Bocian Sp.j.;(81)5349050;;
BOCIAN Anna Boniszewska-Bocian, Tadeusz Bocian Sp.j.;(81)5349050w.120;;
F.H. Roman Szczepanik i Grzegorz Gąsiorowski;(32)2363474;;
F.H. Roman Szczepanik i Grzegorz Gąsiorowski;(32)3362177;;
Gdyńskie Przedsiębiorstwo Handlowe Surtex Sp. z o.o.;(58)6674500;;
Gdyńskie Przedsiębiorstwo Handlowe Surtex Sp. z o.o.;(58)6674505;;
Instytut Włókiennictwa;(42)6163100;;
Instytut Włókiennictwa;(42)6792638;;
POLONTEX S.A.;(34)3692000;;
POLONTEX S.A.;(34)3692376;;
STYL Studio Wnętrz;(61)8209213;;
STYL Studio Wnętrz;796386386;;
Zakład Dziewiarski SUN OF GABA;(62)7351553;;
Zakład Dziewiarski SUN OF GABA;(62)7351627;;
9 MAJA S.A. - Zakłady Przemysłu Wełnianego;(42)6743482(działsprzedaży);;
9 MAJA S.A. - Zakłady Przemysłu Wełnianego;(42)6741852(sekretariat);;
GERSTER Sp. z o.o.;(42)6717566;;
GERSTER Sp. z o.o.;(42)6488212;;
JULTEX;(74)8664860;;
JULTEX;(74)8662245;;
Król Maciuś Sklep;(22)8152172;;
Król Maciuś Sklep;601970589;;
Producent Rolet Materiałowych FINEZJA;(55)2361407;;
Producent Rolet Materiałowych FINEZJA;(55)2361619;;
PROTEX Agnieszka Ruszkiewicz;(41)3453670;;
PROTEX Agnieszka Ruszkiewicz;607225857;;
Altex Consulting Sp. z o.o.;(42)6493080;;
Altex Consulting Sp. z o.o.;(42)6493020;;
APRIORI S.c. A.Trzmiel, J.Trzmiel;(91)4645712;;
APRIORI S.c. A.Trzmiel, J.Trzmiel;(91)4238181;;
BARTPOL;(41)3871211;;
BARTPOL;602475049;;
Centrum Lniarskie NATURA Mysłakowice;(75)7131460;;
Centrum Lniarskie NATURA Mysłakowice;603080882;;
Centrum Tkanin Obiciowych SAWA S.P.Sawiccy Sp.j.;(61)8182031;;
Centrum Tkanin Obiciowych SAWA S.P.Sawiccy Sp.j.;602679443;;
ELEONORE - Design For Your Home;(71)3223681;;
ELEONORE - Design For Your Home;696284408;;
F.H.U EWATEX;500214017;;
F.H.U EWATEX;(34)3537820;;
F.H.U. Kaszmir - Sklep Internetowy;795577680;;
FIRANEX;786816414;;
Firma Handlowa GAZDA II Sp.j. Paweł Batkiewicz, Robert Batkiewicz;(18)2649974;;
Firma Handlowa GAZDA II Sp.j. Paweł Batkiewicz, Robert Batkiewicz;(18)2641030;;
Firma PAROL;(94)3165255;;
Firma PAROL;(94)3480640;;
Galeria Tkanin Dekoracyjnych LIŚĆ;(22)6215580;;
Galeria Tkanin Dekoracyjnych LIŚĆ;(22)6226892;;
HERMES Dekoracja Okien i Tekstylia Hotelowe;(58)6712205;;
HERMES Dekoracja Okien i Tekstylia Hotelowe;534304050;;
Hurtownia Odzieży KAROTEX;606480641;;
KIMI S.c.;508077771;;
MADEX J.Majorkowski ,M.Borkowski Sp.j.;(55)2722028;;
MADEX J.Majorkowski ,M.Borkowski Sp.j.;(55)2729130;;
Produkcja Wszywek Odzieżowych i Etykiet;(42)6326437;;
Produkcja Wszywek Odzieżowych i Etykiet;601338301;;
Przedsiębiorstwo Powlekania Tkanin VINYLPEX Sp.j.;(61)8677040;;
Przedsiębiorstwo Powlekania Tkanin VINYLPEX Sp.j.;(61)8677048;;
Przedsiębiorstwo Produkcyjno-Handlowe POLSKÓR;(44)7246175;;
Zakład Produkcyjny ELISABETH;(32)4341964;;
Zakład Produkcyjny ELISABETH;(32)4351322;;
FHU MILDA;533779934;;
Multitex Radosiewicz Sp.j.;601992742;;
Sklep Bławatny;(41)3684418;;
Sklep Bławatny;604193082;;
TERMOLINY.PL;516086639;;
A.C. FASHION;791311191;;
A.C. FASHION;512608460;;
AAKASH Sp. z o.o.;(22)7155450;;
AAKASH Sp. z o.o.;601355650;;
ABC PROFIT Jasiota Sławomir;609010203;;
ABC PROFIT Jasiota Sławomir;695131636;;
ABC Salon Tkanin Obiciowych i Dekoracyjnych;(71)3290431;;
Adabar;(42)6491645;;
ADMAR Piotr Isio;(58)6784919;;
Agencja Tekstylna ARIS Sp.j.;(56)6390336;;
Agencja Tekstylna ARIS Sp.j.;(56)6232484;;
Agmamito;(61)8172096;;
Agmamito;(61)8184846;;
AJA Sp.j.;(42)2141055;;
AJA Sp.j.;(42)2278258;;
AJAX Hurtownia Tkanin;(44)7142459;;
AJAX Hurtownia Tkanin;(44)7146580;;
ALBAW Olszewscy Sp.j.;(33)8706515;;
ALBAW Olszewscy Sp.j.;(33)8706516;;
ALBED PPHU;(42)6405522;;
ALBED PPHU;(42)6405005;;
Alex-Moda Sp. z o.o.;(22)7213815-16;;
Alexandra Berk Sp. z o.o.;(042)2532777;;
ALFATEX Sp. z o.o.;(61)4241641;;
ALFATEX Sp. z o.o.;604209496;;
ALKAN Sp. z o.o.;(42)2321616;;
ALKAN Sp. z o.o.;(42)6144742;;
ALKATEX Krzysztof Frączyk;(42)2056676;;
ALKATEX Krzysztof Frączyk;(42)2056687;;
ALMIR S.c.;(43)8214842;;
ALMIR S.c.;509706785;;
AM Dekor Anna Duraj;(74)8136670;;
AM Dekor Anna Duraj;509908446;;
AMARO Sp.j. Błaszczyk;(32)2761709;;
AMBER-TEXTIL;(12)2652321;;
AMBER-TEXTIL;(12)2652320;;
AMEX Sp.j.;(42)6324763;;
AMID;602616738;;
AMŁ Dzianiny Sp.j.;(42)6764901;;
Ampletex International;00923218662313;;
ANDAR Hurtownia Tkanin;(42)6833943;;
ANDAR Hurtownia Tkanin;(42)6810941;;
ANMAR;(63)2204773;;
ANNSA Sp. z o.o.;(42)6364755;;
ANNSA Sp. z o.o.;(42)6366964;;
Anza;(42)6789551;;
Anza;508384311;;
APCO P.H.U.P.;(42)2566700-01;;
APCO P.H.U.P.;(42)6748041;;
ARBA;(46)8752780;;
ARBA;691711876;;
argos;(58)6617143;;
argos;(58)5545961;;
ARMADO INTERNATIONAL Sp. z o.o.;(61)8184840;;
ARMADO INTERNATIONAL Sp. z o.o.;(61)8183405;;
Art Fashion;601827276;;
ARYS;(42)2253050;;
ASJA S.c.;(42)6450726Hurtownia;;
ASJA S.c.;(42)6870803Produkcja;;
ASSA Zdzisław Derendarz;(42)6453300;;
ATES POLAND;694373563;;
AXEL ECOLOGY COLLECTION;(42)6620977;;
AXEL ECOLOGY COLLECTION;506067437;;
AZTECA Bogdan Cybulski;(42)6817586;;
AZTECA Bogdan Cybulski;(42)6819163;;
B&B Beata Piekarska;(081)5321965;;
B&B Beata Piekarska;(081)4438837;;
Baby & Mother;602155711;;
BAFESTO Sp. z o.o.;(042)7199077;;
BAFESTO Sp. z o.o.;(042)7199990;;
BAMID S.c.;606951939;;
BAMID S.c.;518239195;;
BEMAX S.c.;(061)6616690;;
BEMAX S.c.;(061)6616680;;
BENTEX;(42)6401700;;
Bielstyl Sp. z o.o.;(33)8166268;;
Bielstyl Sp. z o.o.;(33)8164949;;
Bławatek.eu;(58)6616118;;
Bławatek.eu;506024089;;
BONOTEX;(33)8181690;;
BORPELLE Zakład Powlekania Tkanin;(71)3628494;;
BORPELLE Zakład Powlekania Tkanin;(71)3397647;;
BUDNIK Atelier;509379966;;
BUDNIK Atelier;509379990;;
CHEMMAG Magdalena Pyrzyna;(34)3273332;;
CHEMMAG Magdalena Pyrzyna;504021559;;
COLOR-MERCADO;601323109;;
Contifibre Poland Sp. z o.o.;(42)2744040;;
CoralHome Producent Tkanin Pościelowych;601182991;;
COTTONHILL;691867928;;
Covertex Sp.komandytowa;(43)8255104;;
CRAFTOHOLIC SHOP;794294117;;
D&D Group Sp. z o.o.;(16)7323291;;
D&D Group Sp. z o.o.;533981381;;
DALTEX-FARB Sp.j. H.Dalewska, G.Chwalewski, J.Czyżykowski;(42)6404892;;
DALTEX-FARB Sp.j. H.Dalewska, G.Chwalewski, J.Czyżykowski;(42)6404893;;
DAMAX-TKANINY;(62)7824490;;
Darles Dance;(58)3419813;;
DARPOL;530881938;;
DECOon;(22)2519998;;
DECOon;(22)2518889;;
DECORINA home deco;(61)6616855;;
DECORINA home deco;(61)6616856;;
DEKOREX;(42)2566710;;
DEKOREX;(42)2566711;;
DORTEX Hurtownia Tkanin i Dzianin;(52)3277480;;
Dortex Tkaniny AŻ;(85)7441633;;
DREWPOL - Hurtownia Tkanin Obiciowych;(52)3989321;;
DREWPOL - Hurtownia Tkanin Obiciowych;(52)3984861;;
DZIAN DRUK Sp. z o.o.;(42)2147722;;
DZIAN DRUK Sp. z o.o.;(42)2150067;;
Dziewiarstwo BOGNA Bogusława Kabiesz;(033)8579708;;
Dziewiarstwo BOGNA Bogusława Kabiesz;(033)8579709;;
Dziewiarstwo Tomasz Dłutkiewicz S.c.;(42)6499873;;
Dziewiarstwo Tomasz Dłutkiewicz S.c.;608556729;;
EASY Sp. z o.o.;664131619;;
ED-PIECH S.c.;(77)4413380;;
ED-PIECH S.c.;(77)4413381;;
EDENTEX Sp. z o.o.;(42)6506776;;
EDENTEX Sp. z o.o.;(42)6506756;;
EKONIT S.c.;(42)6866372;;
EKONIT S.c.;(42)6830545;;
EMITEX Hurtownia Tkanin;(85)6532122;;
EMITEX Hurtownia Tkanin;502265181;;
ENDUTEX Sp. z o.o.;(12)4272469;;
ENDUTEX Sp. z o.o.;(12)4272467;;
Enkev Polska S.A.;(42)6718701;;
Enkev Polska S.A.;(42)6718759;;
Enter;(42)6596295;;
Enter;(42)6122578;;
ESPO Sp. z o.o.;(17)7711111;;
ESPO Sp. z o.o.;(17)7711011;;
Euro Stoffa;696187237;;
F.P.U.H. KUNERT Tkaniny;603781331;;
F.P.U.H. KUNERT Tkaniny;(32)2307982;;
Fabryka Małych Cudów Klaudia Kopyt;793410410;;
Fabryka Wyrobów Runowych BIRUNA S.A.;(85)7497900;;
Fabryka Wyrobów Runowych BIRUNA S.A.;(85)7497910;;
Fabryka Wyrobów Runowych RUNOTEX S.A.;(62)7659100;;
Fabryka Wyrobów Runowych RUNOTEX S.A.;(62)7573249;;
FAMILTEX Hurtownia Ślubna, Wedding Wholesale;(22)8180726;;
Fargotex Sp. z o.o.;(86)2185390;;
Fargotex Sp. z o.o.;(86)2185144;;
FARO S.Zieliński, K.Putanowicz Sp.j.;(12)2603860;;
FEI-LONG INT Sp. z o.o.;(22)8624572-73;;
FEI-LONG INT Sp. z o.o.;(22)8624574;;
FELIX;(62)7664043;;
Femina;(42)6865993;;
Femina;509293102;;
FENIKS-TEXTIL;784658070;;
FENIKS-TEXTIL;784632642;;
FHP ALEKSANDRA Witold Anderman i S-ka;(58)3221120;;
FHP ALEKSANDRA Witold Anderman i S-ka;502168487;;
FHU BARTEX Beata Zdańkowska;668338925;;
FHU BARTEX Beata Zdańkowska;511829193;;
FHU IBERIS;602619319;;
FIBRESCO Sp. z o.o.;(42)6377424;;
FINEZJA STUDIO;(22)3955230;;
FINEZJA STUDIO;(22)6440960;;
Firma AGATA Zakład Produkcji Watoliny Henryk Palowski;(32)4157635;;
Firma AGATA Zakład Produkcji Watoliny Henryk Palowski;692869287;;
Firma Dziewiarska STAN-RYS Sp.j.;(24)3659422;;
Firma Dziewiarska STAN-RYS Sp.j.;(24)3659410;;
Firma Handlowa Taurus Sp.j.;(12)6437288;;
Firma Handlowa Taurus Sp.j.;(12)4257740;;
Firma Handlowa ZAWISZA;(85)6822430;;
Firma Handlowa ZAWISZA;(85)8112875;;
Firma JAKUB WENDLER;(42)2130044;;
Firma JAKUB WENDLER;(42)2130077;;
Firma Protex Emilian Bożechowski;(22)886-63-37;;
Firma Usugowo Handlowa ASPEN S.c.;(12)2737827;;
Firma Usugowo Handlowa ASPEN S.c.;606738292;;
Firma Wielobranżowa BOG-MAR;(67)2137250;;
Firma Wielobranżowa BOG-MAR;509653601;;
FROTE.pl;(52)3813336;;
FROTE.pl;(52)3813337;;
G&S Okarmus;(12)2768227;;
GREEN Tkaniny Importowane Danuta Szymańska;(61)8306051;;
GREEN Tkaniny Importowane Danuta Szymańska;601710025;;
GREXO PPHU Grzegorz Michalski;(42)6572835;;
GREXO PPHU Grzegorz Michalski;608346953;;
GUDREN Iwona Łukasik;(61)6250880;;
GUDREN Iwona Łukasik;(61)8800336;;
Haft Komputerowy Krystyna Kowalska;(43)8237751;;
Haft Komputerowy Krystyna Kowalska;504080216;;
HALSZKA H.Gruszko & A.Budzikowski Sp.j.;(58)6226704;;
HALSZKA H.Gruszko & A.Budzikowski Sp.j.;601651505;;
HASTI;(22)7247777;;
HASTI;(22)7245840;;
HOFF-TRANS;600324716;;
HOFF-TRANS;(71)3362186;;
Hurtownia DOMIKO;(22)6422218;;
Hurtownia DOMIKO;(22)7420155;;
HURTOWNIA LEN S.c.;(58)3021182;;
Hurtownia Tkanin - Wedding;(42)6594008;;
Hurtownia Tkanin - Wedding;665595944;;
Hurtownia Tkanin ANIA;(18)3543369;;
Hurtownia Tkanin ANIA;(33)8109889;;
Hurtownia Tkanin ANIA;504280832;;
Hurtownia Tkanin APAGA;605579888;;
Hurtownia Tkanin APAGA;(61)8392218;;
Hurtownia Tkanin Bis;(74)8336388;;
Hurtownia Tkanin Bis;607510480;;
Hurtownia Tkanin i Akcesoriów Tapicerskich WERA;(52)3340136;;
Hurtownia Tkanin i Dodatków Ślubnych KORONTEX S.c.;(22)6790602;;
Hurtownia Tkanin i Dodatków Ślubnych KORONTEX S.c.;696972574;;
Hurtownia Tkanin i Firan KATEL;(89)5266540;;
Hurtownia Tkanin i Firan KATEL;(89)5358210;;
Hurtownia Tkanin Kary;601879375;;
Hurtownia Tkanin KORATEX;(42)6377290;;
Hurtownia Tkanin KORATEX;(42)6377293;;
Hurtownia Tkanin Koszulowych ROAN;(12)6563157;;
Hurtownia Tkanin Koszulowych ROAN;(12)4235361;;
Hurtownia Tkanin KUBIS Tomasz Kubicki;502145408;;
Hurtownia Tkanin PAMO;(33)8110257;;
Hurtownia Tkanin PAMO;604417133;;
Hurtownia Tkanin Pościelowych ELAND;(42)2279446;;
Hurtownia Tkanin Pościelowych MAT-TEX;(48)3450788;;
Hurtownia Tkanin Pościelowych MAT-TEX;668323095;;
Hurtownia Tkanin PROMODA;(22)7204420;;
Hurtownia Tkanin PROMODA;506770544;;
Hurtownia Tkanin RAFATEX;609101626;;
Hurtownia Tkanin SENTEK;(41)3862358;;
Hurtownia Tkanin STANIK;(42)6554572;;
Hurtownia Tkanin STANIK;508194610;;
Hurtownia Tkanin YES;(081)5325431;;
ICR TARFIL;(12)6562012;;
ICR TARFIL;(12)6421538;;
IGATEX Edyta Niewiadomska;(74)8523442;;
IGATEX Edyta Niewiadomska;(74)8536685;;
Ignis;792646464;;
INTERTEX Zalewski i Wspólnicy Sp.j.;(85)7412231;;
INTERTEX Zalewski i Wspólnicy Sp.j.;(85)7412235;;
INVEST-LINE Sp. z o.o.;(42)2270020;;
INVEST-LINE Sp. z o.o.;(42)2150854;;
iTRADE Sp.j.;(42)2128041;;
iTRADE Sp.j.;(42)2128044;;
Izpol Sp.j.;(61)8302756;;
Izpol Sp.j.;(61)8302545;;
Jacob Studio;507081454;;
JASMIR;501938244;;
Jedwabna Szafa;(12)3977787;;
Jeż Igiełka;(62)7621299;;
Jeż Igiełka;739293269;;
JÓŹWIAK S.c.;(61)8677514;;
JÓŹWIAK S.c.;(61)8678065;;
JUVENIA Sp. z o.o.;(42)6174500;;
JUVENIA Sp. z o.o.;(42)6174516;;
KALIKO;(42)6812500;;
KAMELEON Józef Bożek;(33)8775299;;
KAMELEON Józef Bożek;663738378;;
Kar-Pol-Tex materiały, tkaniny na odzież roboczą;(32)3762385;;
Kar-Pol-Tex materiały, tkaniny na odzież roboczą;(32)2743948;;
KKGtextil;(12)3971414;;
KKGtextil;(12)3971410;;
Klan&Son;506074244;;
KOLTEX Import Tkanin;(61)8768294;;
KOLTEX Import Tkanin;602104343;;
Komo Service Sp. z o.o.;(41)2651347;;
Komo Service Sp. z o.o.;(41)2651334;;
KOMTEX Hurtownia Tkanin;(42)6343788;;
KOMTEX Hurtownia Tkanin;(42)6342387;;
KONEKT Hurtownia Tkanin;600831066;;
KONSTINWEST Sp. z o.o.;(22)8538421;;
KONSTINWEST Sp. z o.o.;(22)8479738;;
KOPANIA Sp. z o.o.;602575050;;
KOPANIA Sp. z o.o.;(42)7192480;;
Korprint Sp. z o.o.;(42)6530762;;
Korprint Sp. z o.o.;(42)6407545;;
KREACJA - Sklep Internetowy SKŁAD BŁAWATNY.pl;791112212;;
KRESZ Sp. z o.o.;(58)5500064-65;;
KRESZ Sp. z o.o.;(58)5511571;;
Krojownia EMI;(42)6500986;;
Krojownia EMI;507101603;;
KUFNER Polska Sp. z o.o.;(42)2252700;;
KUFNER Polska Sp. z o.o.;(42)2252704;;
LABORATORIUM MODY;(32)6081104;;
LABORATORIUM MODY;501397738;;
Lajtmar S.c.;(61)8133907;;
Lajtmar S.c.;602498981;;
LAMA Sp. z o.o.;(43)6771354;;
LAMA Sp. z o.o.;(43)6711700;;
LaMar Małgorzata Skonieczna;(42)2881068;;
LaMar Małgorzata Skonieczna;782887039;;
LEMIS;(42)6409748;;
LEMIS;(42)6464825;;
Len Mix;(75)7430133;;
Len Mix;606328157;;
LENKO S.A.;(33)8285200;;
LENKO S.A.;(33)8122202;;
LEZARD Hurtownia Koronek;(42)6333302;;
LEZARD Hurtownia Koronek;(42)6398028;;
LINENPOL Sp. z o.o.;(042)6322304;;
LINEXIM-TK Sp. z o.o.;(42)6771840;;
LOOX S.c.;(81)5020883;;
LOOX S.c.;(81)5020885;;
LUXDOM;(22)7291169;;
LUXDOM;502728676;;
Magazyn Tkanin X.Qual-tex;(22)6134553;;
Magazyn Tkanin X.Qual-tex;603580933;;
MAGdecor Zaopatrzenie Pracowni Dekoratorskich;(81)7420788;;
MAGdecor Zaopatrzenie Pracowni Dekoratorskich;(81)5243942;;
Magic Home Sp. z o.o.;(71)3223955;;
Magic Home Sp. z o.o.;(71)7180913;;
MAGSPED;(42)6512134;;
MAGSPED;(42)6595606;;
MALTEXIM Sp. z o.o.;(61)6617863;;
MALTEXIM Sp. z o.o.;(61)6617868;;
MAPA TEX;(61)6511400;;
MAPA TEX;(61)6511500;;
MARCZAK Producent Dzianin;(42)2505470;;
MARCZAK Producent Dzianin;(42)2505472;;
MARTEX;(32)6721821;;
MARTEX;601991440;;
Martex Kamil Wójcicki;(042)2137100;;
Martex Kamil Wójcicki;(042)2137103;;
Marvolo Wojciech Sikora TanieTkaniny.pl;530010608;;
MARWIN;(22)6153099;;
MARWIN;(22)6155678;;
MAT Hurtownia Tkanin i Dodatków Krawieckich;(22)7862171;;
MAT Hurtownia Tkanin i Dodatków Krawieckich;502546504;;
MaterialyTkaniny.pl;509039643;;
MATMON - producent dzianin futerkowych;(22)7890235;;
MATMON - producent dzianin futerkowych;(22)7890236;;
MaxColor Sp. z o.o.;(42)6361736;;
MaxColor Sp. z o.o.;(42)6362789;;
MDJ;(61)8164087;;
MDJ;609293369;;
MEDIATON Dorota Osińska;601433240;;
Metryicentymetry.pl Sklep Internetowy;881448490;;
Microtex-Polska Sp. z o.o.;(62)7812422;;
Microtex-Polska Sp. z o.o.;(62)7811046;;
MikaTkaniny.pl Sklep oraz Hurtownia Tkanin i Akcesoriów Krawieckich;601804928;;
MIKROTIM Mirosław Karmowski;603870742;;
MINIMEX;(42)2111044;;
MINIMEX;(42)2115850;;
MIRANDA Sp. z o.o.;(63)2800100;;
MIRANDA Sp. z o.o.;(63)2800104-05;;
MIRWAL Sp.j.;(43)8220756;;
ML Textil Agency;(62)7350505;;
ML Textil Agency;(62)7351665;;
MODA-TEXTIL;(22)6445391;;
Montebello Denim Polska;(42)6506699;;
Montebello Denim Polska;601216350;;
MOTEX Tkaniny Dekoracyjne;790460018;;
NAJKO Tkaniny Włoskie;(71)7833010;;
NEKS Sp. z o.o.;(42)7178074;;
NEKS Sp. z o.o.;(42)7178170;;
NIWKA Uszlachetnianie Tkanin Bronisław Żabiełowicz;(061)8133484;;
OBIS Tkaniny Mundurowe Zbigniew Odzioba;601375120;;
OBIS Tkaniny Mundurowe Zbigniew Odzioba;500021914;;
OCZKO Włodzimierz Skrzypkowski;(12)6561156;;
OCZKO Włodzimierz Skrzypkowski;502744876;;
ORIENT FASHION;(42)6143881;;
ORIENT FASHION;503899700;;
Ortal S.A.;(42)6513191;;
Ortal S.A.;(42)6512351;;
ORZEŁ Sp. z o.o.;663880226;;
ORZEŁ Sp. z o.o.;663880227;;
OVAL Hurtownia Dodatków Krawieckich;(42)2131008;;
OVAL Hurtownia Dodatków Krawieckich;(42)2130459;;
P.H. AMSTII TKANINY;508114997;;
P.H. ARTEX;506082415;;
P.H. ARTEX;(61)8302354;;
P.H. GAMA Hurtownia Tkanin i Dzianin Samochodowych;(48)3858535;;
P.H. GAMA Hurtownia Tkanin i Dzianin Samochodowych;502241346;;
P.H. IKA Janusz Kubicz;(33)8103780;;
P.H. IKA Janusz Kubicz;(33)4883098;;
P.H. POLDER i RAJDER Sp.j. K. i W. Derkacz;(43)8274332;;
P.H. POLDER i RAJDER Sp.j. K. i W. Derkacz;(43)8222511;;
P.H.P. Alexis Sp.j.;(22)6793123;;
P.H.P. Alexis Sp.j.;(22)6786213;;
P.H.P. BUYMAX;(22)8266589;;
P.H.P. BUYMAX;(22)8286253;;
P.H.U Andrzej Witczak;(77)4144945;;
P.H.U Andrzej Witczak;602574890;;
P.H.U. BEROTEX;(42)6409207;;
P.H.U. BEROTEX;(42)6409501;;
P.H.U. BOLKO Halina Jakóbiec;(33)8162984;;
P.H.U. BOLKO Halina Jakóbiec;603916505;;
P.H.U. FART;(62)7852737;;
P.H.U. FART;601892631;;
P.H.U. JWJ TEX;(42)6508666;;
P.H.U. JWJ TEX;535617171;;
P.H.U. PRIMA Sp. z o.o.;(95)7351135;;
P.H.U. PRIMA Sp. z o.o.;(95)7351136;;
P.H.U. TOP Lech Plutowski;501587721;;
P.H.U. ZURTEX;(22)8702222;;
P.P. ZENITEX;(32)2050297;;
P.P. ZENITEX;(32)2065231;;
P.P.H. Export-Import Danuta Turek;(42)6168330;;
P.P.H. Export-Import Danuta Turek;(42)6168775;;
P.P.H. KILIAN;(42)6791215;;
P.P.H. MARLENA;(54)2803745;;
P.P.H. MARLENA;(54)2803513;;
P.P.H.U TINA Wieslawa Holi;(042)6832548;;
P.P.H.U TINA Wieslawa Holi;603919683;;
P.P.H.U. Agatex;(34)3273307;;
P.P.H.U. Agatex;693447673;;
P.P.H.U. ARED Andrzej Redzyński;(42)6484998;;
P.P.H.U. ARED Andrzej Redzyński;602480674;;
P.P.H.U. ASKON;(74)8303737;;
P.P.H.U. ASKON;605532321;;
P.P.H.U. BRETAR;(34)3656294;;
P.P.H.U. BRETAR;(34)3683254;;
P.P.H.U. DAMAZ;(042)6772050;;
P.P.H.U. DAMAZ;(042)6772057;;
P.P.H.U. Dana;(42)7192603;;
P.P.H.U. EMA Ewa Moczulska;(42)6303728;;
P.P.H.U. EMA Ewa Moczulska;(42)6304645;;
P.P.H.U. EMAR Hurtownia Tkanin Jacek Waleski;607093613;;
P.P.H.U. EUROECOTEX;(56)6750022;;
P.P.H.U. EWA Ewa Młostoń-Laskowska;(42)2260881;;
P.P.H.U. Goro;(42)6567502;;
P.P.H.U. Goro;(42)6508768;;
P.P.H.U. HAL-BO-POL Krzysztof Bogdański, Halina Kopka, Sławomir Kopka;(42)6555736;;
P.P.H.U. HAL-BO-POL Krzysztof Bogdański, Halina Kopka, Sławomir Kopka;(42)6160103;;
P.P.H.U. HAWO S.c.;(43)6771758;;
P.P.H.U. HAWO S.c.;601163424;;
P.P.H.U. JOLA-STYL;(42)6529114;;
P.P.H.U. JOLA-STYL;(42)2509991;;
P.P.H.U. Kuba-Tex;(42)2133324;;
P.P.H.U. Kuba-Tex;502214031;;
P.P.H.U. MAG-RYS Sp.j. Mirosława Florczak, Jerzy Florczak;(42)7164449;;
P.P.H.U. MAG-RYS Sp.j. Mirosława Florczak, Jerzy Florczak;(42)7163503;;
P.P.H.U. PiF S.c. B.Pawłowski, A.Ferensztajn;(42)6868748;;
P.P.H.U. PiF S.c. B.Pawłowski, A.Ferensztajn;(42)6863278;;
P.P.H.U. STILTEX Sp.j.;(42)2150127;;
P.P.H.U. STILTEX Sp.j.;(42)2130167;;
P.P.H.U. TAW Władysława Antczak;(42)7168306;;
P.P.H.U. TAW Władysława Antczak;513100880;;
P.P.H.U. WS-tex Wojciech Stępnik;601331049;;
P.P.H.U. WS-tex Wojciech Stępnik;(42)2136233;;
P.P.U.H. ECCO S.c.;(42)6845558;;
P.P.U.H. ECCO S.c.;(42)6833202;;
P.P.U.H. KRZYSZTOF;(41)3681289;;
P.P.U.H. KRZYSZTOF;602384675;;
P.U. BILO;(42)2153837;;
P.U. BILO;602172796;;
P.U.H. TEMAR;(42)2507775;;
P.U.H. TEMAR;601257281;;
P.W. EKOMEL II Grażyna Siama;509342220;;
P.W. EKOMEL II Grażyna Siama;(71)3217201;;
P.W. GEDAM;(32)6776384;;
P.W. MAGATEX;(42)6407488;;
P.W. MAGATEX;(42)6516946;;
P.W. SURIMAT Sp.j. A.Goleniewski, K.Kijek;(56)6232150;;
P.W. SURIMAT Sp.j. A.Goleniewski, K.Kijek;(56)6232770;;
P.W. WIRMAT S.c.;(43)8245418;;
P.W. WIRMAT S.c.;508192274;;
PABIANTEX Wojtas Tomaszewski Sp.j.;(42)2270783;;
PABIANTEX Wojtas Tomaszewski Sp.j.;(42)2153238;;
PARKHILL Polska S.c.;(58)6850604;;
PARKHILL Polska S.c.;608218173;;
PARTNER Mieczysław Cichy;(58)6727739;;
PARTNER Mieczysław Cichy;602646512;;
PHP WELO Sp.j.;(61)6511516;;
PHP WELO Sp.j.;(61)8173485;;
PHU Adar;(42)6371944;;
PHU Adar;(42)6373416;;
PHU Agnieszka Syrokwarz;609311118;;
PHU DARMI Dariusz Wachelka;(34)3270554;;
PHU DARMI Dariusz Wachelka;506037615;;
PHUP DEKOREX A.Karbowski;(89)6453048;;
PHUP DEKOREX A.Karbowski;605563185;;
PIANPOL TEX Sp. z o.o.;(86)2180759;;
Piegatex;506369369;;
PIRAF Piotr Pawla;(32)7695135;;
PIRAF Piotr Pawla;606718102;;
Plis-Textil;(22)7806417;;
Plis-Textil;(22)7800051;;
PLUS Piotr Szostak;510170100;;
Podkarpackie Centrum Produkcyjno-Wdrożeniowe EKO-KARPATY dr inż.Jan Pąprowicz;(17)8517811;;
Podkarpackie Centrum Produkcyjno-Wdrożeniowe EKO-KARPATY dr inż.Jan Pąprowicz;(17)8517812;;
Pokusa - Tkaniny i Dodatki Krawieckie;601645372;;
Pokusa - Tkaniny i Dodatki Krawieckie;505798840;;
POL-TEX;(33)8122026;;
POLTOPS Sp. z o.o.;(68)4775101;;
POLTOPS Sp. z o.o.;(68)4775100;;
POLVATEX Sp.j.;(61)2827956;;
POLVATEX Sp.j.;604811191;;
Pomarańczowy Sklep z Tkaninami PPHU Jerzy Janiak;602742376;;
PP Plus Sp. z o.o.;(42)6831231;;
PP Plus Sp. z o.o.;(42)6845952;;
PPH OPTY S.c. Andrzej Pawlik, Tadeusz Kornata;(022)7719588;;
PPH OPTY S.c. Andrzej Pawlik, Tadeusz Kornata;502224424;;
PPH SZYK;(42)6723280;;
PPH SZYK;(42)6723281;;
PPHU ADAX;(42)7186453;;
PPHU ADAX;(42)7186277;;
PPHU DARTEX;(42)2260580;;
PPHU DARTEX;(42)2260564;;
PPHU JAWO S.c. Jacek i Marcin Żukowscy;(22)7552675;;
PPHU JAWO S.c. Jacek i Marcin Żukowscy;(22)7243777;;
PPHU KOLREX;(44)7146967;;
PPHU KOLREX;(44)7146651;;
PPHU KRIS;(42)6457258;;
PPHU KRIS;602345696;;
PPHU LIS;(42)6577787;;
PPHU LIS;(42)6552240;;
PPHU MAR-POL Marianna i Stanisław Różańscy;(42)6500371;;
PPHU MAR-POL Marianna i Stanisław Różańscy;(42)6500387;;
PPHU MARTEL;(43)8227518;;
PPHU MARTEL;(43)8224362;;
PPHU Natan;(33)8441429;;
PPHU Natan;(33)8411291;;
PPHU PAWEX Producent Dzianin;509761998;;
PPHU PAWEX Producent Dzianin;508369013;;
PPUH LECH;(61)8172199;;
PPUH LECH;(61)8182078;;
Pracownia Dziewiarska PIWOŃSKI;603845472;;
Pracownia Plisowania Maria Kowal;(18)4460316;;
Pracownia Plisowania Maria Kowal;691957469;;
Pracownia Tkacka Jadwiga Kresa;(25)7922544;;
Pracownia Tkacka Jadwiga Kresa;501792736;;
Producent Tkanin Wełnianych Z-TEX S.c.;(42)7164068;;
Producent Tkanin Wełnianych Z-TEX S.c.;509520557;;
PROVEL Sp. z o.o.;692047151;;
PROVEL Sp. z o.o.;(34)3183252;;
PRZEDSIĘBIORSTWO HANDLOWE MAR-POL;502367333;;
PRZEDSIĘBIORSTWO HANDLOWE MAR-POL;(41)3870013;;
Przedsiębiorstwo Handlowo Produkcyjno Usługowe UNIA Sp. z o.o.;(85)7479000;;
Przedsiębiorstwo Handlowo Produkcyjno Usługowe UNIA Sp. z o.o.;(85)7479002-03;;
Przedsiębiorstwo Handlowo-Usługowe STAWIŃSCY S.c.;502556116;;
Przedsiębiorstwo KAMONT;(022)6156200;;
Przedsiębiorstwo PRODEX Sp. z o.o.;(42)6407648;;
Przedsiębiorstwo PRODEX Sp. z o.o.;(42)6407385;;
Przedsiębiorstwo Produkcyjno Handlowo Usługowe MARTEX Krzysztof Florczak;(42)6552627;;
Przedsiębiorstwo Produkcyjno Handlowo Usługowe MARTEX Krzysztof Florczak;604485076;;
Przedsiębiorstwo Usługowo Handlowe ANETA Aneta Kowalkowska;502316228;;
Przedsiębiorstwo Wielobranżowe GRANT;(61)6617560;;
Przedsiębiorstwo Wielobranżowe GRANT;(61)6617561;;
Przedsiębiorstwo Wielobranżowe JURPOL;(46)8743673;;
Przedsiębiorstwo Wielobranżowe JURPOL;(46)8742720;;
Przedsiębiorstwo Wielobranżowe RH MIX;609778294;;
Przedsiębiorstwo Wielobranżowe RH MIX;721223335;;
Przedsiębiorstwo Wielobranżowe TEXTIL;(71)7173457;;
Przedsiębiorstwo Wielobranżowe TEXTIL;796603700;;
PUNTA Sp.j.;(22)6147686;;
PUNTA Sp.j.;695887884;;
RAD-POL Sp. z o.o. Tkaniny Dekoracyjne;(22)5781061;;
RAD-POL Sp. z o.o. Tkaniny Dekoracyjne;(22)3197503;;
Radika Textile Sp. z o.o.;(022)7157009;;
Radika Textile Sp. z o.o.;(022)7156669;;
Raffaello;502285558;;
RAINBOW TEXTILE;(42)2130110;;
RAPAW S.c.;(71)3281525;;
RAPAW S.c.;601281666;;
REAL TKANINY;(61)2834848;;
REAL TKANINY;508136166;;
RED TRADE Sp. z o.o.;509166733;;
RENA Textile Agency;602590190;;
RENA Textile Agency;609990444;;
ROBIN`S Patchwork;502134315;;
Rodart Sp. z o.o.;(22)6228469;;
Rodart Sp. z o.o.;606496666;;
ROKIET P.P.H.U. Sp.j.;(61)8145119;;
ROKIET P.P.H.U. Sp.j.;(61)8145744;;
ROMTEX;(61)8488211;;
ROMTEX;602312502;;
Ropapol Sp. z o.o.;(33)8532161;;
ROTAX Hurtownia Tkanin i Artykułów Pościelowych;(42)6402077;;
Sales Group East Europe LLC;(61)4155050;;
Sales Group East Europe LLC;(61)4155051;;
SALTEX Sp. z o.o.;(42)6832789;;
SALTEX Sp. z o.o.;(42)6832788;;
SANTANO Sp. j.;(61)4433706;;
SANTANO Sp. j.;(61)4433707;;
SCARLETT;(22)4987878-79;;
SCARLETT;(22)8990865;;
SIGMA Bogumiła Śliwa;(061)8391204;;
SIGMA Bogumiła Śliwa;502046693;;
SILOR Sp. z o.o.;730951010;;
SIM OKRZOS Sławomira i Mariusz Okrzos;(77)4575518;;
SIMAX Hurtownia Tkanin;(61)8170051;;
SIMAX Hurtownia Tkanin;506052422;;
Sklep BŁAWATNY;(12)4227947;;
Sklep Indyjski MASALA DECO Paweł Głowala;664742175;;
Sklep Indyjski MASALA DECO Paweł Głowala;608660066;;
Sklep Tekstylny KONRAD;(12)4223430;;
Sklep Tekstylny KONRAD;509471706;;
Sklep z Tkaninami;(91)4883404;;
Sklep z Tkaninami Konfekcyjnymi ORGANZA S.c.;(58)3511450;;
Sklep z Tkaninami Konfekcyjnymi ORGANZA S.c.;606270121;;
SLS Piotr Ławiński;537111114;;
SORRENTO Pracownia Stylu;783800310;;
SORRENTO Pracownia Stylu;(52)3461669;;
SPAGNOLO;(18)4460804;;
SPAGNOLO;(18)4462090;;
SPRING TEX Hurtownia Tkanin;(42)2141030;;
SPRING TEX Hurtownia Tkanin;501308185;;
STANISZEWSKI TEXTILES Hurtownia tkanin;(71)3390560;;
STANISZEWSKI TEXTILES Hurtownia tkanin;(71)3390660;;
STRADOM S.A.;(34)3247031;;
STRADOM S.A.;(34)3651495;;
SUBIEKT TEKSTYLIA Sp. z o.o. Sp.komandytowa;600914560;;
SZYK Tkaniny Pasmanteria;605560846;;
ŚWIAT LNU Sp. z o.o.;(75)6454256;;
ŚWIAT LNU Sp. z o.o.;(75)6454201;;
TAJLUR S.c.;(74)8335153;;
TAURUS;(33)8764494;;
TAURUS;500127745;;
TEAM-PRO Sp.j. A.Kowalska, I.Poczta;(62)7667184;;
TEAM-PRO Sp.j. A.Kowalska, I.Poczta;(62)5011788;;
TESMA Sp. z o.o.;(17)8630482;;
TEX-PRIM;(012)2620029;;
TEXAGON Sp. z o.o.;(22)7158585;;
TEXAGON Sp. z o.o.;(22)7158580;;
TEXALTRA POLSKA Sp. z o.o.;(41)3464712;;
TEXALTRA POLSKA Sp. z o.o.;606408700;;
TEXPOL Dorota Karczmarczyk;(46)8741716;;
TEXPOL Dorota Karczmarczyk;(46)8740482;;
TEXTIL MAR;(58)6243193;;
TEXTIL MAR;663916032;;
Textil Uniwersal Euro;(42)7190185;;
Textil Uniwersal Euro;(42)7190070;;
TEXTIL-NOVA Sp. z o.o.;(77)4169713;;
TEXTIL-NOVA Sp. z o.o.;(77)4161473;;
Textile Trend Poland;506104866;;
TEXTILIMPEX Sp. z o.o.;(42)6361819;;
TEXTILIMPEX Sp. z o.o.;(42)6325180;;
Textilmania;(52)3278365;;
Textilmania;697396142;;
THE SOFT WORLD;600928632;;
Tibid S.c.;(63)2784721;;
TIRON Paweł Stasiak;604551727;;
TKANINOTEX;(42)2140733;;
TKANINOTEX;502117054;;
Tkaniny Włoskie;(22)6520698;;
Tkaniny-Dywany S.c.;(71)3142946;;
Tkaniny-Mysłowice;886860109;;
Tkaniny24h;506090223;;
TOCCARE;601715443;;
TOCCARE;662217298;;
TOM-TEX-Sprzedaż Hurtowa i Detaliczna Tkanin;(42)6596045;;
TOM-TEX-Sprzedaż Hurtowa i Detaliczna Tkanin;660733486;;
Tomasz Marciniak Wyłączny Przedstawiciel Firmy KLOPMAN International;(42)6458624;;
Tomasz Marciniak Wyłączny Przedstawiciel Firmy KLOPMAN International;(42)6401115;;
Tomaszowska Fabryka Filców Technicznych Sp. z o.o.;(44)7242331;;
Tomaszowska Fabryka Filców Technicznych Sp. z o.o.;(44)7246082;;
TOMIX Pikowanie Tkanin;(42)6841913;;
TOPTEXTIL Sp. z o.o.;(33)8720057;;
TOPTEXTIL Sp. z o.o.;(33)8764939;;
Trading TRICOT Poland Ltd.;(42)6811557;;
Trading TRICOT Poland Ltd.;600832767;;
TRENDPOINT Sp. z o.o.;795087389;;
TRENDPOINT Sp. z o.o.;794500223;;
TRI-TEX BIS Sp. z o.o.;(42)2154442;;
TRI-TEX BIS Sp. z o.o.;512100406;;
TRITEX Krzysztof Bujak;(42)2321405;;
TURK-TEX Sp. z o.o.;(42)2275439;;
TURK-TEX Sp. z o.o.;518956244;;
TwinTex tekstil;(42)2070960;;
TwinTex tekstil;728488976;;
Ultex-A Hurtownia Tkanin;(34)3627280;;
Ultex-A Hurtownia Tkanin;660716311;;
UNI-EKO P.U.H.P.;(71)3414354;;
UNI-EKO P.U.H.P.;601571323;;
Urszula Gawryś KAJA;(17)7743211;;
Urszula Gawryś KAJA;500006558;;
VALMET TECHNOLOGIES Sp. z o.o.;(42)6781071;;
VALMET TECHNOLOGIES Sp. z o.o.;(42)6781637;;
VEG-POL Sp.j.;(42)6898974-75;;
VEG-POL Sp.j.;(42)6898976;;
VIA APPIA H.T.;797190336;;
VIA APPIA H.T.;797190335;;
Wera S.c. Tkaniny;(56)6581517;;
WFB Baird Poland Sp. z o.o.;(75)7413252;;
WFB Baird Poland Sp. z o.o.;(75)7414787;;
WISTIL S.A.;(62)7686100;;
WISTIL S.A.;(62)7576573;;
WŁÓKNO-LAND;604282847;;
WOLANKA S.c. Bączyński Jerzy, Kabzińska Urszula;(43)8239105;;
WOLTEX Zakład Dziewiarski Romuald Szukało, Andrzej Matusiak, Jan Sosnówka;602783380;;
WOLTEX Zakład Dziewiarski Romuald Szukało, Andrzej Matusiak, Jan Sosnówka;(22)7990702;;
Wzorniki.pl;(12)2587050;;
Wzorniki.pl;(12)2587051;;
YEDA Kupcy Bławatni Sp.j.;(71)3370707-08;;
YEDA Kupcy Bławatni Sp.j.;(71)3372085;;
Z.U.H. LARIX;(12)4213166;;
Z.U.H. LARIX;(12)2784307;;
Zakład Dziewiarski DeCeZet S.c.;(42)6488637;;
Zakład Dziewiarski DeCeZet S.c.;512168557;;
Zakład Produkcji Dzianin LUXPOL-BIS Sp. z o.o.;(91)8342580;;
Zakład Produkcji Dzianin LUXPOL-BIS Sp. z o.o.;(91)8342585;;
Zakład Produkcji Dziewiarskiej W.Rosiński;(42)6594936;;
Zakład Produkcji Dziewiarskiej W.Rosiński;502234729;;
Zakład Produkcji Tkanin Sp. z o.o.;(083)3547383;;
Zakład Produkcji Tkanin Sp. z o.o.;(083)3547347;;
Zakład Produkcyjno-Handlowo-Usługowy ARKONA;(59)8623310;;
Zakład Produkcyjno-Handlowy IMPRA-TEX;(61)8258050;;
Zakład Produkcyjno-Handlowy IMPRA-TEX;(61)8230710;;
Zakład Produkcyjny ELOPE;(077)4823371;;
Zakład Produkcyjny ELOPE;606944014;;
Zakład Produkcyjny RETOS Janusz Stasiołek;(44)7231600;;
Zakład Przędzalniczo-Dziewiarski WAJER S.c.;(71)3853789;;
Zakład Przędzalniczo-Dziewiarski WAJER S.c.;(71)3853773;;
Zakład Tkacki ZALTEX Zalesie Franciszek Dmowski;601163430;;
Zakłady Przemysłu Bawełnianego FROTEX S.A.;(77)4065200;;
Zakłady Przemysłu Bawełnianego FROTEX S.A.;(77)4065302;;
Zakłady Przemysłu Wełnianego TOMTEX S.A.;(44)7233947;;
Zakłady Tkanin Technicznych TECHNOTEX S.A.;(74)8365413;;
Zakłady Tkanin Technicznych TECHNOTEX S.A.;(74)8365418;;
ZTK TEOFILÓW S.A.;785998803;;
Hurtownia Podszewek KM PODSZEWKI;530250272;;
POLSKIE TKANINY;(42)2113555;;
6 PLUS S.c.;(58)3453431;;
6 PLUS S.c.;507136953;;
Adam Stalmach Haft-Room;694085514;;
Adam Stalmach Haft-Room;602683150;;
ADDOM Maria Kozioł;(17)2506788;;
ADDOM Maria Kozioł;692308988;;
ADO Sp. z o.o. Świat Tkanin;(76)8566230;;
AK Design;(32)4511912;;
AK Design;609581445;;
AKWADRAT Justyna Zawadzka;601259494;;
AMANDA Hurtownia Tkanin i Dodatków Ślubnych;(71)7815550;;
AMANDA Hurtownia Tkanin i Dodatków Ślubnych;606285473;;
AN-FARB Sp.j.;(42)6746390;;
AN-FARB Sp.j.;(42)6771871;;
Anet Sp. z o.o.;(91)4635650;;
ANITEX;504144423;;
ANITEX;782144423;;
ANKO-DEKORACJA;(22)7512448;;
ANKO-DEKORACJA;509831814;;
Antex Hurtownia Tkanin i Artykułów Pościelowych;(22)6471225;;
Antex Hurtownia Tkanin i Artykułów Pościelowych;601280199;;
ANUBIS-PL Sp. z o.o.;(61)2816733;;
APHU MODEP Mirosław Dudzik Sp.j.;(33)8751056;;
APN Textil;695643917;;
Aranżacja Okien Studio Decor S.c.;(71)3442277;;
Aranżacja Okien Studio Decor S.c.;518555175;;
ARANŻER;(58)5512986;;
ARTEX Tkaniny Meblowe;(61)6518221;;
ARTEX Tkaniny Meblowe;(61)6510300;;
ArtMeb Hurtownia Tapicerska;(22)6317286;;
ArtMeb Hurtownia Tapicerska;697091264;;
Artykuły Dzianinowe YARO-TEX Anna Rosiak;(42)6810633;;
Artykuły Dzianinowe YARO-TEX Anna Rosiak;(42)6810635;;
ATARTU Utrata;(43)6752075;;
ATARTU Utrata;784151286;;
BARKAM s.c. Jolanta, Damian Stalka;(67)2875309;;
BARKAM s.c. Jolanta, Damian Stalka;(67)2875644;;
Batex Jerzy Kołodziejczyk;600775441;;
Batex Jerzy Kołodziejczyk;506032200;;
Batex Service Sp. z o.o.;(42)6724605;;
Batex Service Sp. z o.o.;(42)6742565;;
BATiF Zakład Produkcji Odzieży;(43)8232278;;
BATiF Zakład Produkcji Odzieży;(43)8238845;;
BELVISO Firany i Tkaniny Dekoracyjne;(91)4340090;;
BELVISO Firany i Tkaniny Dekoracyjne;501445077;;
BENN Design;600791735;;
BENN Design;608872165;;
Biuro Handlowe BIS;(42)2965806;;
Biuro Handlowe BIS;605592081;;
BOCO;(42)6556404;;
BOCO;(42)6556505;;
BOSKA DEKADENCJA;504234890;;
CAMMEO;(32)4490534;;
CAMMEO;502367606;;
CCPC Sp. z o.o.;(22)3702833;;
CCPC Sp. z o.o.;799141803;;
Centrum Handlowe STILEX;(17)7711188;;
Centrum Handlowe STILEX;(17)7711037;;
Centrum Jedwabiu SILKYWAY;505412704;;
Centrum Tkanin PASCANI;(95)7333999;;
Centrum Tkanin PASCANI;(95)7333998;;
Centrum Wzornictwa i Dekoracji Okien JOLLY Jolanta Lasocka;660456524;;
Centrum Wzornictwa i Dekoracji Okien JOLLY Jolanta Lasocka;227511675;;
Cezar International Sp.j.;(42)2158194;;
Cezar International Sp.j.;(42)2158199;;
CHWIROT Janusz Chwirot;(61)8106789;;
CHWIROT Janusz Chwirot;(61)8106790;;
CLAUDIA DESIGN Studio Mody;(77)4373536;;
CLAUDIA DESIGN Studio Mody;607447729;;
CONTRACT;(32)6177314;;
CONTRACT;600417825;;
Damask.pl;(22)8537412;;
Damask.pl;609709949;;
DECO Studio Dekoracji Wnętrz;(81)5360233;;
Decora Collection;(58)3459768;;
Dekero Anna Sokulska;696957434;;
Dekero Anna Sokulska;(17)7796115;;
DEKOR SERWIS S.c.;(42)6324425;;
DEKOR SERWIS S.c.;(42)6407412;;
DEKOR STUDIO;(41)3624293;;
DEKOR STUDIO;602527214;;
Dekoracje na Miarę;730901914;;
Dekoracje na Miarę;694438280;;
Dekoratornia Art;571380074;;
DEKORATORNIA Katarzyna Gett;(61)8439450;;
DEKORATORNIA Katarzyna Gett;(61)8439484;;
DEKORS;607127778;;
DEKORS;606767644;;
Desio Design;(34)3631698;;
DIANA-STYL Sp. z o.o.;(068)3852431-34;;
DIANA-STYL Sp. z o.o.;(068)3852737;;
dioneaqua;504106199;;
dioneaqua;504106001;;
DOM DEKOR S.c.;(32)2589924;;
DOM DEKOR S.c.;(32)3512657;;
DORHART Przedstawicielstwa Handlowe;(12)4154510;;
DORHART Przedstawicielstwa Handlowe;(12)4156925;;
DRAPERIA Jakub Dyraga;(22)8130718;;
DRAPERIA Jakub Dyraga;507187247;;
Dywany i tkaniny;(86)2722805;;
Ella Sp. z o.o.;(41)3834018;;
Emma Interior Design Mariusz Marciniszyn;(74)8523018;;
Emma Interior Design Mariusz Marciniszyn;600855436;;
Enpeco S.c.;(34)3435087;;
Enpeco S.c.;(34)3617710;;
Estudio - UdekorujDom.pl;(42)2111166;;
Estudio - UdekorujDom.pl;669230016;;
EURO-PIK Sp. z o.o.;(34)3170770;;
EURO-PIK Sp. z o.o.;(34)3170145;;
EVENT Dance Company S.c.;(12)4163975;;
EVENT Dance Company S.c.;(12)4163975;;
EWI-MAR Sp.j.;(48)6103030;;
EWI-MAR Sp.j.;(48)3844222;;
F.H. BENETEX;(61)8705692;;
F.H. BENETEX;(61)8705962;;
F.H. HALMA Halina Mrozek;(58)5326377;;
F.H. HALMA Halina Mrozek;(58)5303333;;
F.H. ORTEX Centrum Tekstylne S.c.;601471220;;
F.H. ORTEX Centrum Tekstylne S.c.;(32)2033765;;
F.H.P. MAX;(71)3987092;;
F.H.P. MAX;(71)3171641;;
F.H.U TAPICER (Introdrzew);607-514-872;;
F.H.U TAPICER (Introdrzew);(32)2537068;;
F.H.U. MATEX Michał Rachwał;(58)5572211;;
F.H.U. MATEX Michał Rachwał;(58)7463834;;
F.P.H. MARION;(12)2653400;;
F.P.H. MARION;(12)4255097;;
Fabryka Wkładów Odzieżowych CAMELA S.A.;(074)8870700;;
Fabryka Wkładów Odzieżowych CAMELA S.A.;(074)8870777;;
FERLAS Export-Import Sp. z o.o.;(42)6361103;;
FERLAS Export-Import Sp. z o.o.;(42)6376528;;
FHU FLANTI;602529671;;
FHU PILECKI;(15)8121470;;
FHU PILECKI;(15)8121468;;
Finezja Wnętrz;(68)3857621;;
Finezja Wnętrz;600016730;;
firanelle.pl;502515950;;
Firma ALWAYS Jadwiga Nalaskowska;(56)6485665;;
Firma ALWAYS Jadwiga Nalaskowska;601081916;;
Firma Handlowa MAKAR;(17)8525985;;
Firma Handlowa MAKAR;(17)8532521;;
Firma Handlowa MATEX;(12)4119575;;
Firma Handlowa MATEX;(12)4137865;;
Firma Produkcyjna Scala S.c.;(17)2249040;;
Firma Produkcyjna Scala S.c.;(17)2249401;;
Firma Produkcyjno-Handlowa KMK;(43)8224787;;
Gadriel;883984155;;
Galeria AGHARTA;(22)8282347;;
Garnitury | Tkaniny | Szycie;(56)6590821;;
Garnitury | Tkaniny | Szycie;(56)6453808;;
HOBBY-WEŁNA;604592367;;
Home&Home;(22)4981782;;
Home&Home;534282840;;
Hurtownia ARKOS;(44)6852409;;
Hurtownia LITEX;(22)5781090;;
Hurtownia Tapicerska MART;(52)3979617;;
Hurtownia Tapicerska MART;603059884;;
IBIS Sp. z o.o.;(71)3112713;;
IBIS Sp. z o.o.;(71)3112202;;
Interprint Sp. z o.o.;(42)6832242;;
Interprint Sp. z o.o.;(42)6832220;;
ITALVELLUTI Polska;(18)4460784;;
JAB ANSTOETZ POLSKA Sp. z o.o.;601684111;;
Jedwabie Agaty;502162408;;
K&K Kośniewski Import-Export;(77)4742424;;
K&K Kośniewski Import-Export;(77)4742423;;
KARINUS Hurtownia Materiałów Gorseciarskich;(42)6519001;;
KARINUS Hurtownia Materiałów Gorseciarskich;(42)6527077;;
Kasandra Firanki Gotowe;731028595;;
KEJT S.c.;(48)3311700;;
KEJT S.c.;(48)3858600;;
Kompleksowa Dekoracja Okien TWÓJ STYL OKNA;(22)6104609;;
Kompleksowa Dekoracja Okien TWÓJ STYL OKNA;606651725;;
KRAWCOWNIA;510259661;;
KRAWCOWNIA;500249928;;
Krystyna Grochowalska GROCO Przedsiębiorstwo Produkcyjno Usługowo Handlowe;(61)6632788;;
KW Flagi Krystyna Wiatr;(22)6483068;;
KW Flagi Krystyna Wiatr;(22)6483067;;
La Decoration;(71)3746112;;
La Decoration;605746112;;
LENTEX S.A.;(34)3515600;;
LENTEX S.A.;(34)3515601;;
Living Spot;(61)8420359;;
Living Spot;721485400;;
Maj Pasmanteria;(22)7809883;;
Maj Pasmanteria;502066501;;
MALABELLE;661382082;;
Marco Design;(22)6660635;;
Marco Design;(22)6660642;;
Marija Goncalves Agnieszka Malinowska-Goncalves;662010594;;
Markisol International Ltd. Sp. z o.o.;(58)6775757;;
Markisol International Ltd. Sp. z o.o.;(58)6770902;;
Marta;509653736;;
MARWEL;(76)8358292;;
MARWEL;509624985;;
Marzanna Salon Dekoracji Okien;(77)4834252;;
Marzanna Salon Dekoracji Okien;785010484;;
MIX Firany Zasłony;(41)3576400;;
MONADA;(61)6620910;;
MONADA;(61)6620912;;
MORAPEL Sp.j.;(18)4429095;;
MORAPEL Sp.j.;(18)4431880;;
MS-Dekor S.c.;(22)6448415;;
MS-Dekor S.c.;691857532;;
NASZA Sp. z o.o.;(56)6781281;;
NASZA Sp. z o.o.;501516778;;
NATURAL Sp.j.;(42)6373795;;
NATURAL Sp.j.;(42)6373677;;
NEPO S.c. Ewa i Zbigniew Strozik;(22)6462552;;
NEPO S.c. Ewa i Zbigniew Strozik;(22)6460368;;
OZLEM Firany-OZLEM Sp. z o.o.;(22)7019335;;
OZLEM Firany-OZLEM Sp. z o.o.;(22)7019337;;
P.H. SK Sp. z o.o.;(58)6823663;;
P.H.U PIOLO Piotr Chojnowski;508122183;;
P.H.U. EWANTEX S.c.;(33)8450015;;
P.H.U. EWANTEX S.c.;(33)8451347;;
P.H.U.P. DEKORTEX Helena Pończocha;(85)7418555;;
P.H.U.P. DEKORTEX Helena Pończocha;(85)7402203;;
P.P.H.U. BAMIPOL hurtownia tkanin i dodatków krawieckich;(22)7816803;;
P.P.H.U. BAMIPOL hurtownia tkanin i dodatków krawieckich;(22)7815254;;
P.P.H.U. BESTA;(85)7104387;;
P.P.H.U. Cetex;(32)6741264;;
P.P.H.U. FANIKA;602444090;;
P.P.H.U. Gurt-Max;(42)6584434;;
P.P.H.U. Gurt-Max;(42)6584460;;
P.P.H.U. TKACZ;(42)6116205;;
P.P.H.U. TKACZ;(42)6116206;;
P.P.U.H. Eufamm;(41)3615409;;
P.P.U.H. Eufamm;530602391;;
P.U.H. WEEKEND mgr inż.Tadeusz Martin;501019060;;
P.U.H. WEEKEND mgr inż.Tadeusz Martin;512330485;;
P.W LEDAR;(48)6293357;;
P.W LEDAR;(48)3811655;;
P.W. ASPOL;(74)8534414;;
PAMAVI Tekstylia;(46)8573070;;
PAMAVI Tekstylia;510437374;;
Pasmanteria MOTKI DWA;692428222;;
PERSS Hurt Detal Import Eksport;(25)7588834;;
PERSS Hurt Detal Import Eksport;602487496;;
PH CŁAPA;(42)7160840;;
PH CŁAPA;(42)7174583;;
PHU Art;609057316;;
PIKO S.c.;(62)7638149;;
PIKO S.c.;603591622;;
PMT-YARNS;794081200;;
PMT-YARNS;793783108;;
POLANA Spokojny Sen;(061)8950400;;
POLANA Spokojny Sen;(061)8950401;;
POLIMEX.net Sp. z o.o. Sp.komandytowa;(42)6131717;;
POLIMEX.net Sp. z o.o. Sp.komandytowa;(42)6131708;;
Polmaster Contract Interiors;(22)6321150;;
PPHU Kłoda;(032)2146330;;
PPHU Kłoda;603647542;;
PPHU KRYMARK;(42)6374950;;
PPHU KRYMARK;(42)6361375;;
PPW MORFEUSZ;(54)2513126;;
PPW MORFEUSZ;(54)2513317;;
Przedsiębiorstwo Przemysłu Bawełnianego ZAMTEX S.A.;(086)2712101;;
Przedsiębiorstwo Przemysłu Bawełnianego ZAMTEX S.A.;(086)2713127;;
Przemysław Jankowski P.W.;513019888;;
PUW Torpol Sp. z o.o.;(58)6949800;;
PUW Torpol Sp. z o.o.;(58)6943400;;
RAYSTER;509896240;;
REVE Tkaniny, Usługi Krawieckie, Pasmanteria;(85)6750848;;
RO-MA Hurtownia Pasmanterii;(17)8578797;;
RODATEX;(71)3556595;;
ROTEX home textile;(43)8230193;;
ROTEX home textile;(43)8253023;;
Salon Firan DESIGN;(91)4340329;;
Salon Firan DESIGN;608454649;;
SALON LNIANY;(75)7528539;;
SALON LNIANY;662091002;;
Sizeflex Sp. z o.o. ReflexSun;513408887;;
Sklep Włókienniczy S.c.;(22)6467118;;
Sklep Włókienniczy S.c.;(22)6467120;;
Słodki Malec Iwona Pilarczyk;513508693;;
Studio Tkaniny S.c.;501181212;;
Studio Tkaniny S.c.;502030090;;
STYL OKNA DEKORACJE Teresa Witkowska;(87)5650849;;
STYL OKNA DEKORACJE Teresa Witkowska;600069666;;
Szeba Sp. z o.o.;(32)6700982;;
Szeba Sp. z o.o.;(32)6703735;;
SZPERACZEK.NET;726555015;;
Szwalnia Manufaktura;692446687;;
TAFTA;(42)6402204;;
Tessutti Polska;(56)6833201;;
Tessutti Polska;(56)6833202;;
TEX-LEN plus;(46)8553450;;
TEXTILON Anna Miałkowska;695703725;;
UNIGLOB Sp. z o.o.;(42)6161201;;
UNIGLOB Sp. z o.o.;(42)6161213;;
UNIKOTEX Sp.j. Maria Ziemba;(42)7164195;;
UNIKOTEX Sp.j. Maria Ziemba;(42)7162619;;
VENTURA Sp. z o.o.;507383002;;
Wb Acoustics - Womeb S.c.;783367764;;
Wenaart;(22)3716377;;
Woal Dekor;(42)6304086;;
Woal Dekor;(42)6308081;;
Wooltex-Tedex Dorota Jeżewska;(68)4591757;;
Wooltex-Tedex Dorota Jeżewska;(68)4518557;;
Z.P.H.U. Dawid;664684068;;
Zakład Włókienniczy IRTEX inż. Ireneusz Kaszyński;(43)6775345;;
Zakłady Tkanin Technicznych BONITEX S.A.;(75)6450311;;
Zakłady Tkanin Technicznych BONITEX S.A.;(75)6450301;;
ZWOLTEX Sp. z o.o.;(43)8232331;;
ZWOLTEX Sp. z o.o.;(43)8235635;;
