Fabryka Maszyn i Urządzeń Przemysłowych FAMAD Sp. z o.o.;(77)4390070;;
Fabryka Maszyn i Urządzeń Przemysłowych FAMAD Sp. z o.o.;(77)4390497;;
HYDROFAST Sp. z o.o.;(85)6540569;;
HYDROFAST Sp. z o.o.;(85)6540558;;
UNISON Sp. z o.o.;(58)6923847;;
UNISON Sp. z o.o.;501481403;;
ARTEX Artur Makiola;501615781;;
ARTEX Artur Makiola;(32)4556940;;
DROZDOWSKI Zakład Metalowy;(17)5815595;;
DROZDOWSKI Zakład Metalowy;(17)5815330;;
F.H.U. N-POL;(33)8159159;;
Firma Urządzeń Technicznych TECH-FA-MILER;(61)4422803;;
Firma Urządzeń Technicznych TECH-FA-MILER;602334683;;
HAMECH Zakłady Maszynowe Sp. z o.o.;(85)8735200;;
HAMECH Zakłady Maszynowe Sp. z o.o.;(85)8735238;;
Homag Polska Sp. z o.o.;(61)6474500;;
Homag Polska Sp. z o.o.;(61)6474598;;
JAROMA S.A.;(62)7473595;;
JAROMA S.A.;(62)7472962;;
JP TECH;(95)7576651;;
JP TECH;516175267;;
KADIMEX Sp. z o.o. Sp.k.;(22)7817475;;
KADIMEX Sp. z o.o. Sp.k.;(22)7715480;;
LIGNUMA Zakład Budowy Maszyn Stolarskich Jerzyna i Marek Maciejewscy;(68)3525056;;
LIGNUMA Zakład Budowy Maszyn Stolarskich Jerzyna i Marek Maciejewscy;(68)3525517;;
Przedsiębiorstwo Wielobranżowe PERFECT Sp. z o.o.;(41)2753338;;
Przedsiębiorstwo Wielobranżowe PERFECT Sp. z o.o.;(41)2750366;;
RENATEX S.c.;(22)7733937;;
Soderhamn Eriksson Polska Sp. z o.o.;(22)6324459;;
Soderhamn Eriksson Polska Sp. z o.o.;(22)6324336;;
ZPUH OSKA Zbigniew Oskwarek, Kazimierz Kasprowicz, Jarosław Kasprowicz Sp.j.;(52)3810218;;
ZPUH OSKA Zbigniew Oskwarek, Kazimierz Kasprowicz, Jarosław Kasprowicz Sp.j.;(52)3810197;;
Biuro Handlowo-Techniczne INTEGRAL S.c. Gaj Andrzej, Login Elżbieta;(33)8766841;;
Biuro Handlowo-Techniczne INTEGRAL S.c. Gaj Andrzej, Login Elżbieta;606444687;;
MAR-MASZ Henryk Pioch;601166404;;
MAR-MASZ Henryk Pioch;691483397;;
PRINZ POLSKA Sp. z o.o. Łańcuchowe Systemy Tnące;(61)8638088;;
PRINZ POLSKA Sp. z o.o. Łańcuchowe Systemy Tnące;(61)8638099;;
TEKOpro Sp. z o.o.;(22)4688060;;
TEKOpro Sp. z o.o.;515600505;;
ZM JABŁOŃSKI Sp. z o.o.;(25)7593500;;
BEZ Mechanika Maszyn i Urządzeń Przemysłowych;(58)6248316;;
Fabryka Obrabiarek Do Drewna Sp. z o.o.;(52)3258700;;
Fabryka Obrabiarek Do Drewna Sp. z o.o.;(52)3736163;;
Firma MAZUR;602157929;;
GAMEL Sp.j. Leon Gniewek;(74)8570292;;
GAMEL Sp.j. Leon Gniewek;601718901;;
HAFEN;(25)6440822;;
HAFEN;692101112;;
IMA Polska Sprzedaż i Serwis Sp. z o.o.;(61)2864700;;
IMA Polska Sprzedaż i Serwis Sp. z o.o.;(61)2864711;;
IPM Sp. z o.o.;(22)8752537;;
IPM Sp. z o.o.;(22)8252576;;
Metal-Technika Rafał Cygan;(44)7812090;;
P.H.U. EURO-KOMPLEX;(15)6420260;;
P.H.U. EURO-KOMPLEX;535980435;;
P.P.U.H. Remix-Oil;(17)7747057;;
P.P.U.H. Remix-Oil;603082000;;
STRAVIS Arkadiusz Pankowski;600396690;;
Wood Cutting;(68)4782820;;
Wood Cutting;605245845;;
WOOD-PAMAR;(61)6222605;;
WOOD-PAMAR;(61)6229675;;
Z.P.U.H. FREZMAD L.D.J.;(61)4367521;;
Z.P.U.H. FREZMAD L.D.J.;(61)4377997;;
Hurtownia Narzędzi SEGER;(14)6803950;;
Hurtownia Narzędzi SEGER;(14)6803953;;
KOFAMA Koźle S.A.;(77)4461140;;
KOFAMA Koźle S.A.;(77)4461145;;
MILL;(22)7577784;;
DIAMOS Liliana Lewandowska i Wspólnicy Sp.j.;(32)4416990;;
DIAMOS Liliana Lewandowska i Wspólnicy Sp.j.;(32)7202696;;
ELKAR;(44)6330971;;
ELKAR;(44)7890630;;
Kammar Zaopatrzenie Techniczne Sklep Internetowy KAMMAR24.pl Marek Kuberski;792780343;;
Kammar Zaopatrzenie Techniczne Sklep Internetowy KAMMAR24.pl Marek Kuberski;608481534;;
KÖHLER+BOVENKAMP Polska Sp. z o.o.;(52)3031361;;
KÖHLER+BOVENKAMP Polska Sp. z o.o.;(52)3031364;;
LIGUM POL Sp. z o.o.;(76)8341565;;
LIGUM POL Sp. z o.o.;(76)8335038;;
PPUH DOMEX Sp.j.;(84)6867201;;
PPUH DOMEX Sp.j.;(84)6880819;;
BizeA Sp. z o.o.;(22)2441700;;
BizeA Sp. z o.o.;(22)2445277;;
BRAWO Usługi Tartaczne;601762387;;
BRAWO Usługi Tartaczne;(63)2716912;;
Fabryka Pił i Narzędzi WAPIENICA Sp. z o.o.;(33)8280800;;
Fabryka Pił i Narzędzi WAPIENICA Sp. z o.o.;(33)4871501;;
Grupa HMS K.Młodożeniec, K.Stachowiak Spółka Jawna;(61)8720817;;
Grupa HMS K.Młodożeniec, K.Stachowiak Spółka Jawna;(61)6570555w.361;;
Luna Polska Sp. z o.o.;(32)2203378;;
M.A.T. PROFESSIONAL Sp. z o.o.;512190913;;
P.P.H.U. PROFIL W. MOMOT, E. MOMOT Sp.j.;(71)3164957;;
P.P.H.U. WARSZMET Sp. z o.o. Z.P.Ch. Sp.komandytowa;(55)2371708;;
P.P.H.U. WARSZMET Sp. z o.o. Z.P.Ch. Sp.komandytowa;(55)2350190;;
P.U.H. NEL-TECH Sp.j.;(18)5475699;;
P.U.H. NEL-TECH Sp.j.;(18)4413185;;
PILEX Producent Przecinarek do Metalu;(91)4832617;;
PILEX Producent Przecinarek do Metalu;(91)4832474;;
Przedsiębiorstwo Handlowo-Usługowe EDUCO Krystian Walot;(34)3599033;;
Przedsiębiorstwo Handlowo-Usługowe EDUCO Krystian Walot;605972525;;
Starting-Business Sp. z o.o.;509904902;;
TORMET Spółka z o.o. Spółka komandytowa;(56)6571200;;
TORMET Spółka z o.o. Spółka komandytowa;(56)6571225-26;;
ZPH FREZWID Sp.j.;(12)2763351;;
ZPH FREZWID Sp.j.;(12)2763905;;
AllMedia;606263876;;
AllMedia;536876874;;
Anapack Sp. z o.o. Sp.komandytowa;(68)3853335;;
Anapack Sp. z o.o. Sp.komandytowa;(68)3859599;;
BODENPROFI;502500780;;
Elken - Systemy Pomiarowe, Sterowania i Pozycjonowania Krystyna Tafelska;692450289;;
ELMAT-BUD Tomasz Rzepka;(22)8101720;;
ELMAT-BUD Tomasz Rzepka;606478700;;
HARD Sp. z o.o.;(12)2643543;;
HARD Sp. z o.o.;(12)2660372;;
HBT Roltrac Sp. z o.o. Oddział w Kroczycach;(34)3152100;;
HBT Roltrac Sp. z o.o. Oddział w Kroczycach;609236105;;
P.H.U. KELSO Piotr Marciniak;(22)8104745;;
P.H.U. KELSO Piotr Marciniak;(22)8700922;;
PPHU KOWALSTWO Krzysztof Rzońca;504136247;;
PPHU KOWALSTWO Krzysztof Rzońca;(52)3340342;;
Przedsiębiorstwo Handlowo-Usługowe TEGRA S.c.;(56)6236166;;
Przedsiębiorstwo Handlowo-Usługowe TEGRA S.c.;(56)6528512;;
STILER;602747945;;
STILER;(25)7872526;;
Ślusarstwo-Tokarstwo Wiesława Ślusarek;(95)7416201;;
Ślusarstwo-Tokarstwo Wiesława Ślusarek;(95)7416221;;
TECH-MAR Firma Handlowa Mariusz Burdaś;(32)4565737;;
TECH-MAR Firma Handlowa Mariusz Burdaś;603943272;;
XXLMEBLE.PL Akcesoria Meblowe;(41)3684975;;
XXLMEBLE.PL Akcesoria Meblowe;537107000;;
ARTVINYL-POL Sp. z o.o.;(33)8709714;;
ARTVINYL-POL Sp. z o.o.;(33)8763695;;
PAJZ Polskie Maszyny Przetwórstwo Drewna Waldemar Kowalik;515604614;;
Solid Wood Center Sp. z o.o.;602581674;;
Solid Wood Center Sp. z o.o.;608345200;;
77 Blue Machine Józef Sobczyk;694426759;;
77 Blue Machine Józef Sobczyk;(34)3531224;;
Abdax;(22)6198717;;
ABR Andrzej Rożnowski;(61)8638300;;
ABR Andrzej Rożnowski;501566480;;
AD-MET Zakład Mechaniczny;(94)3714230;;
AD-MET Zakład Mechaniczny;502641763;;
ADAMECH Remonty Maszyn i Urządzeń Tartacznych PP-U-H;(77)4538668;;
ADAMECH Remonty Maszyn i Urządzeń Tartacznych PP-U-H;509832332;;
Agromet-Motoimport Sp. z o.o.;(22)6420242;;
Agromet-Motoimport Sp. z o.o.;(22)6517501;;
BL System;(18)4443434;;
BL System;(18)4443433;;
Bogdan Schulz Sp. z o.o.;(61)4443183;;
Bogdan Schulz Sp. z o.o.;(61)4443126;;
BOLDREW Producent Maszyn dla Tartacznictwa;(62)7306016;;
BOLDREW Producent Maszyn dla Tartacznictwa;600644435;;
BRODPOL Sp. z o.o.;(56)4983976;;
BRODPOL Sp. z o.o.;(56)4983455;;
CEHPOL Sp. z o.o.;(61)6650690;;
CEHPOL Sp. z o.o.;(61)6650622;;
Centrala Zaopatrzenia Technicznego STEM Sp. z o.o. Oddział w Barlinku;(95)7461808;;
Centrala Zaopatrzenia Technicznego STEM Sp. z o.o. Oddział w Barlinku;(95)7463447;;
CENTRUM LEŚNE;(67)2164745;;
CENTRUM LEŚNE;(67)2162469;;
Chrobak-Maszyny i Piły do Obróbki Drewna;790356067;;
Chrobak-Maszyny i Piły do Obróbki Drewna;790502780;;
CNC Wieczorek Sławomir Wieczorek;605630946;;
CNC Wieczorek Sławomir Wieczorek;(34)3470785;;
Czarnik Sp. z o.o.;(17)2838154;;
Czarnik Sp. z o.o.;(17)2838101;;
Deta Polska Sp. z o.o.;664085333;;
Deta Polska Sp. z o.o.;(52)3031891;;
Dobre Maszyny S.c.;883342544;;
Dobre Maszyny S.c.;883342453;;
DOBRE MASZYNY S.c.;883342544;;
DOBRE MASZYNY S.c.;883342453;;
Drew-Met;(43)6776259;;
Drew-Met;694206503;;
DREWEX PPHU K.Lipka;(18)2673387;;
DREWEX PPHU K.Lipka;508250895;;
DYNA;(71)3167816;;
DYNA;509508759;;
DZIEDZIK;730810686;;
ECO JAREXS Sp. z o.o.;(74)8536132;;
ECO JAREXS Sp. z o.o.;669988874;;
EKO-OSTEL Sp. z o.o.;(17)8549212;;
EKO-OSTEL Sp. z o.o.;(17)8549706;;
Elektromet Spółdzielnia Pracy Wyrobów Metalowych i Modelarskich;(61)8774517;;
Elektromet Spółdzielnia Pracy Wyrobów Metalowych i Modelarskich;(61)8773317;;
EMI Maszyny Do Drewna;(033)8766533;;
EMI Maszyny Do Drewna;501015278;;
ESIS POLAND Sp. z o.o.;(77)5431363;;
ESIS POLAND Sp. z o.o.;(77)5431370;;
EUROTRADES;(71)7164488;;
EUROTRADES;518731766;;
F.P.H.U. MASZ-DREW B.Norek, W.Mołoń, A.Wachowicz Sp.j.;(16)6229112;;
F.P.H.U. MASZ-DREW B.Norek, W.Mołoń, A.Wachowicz Sp.j.;602277299;;
Fabryka Obrabiarek ACORN S.c.;(59)8426667;;
Fabryka Obrabiarek ACORN S.c.;(59)8481087;;
FANUM;(17)2214880;;
FANUM;(17)2214445;;
FELDER Group Polska Sp. z o.o.;(32)4531472;;
FELDER Group Polska Sp. z o.o.;(32)4531473;;
FHU TECHMET Teresa Więckowska;(68)3772686;;
FHU TECHMET Teresa Więckowska;600928667;;
FHU WIMABROK;(89)5338271;;
FHU WIMABROK;602304432;;
Firma Walter;(13)4315811;;
Firma Walter;(13)4316711;;
Firma Wielobranżowa SKOCZYLAS;(17)8528978;;
Firma Wielobranżowa SKOCZYLAS;502125404;;
FOREKO;(85)7392288;;
FOREKO;(85)6743325;;
FOREST A Sp. z o.o.;605303971;;
FORMATER Robert Popławski;(88)5558848;;
FUPH Woodstock;(89)5273225;;
GEM-EKO Sp. z o.o.;507015014;;
GEM-EKO Sp. z o.o.;511769550;;
GOMA Sp. z o.o.;(95)7224844;;
GOMAD Fabryka Maszyn do Drewna Sp. z o.o.;(95)7226061;;
GOMAD Fabryka Maszyn do Drewna Sp. z o.o.;(95)7223582;;
GREEN;508388656;;
HAN-KED Grzegorz Kędziora;512675526;;
HANAOKA S.c.;(42)6826453;;
HANAOKA S.c.;(42)6826456;;
Henrik Winter Holztechnik GmbH;(95)7819949;;
HERR-HOLZ Sp. z o.o.;(32)3022444;;
HERR-HOLZ Sp. z o.o.;(32)3022449;;
HONPAKS S.c.;(23)6626176;;
HONPAKS S.c.;(23)6629272;;
HOUFEK Sp. z o.o.;(32)6230718;;
HOUFEK Sp. z o.o.;(32)6110489;;
HTB Jan Chmura;(017)5864623;;
HTB Jan Chmura;880269415;;
IMAC;(34)3605508;;
IMAC;(34)3605502;;
IMAC Maszyny do Obróbki Drewna;(34)3605508-09;;
IMAC Maszyny do Obróbki Drewna;(34)3605502;;
InfoTEC GROUP Sp. z o.o.;(61)8333999;;
InfoTEC GROUP Sp. z o.o.;(61)6242552;;
Innovative Wood Drying & Consulting AMENDA STANISŁAW;(23)6715499;;
Innovative Wood Drying & Consulting AMENDA STANISŁAW;(23)6715194;;
Interdia Paweł Zabielski;(22)4994820;;
Interdia Paweł Zabielski;(22)4994821;;
INTERMASZ Maszyny do Obróbki Drewna;(56)6549690-91;;
INTERMASZ Maszyny do Obróbki Drewna;(56)6547088;;
INTERTOOLS;(22)6118782;;
INTERTOOLS;(22)8790089;;
ITALMAC Bartłomiej Białek;609362018;;
ITALMAC Bartłomiej Białek;(086) 4737755;;
JAAS Zaopatrzenie Stolarzy;(22)6127561;;
JAAS Zaopatrzenie Stolarzy;501256058;;
JUNGET Sp. z o.o.;(052)3870600;;
JUNGET Sp. z o.o.;(052)3870673;;
Katech Kazimierz Żywicki;601332051;;
Katech Kazimierz Żywicki;(59)8233419;;
KMA-MASZYNY S.c.;500213393;;
KMA-MASZYNY S.c.;(95)7206619;;
KOGI Zakład Produkcyjno-Handlowy;(77)4820609;;
KRONE-TOOLS;(52)3822420;;
KRONE-TOOLS;600237574;;
KTR RAMEX Maszyny;(081)7598035;;
KTR RAMEX Maszyny;(081)7598045;;
Leitz-Polska Sp. z o.o.;(44)6830388;;
Leitz-Polska Sp. z o.o.;(44)6830477;;
LEUCO Polska Sp. z o.o.;(61)8961925;;
LEUCO Polska Sp. z o.o.;(61)8141938;;
LOGOSOL POLSKA Sp. z o.o.;(68)4156798;;
LOGOSOL POLSKA Sp. z o.o.;604907704;;
M Design;518737262;;
M Design;608513806;;
MAKTEK Jerzy Zalewski;(25)6310027;;
MAKTEK Jerzy Zalewski;(25)6310028;;
Malborska Fabryka Obrabiarek PEMAL S.A.;(55)2723385;;
Malborska Fabryka Obrabiarek PEMAL S.A.;(55)2722606;;
Maszyny do Drewna ITA;601741274;;
MdP Serwis;604622667;;
MdP Serwis;604408999;;
MEBEL-ART Sp. z o.o.;(77)4032800;;
MEBEL-ART Sp. z o.o.;(77)4695642;;
Mechanika Maszyn Jan Mróz;(33)8764289;;
Megamaszyny Rafał Pajek;(77)4111091;;
Megamaszyny Rafał Pajek;(77)5446133;;
MeKaniKa Sp. z o.o.;(18)3530669;;
MeKaniKa Sp. z o.o.;(18)3535148;;
Metal-SK Zakład Ślusarsko Produkcyjno Usługowy;785595952;;
METEX Świdnica;510135505;;
METEX-LESZNO;607614905;;
METEX-LESZNO;(65)5281125;;
MIKROM Sp. z o.o. Sp.komandytowa;(61)8143257;;
MIKROM Sp. z o.o. Sp.komandytowa;(61)8143318;;
MM Maszyny do Drewna Sp. z o.o.;(52)3897453;;
MM Maszyny do Drewna Sp. z o.o.;(52)3216795;;
MORSO Dan-List;663180402;;
MOTAR Sp. z o.o.;(94)7127277;;
MOTAR Sp. z o.o.;607516910;;
MTM Tomasz Glajcar;609681574;;
NAWA;(32)2410635;;
NAWA;(32)2499618;;
NORTH SERWIS;(55)2397373;;
P.H.U. ARTECH S.c.;(61)8173217;;
P.H.U. ARTECH S.c.;600477654;;
P.H.U. Bio Machines;517445052;;
P.H.U. Bio Machines;500167533;;
P.H.U. Bomis;509172805;;
P.H.U. Bomis;501241199;;
P.H.U. Piast Materiały dla Przemysłu Drzewnego;(58)5302333;;
P.H.U. Piast Materiały dla Przemysłu Drzewnego;(58)5321952;;
P.H.U. Trak-Las S.c.;(89)6468414;;
P.H.U. Trak-Las S.c.;(89)6420427;;
P.P.H. Mardrew;(18)2674846;;
P.P.H. Mardrew;509099275;;
P.P.H.U Andrzejewski Rafał Andrzejewski;(62)7474406;;
P.P.H.U. JUMIKOP Sp. z o.o.;(42)6846854Sklep;;
P.P.H.U. JUMIKOP Sp. z o.o.;(42)6843095Serwis;;
P.P.H.U. LIGNUM;602622599;;
P.P.U.H. Dariusz Prochera;(74)8199076;;
P.P.U.H. Dariusz Prochera;606831831;;
P.P.U.H. YardSystem;(61)8175107;;
P.P.U.H. YardSystem;504244291;;
P.W. EKOPOL Marzanna Kowalska, Marek Kowalski Sp.j.;(18)5475150;;
P.W. EKOPOL Marzanna Kowalska, Marek Kowalski Sp.j.;602677573;;
PAKUŁA SZYMON;601670224;;
PENNY GONDEK Sp. z o.o.;(71)3983210;;
PENNY GONDEK Sp. z o.o.;(71)3983211;;
PH KONTRA Mirosław Skupin;(65)5555005;;
PH KONTRA Mirosław Skupin;(65)5294673;;
Poziomka Enterprises Sp. z o.o.;(67)2148294;;
Poziomka Enterprises Sp. z o.o.;608309341;;
PPHU DRETECH;502663330;;
PPHU TRAK-MET;(89)7154246;;
PPHU TRAK-MET;513160851;;
PPUH Agromech Sp. z o.o.;(85)7112721;;
PPUH Agromech Sp. z o.o.;(85)7112258;;
PPUH Czesław Tęcza;(75)7135267;;
PPUH Czesław Tęcza;(75)7134611;;
Przedsiębiorstwo Innowacyjno-Wdrożeniowe TECHMAR Sp. z o.o.;602151056;;
Przedsiębiorstwo Produkcyjno-Usługowo-Handlowe JAG Sp. z o.o.;(62)7473271;;
Przedsiębiorstwo Produkcyjno-Usługowo-Handlowe JAG Sp. z o.o.;(62)7479871;;
Przedsiębiorstwo Usługowo Handlowo Produkcyjne Resbud Marek Duda;(41)3021302;;
Przedsiębiorstwo Usługowo Handlowo Produkcyjne Resbud Marek Duda;(41)3021195;;
PZT MATECH S.c.;(95)7202140;;
Radviliskis Machine Factory;+37069995014;;
Reichenbacher Hamuel Polska;(22)8223377;;
Reichenbacher Hamuel Polska;601222904;;
ROLAS;693354564;;
Rzemieślnicza Wytwórnia Chemiczna ALCHEMIK S.c.;(52)3572144;;
Rzemieślnicza Wytwórnia Chemiczna ALCHEMIK S.c.;607622996;;
SAMEX maszyny i urządzenia dla przemysłu drzewnego;601064036;;
SCANTEC Polska Sp. z o.o.;(52)3765505;;
SCANTEC Polska Sp. z o.o.;(52)3220632;;
Schachermayer Polska Sp. z o.o.;(12)2583170-72;;
Schachermayer Polska Sp. z o.o.;(12)2583199;;
SCHELLING POLSKA Sp. z o.o.;(61)2864721;;
SCHELLING POLSKA Sp. z o.o.;(61)2864723;;
SEMPRE Maszyny i Urządzenia Sp. z o.o.;(56)6417000;;
SEMPRE Maszyny i Urządzenia Sp. z o.o.;(56)6417001;;
Serwis Techniczny Jarosław Kobylas;(48)3857111;;
Serwis Techniczny Jarosław Kobylas;(48)3857157;;
STALINVEST Maszyny Przemysłowe;(59)8425555;;
STAN-DREW Stanisław Pioch;607614625;;
STAN-DREW Stanisław Pioch;605997939;;
STOL-DREW Adam Halko;608701343;;
STOL-DREW Adam Halko;660045728;;
Stolarski Sprzedaż Cykliniarek;501485133;;
Stowarzyszenie Producentów Maszyn, Urządzeń i Narzędzi do Obróbki Drewna DROMA;(062)7473161;;
Stowarzyszenie Producentów Maszyn, Urządzeń i Narzędzi do Obróbki Drewna DROMA;(062)7473454;;
SYSTEM ALFA;(81)8830811;;
SYSTEM ALFA;(81)8833514;;
Tech CNC serwis;739001394;;
TECH-FA Arkadiusz Łodyga;(61)4424749;;
TECH-FA Arkadiusz Łodyga;609489242;;
TechnologieDrewna Sp. z o.o.;(32)7007236;;
TEKA TRADE;602581674;;
TEKNIKA Sp. z o.o.;(22)8322319;;
TEKNIKA Sp. z o.o.;(22)8321454;;
TILIA Tomasz Harajda;(55)2786384;;
TILIA Tomasz Harajda;(55)2786762;;
TRACO Maszyny Stolarskie;(55)2368667;;
TRACO Maszyny Stolarskie;(55)2370668;;
TRAKI Budowa Traków do Drewna i Auto Serwis;(71)3176727;;
TRAKI Budowa Traków do Drewna i Auto Serwis;601762316;;
TURANLAR Polska S.c.;694426759;;
TURANLAR Polska S.c.;+48343531224;;
UNITECH Sp. z o.o.;(39)9252917;;
UNITECH Sp. z o.o.;506088806;;
Usługi Stolarskie Witold Rudnicki;(91)3261707;;
Usługi Stolarskie Witold Rudnicki;602714676;;
VAG-TECH;535535812;;
W-IREX Przedsiębiorstwo Prywatne;(43)8425956;;
W-IREX Przedsiębiorstwo Prywatne;(43)8425827;;
WEGOMA;(18)3312241;;
WEGOMA;(18)3310177;;
WEINIG Biuro Polska;(91)4898529;;
WEINIG Biuro Polska;(91)4898530;;
Winter Polska;(85)7392288;;
Winter Polska;694272702;;
Wood-Mizer Industries Sp. z o.o.;(63)2626000;;
Wood-Mizer Industries Sp. z o.o.;(63)2722327;;
Z.H. ROLSTAL;(22)3718281;;
Z.H. ROLSTAL;(22)7200246;;
Z.P.U.H. AM-POL;(22)7282198;;
Z.P.U.H. AM-POL;601350425;;
Z.P.U.H. KOZŁOWSCY;607427011;;
Zakład Budowy Maszyn M.M. OPTIMAT;(89)6462857;;
Zakład Produkcyjno-Usługowy PRASA PRÓŻNIOWA;(61)6603715;;
Zakład Produkcyjno-Usługowy PRASA PRÓŻNIOWA;(61)8481231;;
Zakład Usługowy Dariusz Lentas;695078953;;
Części Makita Dolmar Maktec - www.makitaserwis.pl;787676667;;
Części Makita Dolmar Maktec - www.makitaserwis.pl;662891919;;
AGEM Andrzej Grabowski;697982936;;
ALSTAR Usługi Stolarskie;(48)3857111;;
ALSTAR Usługi Stolarskie;(48)3857157;;
ALZET Żmij Zbigniew;(32)7386936;;
AMS Andrzej Piskor;606853243;;
Andrzej Możdżeń Sklep Internetowy fx-shop24;607544533;;
Andrzej Możdżeń Sklep Internetowy fx-shop24;(68)3837735;;
Aquamatix Cięcie Strumieniem Wodnym;(55)2338105;;
Aquamatix Cięcie Strumieniem Wodnym;(55)2338632;;
Artykuły Techniczne W.Bielecki;519115625;;
Artykuły Techniczne W.Bielecki;(22)6787069;;
Autoryzowany Dealer STIHL;(91)4871071;;
B.P.S. Firma Handlowo-Usługowa;(012)4100581;;
B.P.S. Firma Handlowo-Usługowa;(012)4100582;;
B&K S.c.;(33)8600202;;
BALTKAM Sp. z o.o.;(022)8361790;;
BALTKAM Sp. z o.o.;(022)8378984;;
Biuro Handlowe MASZ;(32)2761154;;
Biuro Handlowe MASZ;(32)7426075;;
BUDEX-PARKIET Chechliński Damian;791092009;;
BUDEX-PARKIET Chechliński Damian;883000805;;
CENTON Sp. z o.o.;602130599;;
Centrala Zaopatrzenia Technicznego STEM Sp. z o.o.;(91)8101101-02;;
Centrala Zaopatrzenia Technicznego STEM Sp. z o.o.;(91)8101111;;
Centrum Obróbki Metali i Wyrobów Drewnopochodnych;(33)8631800;;
Centrum Obróbki Metali i Wyrobów Drewnopochodnych;535822425;;
Centrum Promocji Gospodarczej BUDEXPO Wrocław Sp. z o.o.;(71)3574215;;
Centrum Promocji Gospodarczej BUDEXPO Wrocław Sp. z o.o.;(71)3574807;;
Consulting Service Robert Siebielski Dealer Proma;(22)8538887;;
Consulting Service Robert Siebielski Dealer Proma;(22)8538885;;
Cosma Poland Sp. z o.o.;694491227;;
DIA-POL Sp. z o.o.;(17)7881604;;
DIA-POL Sp. z o.o.;(17)7881624;;
DREWSTYL Warsztat Stolarski Adam Ławniczak;661915780;;
EiE Obróbka Drewna;604471403;;
EiMa Maszyny Polska;(22)8223377;;
EiMa Maszyny Polska;601222904;;
EKO-MAN Mandel Roman;(32)2387792;;
EKO-MAN Mandel Roman;603549140;;
EKOINSTAL;(74)6645050;;
EKOINSTAL;604409161;;
ELEKTRO-MET S.c.;(17)8539049;;
ELEMAX;(89)7212131;;
ELEMAX;(89)7625927;;
ELEMAX;501068921;;
ELPOL Centrum Elektronarzędzi Andrzej Matejek;502104443;;
EuroCeMa;(65)5340986;;
F.H. FLEWER S.c.;(56)6553617;;
F.U.H.P. REMONT Jacek Solski;(12)2858138;;
F.U.H.P. REMONT Jacek Solski;501166083;;
Fabryka Automatów Tokarskich we Wrocławiu S.A.;(71)3609100;;
Fabryka Automatów Tokarskich we Wrocławiu S.A.;(71)3609121;;
Fabryka Narzędzi GLOB Sp. z o.o.;(33)8165724;;
Fabryka Narzędzi GLOB Sp. z o.o.;(33)8210922;;
Ferbid Industrial Auctions;(41)3724817;;
Ferbid Industrial Auctions;516057729;;
FHU MATRIX II S.c. Sklep Internetowy Matrix-Siedlce.pl;(25)6447259;;
FHU MATRIX II S.c. Sklep Internetowy Matrix-Siedlce.pl;692405124;;
Firma DREW MET Export-Import Barbara Gierlach;(13)4354539;;
Firma DREW MET Export-Import Barbara Gierlach;604975870;;
Firma Handlowo Usługowa TOM-KOR;(42)6417938;;
Firma Handlowo Usługowa TOM-KOR;515235935;;
GORLAND Sp. z o.o.;(95)7299191;;
GORLAND Sp. z o.o.;(95)7299292;;
GROT Grzegorz Faltyn;(62)7852744;;
GROT Grzegorz Faltyn;660751498;;
HMT Materiały Ścierne SAIT POLSKA;(89)7410019;;
HMT Materiały Ścierne SAIT POLSKA;(89)7413747;;
InGraph;(91)4180213;;
InGraph;668018812;;
INTER-BIS;(18)5474420;;
INTER-BIS;(18)4444744;;
ITA Tools Sp. z o.o.;(12)3067900;;
ITA Tools Sp. z o.o.;(12)3067901;;
JARO Ślusarski Zakład Produkcyjno-Handlowy Tadeusz Jarończyk;(18)2657656;;
JARO Ślusarski Zakład Produkcyjno-Handlowy Tadeusz Jarończyk;(18)2657485;;
Junkkari Polska Sp. z o.o.;(24)2549174;;
Junkkari Polska Sp. z o.o.;735959261;;
KARBA B.Karczewski i Wspólnicy Sp.j.;(71)7242465;;
KARBA B.Karczewski i Wspólnicy Sp.j.;(71)7242468;;
LoBo Market;600906300;;
MAJSTER Sp.j. W.Mierzejewski;(85)7427975;;
MAJSTER Sp.j. W.Mierzejewski;(85)7432116;;
MASZYNERIA.PL Eksport-Import Maszyn;(75)6480030;;
MASZYNERIA.PL Eksport-Import Maszyn;889742382;;
Maszynoznawstwo Mucha Kamil;509299970;;
Maszynoznawstwo Mucha Kamil;(71)7336721;;
MAXBOT Ł.Leńczuk & M.Kuliga;785107504;;
MAXBOT Ł.Leńczuk & M.Kuliga;785107505;;
MEGA-MIX Wypożyczalnia Narzędzi i Sprzętu oraz Serwis Elektryczny i Sklep Makita Jerzy Grzondziel;508111220;;
MEGA-TRAK;(22)7765087;;
MEGA-TRAK;601195638;;
METABO POLSKA Sp. z o.o.;(91)5793434;;
METABO POLSKA Sp. z o.o.;(91)5793430;;
NARZĘDZIOWNIA Magdalena Mizio;(77)5432266;;
NARZĘDZIOWNIA Magdalena Mizio;(77)5449776;;
NAWARA Serwis S.c.;(75)7350000;;
NAWARA Serwis S.c.;(75)7350004;;
NESTER-SERWIS;(74)8670417;;
NOMAT Nowak Aleksander;537177337;;
OLMATECH Maciej Witkowski;509525131;;
OPPOLD Polska Małgorzata Piechota;(77)4570101;;
OPPOLD Polska Małgorzata Piechota;602215426;;
P.H. Mark;(52)3979178;;
P.H. Mark;601959621;;
P.H. Skiff Technik;(24)2628000;;
P.H. Skiff Technik;505138131;;
P.H.U. AMIX;(43)8425341;;
P.H.U. AMIX;601072341;;
P.H.U. Diamantech;(61)8131078;;
P.H.U. Diamantech;784920575;;
P.P.U.H. ELMAT Sp. z o.o.;(81)7441321;;
P.P.U.H. STOMA;(33)8143586;;
P.P.U.H. STOMA;(33)8144428;;
PENNY GONDEK Sp. z o.o. ELBH Polska;(71)3983210;;
PENNY GONDEK Sp. z o.o. ELBH Polska;509725104;;
Phiolent Polska Sp. z o.o.;505011010;;
Phiolent Polska Sp. z o.o.;511369107;;
PHU LRTECH Rafał Liberski;(71)7506055;;
PHU LRTECH Rafał Liberski;(71)7181722;;
PHU SAMAR Sp.j.;(77)4428850;;
PHU SAMAR Sp.j.;(77)4428851w.13;;
POL-MER Sp. z o.o. Techniki Nanoszenia Powlok WALTHER-PILOT WIWA GRACO, Techniki Dozowania i Mieszania HuK DOPAG;(81)7403314-15;;
POL-MER Sp. z o.o. Techniki Nanoszenia Powlok WALTHER-PILOT WIWA GRACO, Techniki Dozowania i Mieszania HuK DOPAG;(81)7466666;;
PPHU POLDREX Dariusz Baran;(94)3725974;;
PPHU POLDREX Dariusz Baran;(94)7107160;;
PPHU ŚPIEWAK;(71)7351510;;
PPHU ŚPIEWAK;(71)7351520;;
PPHU ZULIT Roman Jopek;(67)2860247;;
PPHU ZULIT Roman Jopek;(67)2868097;;
PROFI-TOOLS;(22)8166201;;
PROFI-TOOLS;(22)8945828;;
PROMA Polska Sp. z o.o.;(71)3580520;;
PROMA Polska Sp. z o.o.;(71)3580545;;
Przedsiębiorstwo Handlowo-Usługowe FANTON;(59)8404298;;
Przedsiębiorstwo Handlowo-Usługowe FANTON;504270447;;
Przedsiębiorstwo Produkcyjno-Handlowe BRYKIET-POL;(33)8527385;;
Przedsiębiorstwo Produkcyjno-Handlowe BRYKIET-POL;(33)8528260;;
Przedsiębiorstwo Projektowania i Wyposażania Obiektów Przemysłowych PROZEMAK S.A.;(22)8340779;;
Przedsiębiorstwo Projektowania i Wyposażania Obiektów Przemysłowych PROZEMAK S.A.;(22)8343337;;
Przedsiębiorstwo Wielobranżowe GAMA;(23)6543429;;
Przedsiębiorstwo Wielobranżowe GAMA;606266735;;
PUNTA;(55)2356515;;
PUNTA;(55)6182020;;
PZT Elmetor Sp.j. D.Borońska i Wspólnik;(56)6481624;;
PZT Elmetor Sp.j. D.Borońska i Wspólnik;515096340;;
Rem-Tech Remigiusz Mądrowski Sp.j.;(22)8371614;;
Rem-Tech Remigiusz Mądrowski Sp.j.;(22)8371497;;
ROGSTOL Sp. z o.o.;(67)2684227;;
ROGSTOL Sp. z o.o.;(67)2619513;;
Rolf Westermann;664935646;;
Rozdrabniacze-Shredding Technology;(22)6415704;;
Rozdrabniacze-Shredding Technology;601214579;;
RUDA Trading International Jacek Ruda;(32)2512553;;
RUDA Trading International Jacek Ruda;(32)7574465;;
Sklep Metalowo-Narzędziowy MECHANICZNA ŚLIWKA Łukasz Łuczański;(71)7220229;;
Sklep Metalowo-Narzędziowy MECHANICZNA ŚLIWKA Łukasz Łuczański;(75)6126614;;
SKRAWTECH Zbigniew Cieślik;(56)6742308;;
SKRAWTECH Zbigniew Cieślik;(56)6786740;;
SOMER;(014)6274182;;
SOMER;502357589;;
Spin;(12)4173721;;
Spin;501442653;;
Sporol S.c.;(58)5201588;;
Sporol S.c.;(58)5201380;;
Stok Tools Łukasz Gorzała;508392175;;
Stok Tools Łukasz Gorzała;507163905;;
Tartak DENDROS Ireneusz Mikołajczyk;(43)8296036;;
Tartak DENDROS Ireneusz Mikołajczyk;606477535;;
TECHNET Maszyny Budowlane;(52)3799053;;
TEFIM Sp. z o.o.;(22)8270219;;
TEFIM Sp. z o.o.;(22)8281315;;
Toolsprofi S.c.;791764040;;
Toolsprofi S.c.;791751100;;
Towarzystwo Gospodarcze MEBLOPOL Sp. z o.o.;(61)6477122;;
Towarzystwo Gospodarcze MEBLOPOL Sp. z o.o.;(61)8664245;;
Verde;(085)7434216;;
Verde;(085)7186067;;
WEGOMA Polska;(65)5123134;;
WEGOMA Polska;(65)5125362;;
WROBUD Wiesław Wróbel;(17)2250290;;
WROBUD Wiesław Wróbel;(17)2250292;;
Wykrojniki Polskie Sp. z o.o.;(61)8683614;;
Wykrojniki Polskie Sp. z o.o.;(61)8630008;;
Wypożyczalnia Sprzętu Budowlanego i Handel Sprzętem Mechanicznym W&R;515462142;;
Wypożyczalnia Sprzętu Budowlanego i Handel Sprzętem Mechanicznym W&R;510563951;;
ZAKŁAD OBRÓBKI SKRAWANIEM SKRAWEX;(61)8130729;;
ZAKŁAD OBRÓBKI SKRAWANIEM SKRAWEX;602345508;;
Zakład Stolarsko Tapicerski Janusz Malicki;(17)2262524;;
Zakład Stolarsko Tapicerski Janusz Malicki;(17)2250404;;
Zakład Urządzeń Technicznych GRUPA TECHNICZNA;(22)7275871;;
Zakład Urządzeń Technicznych GRUPA TECHNICZNA;(22)7275895;;
Zakład Usługowo Produkcyjny WRZOS S.c.;(14)6274643;;
ZALCO Sp. z o.o.;(22)8945500;;
ZALCO Sp. z o.o.;(22)6446552;;
ZAMTECH Zbigniew Sokolik;(32)4170069;;
ZAMTECH Zbigniew Sokolik;(32)7280364działhandlowy;;
