AWO-MECHANIKA;(62)7368862;;
AWO-MECHANIKA;607600312;;
P.P.H.U. TURBO Klaudia Potępa;(71)3148811;;
P.P.H.U. TURBO Klaudia Potępa;510157222;;
F.U.H. AGATOM Zakład Mechaniki Pojazdowej;602828868;;
Firma Handlowo-Usługowa JM TURBO Justyna Lipska;606789335;;
Firma Handlowo-Usługowa JM TURBO Justyna Lipska;735956369;;
PNEUMAT Turbosprężarki pneumatyka hamulcowa;(52)3823153;;
PNEUMAT Turbosprężarki pneumatyka hamulcowa;600017758;;
REAM-POLAND Sp. z o.o.;(81)7518142-43;;
REAM-POLAND Sp. z o.o.;(81)7518144;;
ZOLTAN S.c.;(85)7410119;;
ZOLTAN S.c.;516142151;;
C.S. TURBOSERWIS;(29)7610125;;
C.S. TURBOSERWIS;503376605;;
MAAR-TURBO;607373736;;
MAAR-TURBO;603520283;;
MASEP-TURBO;(22)6787016;;
MASEP-TURBO;501367503;;
REGMEX-PLUS S.c. Andrzej Lechowicz, Ryszard Bednarz;603932118;;
REGMEX-PLUS S.c. Andrzej Lechowicz, Ryszard Bednarz;602770760;;
Turbo S.c.;601769822;;
Turbo S.c.;723425821;;
TURBOR Regeneracja Turbosprężarek Borowiec Grzegorz;504530667;;
Turbospec Jerzy Komorowski;507141230;;
Turbospec Jerzy Komorowski;505300247;;
Regeneracja Turbosprężarek TurboOne;539799799;;
KG AutoService Sp. z o.o.;(58)6294543;;
KG AutoService Sp. z o.o.;509327753;;
WICHURA Autoserwis Wielomarkowy;691675230;;
WICHURA Autoserwis Wielomarkowy;783678920;;
Auto Awans P.H.U.;(12)6559900;;
Auto Awans P.H.U.;508369648;;
FIGURA Bogusław Figura;(33)8160294;;
FIGURA Bogusław Figura;(33)8222846;;
P.P.H.U. ROLMET Export-Import;(42)6848833;;
P.P.H.U. ROLMET Export-Import;501384320;;
POGODA Sp. z o.o. Stacja Obsługi Samochodów;(42)6767652;;
POGODA Sp. z o.o. Stacja Obsługi Samochodów;603640555;;
eAutoPlus;782187536;;
eAutoPlus;506242575;;
P.H. GOLF A.Łoboda, W.Strehlke;(52)3428346;;
P.H. GOLF A.Łoboda, W.Strehlke;(52)3420433;;
Turbo-Reg Regeneracja Turbosprężarek;609776006;;
A.M.SERWIS S.c.;(58)6255854;;
A.M.SERWIS S.c.;665499865;;
ALDO SYSTEM;784616969;;
ALDO SYSTEM;608258703;;
Alternator Serwis;501526758;;
Alternator Serwis;504103626;;
AN Biuro Handlowe S.c.;(48)3817360;;
AN Biuro Handlowe S.c.;515166651;;
APM & AP-AUTO;530530580;;
APM & AP-AUTO;603299999;;
ARIZONA CLUB S.c. MotoSzlif-BRYK;(81)5625035;;
ARIZONA CLUB S.c. MotoSzlif-BRYK;691294555;;
AS-MOT TURBOSPRĘŻARKI;(42)6403124;;
AS-MOT TURBOSPRĘŻARKI;(42)6403127;;
Auto Karambol;(85)7183521;;
Auto Karambol;609900483;;
Auto Karambol Białystok;667602708;;
Auto Karambol Gdynia;(58)6208643;;
Auto Karambol Gdynia;667900111;;
Auto Karambol Kraków;(12)2858502;;
Auto Karambol Kraków;530818264;;
Auto Karambol Malbork;722021635;;
Auto Karambol Suwałki;785141670;;
Auto Karambol Warszawa;(22)8570358;;
Auto Karambol Warszawa;667603037;;
AUTO-BAN-it Sp.j.;(42)6809257;;
AUTO-BAN-it Sp.j.;(42)6809254;;
AUTO-EXPERT Ostrzołek Leszek;(32)4564980;;
AUTO-EXPERT Ostrzołek Leszek;(32)7505425;;
Auto-TURBO S.c.;(33)8144892;;
Auto-TURBO S.c.;(33)8148011;;
AUTOSERVICE Jaro&Sław;(71)7925028;;
AUTOSERVICE Jaro&Sław;(71)7925027;;
Biuro Techniczno-Handlowe KAM-TECH;(76)7521856;;
Biuro Techniczno-Handlowe KAM-TECH;669266501;;
BORCAR Turbosprężarki;(52)3575782;;
BORCAR Turbosprężarki;668279861;;
Bosch Service Regeneracja Turbosprężarek;609707060;;
CARTUR S.c.;(52)3727584;;
CARTUR S.c.;(52)3451587;;
DANMAR;(61)6637667;;
DANMAR;(61)6637227;;
DIESEL SERVICE FTUH;500678551;;
DIESEL SERVICE FTUH;790352516;;
DR Dariusz Radka;(17)5835018;;
DR Dariusz Radka;502305039;;
EMP TURBO;508233933;;
EMP TURBO;515127515;;
F.H. HERMES;606319499;;
F.H. HERMES;606260956;;
F.H. SAMMATI;(32)7218683;;
F.H. SAMMATI;502028189;;
F.H.U. AUTO-TRANS;(89)6484755;;
F.H.U. AUTO-TRANS;601632954;;
F.H.U. BIELEX;501450449;;
F.H.U. TRACKER Robert Słupski;501260949;;
Firma Handlowo-Usługowa G-TURBO Piotr Szczepański;518094672;;
Firma JAZZ-HFturbo Jakub Nowak;603935324;;
Firma Usługowo-Handlowa JULITA;(71)3251919;;
Firma Usługowo-Handlowa JULITA;608358981;;
Firma VTURBO WERSTLER;883655744;;
Firma VTURBO WERSTLER;509333328;;
G.D.R. Turbo Serwis;(32)3535945;;
G.D.R. Turbo Serwis;508495518;;
GŁADYSEK Bosch Service;(12)4115658;;
GŁADYSEK Bosch Service;(12)4135666;;
INTER-TURBO;602510015;;
INTER-TURBO;664909850;;
INTER-TURBO;664909851;;
INVESTCOM;500133309;;
KARDAN Sp. z o.o.;(91)4532166;;
KARDAN Sp. z o.o.;(91)4523974;;
KEWT Centrum Motoryzacji;(81)7517230;;
KEWT Centrum Motoryzacji;(81)7517232;;
KRAMEX;728319234;;
KRYMAR;512339409;;
KRYMAR;512339408;;
M.Z.J. P.H.U.;(61)8399056;;
MAGLO Maciej Chackiewicz;512517131;;
Marcus Regeneracja Turbosprężarek;511486963;;
Marcus Regeneracja Turbosprężarek;507167164;;
Max Turbo Regeneracja Turbosprężarek;692221228;;
Max Turbo Regeneracja Turbosprężarek;606169792;;
Moto Centrum ZGIERSKA 250 Sp. z o.o.;(42)6175355;;
Moto Centrum ZGIERSKA 250 Sp. z o.o.;(42)6175395;;
MOTO-MIKO;503138363;;
MOTO-MIKO;730034712;;
MOTO-REMO BURZYŃSCY Sp.j.;(89)6486776;;
MOTO-STAR;(46)8741129;;
MOTO-STAR;606119431;;
MOTOPARTNER;505963155;;
MOTOPARTNER;602339356;;
MOTOR-SERWIS Jarosław Pietraszek;(81)8844250;;
MotoTechnic - Technika Motoryzacyjna;698096083;;
OP TURBO;(42)2309981;;
OP TURBO;(42)2884010;;
P.H.U. Józef Krężołek;(18)4448151;;
P.H.U. Józef Krężołek;605616238;;
P.H.U.P. SPEED-LZ S.c.;604280888;;
P.H.U.P. SPEED-LZ S.c.;602175440;;
P.P.H.U. ALPHA;603219073;;
P.P.H.U. ALPHA;663143373;;
P.P.H.U. TURBO24;(71)3988676;;
P.P.H.U. TURBO24;507217293;;
PBTURBO;600023388;;
PBTURBO;517180331;;
PHU MANDREX;(58)5201865;;
PHU MANDREX;601060202;;
PHU SPEED TURBO Rafał Nawrocki;508507877;;
PHU TOKARSKI;508578189;;
PHU TOKARSKI;508578159;;
PNEUMAT Wojciech Hajnce;(52)3798657;;
PNEUMAT Wojciech Hajnce;600039948;;
Polturbo.pl Regeneracja Turbosprężarek;601792005;;
Polturbo.pl Regeneracja Turbosprężarek;536636141;;
PPUH LEDMET;535535304;;
PPUH LEDMET;601548026;;
PPUH NAUTA TURBO Sp. z o.o.;(58)6612439;;
PPUH NAUTA TURBO Sp. z o.o.;(58)6888660-3;;
PRETURB;695601606;;
PRETURB;605035066;;
PTHU RES-TURBO;509101940;;
PTHU RES-TURBO;(84)6864517;;
Regeneracja Turbosprężarek Magdalena Czachor-Radka;(17)7731252;;
Regeneracja Turbosprężarek V-TECH;509963064;;
Regeneracja Turbosprężarek V-TECH;(46)8378551;;
Rotortech Sp. z o.o.;(32)2596081;;
Rotortech Sp. z o.o.;508782001;;
SANTEX;531894333;;
Serwis Turbin Sp.j.;(55)2363697;;
Serwis Turbin Sp.j.;(55)2363696;;
Spec-Instal;791460196;;
Specjalistyczny Serwis Turbosprężarek TURBO-TECH;(42)6794702;;
Specjalistyczny Serwis Turbosprężarek TURBO-TECH;509790633;;
STS TURBO S.c.;666111915;;
STS TURBO S.c.;666111914;;
TECHLINE części do turbosprężarek;570005525;;
TED-METAL Turbo Serwis;500297100;;
TED-METAL Turbo Serwis;(71)3260926;;
The Best Zabielski;(22)8683842;;
The Best Zabielski;601223526;;
The Best Zabielski Dariusz Zabielski;(71)7381167;;
The Best Zabielski Dariusz Zabielski;512180124;;
Trans-Turbo Regeneracja S.c.;(17)5831227;;
Trans-Turbo Regeneracja S.c.;609478033;;
TUR-MAR;(55)2211122;;
TUR-MAR;601528444;;
TURBINEX Naprawa i Regeneracja Turbosprężarek;697139414;;
TURBINKI.pl;669812607;;
TURBINKI.pl;695485468;;
TURBO ADM;(61)6770848;;
TURBO ADM;888739762;;
TURBO JET;(71)3336478;;
TURBO JET;500700416;;
TURBO S.c.;(61)8620023;;
TURBO S.c.;(61)8629838;;
TURBO SERWIS;(71)3600199;;
TURBO SERWIS;501388730;;
TURBO TECHNIK;661351897;;
TURBO TECHNIK;500818509;;
Turbo-Centrum;782088374;;
Turbo-Centrum;502422123;;
TURBO-CHARGER Sprzedaż i Regeneracja Turbosprężarek;603755273;;
TURBO-CHARGER Sprzedaż i Regeneracja Turbosprężarek;695584500;;
TURBO-EXPRES Turbosprężarki;(94)7126013;;
TURBO-EXPRES Turbosprężarki;606713145;;
TURBO-GT;888333990;;
TURBO-INJECTION;(61)6703024;;
TURBO-INJECTION;666093003;;
TURBO-Krak Jakub Piskor;793978793;;
Turbo-Przemyśl;531888325;;
TURBO-RENTGEN;535353100;;
TURBO-RENTGEN;507034256;;
TURBO-RKF;502822105;;
TURBO-SERVICE;(22)8378961;;
TURBO-SERVICE;602217563;;
TURBO-SERWIS;781103406;;
TURBO-SERWIS;(68)3201033;;
TURBO-SERWIS;788000303;;
TURBO-SERWIS S.c.;(71)3154247;;
TURBO-SERWIS S.c.;518518740;;
TURBO-SERWIS Scroll Products;(22)6102537;;
TURBO-SERWIS Scroll Products;798630655;;
Turbo-Tec Sp. z o.o.;(32)6177733;;
Turbo-Tec Sp. z o.o.;(32)6166738;;
TURBO-WID;888663663;;
TurboExpert;667121663;;
TurboExpert;889534393;;
TURBOJACK;(71)3998589;;
TURBOJACK;604332339;;
TurboKluczcar;(32)6456421;;
TurboKluczcar;692342180;;
TurboMax;(32)7704405;;
TurboMax;505072195;;
TURBOMIX Mirosław Hołda;515918500;;
Turbonaprawa.pl;(17)8524610;;
Turbonaprawa.pl;603506204;;
TURBOPOWER;883870870;;
TurboProf;507199720;;
TurboProf;507199620;;
Turboshark;(55)2448886;;
Turboshark;500136092;;
TURBOSPRĘŻARKI;(77)4542001;;
TURBOSPRĘŻARKI;726888812;;
TURBOSPRĘŻARKI Aurelia Białas;(71)3148186;;
TURBOSPRĘŻARKI Aurelia Białas;603233578;;
TURBOSPRĘŻARKI Rzeszów;600517875;;
TURBOSPRĘŻARKI Rzeszów;888212217;;
TURBOTECH;(61)8300491;;
TURBOTECH;606224462;;
Turbotechnika Sp. z o.o.;(61)8798281;;
Turbotechnika Sp. z o.o.;512974121;;
WRCS;698679256;;
Zakład Produkcyjno-Usługowo-Handlowy MOTO-PRESS;(71)3334892;;
Zakład Produkcyjno-Usługowo-Handlowy MOTO-PRESS;(71)3337532;;
Zakład Usług Mechanicznych TARKOM S.c.;(14)6273105;;
Zakład Usług Mechanicznych TARKOM S.c.;(14)6284437;;
Auto Serwis Mechanika Elektromechanika Tomasz Osmenda;606812366;;
AUTO SERWIS WAMer;(32)6156555;;
AUTO SERWIS WAMer;(32)7529399;;
AutoSerwis Mariusz Honysz;501370206;;
BSL TRUCK;(46)8579100;;
BSL TRUCK;(46)8578004;;
Diesel Serwis Przybyłowicz;(17)8565682;;
Diesel Serwis Przybyłowicz;797410704;;
DYC-CAR;(25)6339433;;
DYC-CAR;504299199;;
Eltronic - Elektronika Samochodowa;505997925;;
Eltronic - Elektronika Samochodowa;500812996;;
Express Auto Wypożyczalnia Przyczep, Auto Serwis;604644042;;
Express Auto Wypożyczalnia Przyczep, Auto Serwis;608372588;;
Firma Klim-Faf;(17)5853326;;
Firma Klim-Faf;503507206;;
Górnośląski Zakład Obsługi Gazownictwa Sp. z o.o.;(32)3761999;;
Górnośląski Zakład Obsługi Gazownictwa Sp. z o.o.;(32)3761960;;
GRUNT-MAR;(91)3920010;;
GRUNT-MAR;(91)3926061;;
INTER-TIR;(22)7274886;;
INTER-TIR;602170770;;
Jarema Serwis;508272535;;
Jarema Serwis;508272585;;
JR Serwis Rajmund Rałowski;(22)8152575;;
JR Serwis Rajmund Rałowski;602292143;;
Kilian Sp. z o.o.;(17)7881238;;
Kilian Sp. z o.o.;(17)7881239;;
Kopareks;(42)6337087;;
Kopareks;661465637;;
Mechanika Pojazdowa;(74)8455580;;
MOTO-SZLIF Mechanika Pojazdowa;(58)3013304;;
P.H.U. JKT-EKO;(22)7892832;;
P.H.U. JKT-EKO;665051081;;
P.H.U.R. ATEST S.c.;(32)2332505;;
P.H.U.R. ATEST S.c.;(32)3333237;;
PAMA-TECH;662730190;;
PAMA-TECH;(32)2368282;;
PROMOR`S® Ośrodek Produkcyjno-Doświadczalny Spawalnictwa Sp. z o.o.;603923444;;
Regeneracja Przekładni Kierowniczych i Maglownic;604858484;;
SAMKO P.U.H.;(22)6366988-89;;
SAMKO P.U.H.;(22)8388836;;
Tech-Parts;604786961;;
Tech-Parts;(54)4140970;;
TECHMOT Sp. z o.o.;(85)7130920;;
TECHMOT Sp. z o.o.;(85)7130923;;
