EXPOLINE Sp.j.;(42)6843316;;
EXPOLINE Sp.j.;(42)6833733;;
HIMMEL Polska;0801000657;;
HIMMEL Polska;(91)8888787;;
MAG-DAL Flagi, Maszty;(61)8537480;;
MAG-DAL Flagi, Maszty;(61)8538322;;
P.H.U. REKLAMA 3000;(33)8185035;;
P.H.U. REKLAMA 3000;502292184;;
GAJA - MASZTY, FLAGI G.K.Gaj Grażyna Gaj;(58)6798100;;
GAJA - MASZTY, FLAGI G.K.Gaj Grażyna Gaj;(58)6773086;;
ABC StudioFlag;(34)3278037;;
ABC StudioFlag;660633333;;
Artykuły Propagandowe;(22)6310357;;
Artykuły Propagandowe;(22)6321059;;
JACK Autoflagi;(91)4348020;;
JACK Autoflagi;600332332;;
Maszty.net;506578360;;
Maszty.net;501445739;;
PPH MIŚ - Producent Flag;660611463;;
ALUMAST S.A.;(32)4530314-17;;
ALUMAST S.A.;(32)4560248;;
Urbanowicz Haft;(71)3540406;;
Urbanowicz Haft;605857584;;
Agencja Reklamowa Full Service - Kema Solutions;(61)6247747;;
Agencja Reklamowa Full Service - Kema Solutions;693168927;;
SCAN-MOTOPOL;(32)2561805;;
SCAN-MOTOPOL;(32)2561811;;
APR-Informmax;(12)2960060;;
APR-Informmax;518178373;;
KRISMARG;(17)8523782;;
KRISMARG;883443846;;
MAXTOM producent plandek;(12)6532440;;
MAXTOM producent plandek;(12)6590588;;
AMTECH;(81)4410055;;
AMTECH;601353435;;
F.P.H. LEMKRIS;(77)4725355;;
F.P.H. LEMKRIS;509649918;;
Firma P.U.H. EMEN Centrum Reklamy;(94)3636065;;
Firma P.U.H. EMEN Centrum Reklamy;603114666;;
GRAPIL Grażyna Sobieraj Sp.j.;(67)2154750;;
GRAPIL Grażyna Sobieraj Sp.j.;(67)2154751;;
MICHAEL;(32)4558234;;
Przedsiębiorstwo KROMISS Sp. z o.o.;(34)3605012;;
Przedsiębiorstwo KROMISS Sp. z o.o.;(34)3605229;;
AGRA Producent Masztów Flagowych;(43)6772601;;
AGRA Producent Masztów Flagowych;(43)6772017;;
ALLPINO TELEKOM;(58)7425276;;
ALLPINO TELEKOM;513125552;;
ALPIND Artur Janiga;(32)2900460;;
ALPIND Artur Janiga;608047286;;
AluPro S.c.;(22)1004258;;
AluPro S.c.;502218191;;
ANN-HAFT Anna Staniszewska;(46)8374435;;
ANN-HAFT Anna Staniszewska;502024237;;
Art-Szyld;(22)7289325;;
ATENA;(32)2035759;;
ATENA;(32)2011509;;
BIEL-FLAG Flagi, Bandery, Reklamy Sp. z o.o.;(33)8157005;;
BIEL-FLAG Flagi, Bandery, Reklamy Sp. z o.o.;(33)8162178;;
Borpetrol Bis;(33)4964168;;
Borpetrol Bis;(33)4965258;;
Brand Studio Andrzej Gątarz;(58)6650809;;
Brand Studio Andrzej Gątarz;(58)6654456;;
CHS STUDIO Marcin Kujanek;(42)7140300;;
DOUBLET-POLFLAG Sp. z o.o.;(33)8169224;;
DOUBLET-POLFLAG Sp. z o.o.;(33)8211667-68;;
Ekon Studio;(22)3049782;;
F.H.U HORYZONT;511677525;;
Fabryka Flag Linea;(94)3409720;;
Fabryka Flag Linea;(94)3409740;;
FLAGA KIBICA;510355559;;
FLAGA KIBICA;728521370;;
FLAGGFABRIKEN SEMI GROUP Sebastian Michułka;(91)4181506;;
FLAGGFABRIKEN SEMI GROUP Sebastian Michułka;(91)4181477;;
Flagowa Kraina Sp. z o.o.;(32)4530104-06;;
Flagowa Kraina Sp. z o.o.;(32)4530107;;
Flagowe Maszty System TW;(22)7832500;;
Flagowe Maszty System TW;602228226;;
Grafea;(32)4562142;;
Grafea;883550555;;
Graffiti Print;(61)8148454;;
Graffiti Print;(61)8941910;;
Hafciarstwo-Szmuklerstwo Krzysztof Wojciechowski;(22)6430797;;
Hafciarstwo-Szmuklerstwo Krzysztof Wojciechowski;602623345;;
Haft Artystyczny M.M. plus M. Piotr Mierzejewski & Urszula Sadowska;(022)8222432;;
Hurtownia Flag Monika Lidzbarski;(58)5726135;;
Hurtownia Flag Monika Lidzbarski;515776858;;
iFlagi;(32)2311042;;
iFlagi;(32)7218776;;
J-ART Janusz Wlekliński;(52)3240131;;
J-ART Janusz Wlekliński;602619763;;
KW Flagi Krystyna Wiatr;(22)6483068;;
KW Flagi Krystyna Wiatr;(22)6483067;;
M.M. plus M.;(22)8222432;;
M.M. plus M.;607566604;;
MAJZNER B.N.L. Hurtownia Internetowa Flagi-Polski.pl;503849988;;
MASZT-RAD-P Piotr Korab;(71)3117515;;
MASZT-RAD-P Piotr Korab;502504217;;
MMG Flagi;(32)7853185;;
MMG Flagi;(32)7853232;;
MWJ.pl;(61)8133155;;
MWJ.pl;601061364;;
NEUMANN Maszty Flagi;(61)8769897;;
NEUMANN Maszty Flagi;(61)8767563;;
NIKOLIN Andrzej Nikolin;(71)3124788;;
NIKOLIN Andrzej Nikolin;502658901;;
P.H.U. KARGULEX;602656568;;
P.H.U. KARGULEX;501689802;;
P.P.H.U. KRAMEX Krystyna Brzezińska;(87)5679073;;
P.P.H.U. KRAMEX Krystyna Brzezińska;(87)5657254;;
PHU Inco;883545791;;
PHU Inco;724616631;;
POLUS Danuta Wilczkowiak;(58)7827617;;
POLUS Danuta Wilczkowiak;504018493;;
Pracownia Haftu Artystycznego Małgorzata Czarnecka;(61)8122185;;
Pracownia Haftu Artystycznego Małgorzata Czarnecka;602703989;;
PRACOWNIA SZTANDARÓW Elżbieta Ginter;(52)3973784;;
PRACOWNIA SZTANDARÓW Elżbieta Ginter;608807096;;
Producent Flag Jerzy Kondracki;(32)4186227;;
Producent Flag Jerzy Kondracki;607171463;;
PS Intermedia;608508808;;
PS Intermedia;(22)4520651;;
REAKCJA Flagi Reklamowe;666353621;;
REAKCJA Flagi Reklamowe;(61)6227418;;
Rękodzieło Artystyczne, Hafciarstwo, Sztandary i Godła Stefania Bogumiła Kowalska;(18)3514045;;
Rękodzieło Artystyczne, Hafciarstwo, Sztandary i Godła Stefania Bogumiła Kowalska;600755099;;
Senko Słupy i Maszty Oświetleniowe;(32)2290122;;
SERITEX Piotr Radzikowski;(22)7890228;;
SERITEX Piotr Radzikowski;(22)7804245;;
SIGN POLAND Sp. z o.o.;(71)7984904;;
SORYKS Piotr Sowiński Wyposażenie Wnętrz;(32)3228533;;
SORYKS Piotr Sowiński Wyposażenie Wnętrz;(32)2261168;;
Strefa-Kibica.pl;692181945;;
Sztandar Haft;603413750;;
Sztandar Haft;601280374;;
Sztandary Polskie Dorota Stróżewska;(61)8125603;;
Sztandary Polskie Dorota Stróżewska;603402542;;
A3 Producent Flag M.Szymura, P.Gadomski Sp.j.;(32)2301090;;
A3 Producent Flag M.Szymura, P.Gadomski Sp.j.;(32)2321171;;
AGENCJA KAYO;(58)5609524;;
AGENCJA KAYO;(58)6805144;;
Agencja Reklamowa P.P.H.U. JARO;607162660;;
Agencja Reklamowa P.P.H.U. JARO;601620900;;
Agencja Reklamowa REKS;(56)6575130;;
Agencja Reklamowa REKS;(56)6522501;;
ART CMC;(22)6791917;;
BRĄZOWNICTWO Stanisław Czajka;(16)6778400;;
BRĄZOWNICTWO Stanisław Czajka;(16)6778402;;
Cyfrodrukarnia;608499766;;
CZEC Księgarnia Kaszubsko-Pomorska;(51)6572503;;
DANEX Produkcja Odzieży Roboczej;(33)8126025;;
Faroo;535999533;;
Faroo;535993533;;
GRAF-MEDIA;(12)3783854;;
GRAF-MEDIA;(32)3783817;;
GRANAR Sp. z o.o.;600054524;;
GRANAR Sp. z o.o.;(22)3781432;;
Hafciarnia KALITA;(17)8627987;;
HAFTINA Michalscy Sp.j.;(44)6490054;;
HAFTINA Michalscy Sp.j.;(44)6490056;;
JE-ST;(68)4549513;;
JE-ST;601943082;;
KONICZYNKA Produkcja Reklam & Drukarnia;501403467;;
KONICZYNKA Produkcja Reklam & Drukarnia;(71)3424830;;
Krevent;669223909;;
Krevent;(32)4513250;;
Księgarnia Dębickich S.c.;(017)5864273;;
MOTO-IWAŃSCY;(12)6866085;;
MOTO-IWAŃSCY;601475434;;
MPM;(41)2743204;;
MPM;502137428;;
OPINION Sp. z o.o.;(32)3301930;;
OPINION Sp. z o.o.;(32)3301944;;
P.H.U. KAMAX S.c.;(22)6157316;;
P.H.U. KAMAX S.c.;(22)6153322;;
PARTNER KC Marlena Kleśta;691935269;;
PARTNER KC Marlena Kleśta;733144275;;
POLHAFT Pracownia Haftu Artystycznego;(61)8301727;;
POLHAFT Pracownia Haftu Artystycznego;601766300;;
Polmex Sp. z o.o.;(58)7215505;;
Polmex Sp. z o.o.;(58)7215504;;
Pracownia Haftu Artystycznego Jolanta Dołba;695561010;;
Pracownia Sitodruku i Reklamy Rafał, Piotr Schlieske;(89)6482111;;
Pracownia Sitodruku i Reklamy Rafał, Piotr Schlieske;606615411;;
Pracownia Sztandarów i Haftów Artystycznych ALBA;(12)2620395;;
Pracownia Sztandarów i Haftów Artystycznych ALBA;605217481;;
Reklama Wizualna i Poligrafia Barbara Fortunka;(41)2495292;;
Reklama Wizualna i Poligrafia Barbara Fortunka;501010557;;
REKORD;(61)8229768;;
REKORD;(61)6229808;;
Styldruk Sp. z o.o. Drukarnia;(22)6164451;;
Styldruk Sp. z o.o. Drukarnia;502090035;;
Sztandary Stanisława Korzeniowska;605367746;;
Voigt Promotion Sp. z o.o.;(91)4690528;;
Voigt Promotion Sp. z o.o.;(91)4690548;;
Wopex;516603243;;
Z.H. Zbigniew Janoszek;(33)8122607;;
Z.H. Zbigniew Janoszek;607830872;;
Z.U.P. WIARUS;(34)3242096;;
Z.U.P. WIARUS;501783065;;
