Willa Słowackiego;602623845;;
Apartament ELAND;663206006;;
Apartamenty ANKER Krzysztof Walicki;(94)3522068;;
Apartamenty ANKER Krzysztof Walicki;607909868;;
Apartamenty SYKOWNY DWOREK;(18)2070143;;
Apartamenty SYKOWNY DWOREK;604350303;;
Bursztynowe Osiedle;(55)2363777;;
Bursztynowy Apartament;609100518;;
Bursztynowy Apartament;(59)8442493;;
SunSeasons24 Apartments Management;668402000;;
SunSeasons24 Apartments Management;(71)7877540;;
Warsaw - Apartments Sadyba Wilanów Sp. z o.o.;(22)5504550;;
Warsaw - Apartments Sadyba Wilanów Sp. z o.o.;(22)6517464;;
Willa GARDEN HOUSE;(91)3280768;;
Willa GARDEN HOUSE;603878701;;
Apartament nr 18 NAD WISŁĄ;(81)8810631;;
Apartament nr 18 NAD WISŁĄ;503194941;;
Apartamenty BURSZTYNOWY & LAWENDOWY;(58)7131929;;
Apartamenty BURSZTYNOWY & LAWENDOWY;501033794;;
APARTAMENTY GAJA;694222217;;
Apartamenty OSCAR i NAUTILUS;601945214;;
Apartamenty OSCAR i NAUTILUS;601412476;;
Apartamenty PANORAMA GÓR;695925070;;
Apartamenty PANORAMA GÓR;601148807;;
Apartamenty ROK;604647813;;
Apartamenty ROK;602181133;;
Apartamenty w Kołobrzegu;605477255;;
Apartamenty w Międzyzdrojach;605477255;;
Apartamenty WIDOK;500047002;;
Dwór POD BUKIEM;696485096;;
GRYF Apartments;601988775;;
GRYF Apartments;535199775;;
Pałac Siemczyno;663746803;;
Pałac Siemczyno;609746803;;
Przystanek BAVARIA;(75)7220505;;
Przystanek BAVARIA;882919292;;
Seatowers24.pl-Apartamenty;608502333;;
Tatra Residence Prim, AVIM-Serwis - Wynajem Apartamentów, Sprzątanie;(18)2062071;;
Tatra Residence Prim, AVIM-Serwis - Wynajem Apartamentów, Sprzątanie;784613973;;
Zespół Domków i Apartamentów TWÓJ DOMEK;(18)2070653;;
Zespół Domków i Apartamentów TWÓJ DOMEK;692417713Domki;;
44wyspy.pl Wynajem Apartamentów;(91)3221144;;
44wyspy.pl Wynajem Apartamentów;508603813;;
Apartament AKWARELA;501821387;;
Apartament MIŁKÓW;607071987;;
Apartament PARKOWY;(74)8148616;;
Apartament PARKOWY;695729818;;
Apartament SONATA;601206201;;
Apartament Sonata;668888866;;
Apartament Sopot Centrum;505019906;;
Apartament w Kołobrzegu;(76)8185177;;
Apartament w Kołobrzegu;601844486;;
APARTAMENT w Świnoujściu-rodzinanadmorzem.eu;509435250;;
Apartamenty ARKADIA;604321661;;
Apartamenty ARKADIA;608779554;;
Apartamenty BARTNIK;601660852;;
Apartamenty BARTNIK;515196996;;
Apartamenty Gościnne MED-PALACE;(77)4608227;;
Apartamenty Gościnne MED-PALACE;(77)4606024;;
Apartamenty Hotelowe POD ANIOŁEM;(81)8810666;;
Apartamenty Hotelowe POD ANIOŁEM;510818554;;
Apartamenty Na Klifie;693164930;;
Apartamenty Nad Morzem;505763202;;
Apartamenty Nad Morzem;512258026;;
Apartamenty Plaża - USTRONIE MORSKIE;501367189;;
Apartamenty Przy Monciaku;601303656;;
Apartamenty Przy Monciaku;(58)7279239;;
Apartamenty RETRO;607447322;;
Apartamenty Zakopane;(18)2012181;;
Apartamenty Zakopane;605286868;;
Apartamenty Zakrzówek;(12)3505296;;
Apartamenty Zakrzówek;668382400;;
Bella Willa Urszula;(18)2012840;;
Bella Willa Urszula;692160294;;
bonApartments;698928129;;
Dom Gościnny SABINA;517923452;;
Nemo-Apartamenty Grażyna i Adam Wojciechowscy;(94)3166435;;
Nemo-Apartamenty Grażyna i Adam Wojciechowscy;696750506;;
ODA One Day Apartments;607309889;;
P.H.Z. MAXIMAL S.A.;(58)6613007;;
P.H.Z. MAXIMAL S.A.;(58)6611288;;
PENSYONAT SOPOCKI;666111166;;
Platinum Palace Apartments;(61)6710566;;
Platinum Palace Apartments;(61)6710206;;
STARA PIEKARNIA Apartamenty;508337973;;
Dworek ROMANOWSKI w Sułowie;(89)7188105;;
Nieruchomości Sojeccy Jacek Sojecki;(58)6642460;;
Nieruchomości Sojeccy Jacek Sojecki;502384353;;
Pensjonat Romanowski;(89)7162030;;
Pensjonat Romanowski;(89)7162189;;
Willa Monte Rosa - noclegi w centrum Zakopanego;(18)2000150;;
Alexandra Restauracja i Hotel;(34)3505210;;
Alexandra Restauracja i Hotel;(34)3505212;;
ARTO COMPLEX Julia Leszczyńska;607047330;;
ARTO COMPLEX Julia Leszczyńska;603391446;;
Centrum Rekreacji HARENDA;(74)8722412;;
Centrum Rekreacji HARENDA;732650336;;
Dom Gościnny EMILIA;(91)3864291;;
Dom Gościnny EMILIA;605106221;;
Hotel ADAM & SPA;(74)8664246;;
Hotel ADAM & SPA;(74)8664233;;
Hotel GALA;(12)3724030;;
Hotel GALA;(12)2710392;;
Hotel Wenecki;(34)3243303;;
Hotel Wenecki;(34)3243335;;
KOBZA Haus;(58)7100101;;
KOBZA Haus;(58)7186517;;
MYONI Sp. z o.o.;(22)8567777;;
MYONI Sp. z o.o.;(22)8567770;;
Nieruchomości IMPER S.c.;604532074;;
Nieruchomości IMPER S.c.;698088862;;
Noclegi Pracownicze w Gdańsku Danuta Niecko;508149333;;
Ośrodek Wczasowo-Rehabilitacyjny BIELIK;607217241;;
Ośrodek Wczasowo-Rehabilitacyjny BIELIK;693141777;;
P.H. IMPULS D.S. Nowakowscy -Villa MORSKIE OKO;667558680;;
Pensjonat WULPINK;504813534;;
Pensjonat WULPINK;(89)5136097;;
STUDIO w Kołobrzegu;504033008;;
Willa Nałęcz;(18)2063640;;
Willa Nałęcz;514696701;;
Agroturystyka SUŁOMINO Kalinowska Lidia;(91)3262496;;
Agroturystyka SUŁOMINO Kalinowska Lidia;603053384;;
Firma Budowlana Marek Antczak;(62)7640569;;
HARSZ 8 Pokoje Gościnne;(87)4279295;;
HARSZ 8 Pokoje Gościnne;660445641;;
Hotel Blick;(58)7830300;;
Hotel Blick;(58)7830301;;
Hotel FORUM;(17)8594038;;
KORAB Rezydencja;(91)3210193;;
KORAB Rezydencja;(91)8522405;;
Kwatera Prywatna - U SZYMKA;(58)6752520;;
Kwatera Prywatna - U SZYMKA;695054539;;
LECH Sanatorium Uzdrowiskowe;(94)3525291;;
LECH Sanatorium Uzdrowiskowe;(94)3526884;;
Orawskie Wyrko;(18)2852826;;
Orawskie Wyrko;601682826;;
Paradise Pałacyk Ślubów - Noclegi Jasło - AGROTURYSTYKA;609935510;;
Pensjonat BURSZTYNEK;(94)3189427;;
Pensjonat BURSZTYNEK;602649296;;
Pokoje Bagatela;(12)3575563;;
Pokoje Bagatela;783022917;;
Przedsiębiorstwo Inwestycyjne PROXIMA-SERVICE Sp. z o.o.;(12)4222299;;
Przedsiębiorstwo Inwestycyjne PROXIMA-SERVICE Sp. z o.o.;(12)4295499;;
WŁODARCZYK Centra Spożywczo-Mięsne;(44)7104669;;
WŁODARCZYK Centra Spożywczo-Mięsne;603400538;;
Zajazd & Spa Remi;(55)2312097;;
Zajazd & Spa Remi;530873853;;
Zespół Pałacowo-Parkowy Boratyn;(16)6240053;;
Zespół Pałacowo-Parkowy Boratyn;507158740;;
Adari FHU;(32)2589574;;
Adari FHU;695888879;;
Agroturystyka i Restauracja Piekiełko;(74)8681395;;
AKWARIUM rodzinne apartamenty nad morzem;602171472;;
Apartament Kwatera w Sopocie;(58)5519139;;
Apartament Kwatera w Sopocie;514778691;;
Apartamenty Na Placu Słowiańskim;697712757;;
Apartamenty Na Placu Słowiańskim;669336996;;
Baza Noclegowa DOMA;(59)8145623;;
Baza Noclegowa DOMA;(59)8149655;;
Bed & Breakfast ŻEGLARZ;(58)6241386;;
BESKID Ośrodek Wypoczynkowo-Rehabilitacyjny;(94)3165741;;
BESKID Ośrodek Wypoczynkowo-Rehabilitacyjny;(94)3165581;;
BKROM.pl;(87)6196367;;
BKROM.pl;602223688;;
DIAMENT Ośrodek Wczasowy;510243942;;
Dom Gościnny DOMINIKA;604096883;;
Dom Gościnny DOMINIKA;(94)3528437;;
Dom Gościnny i Apartamenty VOLLARE;503054655;;
Dom Gościnny MORSKA FALA;664639682;;
Dom Gościnny MORSKA FALA;(91)3840887;;
DOMPOL Sp. z o.o.;(56)6236772;;
DOMPOL Sp. z o.o.;(56)6235984;;
Dziubak Kazimiera Prywatny Wynajem Kwater;(94)3517736;;
Dziubak Kazimiera Prywatny Wynajem Kwater;691081041;;
GRUPA SMOLEŃ;(58)3011176;;
GRUPA SMOLEŃ;(58)3010525;;
Hotel JAGA;(14)6849402;;
Hotel JAGA;607279779;;
Hotel SEVILLA ***;(46)8146057;;
Hotel SEVILLA ***;693877787;;
Kwatery-Apartamenty Paweł Korpusiński;692752438;;
Kwatery-Apartamenty Paweł Korpusiński;600956854;;
OAZA DEVELOPMENT Sp. z o.o.;(22)3530090;;
OAZA DEVELOPMENT Sp. z o.o.;691601701;;
Ośrodek Wypoczynkowy BAJKA;(94)3515063;;
Ośrodek Wypoczynkowy BAJKA;501605020;;
Pensjonat MARCIN;(91)3864624;;
Pensjonat MARCIN;603599799;;
Pensjonat Zacisze;506043793;;
Pensjonat Zacisze;(94)3515367;;
Pokoje Gościnne NAD MORZEM;(94)3189276;;
Pokoje Gościnne NAD MORZEM;501399449;;
Pokoje w Jeleniej Górze-Cieplicach;605328066;;
Restauracja Zamkowa;(17)2252805;;
Restauracja Zamkowa;(17)2252671;;
Rezydencja Leśny Dwór - Apartamenty, Restauracja;(18)4465324;;
Rezydencja Leśny Dwór - Apartamenty, Restauracja;(18)4465326-28;;
SEHO Noclegi;607222253;;
SEHO Noclegi;(52)3216090;;
Villa Residence;(74)8665660;;
Villa Residence;(74)8665663;;
Vital & SPA Resort Szarotka;(74)8697100;;
Vital & SPA Resort Szarotka;(74)8697110;;
Willa Helena;(18)2013195;;
Willa Helena;604149244;;
WILLA IZYDOR;(18)2079111;;
WILLA IZYDOR;504015153;;
Willa KLIMAT;(91)3864057;;
Willa KLIMAT;605625002;;
Willa Pienińska Barbara Bednarczyk;(18)2650650;;
Willa Pienińska Barbara Bednarczyk;508904734;;
www.wakacje-we-francji.pl;(71)3435315;;
www.wakacje-we-francji.pl;502034019;;
Wynajem Apartamentów Wczasowych Renata i Tomasz Kościuch;604399118;;
Wynajem Apartamentów Wczasowych Renata i Tomasz Kościuch;784835556;;
Wynajem Pokoi Gościnnych Barbara Białk, Nowoczesne apartamenty NEW STYLE APARTAMENTS;(58)6737958;;
Wynajem Pokoi Gościnnych Barbara Białk, Nowoczesne apartamenty NEW STYLE APARTAMENTS;602460535;;
Zespół Domów Wczasowych HELENA-DANUTA-GABRIELA;(58)6861308;;
Zespół Domów Wczasowych HELENA-DANUTA-GABRIELA;(58)6861328;;
BOBS INVEST Sp. z o.o.;(71)3592758;;
BOBS INVEST Sp. z o.o.;501344309;;
Chata za Wsią;502844620;;
Chata za Wsią;(89)6231276;;
Firma Handlowo-Usługowa P&P Paweł Mrowiec;501944191;;
Firma Handlowo-Usługowa P&P Paweł Mrowiec;602247062;;
Apartament u Tomka;506821640;;
Kamienica Apartamenty Szczecin;790450360;;
Kwartał Dominikański;729204309;;
Obsługa & Wynajem Apartamentów Darłówko;664156600;;
POLINVEST Sp. z o.o.;(71)3001226;;
Salvadore Sp. z o.o.;607882434;;
ZakopaneApartment;602665765;;
123APARTAMENTY.pl;608332616;;
4 POKOJE;514505433;;
A & Apartments Gdańsk - POLRENT;601502501;;
A & Apartments Gdańsk - POLRENT;(58)7463131;;
a.kolobrzeg.pl Apartamenty w Kołobrzegu;604102157;;
a.kolobrzeg.pl Apartamenty w Kołobrzegu;531582186;;
A.N.A. Tour Biuro Turystyczne Międzyzdroje;(91)3282522;;
A.S. Apartments;(71)3418759;;
A.S. Apartments;888750888;;
Abella Suites & Apartments;(12)2920534;;
Abella Suites & Apartments;(12)3957002;;
ABSYNT Apart;(71)7989636;;
ABSYNT Apart;602899899;;
ACCENT-APARTAMENT;609692456;;
ACCENT-APARTAMENT;601817755;;
ADA Apartament Grażyna Glińska;609220846;;
ADR - Good Night In Wrocław;601273446;;
ADR - Good Night In Wrocław;502561323;;
Agata Apartamenty S.c.;669120240;;
Agata Apartamenty S.c.;601703673;;
AGMI - Apartamenty LUX;609814347;;
AKR Consulting - Prestige Apartments Group Zakopane;606233133;;
AKR Consulting - Prestige Apartments Group Zakopane;602684743;;
AKWAMARYN Spa;(91)3876198;;
AKWAMARYN Spa;601575038;;
Alex Apartamenty;(91)4691861;;
Alex Apartamenty;502899317;;
ALL 4U;608143720;;
AMBER Apartament;600250520;;
AMBER Apartament;507745674;;
AMBER Apartamenty & Studia;602702260;;
AMBER Apartamenty & Studia;515871382;;
AMBER Apartments;667990749;;
AMBER Komfortowe Apartamenty nad Morzem;501979595;;
AMBER Komfortowe Apartamenty nad Morzem;693933944;;
AMELIA Apartamenty;604733309;;
AMERICANO;513463169;;
ANITA Apartamenty PARK ZDROJOWY;885903150;;
ANITA Apartamenty PARK ZDROJOWY;885316663;;
ANNA Apartamenty nad Morzem;602631136;;
ANTOS;509650419;;
ANTOS;509650519;;
Apart Hostel Kapitański;(58)6749597;;
Apart Hostel Kapitański;666812909;;
Apart Hotel GlobNet;729299770;;
Apart Hotel Gwiazda Morza;(58)7601212;;
Apart House-Apartament;518600820;;
Apart-Center Agnieszka Bourgeois;(18)2000078;;
Apart-Center Agnieszka Bourgeois;608773680;;
APART-LUX Business Apartamenty Bytom;(32)3967412;;
APART-LUX Business Apartamenty Bytom;791590009;;
Apartamanty AL PINI;(18)2011734;;
Apartamanty AL PINI;(18)2011130;;
Apartamencik Izera;605585171;;
APARTAMENT;513179187;;
APARTAMENT;693338488;;
Apartament;(54)2355204;;
Apartament;604377309;;
Apartament;600080062;;
Apartament;663874285;;
Apartament - DOM NA CZASIE;606729386;;
Apartament 14;515236792;;
APARTAMENT 4;791046565;;
Apartament 77;601727760;;
Apartament ADRIA;(55)2321061;;
Apartament ADRIA;609776228;;
Apartament AGA;(94)3581005;;
Apartament AGA;601514724;;
Apartament ALEKSANDER;(58)5209796;;
Apartament ALEKSANDER;514744373;;
Apartament ALFA;504123874;;
Apartament Alicja I;692856420;;
Apartament Alicja I;509659568;;
Apartament ANGEL CITY;668810260;;
Apartament Anita;507768454;;
Apartament Aquarius;725615005;;
Apartament ASTER;(58)6740712;;
Apartament ASTER;502204999;;
Apartament AZALIA;660706639;;
APARTAMENT BARTEK;692201898;;
Apartament Basia;880393588;;
Apartament Basia;663864623;;
Apartament Berlinek;602880596;;
Apartament Berlinek;660304324;;
Apartament BonsaiTree;509305482;;
Apartament BonsaiTree;601995008;;
Apartament BOSMAN;(94)3143791;;
Apartament BOSMAN;604839098;;
Apartament BRAUN SUGAR;602741652;;
Apartament BRAUN SUGAR;(71)7071461;;
Apartament BROWN SUGAR;516020369;;
Apartament Bryza;691402302;;
Apartament Carlos;728380174;;
Apartament Centrum;500775557;;
Apartament CHOPINA;601611850;;
Apartament CHOPINA;(58)3495873;;
Apartament Cicha Woda;888698186;;
Apartament Cirrus;602223228;;
Apartament CRISTAL;602699159;;
Apartament CRISTAL;606919401;;
Apartament Czapla;(58)6841627;;
Apartament Czapla;602132232;;
Apartament Daria Luiza Patio Mare;605527222;;
Apartament Diamentowy;604701009;;
Apartament Dla Ciebie;500227214;;
Apartament Dla Ciebie;510601052;;
Apartament DŁUGA;605086325;;
Apartament do Wynajęcia ORLE GNIAZDO;(58)6786555;;
Apartament do Wynajęcia ORLE GNIAZDO;509900253;;
Apartament do Wynajęcia w Kołobrzegu;508156379;;
Apartament do Wynajęcia w Kołobrzegu;501653553;;
APARTAMENT DOMANIEWSKA;792500509;;
Apartament DOMINIKAŃSKI;502678138;;
Apartament Dominikański-Neptun Park;(58)3004969;;
Apartament Dominikański-Neptun Park;608478578;;
Apartament DORA;603114499;;
Apartament DUO;506660920;;
Apartament DUO;693824893;;
Apartament Dworski;603211313;;
Apartament DZIAŁKOWA;530064852;;
Apartament Elmar;602309880;;
Apartament EMILKA;(75)7616252;;
Apartament EMILKA;601774828;;
Apartament EMMA w Ustroniu;500673397;;
Apartament EMMA w Ustroniu;601900865;;
Apartament Familia;604522526;;
Apartament Familia;696403240;;
Apartament Familijny;503126564;;
Apartament FIGIELEK;501168741;;
Apartament Gdańsk DŁUGI TARG;519569354;;
Apartament GDAŃSK M.Dudzińska-Florczyk;(58)3067033;;
Apartament GDAŃSK M.Dudzińska-Florczyk;(58)6920427;;
Apartament Gdynia;515205880;;
Apartament Gdynia;502906691;;
Apartament GIEWONT;602372885;;
Apartament GORZKA CZEKOLADA, Apartament CAPPUCCINO;606130120;;
Apartament GÓR-SKI;508115595;;
Apartament GÓR-SKI;697970055;;
Apartament GÓRALSKA PERŁA;(18)2073097;;
Apartament GÓRALSKA PERŁA;886287719;;
Apartament GÓRSKI Anna Pilichowska;798110409;;
Apartament GÓRSKI w Zakopanem;(18)5409378;;
Apartament Helena;(59)8404553;;
Apartament Helena;601628146;;
Apartament i Domki MIRIADA - Lucyna Folborska;691913510;;
Apartament i Domki MIRIADA - Lucyna Folborska;506501759;;
Apartament IMPRESJA;793086113;;
Apartament Irena;(59)8414420;;
Apartament Irena;601654572;;
Apartament JAGODA;502931141;;
Apartament JAGODA;505404363;;
Apartament JANTAR;501979565;;
Apartament Jantar;602260248;;
Apartament JANTAR;(94)3520539;;
Apartament JANTAR;517380560;;
Apartament JANTAR 3B;501620372;;
Apartament Jarzębinowa;782551955;;
Apartament Jastrzębia Góra;605433018;;
Apartament JAŚMINOWY;501504404;;
Apartament JAWORZYNA;501191972;;
Apartament JOANNA;(32)2535093;;
Apartament JOANNA;510203132;;
Apartament Jodełka;603664888;;
Apartament Jola;660290842;;
Apartament Jola;660510520;;
Apartament JULIA;607450634;;
Apartament JUNIOR;609310244;;
Apartament JUNIOR;697840432;;
Apartament K3;(32)7203007;;
Apartament K3;(32)2510262;;
Apartament KALIMERA;882083045;;
Apartament KALIMERA;505957152;;
Apartament Kamieniec;606816718;;
Apartament Kamieniec;602454130;;
Apartament Kaprys Zakopane;607700221;;
Apartament KARMELOWY;609542346;;
Apartament KARMELOWY;502340141;;
Apartament KARMELOWY;501957779;;
Apartament Karolina - Zielone Tarasy;663837882;;
Apartament KLIF;606223502;;
Apartament KLIF;601130493;;
Apartament KOGA WATERLANE;501179933;;
Apartament KOLONIALNY;696433122;;
Apartament KOLONIALNY;604998622;;
Apartament Kołobrzeg Port;508077493;;
Apartament KOMFORT;601498680;;
Apartament KOMFORT;508370440;;
Apartament KORAL - AVIM Serwis;601672188;;
Apartament KORAL - AVIM Serwis;784613973;;
Apartament KOZICA;668475926;;
Apartament KRYNICA 93;514111700;;
Apartament Krynica-Morska.pl;607507162;;
APARTAMENT KRYNICA-ZDRÓJ;601290334;;
Apartament KRYSTYNA;604716817;;
Apartament KRYSTYNA;602807157;;
Apartament LASTADIA;507175434;;
Apartament LAZUROWY;601638678;;
Apartament LILIOWY i Kwatery Prywatne;(58)5513155;;
Apartament LILIOWY i Kwatery Prywatne;505313478;;
Apartament Limanowa;602556990;;
Apartament LISI JAR;503154560;;
Apartament LISI JAR;(58)7327176;;
Apartament LUXURY Zakopane;(18)5417812;;
Apartament Łukasz Groszek;601991616;;
Apartament M&M Sopot;604548830;;
Apartament M5;503496649;;
Apartament M5;603942999;;
Apartament Magdalena;(59)8404553;;
Apartament Magdalena;601628146;;
Apartament MAGDALENKA;(55)6435396;;
Apartament MAGDALENKA;504735112;;
Apartament MAGNOLIA;721205205;;
Apartament MAGNOLIA;(75)7557434;;
Apartament MAGNOLIA;509630981;;
Apartament Maja;888828052;;
Apartament MAJA w Świnoujściu;603797843;;
Apartament MAJA w Świnoujściu;601209758;;
Apartament MAŁY GIEWONT;501388822;;
Apartament Marina;503939753;;
Apartament MERCJA w Kołobrzegu;604369600;;
Apartament MiloVioli;505905292;;
Apartament Monada;505083461;;
Apartament Monada;505083462;;
Apartament MONIUSZKI;502535116;;
Apartament MONIUSZKI;502513737;;
Apartament MORSKI;600198099;;
Apartament MORSKI RELAKS;602429465-66;;
Apartament MOUNT BLANC;602407242;;
Apartament MOUNT BLANC;604528138;;
Apartament NA GÓRALSKĄ NUTĘ;698895935;;
Apartament NA GÓRALSKĄ NUTĘ;(18)2074666;;
Apartament NA HELU;504222750;;
Apartament NA HELU;504213016;;
Apartament NA JURZE;501694684;;
Apartament NA PODDASZU;513339905;;
Apartament NA STARÓWCE;600366000;;
APARTAMENT NAD BYSTRĄ;694039403;;
Apartament nad Morzem;501818158;;
Apartament nad Motławą;502678138;;
Apartament Nadmorski;607227777;;
Apartament Nadmorski WAWEL;698270380;;
Apartament NEPTUN;794291794;;
Apartament OGARNA;603384788;;
Apartament OGARNA;791455590;;
Apartament Ogrodowy;601847029;;
Apartament Ogrodowy;604418325;;
Apartament OLIWA;601611661;;
Apartament OLIWA;(58)3020443;;
Apartament OLIWIA;505088456;;
Apartament OLIWIA;606310622;;
Apartament oraz Pokoje w Centrum Gdyni;609573473;;
Apartament ORIENT;(62)7617657;;
Apartament ORIENT;608558025;;
Apartament OSIEDLE BAŁTYK;604863533;;
Apartament Pańska;501141269;;
Apartament PELE;504518846;;
Apartament PELLOWSKI;602842600;;
Apartament PIĄTKA;502665382;;
Apartament PIWNA;889653010;;
Apartament POD GIEWONTEM;604901113;;
Apartament POD GIEWONTEM;(59)8147097;;
Apartament POD KASZTANAMI;604509065;;
Apartament POD KASZTANAMI;692267325;;
Apartament Pod Nosalem;(18)2011505;;
Apartament Pod Nosalem;602504325;;
Apartament Pod Sosnami;(58)5510349;;
Apartament Pod Sosnami;502276696;;
Apartament POD SZRENICĄ;500300576;;
Apartament pod Śnieżką;796146351;;
Apartament pod Śnieżką;693855125;;
Apartament Pod Zegarem;604149897;;
Apartament POD ZIELONĄ SKARPĄ;519397766;;
Apartament Pod Żurawiem;502110629;;
Apartament Pod Żurawiem;(58)6246696;;
APARTAMENT PODZAMCZE;606638139;;
Apartament POMARAŃCZOWY;722173086;;
Apartament PRZY KOMINKU;603363741;;
Apartament PRZY PLAŻY;511551177;;
Apartament PRZY PLAŻY;500652085;;
Apartament PRZY RONDZIE KUŹNICE;662260823;;
Apartament Przy Rynku;511600494;;
Apartament Przytulny;505222765;;
Apartament RENATA;502709318;;
Apartament ROSA;512496320;;
Apartament ROSA;(58)5513460;;
Apartament Rubin;502267098;;
Apartament SEDINA;536597797;;
Apartament SEDINA;501935004;;
Apartament SKI-BIKE;601571963;;
Apartament SOPOT;504071917;;
Apartament Sopot;601976654;;
Apartament Sopot Ewa Zaremba;(58)5517230;;
Apartament Sopot Ewa Zaremba;501866207;;
Apartament SOWA;509781117;;
Apartament SOWA w Szklarskiej Porębie;660774601;;
Apartament Stegna;728328328;;
Apartament STUDIO;603226109;;
Apartament Studio Chicago;501575013;;
Apartament SZAFRANOWY;791730974;;
Apartament SZAFRANOWY;792730974;;
Apartament SZARA PERŁA;668820027;;
Apartament SZKLARKA 4;500166099;;
APARTAMENT SZRENICA Sp. z o.o.;516192491;;
APARTAMENT SZRENICA Sp. z o.o.;506022336;;
Apartament Śródmiejski;508289272;;
Apartament Świstak;506113329;;
Apartament Tatry;(58)5524851;;
Apartament Tatry;502785902;;
Apartament Teatralny;501066004;;
Apartament Teatralny;501734636;;
Apartament TERESA;506725480;;
Apartament Tomasz Stachnik;(18)2011431;;
Apartament Tomasz Stachnik;602372410;;
Apartament Turystyczny Henryk Podżorski;(33)8553682;;
Apartament Turystyczny Henryk Podżorski;667563450;;
Apartament U GRZESIA;604463156;;
Apartament u Kowala;605491069;;
Apartament u Kowala;506101622;;
Apartament u Maćkowiaków;(75)7172612;;
Apartament u Maćkowiaków;(75)7174515;;
Apartament U RENATY;605152123;;
Apartament U TOMKA;(55)2211131;;
Apartament U TOMKA;501629212;;
Apartament VICTORIA;888557205;;
Apartament VICTORIA i MARTYNA;606974256;;
Apartament VILLA HELSKA;(58)6848538;;
Apartament VILLA HELSKA;501743595;;
Apartament w Baligrodzie;503325136;;
Apartament w Centrum Gdyni;502617337;;
Apartament w Centrum Ustronia;787689730;;
Apartament w Dębkach;605153715;;
Apartament w Dębkach;601692015;;
Apartament w Domu Rybaka;506075128;;
APARTAMENT w EŁKU;698652804;;
APARTAMENT w Gdańsku Janusz Czerucki;605591828;;
APARTAMENT w Gdańsku Janusz Czerucki;602135626;;
Apartament w Giżycku;502502253;;
Apartament w Juracie;(58)7422019;;
Apartament w Juracie;609857300;;
APARTAMENT w Kazimierzu Dolnym;(81)7490551;;
APARTAMENT w Kazimierzu Dolnym;604511999;;
Apartament w Kołobrzegu;(94)3547520;;
Apartament w Kołobrzegu;503143259;;
Apartament w Kołobrzegu;wybierz694707933;;
Apartament w Kołobrzegu 50 m od Morza;501331905;;
Apartament w Kościelisku;697868882;;
Apartament w Krynicy Morskiej;502177672;;
Apartament w Krynicy Morskiej;504151009;;
Apartament w Pieninach;601811328;;
Apartament w Pieninach;519051655;;
Apartament w Rezydencji pod Świerkami;782981634;;
Apartament w Sopocie;500463613;;
Apartament w Sopocie;502266914;;
Apartament w Sopocie Tomasz Dąbrowski;(58)5516500;;
Apartament w Sopocie Tomasz Dąbrowski;607188129;;
Apartament w Świnoujściu Mirosław Ziarno;(91)4834155;;
Apartament w Świnoujściu Mirosław Ziarno;665793530;;
Apartament w Tatrach;(18)2064825;;
Apartament w Tatrach;886326252;;
Apartament w Wiśle;721934906;;
Apartament Wakacyjny;532412614;;
Apartament Wakacyjny;(58)3022817;;
Apartament Wakacyjny;601662817;;
Apartament Wakacyjny w Ustroniu;781868409;;
Apartament WIKTOR;(58)5209796;;
Apartament WIKTOR;(58)5523768;;
Apartament WOJTEK;664011180;;
Apartament z Basenem;501458370;;
Apartament ZACHÓD SŁOŃCA;601426951;;
Apartament ZACHÓD SŁOŃCA;730058066;;
Apartament Zielone Tarasy;501274511;;
Apartament Zielone Tarasy;602424280;;
Apartament ZIELONE TARASY Jacek Matuszewski;(94)3544652;;
Apartament ZIELONE TARASY Jacek Matuszewski;782533292;;
Apartament ZŁOTY WIDOK;665058855;;
Apartament ZŁOTY WIDOK;783842307;;
Apartament ZUZIA;504158333;;
Apartament ZUZIA;(94)3585599;;
Apartament ŻEROMSKIEGO;606342058;;
Apartament-Mieszkanie Całoroczne w Ustce;605042265;;
Apartament-Przymorze.pl;506077295;;
Apartament-Wierzbowa 8;605255374;;
Apartament, Dom Rybaka;607896212;;
Apartament21;609004877;;
Apartament4you.eu;880301919;;
Apartament4you.eu;660531209;;
Apartamentowiec UROCZA 5;693060544;;
Apartaments Łódź;600251359;;
ApartamentwToruniu.pl;601679487;;
APARTAMENTY;793701901;;
Apartamenty;(91)3270398;;
Apartamenty;691847167;;
Apartamenty - Pokoje Guńka;510228582;;
Apartamenty - Pokoje Guńka;505203257;;
APARTAMENTY - STUDIO Noclegi Wczasy Wakacje Ferie Łukasz Cholewa;509374798;;
Apartamenty - WILLA RÓŻA;510166314;;
Apartamenty AGAT i JANTAR;698099809;;
Apartamenty AGMA;502380439;;
Apartamenty AGMA;601889240;;
Apartamenty Akademickie Lux Hostel;(12)4464244;;
Apartamenty Akademickie Lux Hostel;508312450;;
Apartamenty ALMARE - Apartament VENUS;607670446;;
Apartamenty Amarant;516091536;;
Apartamenty AMBER;503891421;;
Apartamenty Anagra w Ośrodku Blue Mare;606834277;;
Apartamenty Anagra w Ośrodku Blue Mare;502289666;;
Apartamenty ANET;691137905;;
Apartamenty ANIA;(59)8452515;;
Apartamenty ANIA;605434713;;
Apartamenty ANTONIO;605329760;;
Apartamenty ANTONIO;601097666;;
Apartamenty ANUSIA;692590596;;
Apartamenty Arkadia;(59)8413908;;
Apartamenty Arkadia;(59)8142142;;
Apartamenty ArtApart;(71)7345846;;
Apartamenty ArtApart;(71)3410738;;
Apartamenty Bajka;(18)2015147;;
Apartamenty Bajka;510151029;;
Apartamenty BAŁTYCKIE;(59)7219057;;
Apartamenty BAŁTYCKIE;501665981;;
Apartamenty Baranowscy;(18)2015865;;
Apartamenty Baranowscy;509466771;;
Apartamenty Barnex;(41)3836246;;
Apartamenty Barnex;(41)3836388;;
Apartamenty Beata i Krzyś;696368504;;
Apartamenty BEATUS;515114328;;
Apartamenty Belweder;508507721;;
Apartamenty BESKIDZKIE RENTAX Sp. z o.o.;(33)4831444;;
Apartamenty BESKIDZKIE RENTAX Sp. z o.o.;664715443;;
Apartamenty BETTI;509246205;;
Apartamenty BETTI;607383663;;
Apartamenty BLACK&WHITE Katarzyna Wielgosz;604308055;;
Apartamenty BLUE SKY;695202122;;
Apartamenty Bolko;722000723;;
Apartamenty Bonerowska;607441106;;
Apartamenty BRZOZOWA;501527803;;
Apartamenty BRZOZOWA;501207555;;
Apartamenty BUKOWA w Wiśle Katarzyna Kopczyk;535200752;;
Apartamenty Bursztynowe Komnaty;600437013;;
Apartamenty Butorowy Wierch Zakopane;698334462;;
Apartamenty CAMEO Międzyzdroje;607611500;;
Apartamenty CAMEO Międzyzdroje;603252175;;
Apartamenty CARMEN Świeradów Zdrój;506114235;;
Apartamenty CARMEN Świeradów Zdrój;606480652;;
Apartamenty CENTRUM;505436108;;
Apartamenty CENTRUM;508224192;;
Apartamenty Centrum;603865940;;
APARTAMENTY CENTRUM;791866099;;
Apartamenty Centrum - F.H.U. Jukapol;(18)2066022;;
Apartamenty Centrum - F.H.U. Jukapol;602616161;;
Apartamenty Centrum MOTYLEM JESTEM;604969846;;
Apartamenty Centrum MOTYLEM JESTEM;531300044;;
Apartamenty CHEŁMNO;(56)6790605;;
Apartamenty CHEŁMNO;605765864;;
Apartamenty Comfort Magdalena i Wiesław Ziobro;601188882;;
Apartamenty Convallis;600258825;;
Apartamenty Convallis;600922039;;
Apartamenty CZYRNA;(33)8179392;;
Apartamenty CZYRNA;604514954;;
Apartamenty DALIA w Jagniątkowie;512430640;;
Apartamenty Darłowo;(67)3520760;;
Apartamenty Darłowo;(67)3520761;;
Apartamenty do Wynajęcia;608536312;;
APARTAMENTY Dom Daleko od Domu;604530832;;
Apartamenty DOMEK W KRATKĘ;605936876;;
Apartamenty DOMEK W KRATKĘ;602404908;;
Apartamenty DOMI;600894538;;
APARTAMENTY DOMINO;606255413;;
Apartamenty DOMINO;503123911;;
Apartamenty DRAGON;602445363;;
Apartamenty DUE PASSI;530202505;;
APARTAMENTY EDEN;726446889;;
Apartamenty Elegant;(12)4211894;;
Apartamenty Elegant;(12)4210099;;
Apartamenty Fala;609020109;;
Apartamenty Feniks;695336457;;
Apartamenty FORSTERHOUSE;606585419;;
Apartamenty FREGATA;507017350;;
Apartamenty FREGATA;602727280;;
Apartamenty Fulay;609558206;;
Apartamenty GALERIA;(22)8390856;;
Apartamenty GALERIA;606943438;;
Apartamenty GALERIA Jacek Tryjański;(12)3465686;;
Apartamenty GALERIA Jacek Tryjański;(12)3464529;;
Apartamenty GARBARY 53;537921753;;
Apartamenty GDAŃSKIE ULICZKI;517025691;;
Apartamenty GDAŃSKIE ULICZKI;(58)5208070;;
Apartamenty Gerlach i Łomnica;602231725;;
Apartamenty GIENIO;(18)2011127;;
Apartamenty GIENIO;608821818;;
Apartamenty Gościnne IDYLLA;727528116;;
Apartamenty GÓRSKA LEGENDA;(33)8150379;;
Apartamenty GÓRSKA LEGENDA;796123100;;
Apartamenty GÓRSKI POTOK;792144013;;
Apartamenty GÓRSKI POTOK;883205042;;
Apartamenty GRACJA;509288367;;
Apartamenty GRACJA;501798504;;
Apartamenty Grodzka 21;(12)4222436;;
Apartamenty Gruszczyńska;(61)8705521;;
Apartamenty Gruszczyńska;606424206;;
Apartamenty Grzybowo;602109150;;
Apartamenty HALLEROWO;501059838;;
Apartamenty HALLEROWO;504256018;;
Apartamenty HOLIDAY;503004665;;
Apartamenty HOLIDAY;502665628;;
Apartamenty HOLIDAY Apartament SPA Ciągłówka;509095990;;
Apartamenty Hotelowe Zgoda;(22)5536200;;
Apartamenty Hotelowe Zgoda;(22)5536100;;
Apartamenty i Komfortowe Pokoje CZTERY PORY ROKU;(55)2396056-57;;
Apartamenty i Komfortowe Pokoje CZTERY PORY ROKU;608270001;;
Apartamenty i Pokoje;503506684;;
Apartamenty i Pokoje Domino;(75)7677890;;
Apartamenty i Pokoje Domino;785485522;;
Apartamenty i Pokoje FIESTA;889485385;;
Apartamenty i Pokoje FIESTA;(58)6649561;;
Apartamenty i pokoje gościnne ALEX;(58)6734915;;
Apartamenty i pokoje gościnne ALEX;(58)6747000;;
Apartamenty i Pokoje Gościnne JOASIA;691952271;;
Apartamenty i Pokoje Gościnne WILLA SZTORM;665421127;;
Apartamenty i Pokoje GrAnt;(91)3863170;;
Apartamenty i Pokoje GrAnt;796529649;;
Apartamenty i Pokoje MATUSKA;(18)2074207;;
Apartamenty i Pokoje MATUSKA;693452242;;
Apartamenty i Pokoje nad Dunajcem;(18)2073265;;
Apartamenty i Pokoje nad Dunajcem;793108555;;
Apartamenty i Pokoje PORTOFINO;(59)8147151;;
Apartamenty i Pokoje PORTOFINO;(59)8147144;;
Apartamenty i Pokoje Strażnica;694281448;;
Apartamenty inTurs.net;124466771;;
Apartamenty Irena w Wiśle;600330162;;
Apartamenty Irena w Wiśle;604216738;;
Apartamenty IZABELA;(18)2066989;;
Apartamenty IZABELA;602127821;;
Apartamenty JADWIGA;(59)8442016;;
Apartamenty JADWIGA;502144110;;
Apartamenty JAN;(18)2014207;;
Apartamenty JAN;(18)2011032;;
Apartamenty JANTAR;(75)7172690;;
Apartamenty JANTAR;691117634;;
Apartamenty JAZZ;(61)6661245;;
Apartamenty JAZZ;(61)6661245;;
Apartamenty JEANETTE;509240740;;
Apartamenty Julia;606609191;;
Apartamenty Kalinowa I Apartament Nadmorska;601724867;;
Apartamenty Kamratowo;(33)8551043;;
Apartamenty Kamratowo;601815653;;
Apartamenty Kapitańskie;602534566;;
Apartamenty Karin;602622117;;
Apartamenty Karin;(22)2923708;;
Apartamenty KARKONOSZ;500227289;;
Apartamenty KARMEL Beata i Artur Zawadzcy;512121699;;
Apartamenty KARMEL Beata i Artur Zawadzcy;501139176;;
Apartamenty Kielce Anna Chmiel;693440585;;
Apartamenty Kołobrzeg;606758360;;
Apartamenty Kołobrzeg;608386755;;
Apartamenty Kołobrzeg;606317699;;
Apartamenty Komfort;517341338;;
Apartamenty Kopernika;609203601;;
Apartamenty Kościelisko;606933686;;
Apartamenty Kościelisko;602757687;;
Apartamenty KOŚCIELISKO;(72)2173086;;
Apartamenty Kraków;(12)4303614;;
Apartamenty Kraków;515124842;;
Apartamenty Krupówki;607662522;;
Apartamenty Krynica;508250422;;
Apartamenty Krynica;506154947;;
Apartamenty Krynickie;603555218;;
Apartamenty Leluja Stanisław Żygadło;(18)2001962;;
Apartamenty Leluja Stanisław Żygadło;608671267;;
Apartamenty LENA;605218092;;
Apartamenty LeVilla Iwona i Robert Lewalscy;660236073;;
Apartamenty LIMBA;(75)7172466;;
Apartamenty LIMBA;606113687;;
Apartamenty LOLA;697658648;;
Apartamenty LOLA;602192736;;
Apartamenty Łunowo;609616596;;
Apartamenty M&M;(18)2013890;;
Apartamenty M&M;504032580;;
Apartamenty Malinowa Chata;(33)8176918;;
Apartamenty Malinowa Chata;691277264;;
Apartamenty MARJO;(18)2070064;;
Apartamenty MARJO;660775654;;
Apartamenty MARTA;607452704;;
Apartamenty MARTA;537823068;;
Apartamenty MARTA;694467923;;
Apartamenty MARTYNKA;(94)7323116;;
Apartamenty MARTYNKA;600896564;;
Apartamenty MEDUZY;504272964;;
Apartamenty MEDUZY;504239636;;
Apartamenty MIESZKO w Poddąbiu;605047147;;
Apartamenty MIESZKO w Poddąbiu;601643670;;
Apartamenty MILA;691918599;;
APARTAMENTY MILLENIUM;(13)4361454;;
APARTAMENTY MILLENIUM;(13)4361455;;
Apartamenty Miodowe;(12)4294207;;
Apartamenty Miodowe;603621880;;
Apartamenty Miranda;(74)8663585;;
Apartamenty Miranda;502238246;;
Apartamenty MIRAŻ;698751398;;
Apartamenty MŁYN NAD FLISEM;502337824;;
Apartamenty MŁYN NAD FLISEM;513625868;;
Apartamenty Molus;606383563;;
Apartamenty Molus;606380365;;
Apartamenty MOTYL;(18)2000078;;
Apartamenty MOTYL;608773680;;
Apartamenty MTP;(61)8656992;;
Apartamenty MTP;513179800;;
Apartamenty Muminki;502364441;;
Apartamenty na Gdańskiej Starówce;502749833;;
Apartamenty na Gdańskiej Starówce;508096221;;
Apartamenty na Helu;601915597;;
Apartamenty Na Krótkiej;661299500;;
Apartamenty Na Skale;(18)2621379;;
Apartamenty Na Skale;604430003;;
Apartamenty na Starówce;505018343;;
Apartamenty na Wydmie;601833150;;
Apartamenty na Wydmie;503896609;;
Apartamenty Na Wydmie;600311850;;
Apartamenty NA WYDMIE;(59)8420979;;
Apartamenty NA WYDMIE;508366661;;
Apartamenty na Wynajem w Centrum Gdańska;507635000;;
Apartamenty na Wynajem w Centrum Gdańska;603642050;;
Apartamenty NAD CZARNYM POTOKIEM;502598879;;
Apartamenty NAD CZARNYM POTOKIEM;(14)6792422;;
Apartamenty NAD DUNAJCEM Krystyna Mastalska;668152027;;
Apartamenty NAD DUNAJCEM Krystyna Mastalska;(18)2621118;;
Apartamenty Nad Grajcarkiem;(18)2622748;;
Apartamenty Nad Grajcarkiem;785187884;;
Apartamenty NAD ŁOMNICZKĄ;502557878;;
Apartamenty Nad Morzem;(61)8499891;;
Apartamenty Nad Morzem;692438249;;
Apartamenty nad Morzem - Vip & Exclusive;511100133;;
Apartamenty nad Morzem - Vip & Exclusive;500088163;;
Apartamenty Nad Rzeką;(18)3330057;;
Apartamenty Nad Rzeką;602736052;;
Apartamenty Nad Strumykiem;500499479;;
Apartamenty nad Wisłą;(33)8525173;;
Apartamenty nad Wisłą;535018665;;
Apartamenty Nad Wisłą;606585602;;
Apartamenty NIKA;602377667;;
Apartamenty Noclegowy Kraków FHU BERSO;510073040;;
Apartamenty Noclegowy Kraków FHU BERSO;694877465;;
Apartamenty Nocny Kraków;694149723;;
Apartamenty Numer 6;669289900;;
Apartamenty Numer 6;(81)4797952;;
Apartamenty Oberża Sąsiadów;(12)6333444;;
Apartamenty Oberża Sąsiadów;(12)4220442;;
Apartamenty ODYS;508095196;;
Apartamenty ODYS;519160040;;
Apartamenty OLIMP;(58)3500422;;
Apartamenty OLIMP;888400222;;
Apartamenty OLYMPIC PARK;604577846;;
APARTAMENTY ORLA;507135874;;
Apartamenty ORŁÓWKA;600354685;;
Apartamenty ORŁÓWKA;604630030;;
Apartamenty ORNOWSKI;(59)8422170;;
Apartamenty ORNOWSKI;602311274;;
Apartamenty Panorama Kościelisko;(18)5213850;;
Apartamenty Paradis;(12)4216612;;
Apartamenty Paradis;501326307;;
APARTAMENTY PARK;(59)8149936;;
APARTAMENTY PARK;606487434;;
Apartamenty Park;502600431;;
Apartamenty PARK ZDROJOWY;881531899;;
Apartamenty PARKOWE;795549235;;
Apartamenty PATIO;(58)3054431;;
Apartamenty PATIO;(58)7107146;;
Apartamenty PAULINA;606173461;;
Apartamenty PIONOW;504510510;;
Apartamenty Piotrkowska 114;(42)6320593;;
Apartamenty Piotrkowska 114;660499349;;
Apartamenty PLATAN;501096731;;
Apartamenty PLAŻOWA;510065175;;
Apartamenty POD BARANAMI ADAM ŻYLUK;(18)2015333;;
Apartamenty POD BUKSZPRYTEM;505441637;;
Apartamenty POD BUKSZPRYTEM;508635220;;
Apartamenty POD CZUPRANĄ;501252135;;
Apartamenty Pod Dębem;601644627;;
Apartamenty Pod Kosarkami;694289354;;
Apartamenty Pod Lipą;601644627;;
Apartamenty pod Mrągowem Robert Daniszewski;603337888;;
Apartamenty pod Soszowem;511246041;;
Apartamenty pod strzechą Czernihówka;(58)6873026;;
Apartamenty pod strzechą Czernihówka;602633543;;
Apartamenty pod Śnieżnikiem;(74)8142910;;
Apartamenty pod Śnieżnikiem;603206084;;
Apartamenty POD WAWELEM;602414401;;
Apartamenty POD WAWELEM;(12)4211160;;
Apartamenty Pod Wyciągiem;(74)8860962;;
Apartamenty Pod Wyciągiem;603999696;;
Apartamenty Podwierchami.pl;794246023;;
Apartamenty Podwierchami.pl;601867059;;
Apartamenty Pokoje COLUMBUS 2000;(94)3142439;;
Apartamenty Pokoje COLUMBUS 2000;(94)3140036;;
APARTAMENTY POŁONINY;(18)2621552;;
APARTAMENTY POŁONINY;513337808;;
Apartamenty Pomarańczarnia;(61)8534457;;
Apartamenty Pomarańczarnia;(61)8552353;;
Apartamenty Poznań Damian Rożek;516119977;;
Apartamenty Poznań Damian Rożek;508355389;;
APARTAMENTY PREMIUM W SZCZAWNICY Nieruchomości-Inwestycje E.Nowobilski Sp.j.;501007566;;
APARTAMENTY PREMIUM W SZCZAWNICY Nieruchomości-Inwestycje E.Nowobilski Sp.j.;509059969;;
Apartamenty PRIMA;(91)3862447;;
Apartamenty PRIMA;693868069;;
Apartamenty PRIMO;511111580;;
Apartamenty PROMENADA;609555491;;
Apartamenty PROMENADA;601696683;;
Apartamenty Przy Plaży;(94)3542800;;
Apartamenty Przy Plaży;(94)3522601;;
Apartamenty PRZY POTOKU;607114110;;
Apartamenty Przy Promenadzie Portowe.pl;694407583;;
Apartamenty Przy Promenadzie Portowe.pl;602267024;;
Apartamenty RED BRICK;(12)6286600;;
Apartamenty RED BRICK;(12)6286620;;
Apartamenty RENESANS;502522803;;
Apartamenty RENESANS;502281445;;
Apartamenty Rodzinne;607655606;;
Apartamenty Rodzinne A.B. ZAŁĘCCY;(59)8142624;;
Apartamenty Rodzinne A.B. ZAŁĘCCY;605340303;;
Apartamenty Rodzinne PTYŚ;(18)2070922;;
Apartamenty Rodzinne PTYŚ;602489507;;
Apartamenty RÓŻA WIATRÓW;604532827;;
Apartamenty RÓŻA WIATRÓW;604864865;;
APARTAMENTY RUDINE;501122032;;
APARTAMENTY RUDINE;505144399;;
Apartamenty Rudy Kot;504350300;;
Apartamenty Rybak 3;(12)3964708;;
Apartamenty Rybak 3;783368006;;
Apartamenty Sedinum;510646667;;
Apartamenty Senatorskie;(81)5276882;;
Apartamenty Senatorskie;(81)5276883;;
Apartamenty Silver Point;534846424;;
Apartamenty SŁONECZNY i ZIELONY;501075459;;
Apartamenty Słoneczny Stok;797405415;;
Apartamenty Słupczyński;500804300;;
Apartamenty Słupczyński;500814300;;
Apartamenty SMĘTEK Ryszard Wiecheć;(87)6211453;;
Apartamenty SOLAR;(33)8579290;;
Apartamenty SOLAR;(33)8579291;;
Apartamenty SREBRNA;(32)4483420;;
Apartamenty SREBRNA;601558005;;
Apartamenty Srebrny ŚWIERK Marcin Stefański;503485507;;
Apartamenty Srebrny ŚWIERK Marcin Stefański;609676877;;
Apartamenty Stegna;533-777-907;;
Apartamenty STRZELEC;513712027;;
Apartamenty SUPPORT;509215501;;
Apartamenty SUPPORT;667511361;;
Apartamenty Szczawno-Zdrój;698668947;;
Apartamenty SZLAK;510276406;;
Apartamenty SZLAK;(12)6334124;;
Apartamenty ŚNIEŻKA;(74)8660435;;
Apartamenty ŚNIEŻKA;728494071;;
Apartamenty Świnoujście;691875676;;
Apartamenty Świnoujście;(91)8812841;;
Apartamenty Świnoujście;(91)3224749;;
Apartamenty Świnoujście;(91)8821371;;
Apartamenty Świnoujście Green Park;606984307;;
Apartamenty TAMARIS;510149407;;
Apartamenty TATRA VIEW;603091780;;
Apartamenty TATRA VIEW;601588181;;
Apartamenty Tatry;(18)2012411;;
Apartamenty Tatry;504636626;;
Apartamenty Tomcio Paluch;(94)3544554;;
Apartamenty Tomcio Paluch;664251043;;
Apartamenty TORUŃ;502532414;;
Apartamenty TRZY ŻAGLE;603169338;;
APARTAMENTY U ANI;601828678;;
Apartamenty U Bodzia;502207327;;
Apartamenty U Bodzia;504119111;;
Apartamenty U BOGUMIŁÓW;601767760;;
Apartamenty U DOROTKI;507058220;;
Apartamenty U DZIKA;880606164;;
Apartamenty u Giewonta;(18)2015503;;
Apartamenty u Giewonta;604161619;;
Apartamenty U JACKA;795861506;;
Apartamenty U KOWALA;(18)2622845;;
Apartamenty U KOWALA;602116271;;
APARTAMENTY U MŁODYCH;604783918;;
APARTAMENTY U MŁODYCH;660781420;;
Apartamenty UROCZY ZAKĄTEK;604405203;;
Apartamenty Usteckie;501476209;;
Apartamenty Usteckie;(59)8421531;;
Apartamenty Ustroń;604581109;;
Apartamenty VASCO DA GAMA;796285667;;
Apartamenty Velvet;606888800;;
Apartamenty VELVET;606888800;;
Apartamenty Verdi;501575852;;
Apartamenty VILLA MONTANIA;502688141;;
Apartamenty VIVA TATRY;666666543;;
Apartamenty w Centrum Zakopanego;696363700;;
Apartamenty w Dolinie Krokusów Anna i Tomasz Kałuża;662041009;;
Apartamenty w Hiszpanii;509867321;;
Apartamenty w Kołobrzegu Dariusz Szymański;(94)7173802;;
Apartamenty w Kołobrzegu Dariusz Szymański;509560425;;
Apartamenty w Krynicy-Zdroju WILLA EWA;504147599;;
Apartamenty w Krynicy-Zdrój;513080062;;
Apartamenty w Pensjonacie Na Dzielcu;(33)8556599;;
Apartamenty w Pensjonacie Na Dzielcu;606323767;;
Apartamenty w Pieninach;608536008;;
APARTAMENTY w Pobierowie;607920064;;
Apartamenty w Pobierowie;733052259;;
Apartamenty w Sercu Starego Miasta-Kraków Szymon Ziobrowski;(12)4302167;;
Apartamenty w Sercu Starego Miasta-Kraków Szymon Ziobrowski;(12)4310809;;
Apartamenty w Stargardzie Szczecińskim;(91)5737472;;
Apartamenty w Stargardzie Szczecińskim;790486682;;
Apartamenty W STARYM KINIE;516705176;;
Apartamenty w Świnoujściu NAUTILUS;(91)3224050;;
Apartamenty w Świnoujściu NAUTILUS;500001339;;
Apartamenty w Toruniu;608232811;;
Apartamenty WIDOK;794655210;;
Apartamenty Willa BARWY MORZA - noclegi domki w Rowach;502681571;;
Apartamenty Willa BARWY MORZA - noclegi domki w Rowach;694312315;;
Apartamenty Willa ZAWADÓWKA;602232407;;
Apartamenty Wisła;(33)8551672;;
Apartamenty Wisła;733006949;;
Apartamenty WIŚNIOWY ZAKĄTEK;(32)4483420;;
Apartamenty WIŚNIOWY ZAKĄTEK;601558005;;
Apartamenty Wygodny;606142226;;
Apartamenty Wypoczynkowe;604625755;;
Apartamenty Yourplace.pl;(12)2629748;;
Apartamenty Yourplace.pl;605589669;;
Apartamenty z Klasą;504670219;;
Apartamenty z Widokiem Na Morze;(58)3508465;;
Apartamenty z Widokiem Na Morze;(58)7421708;;
Apartamenty ZA REGĄ;510290765;;
Apartamenty ZAKOPANE Michał Marszałek;505129227;;
Apartamenty Zakopane Rene Studio;601505325;;
Apartamenty Zakopane Rene Studio;693126733;;
Apartamenty Zakopanego Bogusław Krysiński;602505887;;
Apartamenty ZAMKOWA;(18)4426100;;
Apartamenty ZAMKOWA;604433885;;
Apartamenty Zdrojowa;609691228;;
Apartamenty ZIELONY DOM;730459915;;
Apartamenty ZIELONY DOMEK;664178723;;
Apartamenty ZOFIA;692487136;;
Apartamenty ŻABCIA;607750254;;
Apartamenty Żagań Sp. z o.o.;691230321;;
Apartamenty Żagań Sp. z o.o.;661939520;;
Apartamenty-Domki LAZUR;(94)3165858;;
Apartamenty-Domki LAZUR;509123391;;
APARTAMENTY-Jastrzębi Dworek;606243689;;
APARTAMENTY-Jastrzębi Dworek;513037063;;
Apartamenty-Pokoje NAD POTOKIEM;(75)7616264;;
Apartamenty-Pokoje NAD POTOKIEM;510172753;;
Apartamenty, Pokoje Gościnne Hotel RUBENS;(12)4235834;;
Apartamenty, Pokoje Gościnne, BAR GrilLand;605361588;;
Apartamenty, Pokoje Gościnne, BAR GrilLand;603744742;;
Apartamenty, Pokoje Pod Filarkami;(12)6327000;;
Apartamenty, Pokoje Pod Filarkami;604114810;;
Apartamenty,Pokoje DOMINO;504154152;;
Apartamenty,Pokoje DOMINO;504154147;;
apartamenty.sopot.pl Sp. z o.o.;665665465;;
ApartamentyChorwacja.eu;507120754;;
Aparthotel Bellamonte;(18)2012392;;
Aparthotel Bellamonte;(18)2011268;;
Aparthotel KROKUSY;(18)2000009;;
Aparthotel KROKUSY;513055075;;
Aparthotel LOFTY W PIECOWNI;(54)2312047;;
Aparthotel LOFTY W PIECOWNI;502311202;;
ApartHotel Mieszkania do Wynajęcia;(52)3737736;;
ApartHotel Mieszkania do Wynajęcia;512490080;;
Aparthotel MIODOWA - EKO-TEST Szczakowa Sp. z o.o.;(12)4467130;;
Aparthotel Pergamin;(12)6309165;;
Aparthotel POLANICA;537659102;;
ApartHotel REALE;729472106;;
ApartHotel REALE;(12)4447517;;
Aparthotel TWOJE MIEJSCE - WILLA GÓRALSKA - The BrandBP Force Sp. z o.o.;532506506;;
Aparthotel VANILLA;(12)3540150-51;;
Aparthotel VANILLA;(12)3540152;;
ApartHouse Wynajem Apartamentów;(+48)508495923;;
ApartHouse Wynajem Apartamentów;(71)3397559;;
Apartinfo Gustinelli Antoń Sp.j.;500310306;;
Apartinfo Gustinelli Antoń Sp.j.;(58)7685825;;
APARTING Sp. z o.o.;514466476;;
Apartment Gdańsk Tomek Chańko;605299111;;
Apartment House BALTIC STAR;798349673;;
Apartment House BALTIC STAR;514174965;;
Apartment4you S.c.;(22)3732626;;
Apartment4you S.c.;510412444;;
Apartments & Hostel KOS;695368922;;
Apartments Travel;(61)8468017;;
APARTMENTS WROCŁAW;(71)3241483;;
Apartments4rent;(61)6502984;;
Apartments4rent;(61)6502985;;
APARTMENTS4U.PL Sp. z o.o.;(22)1006323;;
APARTMENTS4U.PL Sp. z o.o.;(22)1001398;;
ApartNet Wynajem Apartamentów i Mieszkań Wakacyjnych;694470492;;
ApartNet Wynajem Apartamentów i Mieszkań Wakacyjnych;(91)3507300;;
ApartRent Wynajem Apartamentów w Zakopanem;693110660;;
ApartRent Wynajem Apartamentów w Zakopanem;609606868;;
Aparts Bed&Breakfast;(42)2035881;;
Aparts Bed&Breakfast;880000801;;
Aparts Lodz Łódeczka;(42)2886666;;
Aparts Lodz Łódeczka;601222025;;
APARTSERWIS-Wynajem Apartamentów;600181018;;
Apatrament TOMULA Puck;502294960;;
Apatrament TOMULA Puck;504187157;;
APE Bernadeta Pujszo;692400081;;
APE Bernadeta Pujszo;604228822;;
Aravel Apartamenty;(71)7351631;;
Arka Medical Spa;601887990;;
Art Apartments;(12)4456264;;
Art Apartments;501006949;;
ARTIS Apartament i Pokój z Łazienką;(18)2014281;;
ARTIS Apartament i Pokój z Łazienką;601505602;;
Asti Apartamenty;669559668;;
Asti Apartamenty;731900420;;
ASTUR Krzysztof Lasocki;(12)4222869;;
ASTUR Krzysztof Lasocki;501449843;;
ATRIUM Apartamenty;604520000;;
ATRIUM Apartamenty;(94)3409440;;
ATRIUM APARTAMENTY;(94)3409440;;
AURORA Apartamenty;608069602;;
AURUM SOPOT Apartament do Wynajęcia;791774640;;
AURUM SOPOT Apartament do Wynajęcia;792022553;;
AURUM WILLA;(32)2536600;;
AURUM WILLA;501779807;;
AVILLA Apartamenty nad Morzem;512184127;;
AVILLA Apartamenty nad Morzem;600400359;;
BABKA TOWER SUITES;(22)6373273;;
BABKA TOWER SUITES;(22)6373260;;
BAJKOWA PLAŻA;600059199;;
BALTIC CLIFF Apartments Spa&Wellness;532289940;;
BALTIC CLIFF Apartments Spa&Wellness;(91)5065600;;
Baltic Home S.c.;(91)3274994;;
BALTIC RESORT;503120675;;
BALTIC RESORT;602681619;;
Baltica Apartments;791812346;;
BaltykZaOknem.pl;605532000;;
Bałtyk Park Hotel i Apartamenty Kołobrzeg;665100800;;
Bałtyk Park Hotel i Apartamenty Kołobrzeg;(94)3522080;;
BARWY LATA;504444038;;
BAŻANCIA CHATKA;888656858;;
Bei Manny;504655659;;
BELLIS;510304024;;
Belvedere Residence Apt.13;798105184;;
BIAŁY DOMEK;505154641;;
Biuro Apartments4you.eu;(22)2246322;;
Biuro Apartments4you.eu;500333668;;
Biuro Usług Turystycznych HOLIDAY;(94)7111575;;
Biuro Usług Turystycznych HOLIDAY;502968107;;
BLUE MARINE;530144511;;
BLUE MARINE;(94)3556066;;
BLUE MARLIN;506017436;;
BLUE MARLIN;519350040;;
BlueBells Apartaments;(12)4210660;;
BlueBells Apartaments;(12)4266260;;
BMG-Apartamenty;668782246;;
Bog-Mar Apartamenty SPA;(94)3522714;;
Bog-Mar Apartamenty SPA;668693474;;
BOUTIQUE Aparthotel & Apartments;662099640;;
BOUTIQUE Aparthotel & Apartments;602742756;;
BUBAS S.c.;601779867;;
BUBAS S.c.;(42)2270700;;
BUDiNOR Sp. z o.o.;(32)4504600;;
BUDiNOR Sp. z o.o.;607662522;;
BUTOROWY DWÓR;(18)2015923;;
BUTOROWY DWÓR;500728860;;
Capital Apartments;(22)6353838;;
Capital Apartments;(22)6359314;;
CASSINO APARTMENTS;796900940;;
CASSINO APARTMENTS;601279666;;
CENTRAL APARTMENT;530464585;;
Centrum Rezerwacji Noclegów RESERVON;507048857;;
Centrum Rezerwacji Noclegów RESERVON;884905685;;
Ceprownia Apartamenty;608360022;;
CHARISMA APARTAMENT;691961029;;
CHATA-ISTEBNA;503518530;;
CHATA-ISTEBNA;508267300;;
CHATKA PIWNICZAŃSKA;696257781;;
Chaty na Gubałówce;601533560;;
Cichy Zakątek;668543080;;
City Apartments;(22)8758560;;
City Apartments;536987926;;
CityArt Agnieszka Sobczuk-Kolińska;509824992;;
CityCenterApartments;(22)3732357;;
CityCenterApartments;(22)3988669;;
Columbus;(59)8141999;;
Columbus;(59)8141944;;
Comfort Suites-Apartamenty;609130713;;
Condohotels Group Sp. z o.o.;(89)6422222;;
Condohotels Group Sp. z o.o.;509191931;;
CORNER HOUSE;506992700;;
CRYSTAL SUITES;(12)6342206;;
CRYSTAL SUITES;(12)6342207;;
Dial World Exchange Polska Sp. z o.o.;(12)6309898;;
Dial World Exchange Polska Sp. z o.o.;602195323;;
Dizzy Daisy Downtown Apartments;(12)2920171;;
Dizzy Daisy Downtown Apartments;(12)3987812;;
DOM AKTORA Pokoje i Apartamenty;(58)3015901;;
DOM AKTORA Pokoje i Apartamenty;(58)3016193;;
DOM BAWARIA - Apartament ALPEJSKI;512363498;;
Dom Gościnny JANTAR;502505512;;
Dom Gościnny PRZY CESARSKIM TRAKCIE;(33)8141625;;
Dom Gościnny PRZY CESARSKIM TRAKCIE;(33)8141620;;
Dom Książki Sp. z o.o. Szczecin - EKSLIBRIS APARTAMENTY;510555150;;
Dom Książki Sp. z o.o. Szczecin - EKSLIBRIS APARTAMENTY;604254444;;
Dom Letniskowo-Wypoczynkowy Apartamenty MAŁGOSIA;722064808;;
Dom na Wzgórzu;(74)8115451;;
Dom na Wzgórzu;512078015;;
Domek Apartamenty SIMONKA;(33)8728846;;
Domek Apartamenty SIMONKA;669118280;;
DOMEK NA SKALE Apartamenty;667026300;;
DOMEK NA SKALE Apartamenty;609372041;;
Domki i Apartamenty nad morzem w Poddąbiu;(22)7852163;;
Domki i Apartamenty nad morzem w Poddąbiu;(22)7756948;;
DOMOTEL TM Apartamenty;(44)7884307;;
DOMOTEL TM Apartamenty;507581699;;
Dream V Rentflat.pl;(22)4659135;;
Dream V Rentflat.pl;(22)4659475;;
DreamZone;(81)7107847;;
DreamZone;669579775;;
DUVAL Serviced Apartments;(22)8319104;;
DUVAL Serviced Apartments;608679346;;
Dworek Tarnowski;(54)2834167;;
Dworek Tarnowski;607768533;;
E-apartamenty;669760313;;
E-apartamenty;(61)6223927;;
EFEKT Joanna Kapitanowicz APARTAMENT 19;(71)7181577;;
EFEKT Joanna Kapitanowicz APARTAMENT 19;608258074;;
Elżbieta Margas-Dzwonnik ROBELADA;505091554;;
Engel East Europe;(22)4336930;;
Engel East Europe;(22)4336931;;
Euro Dom Service;514914814;;
Euro Dom Service;518958058;;
Euro Residence;(32)6084252;;
Euro Residence;(32)6084256;;
EUROMAX - Luksusowe Apartamenty w Sarbinowie;603103408;;
EWA MARIA - komfortowe pokoje i apartamenty;(58)6747907;;
EWA MARIA - komfortowe pokoje i apartamenty;691574493;;
Exclusive Apartments-EXCLUSIVE WORLD Sp. z o.o.;(71)7237155;;
Exclusive Apartments-EXCLUSIVE WORLD Sp. z o.o.;(71)7503261;;
F.H.U. JM Apartamenty;508056057;;
Fair Apartments;(61)8550134;;
Fair Apartments;600968325;;
FAMILY TRAVEL S.c. Góralska Zagroda GAZDÓWKA;(42)6542818;;
FAMILY TRAVEL S.c. Góralska Zagroda GAZDÓWKA;791007999;;
FANCY HOUSE Pokoje Gościnne;660750916;;
FANCY HOUSE Pokoje Gościnne;(61)6229810;;
FH ALAMO Sp.j.;(22)8685091;;
FH ALAMO Sp.j.;(22)2502279;;
FHM Sp. z o.o. Forum House Management;(12)4232109;;
FHM Sp. z o.o. Forum House Management;(12)4232033;;
FineApartment.pl - Komfortowe Apartamenty BUSINESS CLASS;(12)6313250;;
FineApartment.pl - Komfortowe Apartamenty BUSINESS CLASS;(12)6313251;;
Firma Usługowa KWATEWA;(94)3529517;;
Firma Usługowa KWATEWA;604262542;;
Floriańska 33 Guest Rooms;(12)4262606;;
Friendly Inn Apartments;662383079;;
Friendly Inn Apartments;(32)7202654;;
FULINOWO - Apartamenty Kuźnica;(58)7664946;;
Furion Sp. z o.o. Właściciel serwisu JustNIGHT.pl;512469209;;
Furion Sp. z o.o. Właściciel serwisu JustNIGHT.pl;512469207;;
GAZDA Apartamenty i Pokoje;(75)7619506;;
GAZDA Apartamenty i Pokoje;603383218;;
Gdańskie Kwatery Apartamenty;605591828;;
Gedanum Leo;665600644;;
GLAM HOUSE - Rooms & Apartments;507182800;;
GLAM HOUSE - Rooms & Apartments;(61)8162745;;
Gościniec Darłowo;(94)3144350;;
Gościniec Darłowo;606275500;;
Góral Poleca;(18)5213949;;
GRAND APARTMENTS;510510994;;
Great Point Apartment;(12)4113609;;
Grodzka 4 Apartments;(12)4214835;;
Grodzka 4 Apartments;660541085;;
Grześna Chata;(18)2654142;;
HACJENDA Apartamenty & Pokoje Gościnne;(18)2077818;;
HACJENDA Apartamenty & Pokoje Gościnne;781711438;;
HARMONICA STUDIO;(18)4488088;;
HARMONICA STUDIO;501266888;;
Hasir Marcin SYLKA;600874874;;
Hetman Roma Byczyna-Przedsiębiorstwo Agroturystyczne;(77)4135582;;
Hetman Roma Byczyna-Przedsiębiorstwo Agroturystyczne;501388798;;
HOME & TRAVEL;(42)6338080;;
HOME & TRAVEL;(42)6338010;;
Horyzont Apartamenty z Widokiem;795000832;;
Hotel Spa Dom Zdrojowy Apartament Złota Plaża;606130120;;
Hotel**** Dom Zdrojowy SPA Apartament 339,359;608067434;;
HOTELARZ;507179977;;
Imperial Apartments;535585055;;
IN Apartments;530999111;;
IRS ROYAL APARTMENTS;500207349;;
J.W. Apartments;(22)7832561;;
J.W. Apartments;501203447;;
JANÓWKA Apartamenty;668510444;;
JANÓWKA Apartamenty;(18)2000042;;
JARMEX Sp. z o.o. Sp.komandytowa;511000660;;
JD APARTAMENTY Janina Dąbrowska;605297060;;
JD APARTAMENTY Janina Dąbrowska;790300264;;
JĘDRUŚ I MARYSIA Apartament;602632368;;
JĘDRUŚ I MARYSIA Apartament;608496931;;
JM Apart Hotel;(22)2788888;;
JM Apart Hotel;(22)4558550;;
Joanna Sękowska-Toma-Apartamenty;(58)3202397;;
Joanna Sękowska-Toma-Apartamenty;667957755;;
Julpatex Bałtyk Park;607084784;;
JURATA;609422422;;
JURATA;601451271;;
KAMARGO;501174820;;
KAMIENICA MUZYKÓW;500727555;;
KAMIENICA OGRODOWA Jolanta i Waldemar Kaszubowscy;(58)5507000;;
KAMIENICA OGRODOWA Jolanta i Waldemar Kaszubowscy;603991336;;
KANTAL - Apartamenty Gdynia Sea Towers & Apartamentowiec Helski;504003639;;
KAZIMIERZ APARTMENTS;600341704;;
KAZIMIERZ APARTMENTS;607770020;;
Kazimierz`s Secret Apartments;(12)4280115;;
Kazimierz`s Secret Apartments;(12)4280125;;
KOMFORT-Apartamenty;(87)6446935;;
KOMFORT-Apartamenty;669460486;;
Komfortowe Apartamenty GRAŻYNA;(75)7173484;;
Komfortowe Apartamenty GRAŻYNA;695605006;;
Komfortowe Mieszkania w Sopocie Anna i Maciej Jęczmyk;504007123;;
Komfortowy Apartament Gdynia-Witawa;510648572;;
Kompleks Mieszkaniowy PONIK;(91)3877125;;
Kompleks Mieszkaniowy PONIK;506152892;;
Końska Dolina - Gospodarstwo Astir;(18)3516174;;
Końska Dolina - Gospodarstwo Astir;(18)3516178;;
KORDECZKI Apartamenty i Pokoje;507000548;;
KORDECZKI Apartamenty i Pokoje;601417987;;
Kos Apartments;515050565;;
KOŚCIELISKO RESIDENCE Apartments & Spa;606603553;;
Krakow City Apartments;(12)4310041;;
Krakow City Apartments;504235925;;
Krakowskie Apartamenty STARE PODGÓRZE;(12)3984261;;
Krakowskie Apartamenty STARE PODGÓRZE;508972457;;
Królewska Apartment;798651736;;
Królewska Apartment;(22)3781230;;
Kwatery Dla Firm RZEPKA;608627066;;
LATO W GDYNI;662257543;;
LAWER Apartamenty nad Morzem;(91)3862930;;
LAWER Apartamenty nad Morzem;(91)3862759;;
LeoApart;(71)3307121;;
LeoApart;(71)7234285;;
LeoApart Apartamenty we Wrocławiu;(71)3307121;;
LeoApart Apartamenty we Wrocławiu;509508491;;
Leśne Apartamenty;883113223;;
Leśne Apartamenty;601724896;;
Lido Apartments & Spa;(94)7192200;;
Lido Apartments & Spa;608921901;;
LikeLink S.c. Apartamenty Zakopane;506000158;;
LIMBA APART HOUSE;796533515;;
LOLA Apartament 21;(22)6698140;;
LOLA Apartament 21;728361770;;
LOQUM;501519836;;
LOQUM;(22)8322271;;
LOS REYES;609137480;;
Lublin Apartament;722179035;;
LUKSUS APARTAMENTY MARIACKA;690894777;;
LUKSUS APARTAMENTY MARIACKA;661921488;;
Luksusowa Willa Krystyna;(75)7172808;;
Luksusowa Willa Krystyna;600790850;;
Luksusowe Apartamenty AESTHETICA;793233368;;
Luksusowe Apartamenty Krynica Zdrój;796801604;;
Luksusowy Apartament;601676547;;
Luksusowy Apartament Blisko Morza;604191022;;
Luksusowy Domek Góralski SZAŁAS JANIKÓWKA;693539777;;
Luksusowy Domek Góralski SZAŁAS JANIKÓWKA;791701791;;
Lusksusowy Apartament;728790945;;
Lusksusowy Apartament;515997557;;
LUX APARTMENT SOPOT;515106020;;
MALACHIT Apartamenty;514516515;;
MALACHIT Apartamenty;(91)3220830;;
Malina Apartments;600011101;;
Malina Apartments;600011102;;
Mapartamenty;505096610;;
MARIA APARTAMENTY;501733177;;
MARINA HOUSE;500283397;;
MARINA JASTRZĘBIA GÓRA;606766996;;
MARINA JASTRZĘBIA GÓRA;668666444;;
Marina Royale;(94)3421985;;
Marina Royale;604558100;;
MARITIM Apartamenty;(91)3864922;;
MARITIM Apartamenty;664051944;;
Markowy Apartament;784413407;;
MERITUM Sp. z o.o.;513303303;;
MERITUM Sp. z o.o.;505076599;;
Michael i Manhattan Apartamenty;608522065;;
Michael i Manhattan Apartamenty;601722934;;
Michał Cybul;537666811;;
MiedzyzdrojeUrlop.pl Apartamenty w Międzyzdrojach;608365704;;
MiedzyzdrojeUrlop.pl Apartamenty w Międzyzdrojach;(91)3281817;;
MIESZKANIE Centrum Gdyni;607976914;;
Mikołajki Apartamenty;(87)4273885;;
Mikołajki Apartamenty;608444658;;
MIŁE MIESZKANKO;602345065;;
Mini Apartamenty Trzy Kafki;(12)6324856;;
Mini Apartamenty Trzy Kafki;502061783;;
MODERION APARTMENTS;(71)3375732;;
MODERION APARTMENTS;888250888;;
Monte Cassino De Luxe;(58)5557777;;
Monte Cassino De Luxe;531540633;;
Morska Kraina;606409114;;
Morska Kraina;(58)6735032;;
MORSKA OSTOJA Apartamenty Rodzinne;512525454;;
Natura Resort;(61)8661482;;
Natura Resort;515666233;;
NOCE I DNIE Apartamenty i Pokoje;(81)8810510;;
NOCE I DNIE Apartamenty i Pokoje;602681609;;
NOCE-KRAKOW.pl;502274557;;
Nocleg w Łodzi-NoclegwLodzi.pl;605270104;;
NOCLEGI - Małgorzata Kowalczyk;(18)2650303;;
Noclegi Kraków;509650550;;
Noclegi Mazury - Willa Margaret;601628071;;
Noclegi Mazury - Willa Margaret;509069540;;
Noclegi w Gdyni Mieszkania Wakacyjne;606232187;;
NORDA Borys Bartkowiak;884804084;;
NORDA Borys Bartkowiak;601778447;;
Nova Apartamenty;603785714;;
Nova Apartamenty;601946085;;
Oaza Zakopane;608678595;;
Oaza Zakopane;698088862;;
OFFICEMEDIA S.c.;(22)6368699;;
OFFICEMEDIA S.c.;(22)2128788;;
Old City Apartments;606941483;;
OLD TOWN Apartments Poland S.c.;662100930;;
OLYMPIC APARTAMENT a205;514653345;;
Osada MAGURY;(13)4937444;;
Osada MAGURY;602720420;;
OSADA OJCÓW Sp. z o.o.;664423588;;
P.H.U. BARTON;(91)3211155;;
P.H.U. BARTON;695984827;;
Pacco Apartments;(12)4110186;;
Pacco Apartments;698841841;;
Palace Apartments Kraków;723004744;;
Perfect Hotels Sp. z o.o.;(12)6309165;;
Perfect Hotels Sp. z o.o.;(12)4303303;;
PERLI;500727118;;
PLAC RYBAKÓW INN Pokoje & Apartamenty;508608215;;
Platinum 24;604109345;;
Platinum 24;603628880;;
PLATINUM Aparthotel;882356459;;
POD CHYBOTKIEM;(75)7173332;;
POD CHYBOTKIEM;607837759;;
Pod Szczupakiem;604170045;;
Pod Szczupakiem;(94)3757551;;
Pokoje - Apartamenty Złota 13;(58)7742606;;
Pokoje - Apartamenty Złota 13;601639429;;
Pokoje & Apartamenty JAŚMIN;601869635;;
Pokoje Gościnne BARON;(18)2012714;;
Pokoje Gościnne BARON;661253159;;
Pokoje Gościnne i Apartamenty MORENA;(58)6747365;;
Pokoje Gościnne i Apartamenty MORENA;692537972;;
Pokoje Gościnne, Apartamenty Dobry Sen;(22)8156074;;
Pokoje Gościnne, Apartamenty Dobry Sen;600565801;;
Pokoje MAŁGOSIA;505208783;;
Pokoje Prywatne Rafał Matuszewski;(94)3585464;;
Pokoje Prywatne Rafał Matuszewski;(94)3520112;;
Pokoje, Apartamenty, Domki MACIEJ Bożena Hintzke;501809729;;
Polsrebro Eltest Sp. z o.o.;(22)6270301;;
Polsrebro Eltest Sp. z o.o.;(22)8416500;;
Poznań Apartamenty;695701972;;
PPH Ewa Stefan Staśko - Apartamenty Kraków;(12)4306222;;
PPH Ewa Stefan Staśko - Apartamenty Kraków;501457045;;
PRESTIGE-SOPOT;606216623;;
PRIOR Wynajem Apartamentów;(18)4714697;;
PRIOR Wynajem Apartamentów;609366722;;
Przedsiębiorstwo Prywatne POGLODEK APARTMENTS & TRAINING;502778860;;
Przemysław Centrum Zakwaterowania Sp. z o.o.;(61)6417884;;
Przemysław Centrum Zakwaterowania Sp. z o.o.;666609494;;
PrzyjazneLokum;602407407;;
PrzyjazneLokum;(71)7117741;;
Przytulne Apartamenty CICHOSZA;(18)2019556;;
Przytulne Apartamenty CICHOSZA;509201832;;
Puck Apartamenty;604160116;;
QUATRO APARTMENTS;500800847;;
Radomir Kijana Apartamenty do Wynajęcia w Świnoujściu;501979595;;
RD INVEST;601270363;;
RD INVEST;(22)5232890;;
REM Andrzej Wójcik;(12)6260617;;
REM Andrzej Wójcik;601363011;;
RENTALENT;600703200;;
REST & SLEEP;511650012;;
Rezydencja Art Villa;(22)8233064;;
Rezydencja Park;(94)3422222;;
Rezydencja Park;508383974;;
Rezydencja SPACEROWA;602410624;;
Rezydencja Stary Dworzec;661506009;;
Rezydencja Stary Dworzec;(94)3180563;;
Rezydencja SUNNY HILL;(75)6106933;;
ROOM66;669001880;;
Royal Apartments;(58)3451111;;
Royal Apartments;790500635;;
Royal Plaza Apartments;(12)4211533;;
S&M Apartments;503736820;;
Sandra Apartaments;(91)3878597;;
Savills Residential;(22)3300630;;
Savills Residential;(22)3300631;;
SEWA Apartamenty;609290419;;
SEWA Apartamenty;605557352;;
Sezonowe Apartamenty Wakacyjne KAJAN;602600040;;
SIEDLISKO Czarneccy;604437500;;
Sikorka Apartamenty;501954796;;
Silver Apartments S.c.;698688344;;
Silver Apartments S.c.;(71)3412236;;
Skrzypkowscy.pl Pokoje,Apartamenty nad Morzem;(58)6619295;;
Skrzypkowscy.pl Pokoje,Apartamenty nad Morzem;608265615;;
Sleepy3city;509333491;;
Sleepy3city;(58)7322602;;
Słoneczny Apartament;507158398;;
Słoneczny Domek;501351797;;
Słoneczny Domek;501038878;;
Słowackiego16-Apartamenty;(32)2588467;;
SMJK Szymon Jędrzejczak MSapartamenty.pl;606114744;;
Smrekowa Polana Sp. z o.o.;534506060;;
SOPHIE Sp. z o.o.;(22)3982965;;
SOPHIE Sp. z o.o.;607882434;;
Sopocki Apartament;607175720;;
SopockieApartamenty.com;501875690;;
Sopot Apartament;510248693;;
SOPOT HOUSE;508096268;;
SPA 102;783584643;;
SPA 102;(91)3855102;;
Spanie U BOGDANA Noclegi w Sopocie;503097888;;
Spanie U BOGDANA Noclegi w Sopocie;(58)5506758;;
St. Andrews Palace;(22)8264640;;
St. Andrews Palace;(22)8269635;;
STALOWA52 APARTHOTEL;(22)6182732;;
Star Group Poland - ANGEL WAWEL Sp. z o.o.;(12)4293939;;
Star Group Poland - ANGEL WAWEL Sp. z o.o.;504262138;;
STARE KINO Cinema Residence;(42)2072727;;
STARE KINO Cinema Residence;880222100;;
STAYONDAY;602102918;;
STRASZNY DWÓR;502825810;;
STRZAŁA Marek Gembka - komfortowo.pl;513646212;;
STUDIO - Apartamenty w Ustce;503053114;;
STUDIO-LOFT-Mattastudio Robert Matusiak;601290510;;
Stylowy Apartament;609011956;;
SUMMERTIME SUITES;601519900;;
Tabelaofert.pl Sp. z o.o.;(22)3219710;;
TOO-GOOD Apartments;604789331;;
TOP APART;791799111;;
TOP APARTAMENTY w Gdańsku;662608708;;
TOP APARTAMENTY w Gdańsku;(58)7279063;;
TOP ONE Apartments;608205769;;
TOP ONE Apartments;(22)3982912;;
Toscania Lidia Sternal;609221551;;
Toscania Lidia Sternal;691817962;;
Trzy Apartamenty;608459583;;
Trzy Apartamenty;509273400;;
U Bracholi;514715767;;
U ENDIEGO;(33)8553444;;
U ENDIEGO;509781120;;
U SIEBIE;519866620;;
U SIEBIE;606361472;;
USTKA APARTAMENTY Sp. z o.o. Sp.komandytowa;(59)8414801;;
USTKA APARTAMENTY Sp. z o.o. Sp.komandytowa;(59)8149001;;
Ustronny-Apartament;783282873;;
Venetian House Aparthotel;(12)3464670;;
Venetian House Aparthotel;512132238;;
Ventus Rosa Apartments;(12)6330017;;
Ventus Rosa Apartments;(12)6331807;;
Victus S.c. Apartamenty;(58)7108917;;
Victus S.c. Apartamenty;693865889;;
Villa Alexia;(74)8661751;;
Villa Alexia;609369651;;
Villa Aqua Sp. z o.o.;(58)6696000;;
Villa Aqua Sp. z o.o.;(58)6696001;;
Villa ARCADIA;697707788;;
VILLA ARTIS;(91)3223491;;
VILLA ARTIS;509649840;;
Villa Avangarda-Apartament Kaja;602279765;;
Villa BALTIC;668388158;;
Villa CASABLANCA;501661699;;
Villa CASABLANCA;501050450;;
Villa GARDENA;509253705;;
Villa GARDENA;(58)6248799;;
Villa Gravaldi;665877082;;
Villa Gravaldi;601731502;;
Villa MARE;(94)7173000;;
Villa MARE;721150880;;
Villa Park & Plaża;501700663;;
Villa VICTORIA Apartamenty Gościnne;(59)8661857;;
Villa VICTORIA Apartamenty Gościnne;609524718;;
VILLA VITA P.H.Majcher S.A.;(18)2000600;;
Villa VITAL;(75)7816300;;
Villa VITAL;(75)7817118;;
Villa Żeglarzy;697140105;;
Ville w Międzyzdrojach RIMEL;668647774;;
Ville w Międzyzdrojach RIMEL;608177940;;
Visito.pl Wynajem Apartamentów;(91)8887090;;
Visito.pl Wynajem Apartamentów;500337090;;
VisitSopot Apartamenty Nad Morzem;501984642;;
Vital Aparthotel;(12)4121265;;
Vital Aparthotel;607600121;;
VIVA MARIA Apartamenty w Zakopanem;783505059;;
VIVA MARIA Apartamenty w Zakopanem;512352028;;
WAKACJE W SUDETACH;602199617;;
Warsaw Apartments Magnolie Sp. z o.o.;(22)5788100;;
Warsaw Apartments Magnolie Sp. z o.o.;(22)8633961;;
Warsaw Center Apartments;604130890;;
Warsaw Overnight;883117742;;
Warsaw Overnight;(22)2139132;;
Willa BIAŁA DOLINA;(75)7173822;;
Willa BIAŁA DOLINA;602513692;;
Willa Casino;(75)7616189;;
Willa Casino;605543134;;
Willa DOBRYŁKO;(58)6791140;;
Willa DOBRYŁKO;600067184;;
Willa Drakula Pokoje i Apartamenty;(33)8553173;;
WILLA GAJA;501511891;;
WILLA GAJA;512220494;;
Willa Gardenia;604783918;;
Willa Gardenia;694371934;;
Willa GOŚCINNY PRÓG;600260574;;
Willa GOŚCINNY PRÓG;608690166;;
Willa Hania;880393588;;
Willa Hania;663864623;;
Willa Julia - Wyłącznie Apartamenty;(58)6747319;;
Willa Julia - Wyłącznie Apartamenty;606170842;;
Willa KAMA;605919600;;
Willa KAMIONKA;(58)7196679;;
Willa KAMIONKA;514623568;;
WILLA KANADA Apartamenty;(18)2001331;;
WILLA KANADA Apartamenty;505029079;;
WILLA KINGA;606749748;;
Willa Kurpielówka;(18)2650358;;
Willa Kurpielówka;796868771;;
Willa LUBICZ;795457693;;
Willa Malibu;(58)3513695;;
Willa Malibu;602334567;;
Willa Mango;(12)4226564;;
Willa Mango;(12)4310955;;
Willa Maria;886333725;;
Willa Maria;886252525;;
Willa MARIOLINA Katarzyna Wójcicka;(91)3210303;;
Willa MARIOLINA Katarzyna Wójcicka;601069077;;
Willa NAD DZIWNĄ;603238265;;
Willa Nord-Apartament Morski;691910037;;
WILLA PANORAMA;(33)8545690;;
WILLA PANORAMA;504060990;;
Willa Piaskowa;(22)4502626;;
Willa Piaskowa;600350796;;
Willa Puck;(58)7463898;;
Willa Puck;504939930;;
Willa Radowid - Apartament Siódemka;696805392;;
Willa Sowiniec;664473988;;
Willa Sowiniec;505606243;;
Willa Ula;(91)4006101;;
Willa Ula;665601234;;
Willa UROKI SPISZA;693459796;;
Willa UROKI SPISZA;519841672;;
Willa Wictor;(91)3280212;;
Willa Wictor;601871920;;
Willa Zakopane M. Z.Bernatowicz;602557194;;
Willa ZIELONA;604413257;;
Wille HALKA;(18)2012121;;
Wings Properties Sp. z o.o.;(71)3025710;;
Wings Properties Sp. z o.o.;(71)3025760;;
Wrocław-City-Apartments;(71)3336725;;
Wrocław-City-Apartments;(71)7071273;;
Wspólnota Mieszkaniowa POLONIA;(94)3552525;;
Wspólnota Mieszkaniowa POLONIA;(94)3514999;;
Wynajem Apartamentów DUDEK Ewa Dudek;(18)2019554;;
Wynajem Apartamentów DUDEK Ewa Dudek;608664940;;
WYPOCZYNEK-KRYNICA.pl;788645793;;
WYPOCZYNEK-KRYNICA.pl;(18)4723545;;
Your Apartments;(52)5811170;;
Zachód Słońca w Ustce Apartamenty;669383858;;
ZACISZNY DWOREK;(18)2076112;;
ZACISZNY DWOREK;601800381;;
Zakątek Mala;506021367;;
Zakopane Aparamenty;506099671;;
Zakopane Apartamenty Marzena & Łukasz Polanowscy;668366417;;
Zespół Apartamentów BLUE MARE;(91)3812686;;
Zespół Apartamentów BLUE MARE;782875294;;
Zielona Owieczka Apartamenty;607699978;;
Zielona Owieczka Apartamenty;605291792;;
ZIELONY APARTAMENT;604182916;;
Zuzmar Apartamenty Szklane Domy;(18)2021887-88;;
Zuzmar Apartamenty Szklane Domy;(18)2021889;;
Apartamenty i Pokoje NA BANI;698480560;;
NowodworskiEstates;(12)3502950;;
NowodworskiEstates;537947610;;
Pokoje Na Godziny;601580331;;
123 Hostele Wrocław - Hostel Absynt;691405405;;
123 Hostele Wrocław - Hostel Absynt;(71)3444469;;
ADRIA Hotel *** & Restauracja;(32)3422045Restauracja;;
ADRIA Hotel *** & Restauracja;(32)3422046Ho;;
Agencja Biuro 977 Nieruchomości;(41)2486137;;
Agroturystyka Przylesie;(85)6843031;;
Agroturystyka Przylesie;507865105;;
AKAR Biuro Nieruchomości;(22)6725154;;
AKAR Biuro Nieruchomości;(22)6725155;;
Al Fresco Hostel;508577229;;
ALICJA MATAK Alicja Matak - Camping;600032745;;
Andy Dom Gościnny;(91)3864065;;
ANGELA - Apartamenty, Domki Letniskowe, Pokoje Gościnne;(91)3864304;;
ANGELA - Apartamenty, Domki Letniskowe, Pokoje Gościnne;609445416;;
Apartament ANNA 5;660120128;;
Apartament Arisa;501722144;;
Apartament DARIUSZ;(58)5209796;;
Apartament DARIUSZ;514744373;;
Apartament i Mieszkanie A-Ustka;604509065;;
Apartament Kwiatowy;510033195;;
Apartament M2 Poznań;(61)8726286;;
Apartament M2 Poznań;607333345;;
Apartament Milena;693138753;;
Apartament Sebastian;(59)8404553;;
Apartament Sebastian;601628146;;
Apartament SECESJA;(12)6254844;;
Apartament SECESJA;502299797;;
Apartament SUPER POKOJE;517053971;;
Apartament SYLWIA;(58)6647886;;
Apartament SYLWIA;608503025;;
Apartament TYROLSKA ZAGRODA;(75)7616252;;
Apartament TYROLSKA ZAGRODA;601774828;;
Apartament w Cieplicach Zdrój;(075)7182256;;
Apartament w Cieplicach Zdrój;605585171;;
Apartament w Zakopanem;697700970;;
Apartament w Zakopanem;(18)5211305;;
Apartamenty - Sleeping In Krakow;601292292;;
Apartamenty - Sleeping In Krakow;(12)3783254;;
APARTAMENTY CZTERY PORY ROKU;(18)2070207;;
APARTAMENTY CZTERY PORY ROKU;(18)2000903;;
Apartamenty Domki Willa Pod Reglami ***;(18)2017389;;
Apartamenty GRONIK Barbara Morońska;(33)8179902;;
Apartamenty GRONIK Barbara Morońska;660661402;;
Apartamenty i Pokoje;501573073;;
Apartamenty i Pokoje;502344107;;
Apartamenty i Pokoje Ola;(59)8144146;;
Apartamenty i Pokoje Ola;502098607;;
Apartamenty i Pokoje w Szczyrku Barbara Kliś;(33)8178344;;
Apartamenty i Pokoje w Szczyrku Barbara Kliś;608871252;;
Apartamenty i Restauracja NAUTILUS;(58)5533030;;
Apartamenty i Restauracja NAUTILUS;509960144;;
Apartamenty MARINA;601646799;;
Apartamenty MARINA;601290157;;
Apartamenty nad Wartą Alicja i Adam Lizak;604053575;;
Apartamenty Orla;530010553;;
Apartamenty Plac Słoneczny;(74)8716688;;
Apartamenty Plac Słoneczny;606268069;;
Apartamenty Pod Kotwicą;(59)8144881;;
Apartamenty Pod Kotwicą;604574233;;
Apartamenty Szmaragdowe;793281002;;
Apartamenty Ustka Activ-Club;(59)8148700;;
Apartamenty w Bobolinie;604101714;;
Apartamenty w Bobolinie;504201497;;
Apartamenty WaWa;(22)8126556;;
Apartamenty WaWa;503066458;;
Apartamenty Zakopane - Chileccy S.c.;(18)2011303;;
Apartamenty Zakopane - Chileccy S.c.;502511818;;
Apartamenty ZIELONY ZAKĄTEK;601507490;;
Apartamenty ZIELONY ZAKĄTEK;(18)2063677;;
Aparthotel Delta Zakopane;(18)2001177;;
Aparthotel Delta Zakopane;603754660;;
ApartInfo Sp.j.;(58)7685825;;
ApartInfo Sp.j.;(58)7327864;;
Apstar Geppert Jolanta;509721737;;
Apstar Geppert Jolanta;505112357;;
ARCHAMO Architektura;783006080;;
Arka-Mega S.A.;(94)3528151;;
Arka-Mega S.A.;(94)3522798;;
Artin Zespól Koordynacji Inwestycji Sp. z o.o.;(22)7506699;;
Artin Zespól Koordynacji Inwestycji Sp. z o.o.;(22)7506701;;
ATConstruction Deweloper;(18)2064383;;
ATConstruction Deweloper;509466771;;
B&S DEVELOPMENT;604477574;;
B&S DEVELOPMENT;792296463;;
BB Pokoje Gościnne i Apartament;601328705;;
Beata Pokoje Gościnne;(33)8551040;;
Beata Pokoje Gościnne;504847612;;
Biały Dom;(59)8424679;;
Biały Dom;515083125;;
BIFORIA - Hostel RYNEK 16;790569086;;
Biuro Turystyczno-Usługowe GAMA;(94)3527947;;
Biuro Turystyczno-Usługowe GAMA;501312076;;
Biuro Zakwaterowania TARGOPOL-Noclegi w Poznaniu;601881010;;
Blooms;(61)2214448;;
Blooms;(61)2214449;;
Boutique Hotel`s;(42)6847510ul.Milionowa25;;
Boutique Hotel`s;(42)6306315ul.Rewolucji1905r.8;;
Boutique Hotel`s;(32)2661122;;
Boutique Hotel`s;512209030;;
Buddha;601663151;;
BURSZTYNEK - Apartament i Pokoje z Łazienkami;(55)2477483;;
BURSZTYNEK - Apartament i Pokoje z Łazienkami;602525848;;
Camping Marco Polo;(59)8662333;;
Camping Marco Polo;604969317;;
Capital Apartments Poznań;(61)8525300;;
Capital Apartments Poznań;665125766;;
Capital Art Apartments;(22)3405400;;
Chałupki pod Giewontem;600302607;;
Cyrano de Bergerac - Restauracja francuska;(12)4117288;;
Czarna Perła - Tanie Noclegi Kraków;509193535;;
Czarna Perła - Tanie Noclegi Kraków;(12)4201500;;
Czernicki Nieruchomości;(94)3427494;;
Czernicki Nieruchomości;503141933;;
Delta Property Sp. z o.o. Sp. Komandytowa;(71)3207100;;
Delta Property Sp. z o.o. Sp. Komandytowa;(71)3207130;;
Dom Gościnny POD LIPAMI;602434251;;
Dom Gościnny Restauracja MAX;(94)3189940;;
Dom Gościnny Restauracja MAX;604067085;;
Dom Gościny M&M;606716444;;
DOM INWEST Sp.j.;(91)8865555;;
DOM INWEST Sp.j.;606335706;;
Dom Wczasowo-Wypoczynkowy Kameralna;(54)2834480;;
Dom Wczasowy Gallus;(55)2476126;;
Dom Wczasowy Gallus;502281806;;
Dom Wczasowy RYBITWA;(58)6735869;;
Dom Wczasowy RYBITWA;518854777;;
Dom Wypoczynkowy SOSNÓWKA;601625181;;
Dom&House Nieruchomości;(58)5504202;;
Dom&House Nieruchomości;(58)5504205;;
Domek na Przysłopiu Kasia Jedynak;501875171;;
Domek Rodzinny w Szczawnicy;601625456;;
Domki Góralskie nad Grajcarkiem;(18)2621111;;
Domki Góralskie nad Grajcarkiem;660481886;;
Domki i Apartamenty PRZY SZLAKU;501528515;;
Domki i Apartamenty PRZY SZLAKU;502692975;;
Domki i Noclegi DROZDÓWKA;692281363;;
Domki, Apartamenty, Pokoje BURSZTYNEK Agnieszka i Piotr Spodymek;502249392;;
Dor Group;(22)6292344;;
Dor Group;600026177;;
Dworek SARASWATI;(75)7845243;;
Dworek SARASWATI;788685277;;
Dwór w Gajlitach Teresa Czernik;(89)7661766;;
Dwór w Gajlitach Teresa Czernik;505025131;;
E-ROOMS Pokoje Gościnne & Apartamenty;607042560;;
E-ROOMS Pokoje Gościnne & Apartamenty;691732345;;
EKOLAN S.A.;(58)6992049;;
EKOLAN S.A.;(58)6992069;;
ELKOWE DOMKI - Angela Angelika Siewierska;512154839;;
ESKAPADA Andrzej Jabłoński Noclegi;609757284;;
ESKAPADA Andrzej Jabłoński Noclegi;666034591;;
EURO DOM RESIDENCE Apartamenty;514914814;;
Euro-Trademex Sp. z o.o.;(22)6254515;;
Euro-Trademex Sp. z o.o.;604983588;;
Festina Lente;606813393;;
Firma Derek;601303342;;
Firma Derek;(44)7321191;;
Golden Lion;501390875;;
Golden Lion;(12)4229323;;
Gospodarstwo Agroturystyczne LESZCZYNOWY DWOREK;(74)8139056;;
Gospodarstwo Agroturystyczne LESZCZYNOWY DWOREK;512360559;;
HEDGE DEVELOPMENT Sp. z o.o.;(58)7174855;;
HEDGE DEVELOPMENT Sp. z o.o.;604259040;;
Hoff Dom Gościnny i Restauracja;(91)3862728;;
Hoff Dom Gościnny i Restauracja;511361660;;
HOME & TRAVEL;(12)6338080;;
HOME & TRAVEL;(12)6338050;;
Hotel - Restauracja Dowhań;(52)3327273;;
Hotel - Restauracja Dowhań;(52)3327654;;
Hotel Anna;(58)6222600;;
Hotel Anna;609255695;;
Hotel Atena i Restauracja;(59)8400003;;
Hotel Atena i Restauracja;(59)8428814;;
Hotel Cztery Pory Roku;(58)6922600;;
Hotel Cztery Pory Roku;(58)6922601;;
Hotel Fenix Strauss ***;(75)6416600;;
Hotel Fenix Strauss ***;(75)6416601;;
Hotel GORZÓW;(95)7221133;;
Hotel GRYF;(58)3000130;;
Hotel GRYF;(58)3202465;;
Hotel i Restauracja TRZY ŚWIATY;(32)2304556;;
Hotel i Restauracja w Turku - Sława;691166969Ho;;
Hotel i Restauracja w Turku - Sława;(63)2803730Ho;;
Hotel JULIAN;(91)4831307;;
Hotel JULIAN;(91)4833445;;
HOTEL KONRADÓWKA Wellness & SPA;(75)7618173;;
HOTEL KONRADÓWKA Wellness & SPA;(75)7618597;;
Hotel LAMBERT **** Medical Spa;(94)3515431;;
Hotel LAMBERT **** Medical Spa;739260100;;
Hotel MAGNES;(75)7531221;;
Hotel MAGNES;781888867;;
Hotel Mazurska Chata;531850880;;
Hotel Murowanica ***;601766677;;
Hotel POLONIA;(12)4221233;;
Hotel POLONIA;(12)4221621;;
Hotel Rooms & Apartments POLARIS;(18)2621679;;
Hotel Rooms & Apartments POLARIS;665075185;;
Hotel Stary Młyn;(17)2220126;;
Hotel Stary Młyn;(17)2220126w.30;;
Hotel Wczasowy Bałtyk;607622003;;
Hotel Wczasowy Bałtyk;(91)3863353;;
Hotel ZAMEK RYN;(87)4297000;;
Hotel ZAMEK RYN;(87)4297001;;
Hotel-Restauracja ROKO;(22)8638543;;
Hotel-Restauracja ROKO;(22)8633059;;
I.M.A. Apartments;(61)8525500;;
I.M.A. Apartments;608537526;;
InART S.A.;(22)8587982;;
INVESCO;(22)6158740-41;;
INVESCO;(22)6153306;;
INVESTKUNC Sp. z o.o.;(18)2064470;;
INVESTKUNC Sp. z o.o.;604501580;;
INVESTUM Nieruchomości, Noclegi;601798586;;
INVESTUM Nieruchomości, Noclegi;(71)3427368;;
J&G Sp. z o.o.;(58)6732031;;
J&G Sp. z o.o.;508156508;;
Jasnier JS Sp. z o.o. S.K.A.;(22)8537304;;
Jasnier JS Sp. z o.o. S.K.A.;(22)8536420;;
Kania Lodge;(58)6810677;;
Kristensen Group Sp. z o.o.;(22)4192000;;
Kristensen Group Sp. z o.o.;(22)4192010;;
Krościenko nad Dunajcem Komfortowe Pokoje Gościnne;606608402;;
Kuklówka Conference;(46)8577799;;
Kuklówka Conference;(46)8577799w.34;;
Kwatera ZACISZE Agata i Jarek Kopacz;606395405;;
Kwatera ZACISZE Agata i Jarek Kopacz;(58)6841766;;
Kwatery Prywatne SATURN;(59)8662252;;
LAZUR Ośrodek Wypoczynkowy;503192390;;
LAZUR Ośrodek Wypoczynkowy;501735385;;
Leniuchowo;509464815;;
Leniuchowo;793133166;;
LEŚNY DWOREK-F.H.U JOKER;664011011;;
LIDKA & IZA Pokoje Gościnne, Apartamenty;601639333;;
LIDKA & IZA Pokoje Gościnne, Apartamenty;(91)3814240;;
Machowinko5 Urszula i Szczepan Szymańscy;606931059;;
Majątek KRYJANY;606987971;;
Majątek KRYJANY;604958676;;
MANIANA Pokoje Krakowskie;503076426;;
MARCO POLO;(59)8436285;;
MARCO POLO;602783595;;
MAZURSKIE WZGÓRZA Mazury Domki Letniskowe, Apartamenty;518139028;;
Nadwiślańska Agencja Turystyczna Sp. z o.o.;(32)3262370;;
Nadwiślańska Agencja Turystyczna Sp. z o.o.;(32)3262368;;
Nieruchomości ATENA Doradztwo Finansowo-Kredytowe;605121250;;
Nieruchomości MEDIATOR;608386325;;
Nieruchomości MEDIATOR;508354737;;
Noc & Spanie;503139577;;
Noclegi pod kasztanem H.&Cz. Mazurkiewicz;(74)8669104;;
Noclegi pod kasztanem H.&Cz. Mazurkiewicz;693709116;;
Oasis Resort & Spa;(91)3862701;;
Oasis Resort & Spa;(91)3847639;;
OLIWIA Dom Gościnny Marek i Barbara Szewczyk;(91)3864622;;
ORCO Property Group;(22)5954900;;
ORCO Property Group;(22)6523203;;
Orient Ekspres Restauracja Sp z o.o.;(12)4226672;;
Osada Osjaków;884804084;;
Osada Osjaków;694577041;;
Ośrodek Wczasowy Blue Cafe;(18)2625752;;
Ośrodek Wczasowy Blue Cafe;601470990;;
Ośrodek Wczasowy RAFA Rowy;601630550;;
Ośrodek Wypoczynkowy Kabatek;(74)8146257;;
Ośrodek Wypoczynkowy RYCERKA;(33)8644067;;
Ośrodek Wypoczynkowy RYCERKA;603074222;;
Pałac Piorunów;(43)6763440;;
Pałac Piorunów;(43)6763441;;
PAŁAC w Pozortach;(89)7584036;;
PAŁAC w Pozortach;602220409;;
Pegasus Real Estate;+48888300482;;
Pegasus Real Estate;+447783288000;;
Pelikan Resort w Dźwirzynie;501625402;;
Pelikan Resort w Dźwirzynie;792205607;;
PENSJONACIK KRZYŚ;(94)3516036;;
Pensjonat Aleksandra;(55)2476155;;
Pensjonat Aleksandra;694036794;;
Pensjonat Bliss;(74)8691313;;
Pensjonat Bliss;601084352;;
Pensjonat BOLERO;(58)6749080;;
Pensjonat BOLERO;605733552;;
Pensjonat CELINE;508072473;;
Pensjonat Dana;(59)8662109;;
Pensjonat Dana;513988385;;
Pensjonat JASINÓWKA;(18)2000940;;
Pensjonat JASINÓWKA;(18)2070100;;
Pensjonat MATEUSZEK Aneta Szyc;601692936;;
Pensjonat MATEUSZEK Aneta Szyc;(87)4213591;;
Pensjonat MORSKIE OGRODY;(91)3864413;;
Pensjonat MORSKIE OGRODY;693733735;;
Pensjonat Pod Jemiołą;(54)4139300;;
Pensjonat STAŃCZYK;(12)6560507;;
Pensjonat STAŃCZYK;(12)6563494;;
Pensjonat STAŚ;(84)6607075;;
Pensjonat STAŚ;600320992;;
Pensjonat u Bożeny;(94)3585162;;
Pensjonat u Bożeny;501708247;;
Pensjonat w Salinie;503041213gospoda;;
Pensjonat w Salinie;667910690pensjonat;;
PHU ELAND;(17)7173252;;
PHU ELAND;530169170;;
PHU JANOSIKÓWKA;(55)2478775;;
PHU JANOSIKÓWKA;502174053;;
Pokoje Gościnne & Apartament ANNA;(59)8145949;;
Pokoje Gościnne & Apartament ANNA;695424287;;
Pokoje Gościnne BURSZTYNOWA WYDMA;668678877;;
Pokoje Gościnne GdańskieSpanie;515290183;;
Pokoje Gościnne GdańskieSpanie;501214160;;
Pokoje Gościnne i Apartamenty KAROL;(58)6754011;;
Pokoje Gościnne i Apartamenty KAROL;602687430;;
Pokoje Gościnne i Apartamenty PRZY NOWOTARSKIEJ;(18)2063580;;
Pokoje Gościnne i Apartamenty PRZY NOWOTARSKIEJ;602273318;;
Pokoje Gościnne Lądek Zdrój;600769765;;
Pokoje Gościnne Lądek Zdrój;697089262;;
Pokoje Gościnne REKIN Jarosław Gryszko;(91)3862663;;
Pokoje Gościnne REKIN Jarosław Gryszko;606719924;;
Pokoje Gościnne SYLWIA;502311933;;
Pokoje Gościnne SYLWIA;(33)8511369;;
Pokoje Gościnne u Ciesielki;606608402;;
Pokoje Gościnne ZAROTYŃSKI & Apartamenty POD SZAFRANÓWKĄ;602558008;;
Pokoje Gościnne, Apartament i Domki POD SOSNAMI;(58)6749276;;
Pokoje Gościnne, Apartament i Domki POD SOSNAMI;506212126;;
Pokoje GÓRSKA DOLINA;(74)8141360;;
Pokoje GÓRSKA DOLINA;(74)8141568;;
Pokoje i apartamenty LADY NELI;788995013;;
Pokoje i Apartamenty w Gdyni;507530315;;
Pokoje i Apartamenty w Gdyni;(58)7181231;;
Pokoje u Mariusza;(58)6741875;;
Pokoje u Mariusza;602382084;;
Prywatna Wieś Dąbrowszczyzna;607099218;;
Quattro Towers;(58)5208092;;
Quattro Towers;604142042;;
REMBRANDT ApartHotel;724313724;;
Restauracja & Apartamenty GRĘPIELNIA;(33)8221065;;
Restauracja & Apartamenty GRĘPIELNIA;601454304;;
Restauracja & Pub & Apartamenty JANUS;(87)6107857;;
Restauracja & Pub & Apartamenty JANUS;509019808;;
Restauracja i Apartamenty VINCENT;(71)3410520;;
Restauracja i Apartamenty VINCENT;(71)3417475;;
Restauracja PERŁA;(32)4108055;;
Restauracja PERŁA;602609081;;
Rezydencja GRAWERT;(74)8146079;;
Rezydencja GRAWERT;694796507;;
Rezydencja Luxury Hotel****;(32)4502588;;
Rezydencja Luxury Hotel****;(32)4502589;;
ROSA Pokoje Gościnne i Apartamenty;501730327;;
ROSSA Domki Letniskowe & Apartamenty KOMPAS;698194809;;
Róża Wiatrów;(58)6740544;;
Róża Wiatrów;604204711;;
SASANKA Paweł Habierski;(33)8179392;;
SASANKA Paweł Habierski;604514954;;
SD Wynajem Apartamentów - PiK S.c. P.Grzesiuk, K.Solecki;784532999;;
Sielska Chata;692417105;;
Słoneczne Wakacje w Grzybowie Kwatery Prywatne;504775790;;
Słoneczne Wakacje w Grzybowie Kwatery Prywatne;506963684;;
Smerek;(13)4357425;;
Smerek;605357425;;
SOBPOL Sp. z o.o.;(22)8731450;;
SOBPOL Sp. z o.o.;(22)8731452;;
SopotNaWakacje Pokoje Gościnne, Apartament;604957164;;
SopotNaWakacje Pokoje Gościnne, Apartament;604957164;;
STARA WIEŚ S.c.;(43)8412893;;
STARA WIEŚ S.c.;606261275;;
SUN & SNOW Sp. z o.o.;(22)3227511;;
SUN & SNOW Sp. z o.o.;(22)3227611;;
SUNSTAR;913876086;;
SUNSTAR;501521123;;
TAMARYNOWA OSADA;601562677;;
TAMARYNOWA OSADA;601305712;;
Terma S.c.;(18)2001500;;
Terma S.c.;(18)2073758;;
U Marianny;(18)2000842;;
U Marianny;607702554;;
Villa Grace;(75)7173207;;
Villa Grace;666522857;;
Villa Martii;692332846;;
Villa Martii;600640851;;
Villa Mirage;(59)8661327;;
Villa Mirage;504456827;;
VILLA PALLAS;(89)5350115;;
Villa Panorama;730046078;;
Villa Panorama;(33)8231668;;
Villa Park;501536359;;
Villa Park;(94)7173023;;
Villa REZA;(91)3844490;;
Villa REZA;502274075;;
Villa Rowy;606110366;;
Villa Rowy;606401937;;
VITA L. Pląder i wspólnicy Sp.j.;(33)8119205;;
VITA L. Pląder i wspólnicy Sp.j.;501166690;;
Wakacje nad Jeziorem Teresa i Cezary Maryks;(52)3322220;;
Wakacje nad Jeziorem Teresa i Cezary Maryks;693717075;;
Warsaw Apartments Hotel;501112501;;
Warsaw Apartments Hotel;(22)8260499;;
Willa AKACJA;(58)7172342;;
Willa Arkoza;(94)3189678;;
Willa Arkoza;606730689;;
Willa ATENA;506170667;;
Willa ATENA;(91)8521962;;
Willa AZYL Aneta i Krzysztof Głębikowscy;(91)3852340;;
Willa AZYL Aneta i Krzysztof Głębikowscy;723969478;;
Willa Dafne;(91)3951125;;
Willa Dafne;502361471;;
Willa Gwiazda Północy;(58)6749705;;
Willa Gwiazda Północy;602517830;;
Willa HEAVEN;(91)3851111;;
Willa HEAVEN;509848444;;
Willa Horyzont;(58)6750234;;
Willa Horyzont;604635301;;
Willa i Restauracja Słoneczna;507198393;;
Willa i Restauracja Słoneczna;(82)5725490;;
Willa JASKÓŁKA;(33)8178399;;
Willa JASKÓŁKA;606264018;;
Willa Jaśmin;(94)3160160;;
Willa Jaśmin;604583160;;
Willa Karmazyn;504067665;;
Willa Korfena;(91)3862801;;
Willa Korfena;(91)3862805;;
Willa Kryształ;(74)8681458;;
Willa Kryształ;664365524;;
Willa MARIA;(58)6747192;;
Willa MARIA;797620140;;
Willa Marta M;(18)2011049;;
Willa Marta M;668201080;;
Willa Marzenie;(18)2077554;;
Willa Marzenie;607353512;;
Willa Matylda;(18)2015307;;
Willa Matylda;602793654;;
WILLA NAD PARSĘTĄ;(94)3540500;;
WILLA NAD PARSĘTĄ;(94)3540523;;
WILLA NATALIA Krystyna Dudczak;(94)3189448;;
WILLA NATALIA Krystyna Dudczak;509474230;;
Willa OLGA;(18)2013050;;
Willa OLGA;(18)5213755;;
Willa Orla;(18)2012697;;
Willa Orla;(18)2066853;;
Willa Orle Gniazdo;(81)5016111;;
Willa Orle Gniazdo;(81)4634276;;
WILLA POTOK;604898328;;
WILLA RÓŻ Renata i Wiesław Kotowscy;(91)3282427;;
WILLA RÓŻ Renata i Wiesław Kotowscy;600443014;;
Willa Stareczka;(33)8553036;;
Willa Stareczka;502731855;;
Willa STORNIA, Apartamenty, Domki Letniskowe Magdalena Konrad Konkel;(58)6753369;;
Willa STORNIA, Apartamenty, Domki Letniskowe Magdalena Konrad Konkel;601622479;;
Willa TATIANA;694490207;;
WINDSOR Palace Hotel & Conference Center****;(22)7828701;;
WINDSOR Palace Hotel & Conference Center****;(22)7828788;;
Winnica Sandomierska;782679034;;
Winnica Sandomierska;511776360;;
Winnica Zbrodzice;(12)3521510;;
Winnica Zbrodzice;509741220;;
Wiślany RAJ;(33)8552554;;
Wiślany RAJ;605123188;;
Wy&Spa;(91)3847640;;
Wy&Spa;(91)3847639;;
Wynajem Nieruchomości;(68)4522207;;
Wynajem Nieruchomości;(68)4522247;;
Wynajem Pokoi Gościnnych Elżbieta Pilarczyk;721090107;;
Wynajem Pokoi Gościnnych Elżbieta Pilarczyk;601772083;;
Wynajem Pokoi Gościnnych JAWOR;602306200;;
Wypoczynek w Górach Alexandra i Ryszard Schmidt;605101171;;
Zajazd Jagoda;(58)6737761;;
Zajazd Jagoda;602237757;;
Zajazd MIŁKI Grażyna & Stanisław Korytko;(87)4211130;;
Zajazd MIŁKI Grażyna & Stanisław Korytko;507104590;;
Zasypiam.pl;(12)3916174;;
Zasypiam.pl;508500440;;
Zespół Domków CHAŃCZA;662170660;;
ZIELONY OGRÓD;531988915;;
ZIELONY OGRÓD;(32)2756333;;
