FREJUS Hydraulika Siłowa;(67)2167913;;
FREJUS Hydraulika Siłowa;(67)3482029;;
Hydraulik Services Sp. z o.o.;(71)3390464;;
Hydraulik Services Sp. z o.o.;(71)3631705;;
MARTECH HENNIG Sp.j.;(74)8842701;;
MARTECH HENNIG Sp.j.;(74)8842705;;
Parker Hannifin Sales Poland Sp. z o.o.;(22)5732400;;
Parker Hannifin Sales Poland Sp. z o.o.;(22)5732403;;
Biuro Przedstawicielskie Krzysztof Klepka;(22)6738162;;
Biuro Przedstawicielskie Krzysztof Klepka;(22)6738163;;
BRYDEX-B;(33)8730347;;
BRYDEX-B;(33)8730119;;
Centrum Hydrauliki Siłowej i Pneumatyki ART-TOM;(48)3847131;;
Centrum Hydrauliki Siłowej i Pneumatyki ART-TOM;509433589;;
EURO-TRAK-NYSA;(077)4356241;;
EURO-TRAK-NYSA;(077)4357129;;
F.U.H.P. AGROSTER Zdzisław Schwartz;(61)6634315-biuroprodukcyjne;;
F.U.H.P. AGROSTER Zdzisław Schwartz;(61)6634314-biuroprodukcyjne;;
Firma Wielobranżowa BOA Sukiennik Bernard;(17)5811397;;
Firma Wielobranżowa BOA Sukiennik Bernard;661524008;;
FIRTECH;(22)4358244;;
FIRTECH;(22)7431630;;
GS-Hydro Sp. z o.o.;(58)7820220-21;;
GS-Hydro Sp. z o.o.;(58)7820222;;
HEKTOS Sławomir Pokraka;(22)2035079;;
HEKTOS Sławomir Pokraka;(22)2035080;;
HYDRAULIKA SIŁOWA Ignacy Lenkiewicz;(85)7111671;;
HYDRAULIKA SIŁOWA Ignacy Lenkiewicz;(85)7112568;;
HYDROMIT Katarzyna Szor;(22)6153058;;
HYDROMIT Katarzyna Szor;504161072;;
HYDROSERWIS Hydraulika Siłowa;(32)2926288;;
HYDROSERWIS Hydraulika Siłowa;500261051;;
INTER-HYDRO Sp. z o.o.;(58)6830954;;
KOPO S.c. Piotr Koziak, Anna Koziak;(77)4742297;;
KOPO S.c. Piotr Koziak, Anna Koziak;(77)4743002;;
KRET i S-ka Tadeusz Kret;(76)8191230;;
KRET i S-ka Tadeusz Kret;(76)8186911;;
Serwis Techniczny MIS Polska Sp. z o.o.;(13)4201592;;
Serwis Techniczny MIS Polska Sp. z o.o.;(13)4202598;;
Zakład Rozwoju i Wdrożeń Hydrauliki HYDROSET Sp. z o.o.;(42)6844759;;
Zakład Rozwoju i Wdrożeń Hydrauliki HYDROSET Sp. z o.o.;(42)6847541;;
ERNAL Pneumatyka;(16)6750531;;
Grupa HMS K.Młodożeniec, K.Stachowiak Spółka Jawna;(61)8720817;;
Grupa HMS K.Młodożeniec, K.Stachowiak Spółka Jawna;(61)6570555w.361;;
HYD-ROL ZAKŁAD NAPĘDÓW I STEROWAŃ JOANNA HYRCZAK EMIL HYRCZAK SP. J.;(71)3276430;;
HYD-ROL ZAKŁAD NAPĘDÓW I STEROWAŃ JOANNA HYRCZAK EMIL HYRCZAK SP. J.;602244271;;
INTER-TECH;601716745;;
INTER-TECH;781118827;;
IOW TRADE Sp. z o.o.;(22)5125660;;
IOW TRADE Sp. z o.o.;(22)5125669;;
KALMAX Hydraulika Siłowa Artur Borkowski;(81)7445763;;
KALMAX Hydraulika Siłowa Artur Borkowski;(81)4608563Warsztat;;
P.H.U. MEGAHYDRAL;(71)3457828;;
P.H.U. MEGAHYDRAL;(71)3457377;;
P.P.H.U. ROLMET Export-Import;(42)6848833;;
P.P.H.U. ROLMET Export-Import;501384320;;
PREMBUD S.c.;(34)3656300;;
PREMBUD S.c.;(34)3610022;;
Ślusarstwo Usługowe Jerzy Osławski;(32)2260349;;
Ślusarstwo Usługowe Jerzy Osławski;601064999;;
Zakład Mechaniczny HYDROMET Sp.j.;(32)2811642;;
Zakład Mechaniczny HYDROMET Sp.j.;(32)3869316;;
ANKOP Przedsiębiorstwo Produkcyjno-Usługowo-Handlowe;(17)2253609;;
ANKOP Przedsiębiorstwo Produkcyjno-Usługowo-Handlowe;(17)2253610;;
AUTOKRAN;(42)6898236;;
AUTOKRAN;(42)6898217;;
BAMAR Zakład Produkcyjno-Usługowy;(71)3252125;;
Bydgoskie Zakłady Przemysłu Gumowego STOMIL S.A.;(52)3264100;;
Bydgoskie Zakłady Przemysłu Gumowego STOMIL S.A.;(52)3264414;;
Elastyczne Przewody Ciśnieniowe Edward Bednarz;(71)3038161;;
Elastyczne Przewody Ciśnieniowe Edward Bednarz;(71)3014108;;
FHU Hydro Serwis;(13)4395525;;
FHU Hydro Serwis;502222259;;
HSM PIONIER S.c.;(14)6135779;;
HSM PIONIER S.c.;601468867;;
Hydraulika Siłowa NAPIERALSKI;661945823;;
Hydraulika Siłowa NAPIERALSKI;(95)7513480;;
HYDRO-HURT II;(32)2050540;;
HYDRO-HURT II;604228500;;
HYDROPOL Elżbieta Jakubowska;(22)8774487-88;;
HYDROPOL Elżbieta Jakubowska;(22)4671405;;
Hydrostal P.P.H.U. - Tadeusz Samek;(15)8432542;;
Hydrostal P.P.H.U. - Tadeusz Samek;(15)6420914;;
HYDROWĄŻ Oddział Łódź;(42)6735043;;
HYDROWĄŻ Oddział Łódź;502687086;;
HYDROWĄŻ Oddział Pabianice;(42)2131550;;
HYDROWĄŻ Oddział Pabianice;(42)2110949;;
JD HYDRO Janusz Dąbrowski;609909117;;
Metalowa Spółdzielnia Pracy SKAMET;(41)2513631;;
Metalowa Spółdzielnia Pracy SKAMET;(41)2513978;;
P.P.U.H. Hydro - Osiedle Marciszów;500278999;;
P.W. HYDRO-POL;(52)3972407;;
P.W. HYDRO-POL;692425374;;
PASCAL Sp. z o.o.;(58)3058418;;
PASCAL Sp. z o.o.;(58)3058419;;
Przedsiębiorstwo Wielobranżowe HYDROKOB Bogumił Kobiela;(32)2066757;;
RAD-TRANS Hydraulika Siłowa;604828400;;
ROLMET-PLUS Sprzedaż Elementów Hydrauliki Siłowej Anna Podgórska;516131594;;
ROLMET-PLUS Sprzedaż Elementów Hydrauliki Siłowej Anna Podgórska;507029081;;
Stomaf Sp. z o.o.;(22)6325524;;
Stomaf Sp. z o.o.;(22)6316721;;
TRANSTOOLS Sp. z o.o.;(81)4443108;;
TRANSTOOLS Sp. z o.o.;(81)7465031;;
U-TECH Soja i Szałas Sp.j.;(41)3450950;;
U-TECH Soja i Szałas Sp.j.;(41)3451333;;
WARYŃSKI Origin Sp. z o.o.;(25)7541222;;
WARYŃSKI Origin Sp. z o.o.;(25)7541219;;
Zakład Hydrauliki Siłowej HYDROKOP Dominik Wojtczak;(43)8424672;;
Zakład Hydrauliki Siłowej HYDROKOP Dominik Wojtczak;608399278;;
Zakuwanie Węży Wysokociśnieniowych Witold Gipsiak;(22)7591556;;
Zakuwanie Węży Wysokociśnieniowych Witold Gipsiak;605571211;;
Hydro-Tor Zakład Hydrauliki Siłowej Sp. z o.o.;(58)7812828;;
Hydro-Tor Zakład Hydrauliki Siłowej Sp. z o.o.;502810035;;
Biuro Handlowo-Usługowe FART Krzysztof Siemiński;(54)2370022;;
Biuro Handlowo-Usługowe FART Krzysztof Siemiński;(54)2370615;;
HYDROFAST Sp. z o.o.;(85)6540569;;
HYDROFAST Sp. z o.o.;(85)6540558;;
MERDIK SERWIS;790049446;;
MERDIK SERWIS;501740982;;
OLIMET Dariusz Bieganek;604407206;;
OLIMET Dariusz Bieganek;604425149;;
AMA-DAR BIURO TECHNICZNE Dariusz Malicki;(32)2264482;;
AMA-DAR BIURO TECHNICZNE Dariusz Malicki;605035048;;
DARGAZ Sp.j.;(25)7877323;;
DARGAZ Sp.j.;(25)7813146;;
FHUP Drum Serwis;667943581;;
FHUP Drum Serwis;667943582;;
HYDROMECHANIKA R.M. Sp. z o.o.;(22)4988488;;
HYDROMECHANIKA R.M. Sp. z o.o.;501282844;;
JERNAS SEAL;(61)8676334;;
JERNAS SEAL;(61)8638120-21;;
KRANTRAK HIAB-ŚLĄSK Piotr Płonka;(32)2675041-42w.329;;
KRANTRAK HIAB-ŚLĄSK Piotr Płonka;(32)2673727w.329;;
MARGO Sp. z o.o. Sp.komandytowa;(56)6972000;;
MARGO Sp. z o.o. Sp.komandytowa;(56)6591151;;
METALEXPORT Adam Kruk;(34)3658881;;
METALEXPORT Adam Kruk;(34)3438486;;
P.P.U.H. REMIXS Kowalik Mieczysław;(34)3174090;;
P.P.U.H. REMIXS Kowalik Mieczysław;(34)3172694;;
Przedsiębiorstwo Handlowo-Usługowo-Produkcyjne AMAROL;(44)6326266;;
Przedsiębiorstwo Handlowo-Usługowo-Produkcyjne AMAROL;600048441;;
REMEX Hydraulika Siłowa, Pneumatyka, Łożyska;(17)5831449;;
Rolmet S.c.;(62)7305393;;
Rolmet S.c.;(62)7303507;;
ROM-KAT;(32)2841344;;
ROM-KAT;(32)3843964;;
UNITRONEX Poland Sp. z o.o.;(22)6312643;;
UNITRONEX Poland Sp. z o.o.;(22)6327559;;
WIDMAR SERWIS;793587034;;
WIDMAR SERWIS;531010023;;
BOSTAL Bydgoszcz;(52)3222255;;
BOSTAL Bydgoszcz;(52)3229227;;
CHEMOBIT Sp. z o.o.;(76)7233645;;
CHEMOBIT Sp. z o.o.;(76)7233649;;
CHEMTECH Zakład Zaopatrzenia Technicznego;(32)3304224;;
CHEMTECH Zakład Zaopatrzenia Technicznego;(32)3317523;;
GDS Sp. z o.o. - Regeneracja części maszyn;(22)3572566;;
GDS Sp. z o.o. - Regeneracja części maszyn;509582000;;
IOW SERVICE Sp. z o.o.;(76)8522117-18;;
IOW SERVICE Sp. z o.o.;(76)8522119;;
KRAK-SERWIS;(12)2846674;;
KRAK-SERWIS;781810816;;
KTR Polska Sp. z o.o.;(12)2672883;;
KTR Polska Sp. z o.o.;(12)2680066;;
MARKAN Sp. z o.o. Przedsiębiorstwo Handlu Specjalistycznego i Usług;(32)2713118;;
Nieautoryzowany Serwis Maszyn Budowlanych RAWIMEX;(32)4417573;;
Nieautoryzowany Serwis Maszyn Budowlanych RAWIMEX;(32)2365289;;
P.U.P.H. Wampol Sp. z o.o.;(32)2237111;;
P.U.P.H. Wampol Sp. z o.o.;(32)2251021;;
PDiWP DUKAT Sp. z o.o.;(42)2152571;;
PDiWP DUKAT Sp. z o.o.;(42)2131251;;
Plasma SYSTEM S.A.;(32)3511320;;
Plasma SYSTEM S.A.;(32)3511329;;
SLOVRUR Sp. z o.o.;(15)8448095;;
SLOVRUR Sp. z o.o.;(15)8448045-46;;
Almax Andrzej Drankowski;502230953;;
AMET S.c. Jan Kawiak Wiktor Kuśnierz;(71)3527539;;
AMET S.c. Jan Kawiak Wiktor Kuśnierz;(71)3528441;;
ART Przedsiębiorstwo Handlowo-Usługowe;(42)2508454;;
ART Przedsiębiorstwo Handlowo-Usługowe;(42)2508455;;
ART-TECH;(15)6416774;;
ART-TECH;502249595;;
Części Zamienne do Maszyn Budowlanych FADROMA;(71)3197774;;
Części Zamienne do Maszyn Budowlanych FADROMA;602452462;;
DDD Ciechanów;(23)6726232;;
EKO-BUD;508117325;;
EKOWIND;508200005;;
EKOWIND;605966477;;
eTermo-Inwest M.Kurkiewicz, P.Purzyński Sp.j.;(32)4612266;;
eTermo-Inwest M.Kurkiewicz, P.Purzyński Sp.j.;(32)4612267;;
F.H.U. OIL-CHEM Wiesław Adriańczyk;(54)2841935;;
F.H.U. OIL-CHEM Wiesław Adriańczyk;500114648;;
GoDar Bariery Drogowe;(63)2204953;;
GoDar Bariery Drogowe;(63)2204735;;
HEWEA Sp. z o.o.;(71)3456000;;
HEWEA Sp. z o.o.;(71)3458213;;
HydroMot;502489566;;
MKAJ SKORUPA Sp. z o.o.;(42)7120250;;
MKAJ SKORUPA Sp. z o.o.;(42)7123813;;
Otis-TD;(58)6612313ul.Śląska;;
Otis-TD;(58)6632023ul.Krzywoustego;;
P.W. MEGASEF Sylwia Jaworska-Roch;518875945;;
PETECH;(32)7383914;;
PETECH;(32)7700099;;
Przedsiębiorstwo Techniczno-Handlowe Włodzimierz Kozłowski;(32)6733343;;
Przedsiębiorstwo Techniczno-Handlowe Włodzimierz Kozłowski;(32)6733587;;
TriboTec Polska Sp. z o.o. Centralne Smarowanie;(71)7575600;;
TriboTec Polska Sp. z o.o. Centralne Smarowanie;(71)7575601;;
WIKBUD;(32)6722401;;
WIKBUD;662049056;;
WSPÓŁPRACA Sp. z o.o.;(81)7461543;;
WSPÓŁPRACA Sp. z o.o.;(81)7461316;;
Zakład Innowacji Technicznych T.M.A. Z.K.Stefaniak S.c.;(55)2325325;;
Zakład Innowacji Technicznych T.M.A. Z.K.Stefaniak S.c.;502305340;;
Zakład Projektowo Produkcyjny MATERSPEC S.c. Jan Kulpiński, Joanna Kurek;(18)4429169;;
Eksport-Import FREJUS Polska;(67)2167913;;
Eksport-Import FREJUS Polska;600102606;;
SPRAY Adam Borodo - GRACO;601613550;;
SPRAY Adam Borodo - GRACO;530613550;;
BILANGO;663341082;;
BILANGO;888817992;;
BTH Hydrotechnik;(48)3830655;;
BTH Hydrotechnik;786130180;;
Centrum Hydrauliki Siłowej Świdnica;731349406;;
Expres-Servis Pompy do Betonu;505864849;;
FTS W.Misz;607674773;;
H&P Hydrotechnik;600164308;;
HAL-JAN;501927447;;
Hydraulik Experts Sp. z o.o.;735567700;;
Hydraumont - profesjonalny hydraulik, elektryk i gazownik;533344636;;
HYDROSTAV Hydraulika Siłowa Staworko;793988912;;
HYDROSTAV Hydraulika Siłowa Staworko;664947163;;
Węże Hydrauliczne NORDER;661255019;;
3K TECH;(61)8707167;;
3K TECH;519135475;;
A&J PROJECT S.c.;660805888;;
A&J PROJECT S.c.;501805537;;
AGRO-NOW Zakład Usługowo Handlowy Łukasz Nowak;605111016;;
AGRO-NOW Zakład Usługowo Handlowy Łukasz Nowak;(48)3341016;;
AGROMET ZEHS Lubań S.A.;(75)7222081;;
AGROMET ZEHS Lubań S.A.;(75)7224071;;
AKSA Poland Hydraulika Sławomir Kołodziejski;(61)6531460;;
AKSA Poland Hydraulika Sławomir Kołodziejski;519187540;;
ALWIT;503155108;;
ARCANA;(22)7513989;;
ARCHIMEDES S.A.;(71)7827100;;
ARCHIMEDES S.A.;(71)3550962;;
ARMAR-HYDRO;537499080;;
ARtech;(56)6225005w.53;;
ARtech;(56)6529091;;
ARTOM PHU;(59)8436700;;
ARTOM PHU;(59)8444154;;
AUTO-MAX Hydraulika Siłowa;888485467;;
AUTO-MAX Hydraulika Siłowa;784188539;;
B&I Hydraulika Siłowa Łukasz Bogucki;668780720;;
Bartex T.Bartkowiak Sp.j.;(61)8107727;;
Bartex T.Bartkowiak Sp.j.;(61)8107462;;
BEWO-TECH;604774071;;
BEWO-TECH;(32)7506858;;
BGM Wytwórnia Górniczej Armatury Hydraulicznej Bożek Grzegorz;(18)3541114;;
BGM Wytwórnia Górniczej Armatury Hydraulicznej Bożek Grzegorz;503383443;;
Bipromasz Sp. z o.o. Sp.komandytowa;(52)3799310;;
Bipromasz Sp. z o.o. Sp.komandytowa;(52)3799311;;
Biuro Inżynieryjno Techniczne MAR-TET Małgorzata Kopiel, Tadeusz Gidziński Sp.j.;(12)6436283;;
Biuro Inżynieryjno Techniczne MAR-TET Małgorzata Kopiel, Tadeusz Gidziński Sp.j.;(12)6447084;;
Biuro Usługowo-Handlowe OBUCHOWICZ S.c. Magdalena Obuchowicz-Czuj, Wiktor Obuchowicz;(68)3257849;;
Biuro Usługowo-Handlowe OBUCHOWICZ S.c. Magdalena Obuchowicz-Czuj, Wiktor Obuchowicz;(68)3271683;;
BOLMAX;696463097;;
Bosch Rexroth Sp. z o.o.;(22)7381800;;
Bosch Rexroth Sp. z o.o.;(22)7588735;;
Boss Hydraulik;602618153;;
Boss Hydraulik;(22)6660926;;
BTH Hydrotechnik;(41)3610287;;
BTH Hydrotechnik;519100688;;
Centrum Hydrauliki i Pneumatyki mgr Izabela Zięba;506188186;;
Centrum Hydrauliki Siłowej CHRZĄSTEK;(91)4308135;;
Centrum Hydrauliki Siłowej CHRZĄSTEK;693840313;;
Centrum Hydrauliki Siłowej RYŚ Ryszard Mołdoch;(84)6167299;;
Centrum Hydrauliki Siłowej RYŚ Ryszard Mołdoch;604596133;;
CONEX;501167881;;
CUBE;508402292;;
D&TB System Sp. z o.o.;(71)3832214;;
D&TB System Sp. z o.o.;(71)3830845;;
Danfoss Power Solutions Sp. z o.o.;(71)7723000;;
Danfoss Power Solutions Sp. z o.o.;(71)7723001;;
DENDROMIS Sp. z o.o.;(22)6418201;;
Diagnostyka i Naprawa Hydrauliki Siłowej;(32)3286307;;
Diagnostyka i Naprawa Hydrauliki Siłowej;(32)2190193;;
DIUNA Sp.j. Piotr Drabiński Jerzy Wyporkiewicz;(52)3453298;;
Dolnośląskie Centrum Hydrauliki Siłowej;513517056;;
DPRS POLAND PPH;(22)8797080;;
Dracon Sp. z o.o.;(58)7838130;;
Dracon Sp. z o.o.;(58)7833712;;
DUDEK Waldemar Dudziak;506196760;;
DUDEK Waldemar Dudziak;501432324;;
EKOMIR Hydraulika Siłowa;(62)5820362;;
EKOMIR Hydraulika Siłowa;(62)5820462;;
ElektroFix Sp. z.o.o.;519333991;;
EMS TECHNOLOGY;(32)6707602;;
EMS TECHNOLOGY;(32)6466746;;
ESKA Katarzyna Smolarska;790400266;;
ETMAL Sp. z o.o.;(58)7838160;;
ETMAL Sp. z o.o.;(58)7833711;;
ETO MAGNETIC Sp. z o.o.;(71)3884300;;
ETO MAGNETIC Sp. z o.o.;(71)3884306;;
Eumat;(91)4694462;;
Eumat;(91)4601200;;
EUMAT SERWIS Radosław Matyjaszczyk;607248082;;
EUMAT SERWIS Radosław Matyjaszczyk;(77)4428074;;
EUMAT Serwis Radosław Matyjaszczyk;519178578;;
EUMAT Serwis Radosław Matyjaszczyk;(42)6740878;;
EURO-FLEX Hydraulika Siłowa;(91)8511598;;
EURO-FLEX Hydraulika Siłowa;608785784;;
Euro-Technik Gorlice;(18)5409394;;
Euro-Technik Gorlice;(18)5409395;;
EUROLIFT Adam Kaca;607189410;;
F.H.P. Kumax S.c.;(32)2842147;;
F.H.U. UNIMET;(52)3024508;;
F.H.U. UNIMET;(52)3024509;;
F.H.U. WEGA Roman Mrowiec;(32)2213316;;
F.H.U. WEGA Roman Mrowiec;(32)3263798;;
F.H.U.P. GM Maciążek Grzegorz;691516902;;
F.P.U.H. HYDRODYTA 2;(14)6116674;;
F.P.U.H. HYDRODYTA 2;606344966;;
FAMILO PHU S.c. Import-Export;(75)7222607;;
FAMILO PHU S.c. Import-Export;(75)7223334;;
FHU Gastian Olechowski Sebastian;511942574;;
Firma AUTO-COP;(76)8444930;;
Firma AUTO-COP;603605513;;
Firma Handlowo-Produkcyjna KOSTEK Konstanty Cholewasz;604452986;;
Firma Handlowo-Produkcyjna KOSTEK Konstanty Cholewasz;696847716;;
Firma Handlowo-Usługowa MSM;(61)8306940;;
Firma Handlowo-Usługowa MSM;(61)8306227;;
Firma HERB Sp. z o.o.;(13)4644640;;
Firma HERB Sp. z o.o.;(13)4640208;;
FLIS-SERVIS;607743503;;
Fraco - Podesty Ruchome Sp. z o.o. Podesty Ruchome, Windy Budowlane;600209893;;
Fraco - Podesty Ruchome Sp. z o.o. Podesty Ruchome, Windy Budowlane;(32)2094456;;
Framar S.c. Piotr Trusz, Dominik Jurkiewicz;(89)6429114;;
FUH Hydroart;(41)3462050;;
FUH Hydroart;603741966;;
FUH JURKOWSKI;660498367;;
Gacol Damian Jastrzębski;(75)7243462;;
Gacol Damian Jastrzębski;(75)6409357;;
GEMMATECH;570780876;;
GEMMATECH;570091932;;
GoldFLUID;(53)0853410;;
GoldFLUID;603971655;;
Gramet Sp. z o.o.;(75)7521649;;
Gramet Sp. z o.o.;(75)7532441;;
H.S Hydraulika Siłowa i Mechanika Pojazdowa;(91)4636431;;
H.S Hydraulika Siłowa i Mechanika Pojazdowa;609173802;;
Hansa-Flex Polska Sp. z o.o. Oddział Łódź;(42)6407009;;
Hansa-Flex Polska Sp. z o.o. Oddział Łódź;697615549;;
Hansa-Flex Sp. z o.o.;(61)6527337;;
Hansa-Flex Sp. z o.o.;(61)6527338;;
HAX Dariusz Warias;(32)4309785;;
HAX Dariusz Warias;502295894;;
HCS Sp. z o.o.;(18)3535248;;
HCS Sp. z o.o.;694438562;;
Hidroma Sistems Sp. z o.o.;(32)2411821;;
HK Hydraulika Siłowa Polska Sp. z o.o.;(91)5772838;;
HK Hydraulika Siłowa Polska Sp. z o.o.;(91)5776800;;
Holmatro Polska Sp. z o.o.;(22)7610403-04;;
Holmatro Polska Sp. z o.o.;(22)7610572;;
HP Systems;(022)2158877;;
HP Systems;(022)4986464;;
HP-Hydraulika Siłowa i Mechanika Maszyn S.c. Krzysztof Sasim, Marek Szkiecin;(91)4623879;;
HP-Hydraulika Siłowa i Mechanika Maszyn S.c. Krzysztof Sasim, Marek Szkiecin;(91)4624674;;
HS LUBAŃ Sp. z o.o.;(75)7215382;;
HS LUBAŃ Sp. z o.o.;(75)7215384;;
HSO Sp. z o.o.;(32)2168614;;
HYDAC Sp. z o.o.;(32)3262900;;
HYDAC Sp. z o.o.;(32)2262655;;
HYDINSTAL;(32)3404362;;
HYDINSTAL;(32)3404365;;
HydraKo S.c. P.Gryś, T.Zakrzewski;(42)6782934;;
HydraKo S.c. P.Gryś, T.Zakrzewski;602132613;;
HYDRAULICZNE Łukasz Kołodyński;693600402;;
Hydraulik Bydgoszcz Franciszek Kuntz;602226915;;
Hydraulik-System;(95)7204341;;
Hydraulik-System;(95)7204340;;
Hydraulika Siłowa;695751002;;
Hydraulika Siłowa Hs-Śląsk;509177808;;
Hydraulika Siłowa i Automechanika Z.U.L. LEŚNIK Piotr Bień;(15)8655819;;
Hydraulika Siłowa i Automechanika Z.U.L. LEŚNIK Piotr Bień;602790024;;
Hydraulika Siłowa KIPPER S.c. Maciej Gruszecki, Tomasz Gruszecki;(14)6837485;;
Hydraulika Siłowa KIPPER S.c. Maciej Gruszecki, Tomasz Gruszecki;(14)6837496;;
Hydraulika Siłowa Mariusz Tokarski;665564036;;
Hydraulika Siłowa Mechanika Maszyn Andrzej Kosiński;605464060;;
Hydraulika Siłowa Serwis Maszyn Budowlanych Krzysztof Góral;502546074;;
Hydraulika Siłowa Zakład Ślusarski Zbigniew Pietras;601072958;;
Hydraulika Siłowa-Automatyka;731538431;;
Hydraulika Siłowa-Automatyka;505239524;;
Hydraulika-Siłowa24 Regeneracja Pomp Hydraulicznych i Siłowników Maciej Kolenda;695485468;;
Hydraulika-Siłowa24 Regeneracja Pomp Hydraulicznych i Siłowników Maciej Kolenda;669812607;;
Hydro Kar Karol Minder;695860851;;
Hydro Pneumatic;602781472;;
Hydro Serwis Hydraulika Siłowa Marcin Suder;(89)3000043;;
HYDRO ZNPHS Sp. z o.o.;(33)8295660-sekretariat;;
HYDRO ZNPHS Sp. z o.o.;(33)8295678-sprzedaż;;
Hydro-Com;(42)6123277;;
Hydro-Com;507808530;;
HYDRO-DEN;513804910;;
HYDRO-FLEX;(91)8521932;;
HYDRO-FLEX;(91)5620570;;
HYDRO-JAMET;(42)6549394;;
HYDRO-KAL Zakład Hydrauliki Siłowej;(46)8318116;;
HYDRO-KAL Zakład Hydrauliki Siłowej;503050650;;
HYDRO-MAR Wioletta Deka;667972928;;
Hydro-Max;(89)5322089;;
Hydro-Max;660684062;;
Hydro-Max S.c.;601702834;;
Hydro-Mont Ewelina Górska;662096046;;
HYDRO-SERVIS S.c.;664722915;;
HYDRO-SERVIS S.c.;(58)6715364;;
HYDRO-SERWIS S.c. P.Trojan, D.Dzięciołowski;(71)3117322;;
HYDRO-SERWIS S.c. P.Trojan, D.Dzięciołowski;(71)3317921;;
HYDRO-SERWIS Serwis Maszyn Budowlanych Hydraulika Siłowa;605030433;;
HYDRO-SERWIS Serwis Maszyn Budowlanych Hydraulika Siłowa;697739997;;
Hydro-System Waldemar Zimiński;(46)8568476;;
Hydro-System Waldemar Zimiński;(46)8568422;;
HYDRO-TECH;(17)5853341;;
HYDRO-TECH;(17)5862186;;
HYDRO-TOR Sp. z o.o.;(56)6589077;;
HYDRO-TOR Sp. z o.o.;(56)6230083;;
HYDROBIG Hydraulika Siłowa;(52)3348721;;
HYDROBIG Hydraulika Siłowa;(52)3343093;;
HYDROF Hydraulika Siłowa Oddział Ciechanów;(23)6732992;;
HYDROG Rogalewski i Wspólnicy Sp.j.;(85)6510223;;
HYDROG Rogalewski i Wspólnicy Sp.j.;(85)6629303;;
HYDROGUMIT;(44)6471227;;
HYDROGUMIT;506238658;;
Hydrogutex Łukasz Bożek;(22)7874141;;
Hydrogutex Łukasz Bożek;(22)7873199;;
HYDROHEN;697581609;;
HYDROLAB;(22)7599291;;
HYDROLOGIC Polska;693188884;;
HYDROLOGIC Polska;(22)7201368;;
HYDROmar;(58)6171657;;
HYDROmar;509986010;;
HYDROMAR Zakład Hydrauliki Siłowej;(61)2921984;;
HYDROMAR Zakład Hydrauliki Siłowej;(61)2932137;;
Hydromasz Hydraulika Siłowa;(32)2875204;;
HYDROMECH Sp. z o.o.;(71)3740492;;
HYDROMECH Sp. z o.o.;(71)3740499;;
HYDROMEGA Sp. z o.o.;(58)6647271;;
HYDROMEGA Sp. z o.o.;(58)6647704;;
HYDROMONT Serwis Hydrauliki Siłowej;(91)3270954;;
HYDROMONT Serwis Hydrauliki Siłowej;(91)3279624;;
HYDROPIAST - Czerwiński Rafał;502384029;;
HYDROPNEUMATECH Sp.j.;603200884;;
HYDROPNEUMATECH Sp.j.;501056978;;
HYDROPOL Elżbieta Jakubowska;(22)4671405;;
HYDROPOL Elżbieta Jakubowska;(22)8774487-88;;
HYDROPRESS Hydraulika Siłowa;(55)6255100;;
HYDROPRESS Hydraulika Siłowa;(55)6255101;;
HYDROPRESS Hydraulika Siłowa;(22)4688697;;
HydroSCHICK;(32)2702024;;
HydroSCHICK;509497014;;
HYDROTECH;(77)4580760;;
HYDROTECH;795730355;;
HYDROTECH;(81)5279005;;
HYDROTECH;(81)5342465;;
HYDROTOM;(77)4641472;;
HYDROTOM;692271203;;
Hydrotop;(22)7210546;;
Hydrotop;606763907;;
Hydrotop S.c.;(24)2753008;;
Hydrotop S.c.;692240240;;
HYDROWĄŻ Oddział Piotrków Trybunalski;(44)6471566;;
HYTECH Tomasz Olsza;(32)2712488;;
HYTECH Tomasz Olsza;796461961;;
Import-Export Maszyn Budowlanych Jan Głuch;889479358;;
Import-Export Maszyn Budowlanych Jan Głuch;534509527;;
INSTALPRO;510928742;;
INTER-MASZ;(12)2921988;;
INTER-MASZ;(12)2921989;;
JB Hydraulic;731166537;;
K-1 S.c. Hydraulika Siłowa;(56)6558457;;
K-1 S.c. Hydraulika Siłowa;(56)6231060;;
Kamex Sp. z o.o.;(77)4552851;;
Kamex Sp. z o.o.;(77)4576628;;
KODAL Centrum Hydrauliki Siłowej Sp. z o.o.;(58)6624900;;
KODAL Centrum Hydrauliki Siłowej Sp. z o.o.;(58)6624903;;
KOLARZOWSKI Hydraulika Siłowa, Pneumatyka, Sterowanie Kolarzowski Maciej;(71)3411873;;
KOLARZOWSKI Hydraulika Siłowa, Pneumatyka, Sterowanie Kolarzowski Maciej;(71)7503103;;
KOMET;(61)8240545;;
KOMET;(61)8240544;;
Komplex-Remo;601449793;;
LARGO;(42)2762568;;
LARGO;697917313;;
Lorac - Odpływy Liniowe;(22)8278855w.105;;
Lorac - Odpływy Liniowe;(22)8278855w.102;;
Madejski Sp.j.;(12)6436767;;
Madejski Sp.j.;(12)6839642;;
MAGMART;604603174;;
Manuli Fluiconnecto Sp. z o.o.;(32)2220135;;
Manuli Fluiconnecto Sp. z o.o.;(32)2220139;;
MARIGOLD Mariusz Tarka;(22)4259642;;
MARIGOLD Mariusz Tarka;(22)2243090;;
MARKANT HYDRAULIC POWER;600953032;;
MARTech SERWIS Mariusz Czyż;(48)3847262;;
MARTech SERWIS Mariusz Czyż;794314794;;
MAZEMET;(33)8117732;;
MAZEMET;604553721;;
MBS Hydraulika Siłowa Bartłlomiej Słaboń;607501343;;
MECHANIKA MASZYN-USŁUGI;(71)3590734;;
MECHANIKA MASZYN-USŁUGI;603190510;;
MECHANIX MD;(29)7691509;;
MECHANIX MD;503146654;;
Meredes Z.H.U.;(71)3171510;;
Meredes Z.H.U.;606274626;;
METALUX;(62)7810582;;
METALUX;(62)7810592;;
Mękarski Janusz Usługi Hydrauliczne;510984340;;
Michał Powroźnik Usługi Hydrauliczne;(91)4341413;;
Michał Powroźnik Usługi Hydrauliczne;510488097;;
MS-HYDRO S.c.;(58)3069008;;
MS-HYDRO S.c.;(58)3201113;;
MULTI-MOTOR Hydraulika Siłowa Maszyn Ireneusz Osienienko;(22)6668022;;
MULTI-MOTOR Hydraulika Siłowa Maszyn Ireneusz Osienienko;601331889;;
MultiHydro;794178226;;
Multimech;886422055;;
ND Service;663220882;;
NETCOM Krzysztof Patera;(32)7570451;;
NETCOM Krzysztof Patera;(32)7979493;;
NOW-POL;(32)6781960;;
NOW-POL;501441671;;
NSKI Serwis Węży;(42)6376823;;
OLIMP;509539909;;
OLIMP;(15)6427750;;
OPTIFLEX;(12)2720016;;
OPTIMAL Sp. z o.o.;(32)2646398;;
OPTIMAL Sp. z o.o.;(32)2649555;;
OTTO HS;602703003;;
OTTO HS;(058)6788321;;
P. U. H. MOTO-EURO Hydraulika Siłowa;(81)7563466;;
P. U. H. MOTO-EURO Hydraulika Siłowa;(81)7563026;;
P.H. DANROL;(74)8156017;;
P.H. EXMET;(62)5820593;;
P.H. EXMET;606855319;;
P.H.U MATEX Modranka Sławomir;(042)6763510;;
P.H.U MATEX Modranka Sławomir;501947441;;
P.H.U. HYDRO-OIL;885506070;;
P.H.U. HYDRO-SERWIS Paweł Łopatyński;(58)5500544;;
P.H.U. HYDRO-SERWIS Paweł Łopatyński;663793287;;
P.H.U. MAL-MET Wiesław Malinowski;605049098;;
P.H.U. MAL-MET Wiesław Malinowski;(68)3276213;;
P.H.U. ORSTY Stefan Buk;(41)3440571;;
P.H.U. ORSTY Stefan Buk;696815165;;
P.P.H.U. HYDRA;509807867;;
P.P.H.U. HYDRA;(33)4711322;;
P.P.H.U. HYDRAULIKA SIŁOWA;(42)7126689;;
P.P.H.U. HYDRAULIKA SIŁOWA;602359521;;
P.P.H.U. HYDRON Langer;(32)4471068;;
P.P.H.U. HYDRON Langer;600508332;;
P.P.H.U. JAWOR;(32)2569649;;
P.P.H.U. JAWOR;609494151;;
P.P.U.H. HYDRO-PLAST;791777850;;
P.P.U.H. HYDRO-PLAST;793724722;;
P.P.U.H. Pascal S.c.;(32)2626365;;
P.P.U.H. Pascal S.c.;501330010;;
P.U.H. Hydro-Remserwis;(34)3621995;;
P.U.H. Hydro-Remserwis;503083622;;
P.U.H. MABET;(32)7119690;;
P.U.H. MABET;606633604;;
P.W. BEMIX Benedykt Mieszczak;(52)3895250;;
P.W. BEMIX Benedykt Mieszczak;(52)3895255;;
P.W. RAFKOP;(81)8553987;;
P.W. RAFKOP;509271225;;
P.W. REMPRESS;511127885;;
P.W. REMPRESS;508101198;;
PHS Sylwester Dmochowski;(71)3480484;;
PHS Sylwester Dmochowski;(71)3481398;;
PHU HILANDER;(71)3499567;;
PHU HILANDER;692128970;;
PHU HYDRO-PRECYZJA Janusz Cisak;505620130;;
PHU Maron;(42)6493234;;
PHU Maron;603867963;;
PHU METAL-SERW Piotr Jeliński;(95)7602366;;
PIGMOL;604272352;;
Polski Hydraulik;781661605;;
POLZAMECH Sp. z o.o.;(42)6777777;;
POLZAMECH Sp. z o.o.;605210337;;
PONAR SILESIA S.A.;(32)3233400;;
PONAR SILESIA S.A.;(32)3233401;;
PONAR Wadowice S.A.;(33)4882100;;
PONAR Wadowice S.A.;(33)4882103;;
PONAR Wadowice S.A. Oddział Warszawa;604281984;;
PPHU Adam Ball Usługi-Serwis;609513545;;
PPHU Adam Ball Usługi-Serwis;782642789;;
PPHU HIK Janina Oleksy;(68)4782829;;
PPHU HIK Janina Oleksy;(68)4443526;;
PPHU OTIS;785555584;;
PPHU OTIS;(71)7070811;;
PPHU ROCH;(32)3819940;;
PPHU ROCH;(32)3819960;;
PPiUT GODLEWSKI;(71)3565111;;
PPiUT GODLEWSKI;502635307;;
Presko Sp. z o.o.;606777506;;
Presko Sp. z o.o.;606146202;;
PRO-HYDRO mgr inż. Tomasz Dobosz;501626092;;
PRO-HYDRO mgr inż. Tomasz Dobosz;(52)3340397;;
PROFI Techniczne Zaopatrzenie Przemysłu Mariusz Czerski;(95)7689214;;
PROMASZ-2 S.c.;(71)3988358;;
PROMASZ-2 S.c.;888778461;;
PRS Trade Poland Sp. z o.o. Sp.komandytowa;(63)2616983;;
Przedsiębiorstwo Handlowo Produkcyjno Usługowe UKŁAD Sp. z o.o.;(61)6227208;;
Przedsiębiorstwo Handlowo Produkcyjno Usługowe UKŁAD Sp. z o.o.;(61)8638702;;
Przedsiębiorstwo Handlowo Usługowe KOWELKO;669880926;;
Przedsiębiorstwo Handlowo Usługowe KOWELKO;605447382;;
Przedsiębiorstwo HYD-REX Michał Grzelak;601805886;;
Przedsiębiorstwo HYD-REX Michał Grzelak;695981907;;
Przedsiębiorstwo Hydrauliki Siłowej HYDROTOR S.A.;(52)3363600;;
Przedsiębiorstwo Hydrauliki Siłowej HYDROTOR S.A.;(52)3348635;;
Przedsiębiorstwo K&H;(52)3279184;;
Przedsiębiorstwo K&H;(52)3223299;;
Przedsiębiorstwo Produkcyjno-Handlowo-Usługowe SIMER;508088563;;
Przedsiębiorstwo Produkcyjno-Handlowo-Usługowe SIMER;(65)5475406;;
Przedsiębiorstwo Produkcyjno-Usługowe NAVIPRES Sp. z o.o.;(58)3422974;;
Przedsiębiorstwo Produkcyjno-Usługowe NAVIPRES Sp. z o.o.;606322141;;
Przedsiębiorstwo Produkcyjno-Usługowe WAR-NO Sp. z o.o.;(12)4258699;;
Przedsiębiorstwo Produkcyjno-Usługowe WAR-NO Sp. z o.o.;(12)4257762;;
Przedsiębiorstwo Produkcyjno-Usługowo-Handlowe Hydromaster S.c. R.Plich, J.Fiuk, A.Plich;(24)3665090;;
Przedsiębiorstwo Wielobranżowe HYDRO-GAMA;(62)7367172;;
Przedsiębiorstwo Wielobranżowe HYDRO-GAMA;600447274;;
Przedsiębiorstwo Wielobranżowe P.U.H. WOKON;(63)2416534;;
Przedsiębiorstwo Wielobranżowe P.U.H. WOKON;601726534;;
Przedsiębiorstwo Wielobranżowe SAGA;(22)7735914;;
Przedsiębiorstwo Wielobranżowe SAGA;(22)7738721;;
Przedsiębiorstwo Zaopatrzenia Technicznego ROTOR;604785588;;
PUMAR Sp. z o.o.;(32)7359101;;
PUMAR Sp. z o.o.;(32)7359133;;
PUP HYDROSYSTEM;603384784;;
PUP HYDROSYSTEM;691473381;;
PYTON;696597557;;
RADEX-SERWIS;(59)8417848;;
RADEX-SERWIS;(59)8417923;;
Rawsko-Bialska Spółdzielnia Socjalna Nadzieja i Praca;(46)8142619;;
Redmann;794772828;;
Regeneracja Hydrauliki Siłowej;(52)3579586;;
Regeneracja Hydrauliki Siłowej;(52)3539018;;
REHS Regeneracja Elementów Hydrauliki Siłowej Krystyna Fiejka;(22)8374374;;
REHS Regeneracja Elementów Hydrauliki Siłowej Krystyna Fiejka;693039553;;
REHSiP;(15)8610415;;
REHSiP;605241461;;
REMONTAŻ Joachim Truszczyński;(58)6648973;;
REMONTAŻ Joachim Truszczyński;502570412;;
Remontowa Hydraulic Systems Sp. z o.o.;(58)3071290;;
Remontowa Hydraulic Systems Sp. z o.o.;(58)3071292;;
Rgl Hydraulics;697189575;;
ROB-REMEX;690353387;;
ROB-TOM;509859706﻿;;
Rockfin Distribution & Logistics Sp. z o.o.;(58)6715161;;
Rockfin Distribution & Logistics Sp. z o.o.;(58)6715164;;
Rockfin Sp. z o.o.;(58)6849804-05;;
Rockfin Sp. z o.o.;(58)6849807;;
Rockfin Sp. z o.o. Biuro Regionalne Jelenia Góra;(75)6424489;;
Rockfin Sp. z o.o. Biuro Regionalne Jelenia Góra;(75)6424490;;
Rockfin Sp. z o.o. Biuro Regionalne Łomianki;(22)7519590;;
Rockfin Sp. z o.o. Biuro Regionalne Łomianki;(22)7516000;;
Rockfin Sp. z o.o. Biuro Regionalne Szczecin;(91)4831455;;
Rockfin Sp. z o.o. Biuro Regionalne Szczecin;(91)4834283;;
Rockfin Sp. z o.o. Zakład Produkcyjny 2 Bydgoszcz;(52)3725863;;
Rockfin Sp. z o.o. Zakład Produkcyjny 3 Małkowo;(58)6848060;;
Rockfin Sp. z o.o. Zakład Produkcyjny 4 Gorlice;(18)3538420;;
Rockfin Sp. z o.o. Zakład Produkcyjny 4 Gorlice;(18)3538421;;
ROLMET Roman Wilkowski;(52)3343634;;
ROLMET Roman Wilkowski;507029081;;
SDA Sp.j.;605382558;;
Serwis Hydrauliki Siłowej Stanisław Twardowski;517962777;;
SILTECH Service;506543725;;
SKARŻYŃSKI Oil Service Sp.j.;(58)7100163;;
SKARŻYŃSKI Oil Service Sp.j.;(58)7100169;;
Sklep Wielobranżowy Art. Hydrauliczne Metalowe i Elektryczne;600420771;;
SOLEKO P.H. Cezary Boratyński;(61)6537857;;
SOLEKO P.H. Cezary Boratyński;(61)8155861;;
SOMA Michal Sobiak;(61)8474672;;
SOMA Michal Sobiak;500182058;;
SPINEL Hydraulika-Pneumatyka;(77)4643344;;
SPINEL Hydraulika-Pneumatyka;(77)5541194;;
STAKOM Stanisław Komadowski;693620950;;
STAKOM Stanisław Komadowski;667271535;;
STALKO Sp. z o.o. Sp.komandytowa;(71)3737759;;
STALKO Sp. z o.o. Sp.komandytowa;(71)3737786;;
SUNLOGIC;(12)3983557;;
SUNLOGIC;(12)3983560;;
SZADY;(81)5635130;;
SZADY;(82)5635501;;
TDF System S.c.;(12)6440120;;
TECHSYSTEM;(33)8167361;;
TECHSYSTEM;(33)8167362;;
TEL2NET;500284901;;
TEL2NET;503117617;;
TEPER Sp. z o.o.;(17)8547078;;
TEPER Sp. z o.o.;(17)8540505;;
Tomi Paweł Tomczyk Usługi Hydrauliczne;603039303;;
Tomi Paweł Tomczyk Usługi Hydrauliczne;607781555;;
Tommy Technic;(71)3117468;;
Tommy Technic;609045692;;
Trans-Service;662173272;;
TRIDENT PRECISION SERVICE POLSKA;(61)8241866;;
TRIDENT PRECISION SERVICE POLSKA;(61)8420094;;
UNIPREST Hydraulika Siłowa;518548857;;
Utech Hydraulic Sp. z o.o.;(41)3453256;;
Utech Hydraulic Sp. z o.o.;(41)3453257;;
VST Sp. z o.o.;(32)7288544;;
VST Sp. z o.o.;(32)7203541;;
WEST HYDRAULICS Marcin Kantor, Marian Wieczorek S.c.;(91)4854682;;
WEST HYDRAULICS Marcin Kantor, Marian Wieczorek S.c.;(91)4623870;;
Węże i Złącza Rafał Waberski;601773580;;
Węże i Złącza Rafał Waberski;663864320;;
Wielobranżowy Zakład Usługowy Bogusław Zieliński;(68)4534657;;
Wielobranżowy Zakład Usługowy Bogusław Zieliński;(68)4534658;;
Więcborskie Zakłady Metalowe Wizamor Sp. z o.o.;(52)3897004;;
Więcborskie Zakłady Metalowe Wizamor Sp. z o.o.;693110041;;
WIKO Produkcja-Handel;(58)6917605;;
WIKO Produkcja-Handel;664412234;;
WOD-KAN ZIBI Zbigniew Sikorski;886559412;;
WOD-KAN ZIBI Zbigniew Sikorski;501141735;;
WOPROL Sp.j.;(94)3732031;;
WOPROL Sp.j.;(94)3732861;;
WROPOL Engineering;(71)3171218;;
WROPOL Engineering;(71)3177735;;
Wytwórnia Pomp Hydraulicznych Sp. z o.o.;(71)7950120;;
Wytwórnia Pomp Hydraulicznych Sp. z o.o.;(71)3512005;;
Z.P.H.U. ELMAR Szczepan Marczuk;(77)4428074;;
Z.P.H.U. ELMAR Szczepan Marczuk;607248082;;
Z.P.H.U. HYDROKAM;512426127;;
Z.P.H.U. HYDROKAM;505070365;;
Z.P.U.H. IREX;(43)8425777;;
Z.P.U.H. IREX;605325565;;
Zakład Hydrauliczno-Budowlany Bronisław Osada;604130909;;
Zakład Hydrauliki Motoryzacyjnej Anna Baranowska;(22)7585192;;
Zakład Hydrauliki Motoryzacyjnej Anna Baranowska;609458646;;
Zakład Hydrauliki Siłowej - Siłowniki Hydrauliczne, Przewody Hydrauliczne;(91)5610322;;
Zakład Hydrauliki Siłowej - Siłowniki Hydrauliczne, Przewody Hydrauliczne;(91)5610171;;
Zakład Hydrauliki Siłowej HYDREM Ryszard Śliwa;(33)8166523;;
Zakład Hydrauliki Siłowej HYDREM Ryszard Śliwa;(33)8166525;;
Zakład Hydrauliki Siłowej HYDROPOL;600436151;;
Zakład Hydrauliki Siłowej HYDROPOL;(95)7601892;;
Zakład Hydrauliki Siłowej Hydrosystem;(95)7525365;;
Zakład Mechaniki i Hydrauliki Siłowej Józef Domański Czermno.pl;(44)7873426;;
Zakład Mechaniki Maszyn ZAMECH;(71)3033911;;
Zakład Mechaniki Maszyn ZAMECH;(71)3034158;;
Zakład Produkcyjno-Remontowy inż. Jan Kamiński;(68)3748321;;
Zakład Produkcyjno-Remontowy inż. Jan Kamiński;602779182;;
Zakład Produkcyjno-Usługowy HYPOM;(22)6649779;;
Zakład Produkcyjny Usługowo Handlowy HYDRO-REM Sp.j.;(32)4317898;;
Zakład Produkcyjny Usługowo Handlowy HYDRO-REM Sp.j.;(32)4317836;;
Zakład Remontowy HYDRO-MAH S.c. A.Paluch, M.Nocoń;(33)8457469;;
Zakład Remontowy HYDRO-MAH S.c. A.Paluch, M.Nocoń;602217543;;
Zakład Usług Mechaniki i Hydrauliki Siłowej S.c.;(89)5139612;;
Zakład Usług Mechaniki i Hydrauliki Siłowej S.c.;501345704;;
Zakład Usług Techniczych ZUMET;889705997;;
Zakład Usług Techniczych ZUMET;880556695;;
Zakuwanie Węży Hydraulicznych HYDROLEG Kamil Kwiatkowski;514260136;;
ZAWI-MET;(52)3343461;;
ZAWI-MET;660125394;;
Zdzichtex Zdzisław Czarny;601694882;;
Zdzichtex Zdzisław Czarny;(81)7486269;;
ZPH PLONEX Sp. z o.o.;(22)8466947;;
ZPH PLONEX Sp. z o.o.;(22)8685548;;
ZPHU HYDROMOTOR;600058468;;
ZPUH HYLMET Sp.j. H.Figiel, E.Piesik;(52)3342091;;
ZPUH HYLMET Sp.j. H.Figiel, E.Piesik;(52)3342758;;
ZWEKO ZHU;(32)7545827;;
ZWEKO ZHU;602293644;;
ZWHSfrej;888664847;;
ZHU SORMAL II;(33)8433824;;
ZHU SORMAL II;514161111;;
ADS Technic S.c.;(32)4309009;;
ADS Technic S.c.;664259597;;
AGANIX S.c.;(32)3015583;;
AGANIX S.c.;(32)2703202;;
Agencja Handlowo-Usługowa TRANZAX;(52)3701900-02;;
Agencja Handlowo-Usługowa TRANZAX;(52)5643900-20;;
AGRO-TRANS;(15)8321361;;
AGRO-TRANS;(15)8328466;;
AGROMET S.c.;(85)7163009;;
AGROMET S.c.;600383122;;
AGROPOL;(54)2720219;;
AL-PARTS S.c.;(89)7213049;;
AL-PARTS S.c.;513173706;;
ALFA Logistics S.c.;(91)4332951;;
AMITECH Sp. z o.o. Sp.komandytowa;(22)8519596;;
AMITECH Sp. z o.o. Sp.komandytowa;(22)8323177;;
ATLAS Części;(58)7364082;;
ATLAS Części;(58)7364081;;
August Kuhfuss Sp. z o.o.;(61)6241900;;
August Kuhfuss Sp. z o.o.;(61)6241921;;
Auto Windy Sp. z o.o.;(22)2266100;;
BEST PNEUMATIC Przedsiębiorstwo Handlowo-Usługowo-Produkcyjne;(41)3450457;;
BEST PNEUMATIC Przedsiębiorstwo Handlowo-Usługowo-Produkcyjne;(41)3452477;;
Best Trans Sp. z o.o.;(44)7129007;;
Best Trans Sp. z o.o.;517305999;;
Beyond Europe Sp. z o.o.;(68)3273112;;
BIBUS MENOS Sp. z o.o.;(58)6609570;;
BIBUS MENOS Sp. z o.o.;(58)6617132;;
BIFARB-BIMAR Centrum Budownictwa;(81)8201926;;
BIFARB-BIMAR Centrum Budownictwa;509322509;;
Biuro Techniczno-Handlowe KAM-TECH;(76)7521856;;
Biuro Techniczno-Handlowe KAM-TECH;669266501;;
Biuro Techniczno-Handlowe SINUS Krzysztof Rybicki;(25)6752880;;
Biuro Techniczno-Handlowe SINUS Krzysztof Rybicki;(25)6750142;;
BMC Service Sp. z o.o.;(71)3458141-42;;
BMC Service Sp. z o.o.;(71)3458143;;
Brammer S.A.;(17)2270000;;
Brammer S.A.;(17)2270001;;
BRAMMER S.A. - oddział Poznań;(61)8685911;;
BRAMMER S.A. - oddział Poznań;(61)8689355;;
BTH DANIEL;(12)2571390;;
BTH DANIEL;600415455;;
BTH Pomp i Automatyki Przemysłowej GES SYSTEM;505094710;;
Centrum Hydrauliki I Pneumatyki im. M.Wieleżyńskiego;501289539;;
Centrum Pneumatyki ARMA-POL;(95)7282528;;
Centrum Pneumatyki ARMA-POL;(95)7282529;;
Centrum Szkoleń Inżynierskich EMT-SYSTEMS;(32)4111000;;
Centrum Szkoleń Inżynierskich EMT-SYSTEMS;(32)4449344;;
COMPENSUS Sp. z o.o.;(32)3977400;;
COMPENSUS Sp. z o.o.;(32)3977401;;
DEMA-STUDIO Maciej Dębała;(22)7893527;;
DEMA-STUDIO Maciej Dębała;600071391;;
Dolina Serwis;(17)7796338;;
DROG-COMPLEX S.c.;(61)6531434;;
DROG-COMPLEX S.c.;(61)6531435;;
eMeR Radosław Gusal;508714455;;
F.H.U. Komuda Mikołaj Komuda;604186712;;
F.H.U. Komuda Mikołaj Komuda;664179224;;
F.H.U. TRANS-GUM;(14)6332751;;
F.H.U. TRANS-GUM;(14)6283029;;
F.P.H.U. KTS S.c.;(14)6127093;;
F.P.H.U. KTS S.c.;(14)6101629;;
F.U.H LECH Leszek Pióro;600350969;;
FHU KLIMET;(32)4314107;;
FHU KLIMET;501325406;;
Firma Handlowa PNEUMATICOS Katarzyna Jurczak;792821195;;
Firma Handlowa PNEUMATICOS Katarzyna Jurczak;510449726;;
Firma Usługowa ELPO Wiesław Tusk;502503996;;
Firma Usługowa ELPO Wiesław Tusk;(58)6259243;;
Firma Usługowa EURO-WIND Paweł Zmilczak;509559470;;
Firma Usługowa EURO-WIND Paweł Zmilczak;513165457;;
FLIS-SERVIS FLIS DANUTA;607743503;;
Forklift Polska Sp. z o.o.;(95)7512154;;
Forklift Polska Sp. z o.o.;502580270;;
FPHU HENRY;507041165;;
GAW-PLAST;(32)2750575;;
GAW-PLAST;508153987;;
GEKA Sp.j.;(94)3720422-23;;
GHG SERWIS Giza Hubert;(77)4646473;;
GHG SERWIS Giza Hubert;(77)4468419;;
Gniotpol Sp. z o.o. Zakład Odrowąż;(77)4671658;;
Gniotpol Sp. z o.o. Zakład Odrowąż;(77)4671659;;
Goldpex Sp. z o.o.;608131319;;
Goldpex Sp. z o.o.;608332453;;
GRim Biuro Techniczno-Handlowe Ryszard Gładysz;(91)4237020-21;;
GRim Biuro Techniczno-Handlowe Ryszard Gładysz;(91)4237019;;
GUMMET Żary;(68)3639196;;
GUMMET Żary;502381240;;
HAPIGO;(74)8687056;;
HAPIGO;665400606;;
HENNLICH Sp. z o.o.;(32)4206700;;
HENNLICH Sp. z o.o.;(32)4206708;;
HOUSE MACHINERY PARTS;690212644;;
HOUSE MACHINERY PARTS;(89)6755118;;
HPD Sp. z o.o.;(48)3629695;;
HPD Sp. z o.o.;698644999;;
HSW-Fabryka Elementów Złącznych FASTEC Sp. z o.o.;(15)8738822;;
HSW-Fabryka Elementów Złącznych FASTEC Sp. z o.o.;(15)8738325;;
Hurtownia Łożysk CIS;(14)6262448;;
Hurtownia Łożysk CIS;(14)6272790;;
HYDRASIL S.c.;668947460;;
HYDRASIL S.c.;665761435;;
Hydraulika i Wentylacja Bachniak Janusz;503978340;;
HYDRO-CZĘŚCI Jakubiec Sp. komandytowa;(17)2293705;;
HYDRO-CZĘŚCI Jakubiec Sp. komandytowa;(17)2293706;;
HYDRO-TRUCK Sp. z o.o.;(48)3690288;;
HYDRO-TRUCK Sp. z o.o.;(48)3635341;;
HYDROSTER Sp. z o.o.;(58)3071290;;
HYDROSTER Sp. z o.o.;(58)3071292;;
HYVA POLSKA Sp. z o.o.;(12)6510450;;
HYVA POLSKA Sp. z o.o.;(12)6532731;;
InTechnologia Sp. z o.o.;723018259;;
Inter Trade Sp. z o.o.;(32)7435601-98;;
Inter Trade Sp. z o.o.;(32)7435699;;
IPPARTS;607671332;;
IPPARTS;512017458;;
JSB TECHNIKA;604513930;;
JSB TECHNIKA;602470699;;
KARCHEX;606211056;;
KARCHEX;507158699;;
KONŻUR Konserwacja i Remont Urządzeń Transportu Bliskiego;(12)2929527;;
Kopareks;(42)6337087;;
Kopareks;661465637;;
KROTECH Techniczne Zaopatrzenie Przemysłu;605564117;;
KROTECH Techniczne Zaopatrzenie Przemysłu;(71)7580050;;
KROZMET S.c. Przenośniki i krążniki taśmowe;(89)6726100;;
KROZMET S.c. Przenośniki i krążniki taśmowe;(89)6271672;;
LASKA Technika Przemysłowa Sp. z o.o.;(32)3262450;;
LASKA Technika Przemysłowa Sp. z o.o.;(32)3262451;;
LENA Wilków Sp. z o.o.;(76)8178400;;
LENA Wilków Sp. z o.o.;(76)8783212;;
LEW MOTO;(61)8252888;;
LEW MOTO;601888252;;
LIFTEX Sp.j.;(81)7442514;;
LIFTEX Sp.j.;(81)7442541;;
LINDOS;(62)5916200;;
LINDOS;509739445;;
LINOR;(22)7152565;;
LINOR;(22)7544607;;
LUBMASZ;(81)7563466;;
LUBMASZ;602341035;;
MECHANICAL-PROJECT;504455268;;
MECHANIKA MASZYN;(91)3113642;;
MECHANIKA MASZYN;697728402;;
Mega-Tech S.c.;(86)2198188;;
Mega-Tech S.c.;508531604;;
Merolex-GS Sp. z o.o.;(17)8552011;;
Merolex-GS Sp. z o.o.;(17)8552022;;
MG Serwis Marcin Gołek;531991151;;
MIRIMEX Mirosław Stęplowski;(61)6516479;;
MIRIMEX Mirosław Stęplowski;(61)6516309;;
MITROPOL Sp.j.;(83)3571617;;
MITROPOL Sp.j.;(83)3571677;;
NORMAPRESS Sp.j.;(32)7771550;;
NORMAPRESS Sp.j.;(32)7771570;;
NUMA Biuro Techniczno-Handlowe;504282086;;
NUMA Biuro Techniczno-Handlowe;693372578;;
P.H. MARWIN Sp.j.;(65)5727782;;
P.H. PROFIT;(32)2025563;;
P.H. PROFIT;(32)2025573;;
P.H.S. Magnum Sp.j.;(77)4671062;;
P.H.S. Magnum Sp.j.;(77)5431526;;
P.H.U. Kamir Katarzyna Głowacka;(52)5810714;;
P.H.U. Kamir Katarzyna Głowacka;(52)5118150;;
P.H.U. Lech;(58)5513557;;
P.H.U. WODMAX Leszek Ibragimow;(41)3865642;;
P.P.H. BiBo S.c.;(76)7441080;;
P.P.H. BiBo S.c.;796666440;;
P.P.H.U. MATEO Zdzisław Krawczyk;503008248;;
P.P.H.U. MATEO Zdzisław Krawczyk;(42)7121905;;
P.P.H.U. METALIMPEX J.G. Chmielewscy Sp.j.;(71)3128178;;
P.P.H.U. METALIMPEX J.G. Chmielewscy Sp.j.;(71)3129512;;
P.P.H.U. MOTO-ROL S.c.;(22)7556849;;
P.P.H.U. MOTO-ROL S.c.;(22)7554730;;
P.P.H.U. Techmak;(65)5296221;;
P.P.H.U. Techmak;(65)5299362;;
P.P.U.H. INTERMECH Sp. z o.o.;(15)8423671;;
P.P.U.H. INTERMECH Sp. z o.o.;(15)8439085w.15;;
P.W. Romex;(61)8417824;;
P.W. Romex;(61)8436343;;
PANTRA Sp.j.;(15)6420344;;
PANTRA Sp.j.;(15)8444145;;
PATech;535217429;;
PHP AGAT IMPORT-EXPORT;608761468;;
PHP AGAT IMPORT-EXPORT;(15)6427698;;
PHU NOVA P.D.Bitner;(91)4627359;;
PHU NOVA P.D.Bitner;(91)4640641;;
PHU WRAZIDŁO Marek Wrazidło;(32)4300603;;
PNEUMAT-TECH Dagmara Zaręba;(17)2779320;;
PNEUMAT-TECH Dagmara Zaręba;505130242;;
PNEUMECH Rodolfo Gomes Garcia;(22)2992771;;
PNEUMECH Rodolfo Gomes Garcia;690650001;;
Pogotowie Hydrauliczne 24h;666744277;;
Pol Fiord Sp. z o.o.;(58)6624900;;
Pol Fiord Sp. z o.o.;(58)6624903;;
PPHU EKO-PLAST;(59)8481710;;
PPHU EKO-PLAST;882339088;;
PPUH GUMBUD;601455050;;
PPUH KADMES TOTAL;(46)8383807;;
PPUH KADMES TOTAL;606713565;;
PressMann - pneumatyka, hydraulika, automatyka;(58)5624014;;
PressMann - pneumatyka, hydraulika, automatyka;794290108;;
Pro-Rol;(71)3037777;;
Pro-Rol;(71)3034969;;
ProConn Krzysztof Honcek;530623925;;
Przedsiębiorstwo Handlowo-Transportowe OM S.c.;(63)2616350;;
Przedsiębiorstwo Handlowo-Transportowe OM S.c.;(63)2616360;;
Przedsiębiorstwo Handlowo-Usługowe MAT Maciej Świderski, Tomasz Pakuła Sp.j.;(32)2604175;;
Przedsiębiorstwo Handlowo-Usługowe MAURO Export-Import inż.Waldemar Kowalczyk;(94)3742889;;
Przedsiębiorstwo Handlowo-Usługowe MAURO Export-Import inż.Waldemar Kowalczyk;(94)3724816;;
Przedsiębiorstwo Innowacyjno-Wdrożeniowe WAMET Sp. z o.o.;(52)3616110;;
Przedsiębiorstwo Innowacyjno-Wdrożeniowe WAMET Sp. z o.o.;(52)3616119;;
Przedsiębiorstwo Produkcyjno Handlowe ZWIERUCHO;601610902;;
Przedsiębiorstwo Technicznej Obsługi Przemysłu GAMTECH;(17)8522960;;
Przedsiębiorstwo Technicznej Obsługi Przemysłu GAMTECH;(17)8547631;;
Przedsiębiorstwo Usługowo Handlowe PRO-TECH-MIX;502295931;;
Przedsiębiorstwo Usługowo Handlowe PRO-TECH-MIX;517202914;;
Przedsiębiorstwo Wielobranżowe KOMER;(32)4154603;;
Przedsiębiorstwo Wielobranżowe Komstal Tomasz Michalski;(32)2364580;;
Przedsiębiorstwo Wielobranżowe Komstal Tomasz Michalski;(32)3362390;;
PUH Elektro-System;(052)3832568;;
PUH Elektro-System;603115983;;
PUH SPRZĘT-KOP Rajmund Krakowski;(43)6774033;;
PUH SPRZĘT-KOP Rajmund Krakowski;602120118;;
PURM Przekładnie Kierownicze;669666466;;
PURM Przekładnie Kierownicze;665503303;;
PW KRYSPOL;(29)7422047;;
PZM WIMET - znaki drogowe;(22)7893115;;
PZM WIMET - znaki drogowe;(22)7893132;;
RAF-MAT Zakład Wielobranżowy;(52)3822637;;
RAF-MAT Zakład Wielobranżowy;603676241;;
RAMATECH-INSTAL S.c.;501786357-58;;
RAMATECH-INSTAL S.c.;(12)4272556;;
Regenmot S.c.;(012)6867075;;
Regenmot S.c.;505070134;;
SEBAMET Sebastian Cempiel;692538622;;
SEBAMET Sebastian Cempiel;784789422;;
SEBRUK.PL układanie kostki brukowej Lublin kostka brukowa;605308665;;
SKRAW-MET Ryszard Stachura;(58)5512308;;
SKRAW-MET Ryszard Stachura;(58)5507810;;
SOL-TAR Eugeniusz Pasterski;695163352;;
SOL-TAR Eugeniusz Pasterski;(52)3872424;;
Spółdzielnia PROMASZ;(71)3479268-70;;
Spółdzielnia PROMASZ;(71)3486074;;
STALTECH;(52)3317298;;
STALTECH;511562440;;
STASTO Automation Sp. z o.o.;(22)4121450;;
STASTO Automation Sp. z o.o.;(22)4121453;;
Sternal International Sp. z o.o.;(91)4873671;;
Sternal International Sp. z o.o.;509355006;;
TANK-OL S.c.;(25)6330282;;
TANK-OL S.c.;605419893;;
Tech-Bud Sp. z o.o.;(58)6828403;;
Tech-Bud Sp. z o.o.;(58)6917548;;
TECH-PRZEM;(33)4706953;;
TECH-PRZEM;(33)4706954;;
Tech-Trading Sp. z o.o.;(32)3461236;;
Tech-Trading Sp. z o.o.;(32)4502450;;
Tiefenbach-Polska Sp. z o.o.;(32)3886780;;
Tiefenbach-Polska Sp. z o.o.;(32)3886781;;
TOBI Tomasz Bednarski;(71)3492917;;
TOBI Tomasz Bednarski;(71)7234495;;
TPG Serwis;(32)3607614;;
TPG Serwis;602116203;;
TrueTECH;727915805;;
Tubes International Sp. z o.o. Oddział Białystok;(85)6623500;;
Tubes International Sp. z o.o. Oddział Białystok;(85)6623371;;
Tubes International Sp. z o.o. Oddział Bydgoszcz;(52)3307171;;
Tubes International Sp. z o.o. Oddział Bydgoszcz;(52)3200171;;
Tubes International Sp. z o.o. Oddział Częstochowa;(34)3628292;;
Tubes International Sp. z o.o. Oddział Częstochowa;(34)3685566;;
Tubes International Sp. z o.o. Oddział Gdańsk;(58)7634200;;
Tubes International Sp. z o.o. Oddział Gdańsk;(58)3017575;;
Tubes International Sp. z o.o. Oddział Gdynia;(58)7714380;;
Tubes International Sp. z o.o. Oddział Gdynia;(58)7714399;;
Tubes International Sp. z o.o. Oddział Gliwice;(32)2386071;;
Tubes International Sp. z o.o. Oddział Gliwice;(32)2386357;;
Tubes International Sp. z o.o. Oddział Kalisz;(62)7667310;;
Tubes International Sp. z o.o. Oddział Kalisz;(62)7667311;;
Tubes International Sp. z o.o. Oddział Katowice;(32)3559160;;
Tubes International Sp. z o.o. Oddział Katowice;(32)3559169;;
Tubes International Sp. z o.o. Oddział Kielce;(41)3340005;;
Tubes International Sp. z o.o. Oddział Kielce;(41)3340302;;
Tubes International Sp. z o.o. Oddział Kraków;(12)6508300;;
Tubes International Sp. z o.o. Oddział Kraków;(12)6508310;;
Tubes International Sp. z o.o. Oddział Lublin;(81)7461003;;
Tubes International Sp. z o.o. Oddział Lublin;(81)7461005;;
Tubes International Sp. z o.o. Oddział Łódź;(42)6892525;;
Tubes International Sp. z o.o. Oddział Łódź;(42)6892520;;
Tubes International Sp. z o.o. Oddział Olsztyn;(89)5135504;;
Tubes International Sp. z o.o. Oddział Olsztyn;(89)5131669;;
Tubes International Sp. z o.o. Oddział Płock;(24)3640300;;
Tubes International Sp. z o.o. Oddział Płock;(24)3640301;;
Tubes International Sp. z o.o. Oddział Poznań;(61)6530280;;
Tubes International Sp. z o.o. Oddział Poznań;(61)6530281;;
Tubes International Sp. z o.o. Oddział Rzeszów;(17)8504512;;
Tubes International Sp. z o.o. Oddział Rzeszów;(17)8504549;;
Tubes International Sp. z o.o. Oddział Szczecin;(91)4712108;;
Tubes International Sp. z o.o. Oddział Szczecin;(91)4712208;;
Tubes International Sp. z o.o. Oddział Toruń;(56)6124902;;
Tubes International Sp. z o.o. Oddział Toruń;(56)6124975;;
Tubes International Sp. z o.o. Oddział Warszawa;(22)5729830;;
Tubes International Sp. z o.o. Oddział Warszawa;(22)5729840;;
Tubes International Sp. z o.o. Oddział Wrocław;(71)3262691;;
Tubes International Sp. z o.o. Oddział Wrocław;693551998;;
Tubes International Sp. z o.o. Oddział Zielona Góra;(68)3230315;;
Tubes International Sp. z o.o. Oddział Zielona Góra;(68)3238110;;
UNIPOL CARBON-STEEL Sp. z o.o.;(32)3052036;;
Urządzenia i Konstrukcje S.A.;(32)4359806;;
Urządzenia i Konstrukcje S.A.;(32)4417587;;
V-RING;692411005;;
V-RING;787505661;;
WAKTIM Sp. z o.o.;(84)6658251;;
Wąż Serwis;(42)6508814;;
Wąż Serwis;602462611;;
WELDI;(32)2187141-42;;
WELDI;(32)3230322;;
WERIKO części zamienne do obrabiarek;(76)8459629;;
WERIKO części zamienne do obrabiarek;(76)7434051;;
XPERTS inż. Sławomir Łada;(68)3287866;;
XPERTS inż. Sławomir Łada;501311664;;
Zakład Budowy Maszyn OSSA;601703403;;
Zakład Budowy Maszyn OSSA;(32)2175221-22;;
Zakład Budowy Maszyn PROMASZ Zbigniew Kraszewski;(44)7143787;;
Zakład Budowy Maszyn PROMASZ Zbigniew Kraszewski;(44)7141903;;
Zakład Eksploatacji i Wykonawstwa Wodociągów;(63)2743436;;
Zakład Eksploatacji i Wykonawstwa Wodociągów;(63)2743437;;
Zakład Mechanicznej Obróbki Metali Ireneusz Mrugalski;(68)3842998;;
Zakład Mechanicznej Obróbki Metali Ireneusz Mrugalski;504680606;;
Zakład Obsługi Technicznej HYDROMECH Sp. z o.o.;605278470;;
Zakład Obsługi Technicznej HYDROMECH Sp. z o.o.;500054110;;
Zakład Remontowy Maszyn Hydraulicznych HYDROSERWIS Marek Szafraniec;(56)6559637;;
Zakład Remontowy Maszyn Hydraulicznych HYDROSERWIS Marek Szafraniec;(56)6586610;;
Zakłady Mechaniczne WIROMET S.A.;(32)3240700;;
Zakłady Mechaniczne WIROMET S.A.;(32)3240730;;
Zakłady Urządzeń Technicznych ZGODA Sp. z o.o.;(32)2457438;;
Zakłady Urządzeń Technicznych ZGODA Sp. z o.o.;(32)3452177;;
ZPU-BM;(17)5853724;;
ZPU-BM;601149206;;
ZRP REMONAFT Sp. z o.o.;(13)4360021;;
ZRP REMONAFT Sp. z o.o.;(13)4349601;;
