ADF LIDMAR;(22)7841750;;
ADF LIDMAR;(22)7849160;;
ATAC Audytorzy i Partnerzy Sp. z o.o.;(22)3797630;;
ATAC Audytorzy i Partnerzy Sp. z o.o.;(22)3797631;;
ELIKS Audytorska Sp. z o.o. GRUPA FINANS-SERVIS;(71)3556713;;
ELIKS Audytorska Sp. z o.o. GRUPA FINANS-SERVIS;(71)3735919;;
HLB M2 Audyt Sp. z o.o.;(52)3954114;;
HLB M2 Audyt Sp. z o.o.;602154694;;
JKF Sp. z o.o.;(22)3812481;;
Audmax Błażej Biliński;604939564;;
Audmax Błażej Biliński;(71)7336398;;
Biuro Audytorsko-Finansowe SKONTO-FICADEX Sp. z o.o.;(22)8223826;;
Biuro Audytorsko-Finansowe SKONTO-FICADEX Sp. z o.o.;(22)6687095;;
CM AUDIT Sp. z o.o.;(61)2238882;;
CM AUDIT Sp. z o.o.;603287344;;
EGOTERM Doradztwo i Projektowanie Energooszczędne;(12)6866464;;
EGOTERM Doradztwo i Projektowanie Energooszczędne;(12)6866465;;
FABER Zespół Biegłych Rewidentów Sp. z o.o.;(71)3433217;;
FABER Zespół Biegłych Rewidentów Sp. z o.o.;(71)3437111;;
Firma Audytorska ACCO Sp. z o.o.;(12)6341444w.340;;
Firma Audytorska ACCO Sp. z o.o.;602311244;;
Gdańska Kancelaria Ekspertów Księgowych NOTA Sp. z o.o.;(58)3013079;;
Gdańska Kancelaria Ekspertów Księgowych NOTA Sp. z o.o.;(58)3248889;;
Kancelaria Audytorska 2A Sp. z o.o.;(32)2707027;;
Misters Audytor Adviser Sp. z o.o.;(22)8481817;;
Misters Audytor Adviser Sp. z o.o.;(22)8499112;;
Warszawskie Biuro Audytu Sp. z o.o.;602458411;;
A4Business Sp. z o.o. Sp.komandytowa;695464011;;
A4Business Sp. z o.o. Sp.komandytowa;605990231;;
AC ROKA Sp. z o.o.;(41)3441440;;
AC ROKA Sp. z o.o.;604601076;;
Audyt - BT Biegły Rewident Bogumiła Tołoczko;668844446;;
Biuro Audytorskie FK-Bad Sp. z o.o.;(12)6803470;;
Biuro Audytorskie FK-Bad Sp. z o.o.;(12)6448204;;
ET ENERGO AUDYT;(65)5132918;;
ET ENERGO AUDYT;508170590;;
Financial Service Support Sp. z o.o.;(22)8866125;;
Financial Service Support Sp. z o.o.;(22)8866126;;
Kancelaria Biegłego Rewidenta REWIKAM Robert Kamela;660677915;;
Kancelaria Biegłego Rewidenta REWIKAM Robert Kamela;(25)7514554;;
PERFECTUM-AUDIT Doradcy Finansowo-Księgowi Sp. z o.o.;(22)6442767;;
PERFECTUM-AUDIT Doradcy Finansowo-Księgowi Sp. z o.o.;(22)6442762;;
Polski Instytut Kontroli Wewnętrznej Sp. z o.o.;(22)6541044;;
Polski Instytut Kontroli Wewnętrznej Sp. z o.o.;(22)6209436;;
Rödl & Partner - biuro Gdańsk;(58)5203873;;
Rödl & Partner - biuro Gdańsk;(58)5202720;;
Rödl & Partner - biuro Gliwice;(32)3301200;;
Rödl & Partner - biuro Gliwice;(32)3301205;;
Rödl & Partner - biuro Kraków;(12)3786600;;
Rödl & Partner - biuro Kraków;(12)3786605;;
Rödl & Partner - biuro Poznań;(61)8644900;;
Rödl & Partner - biuro Poznań;(61)8644901;;
Rödl & Partner - biuro Warszawa;(22)6962800;;
Rödl & Partner - biuro Warszawa;(22)6962801;;
Rödl & Partner - biuro Wrocław;(71)3467770;;
Rödl & Partner - biuro Wrocław;(71)3467777;;
Ulivex-Expert Sp. z o.o.;(22)6546063;;
Ulivex-Expert Sp. z o.o.;(22)6201238;;
BBR-FINLEX Sp. z o.o.;(22)7271415;;
BBR-FINLEX Sp. z o.o.;(22)7271434;;
ATW Doradztwo Biznesowe Sp. z o.o.;601407806;;
ATW Doradztwo Biznesowe Sp. z o.o.;(32)2443668;;
BADEX Agencja Biegłych Rewidentów Sp. z o.o.;(77)4545410;;
BADEX Agencja Biegłych Rewidentów Sp. z o.o.;(77)4540898;;
BENE Audyt Energetyczny;663925040;;
Biuro Projektowo-Usługowe WiK Karolina Andraczko;(94)3470741;;
Biuro Projektowo-Usługowe WiK Karolina Andraczko;512386570;;
Biuro Rachunkowe CALCULO Sp. z o.o.;(71)7156165;;
Biuro Rachunkowe CALCULO Sp. z o.o.;509499113AgataBulzak;;
Biuro Rachunkowe CONSTANS Sp. z o.o.;(32)7452875;;
Biuro Rachunkowe CONSTANS Sp. z o.o.;(32)7979555;;
Biuro Rachunkowe EFEKT Agnieszka Świderska;(22)8705136;;
Biuro Rachunkowe EFEKT Agnieszka Świderska;(22)7621000;;
Biuro Rachunkowe Marek Sowiński - Kancelaria Biegłego Rewidenta;(58)5512538;;
Biuro Rachunkowe Marek Sowiński - Kancelaria Biegłego Rewidenta;501267764;;
Biuro Rachunkowe Werte;(71)3384287;;
Biuro Rachunkowe Werte;(71)3625820;;
Ecovis System Rewident Sp. z o.o. Doradztwo Podatkowe, Fundusze Unijne;(22)3800380;;
Ecovis System Rewident Sp. z o.o. Doradztwo Podatkowe, Fundusze Unijne;(22)3800381;;
FAAS Trading Sp. z o.o.;784006620;;
FAAS Trading Sp. z o.o.;507427377;;
Global Information Security Sp. z o.o.;(22)4061985;;
Global Information Security Sp. z o.o.;605651763;;
Indalo Polska Sp. z o.o.;(33)8100482;;
Indalo Polska Sp. z o.o.;571308515;;
Kancelaria Biegłego Rewidenta Iwona Nowak;(61)8250898;;
Kancelaria Biegłego Rewidenta Iwona Nowak;501109777;;
KONTEX Sp. z o.o.;(25)6323011;;
Nike Ośrodek Szkoleniowo Doradczy;501048672;;
Nike Ośrodek Szkoleniowo Doradczy;510155699;;
REJESTR Sp. z o.o.;(12)4300270;;
REJESTR Sp. z o.o.;(12)4300290;;
Termoprojekt Andrzej Cempel - Projekty, Kosztorysy;(62)5922411;;
Termoprojekt Andrzej Cempel - Projekty, Kosztorysy;501183922;;
TRACER PHU;513838924;;
Zakład Badawczo-Projektowy INWAT Sp. z o.o.;(42)6363245;;
Zakład Badawczo-Projektowy INWAT Sp. z o.o.;(42)6363788;;
Zespół Usług Finansowo-Księgowych BILANS-SERVIS Sp. z o.o.;(41)3686669;;
Zespół Usług Finansowo-Księgowych BILANS-SERVIS Sp. z o.o.;(41)3686070;;
Argox Eco Energia;604443003;;
Argox Eco Energia;602220228;;
ARGOX Sp. z o.o.;(22)7436938;;
ARGOX Sp. z o.o.;604463707;;
ATHENA Sp. z o.o. Biuro Usług Brokerskich;(61)6613302-03;;
ATHENA Sp. z o.o. Biuro Usług Brokerskich;(61)6624422;;
Biuro Rachunkowe KOREKTA Bożena Kozioł;(12)6383131;;
Biuro Rachunkowe KOREKTA Bożena Kozioł;(12)6383105;;
INTO-OCIEPLENIA inż. Łukasz Spanbrucker;609747620;;
IT Mobil Consulting Małgorzata Goraj;(52)3553502;;
IT Mobil Consulting Małgorzata Goraj;504064824;;
JM DEVELOPMENT S.c.;694911708;;
JM DEVELOPMENT S.c.;606615959;;
Kancelaria Biegłych Rewidentów CDP Sp. z o.o.;(95)7359640;;
Kancelaria Biegłych Rewidentów CDP Sp. z o.o.;(95)7359641;;
KR Group;(22)2628100;;
KR Group;(22)6161338;;
MLG Ochrona Środowiska i BHP Marzena Litwin-Gratkowska;506067102;;
PIN Consulting Sp. z o.o.;(22)4893993;;
PIN Consulting Sp. z o.o.;(22)4893989;;
ABC Audit Sp. z o.o.;(61)8525845;;
ASCOTA M.Jurak Spółka Jawna;(22)7201847;;
ASCOTA M.Jurak Spółka Jawna;(22)7201774;;
ATEX Biuro Inżynierskie Mariusz Misiurski;(23)6720597;;
ATEX Biuro Inżynierskie Mariusz Misiurski;500354791;;
AUDYTOR;(22)8797109;;
AUDYTOR;501794260;;
Biuro Rachunkowe AUDYTOR Marek Piątek;(75)6431911;;
Biuro Rachunkowe AUDYTOR Marek Piątek;(75)6412445;;
Biuro Rachunkowe GWARANT FINANSE i KSIĘGOWOŚĆ Spółka z ograniczoną odpowiedzialnością Sp.k.;(33)8212821;;
Biuro Rachunkowe GWARANT FINANSE i KSIĘGOWOŚĆ Spółka z ograniczoną odpowiedzialnością Sp.k.;(33)8212842;;
Biuro Rachunkowe-Kancelaria Usług Księgowych Sp. z o.o.;(32)7504900;;
Biuro Rachunkowe-Kancelaria Usług Księgowych Sp. z o.o.;(32)7504901;;
CODEX Kancelaria Audytorska Sp. z o.o.;607063075;;
CODEX Kancelaria Audytorska Sp. z o.o.;607063076;;
DOMIN Consulting Marek Domin;(22)7513791;;
Energofizyka;607243143;;
Euro Inwest Sp. z o.o.;(81)4421842;;
Euro Inwest Sp. z o.o.;508168307;;
F.H.U. Makro System;(71)7949554;;
Fundeko Korbel, Krok-Baściuk Sp.j.;(22)6580370;;
Fundeko Korbel, Krok-Baściuk Sp.j.;(22)2072456;;
IT External;503347388;;
JK-Projekt Kajetan Jakszycki;600389860;;
Job Safety Ośrodek Szkoleniowy;602777926;;
JSystem Audyt Energetyczny;530867333;;
JSystem Audyt Energetyczny;(13)4912398;;
KAROGRÓD;(74)8473642;;
KAROGRÓD;696417766;;
MAW Biuro Rachunkowe;(71)7959979;;
MAW Biuro Rachunkowe;(71)7850946;;
Nowoczesna Technika Instalacyjna;602703835;;
PHU J.W.T. mgr Jacek W.Trzciński;(42)6168209;;
PHU J.W.T. mgr Jacek W.Trzciński;601386673;;
Pika Sp. z o.o.;0801080890;;
Pika Sp. z o.o.;0801080890;;
Pika Sp. z o.o.;0801080890;;
Pika Sp. z o.o.;0801080890;;
Pika Sp. z o.o.;(58)7326715;;
Pika Sp. z o.o.;(58)7326709;;
PozyskajEnergie;(22)7832034;;
PozyskajEnergie;661916620;;
PROLANG Szkoła Językowa;(71)3723919;;
Przedsiębiorstwo Usługowo Wdrożeniowe EGZERGIA Sp. z o.o.;502300446;;
Smolej i Spółka Księgowi i Rewidenci Sp. z o.o.;(91)4328180;;
Smolej i Spółka Księgowi i Rewidenci Sp. z o.o.;(91)4328199;;
Świadectwa i Audyty Energetyczne Wanda Dziedzic-Paprocka;662103048;;
TALAR Sp. z o.o.;(22)6298968;;
TALAR Sp. z o.o.;(22)6215049;;
ULTICORE Sp. z o.o.;605305395;;
ULTICORE Sp. z o.o.;(22)5103633;;
UNIVERS Konsulting-Edukacja JACYNO i MODZELEWSKI Sp. z o.o.;(68)3256693;;
UNIVERS Konsulting-Edukacja JACYNO i MODZELEWSKI Sp. z o.o.;(68)3200547;;
4 Audyt Sp. z o.o.;(61)8162781;;
4 Audyt Sp. z o.o.;(61)8551039;;
ABS-AUDIT Kancelaria Audytorsko-Konsultingowa Anna Bień-Szymańczak;(58)3469877;;
ABS-AUDIT Kancelaria Audytorsko-Konsultingowa Anna Bień-Szymańczak;603121361;;
AdAc Sp. z o.o.;(12)6365277;;
AdAc Sp. z o.o.;(12)6230585;;
ADVICE Business Solutions;(022)3744227;;
ADVICE Business Solutions;(022)6209452;;
Agencja Biegłych Rewidentów TAX-2 Sp. z o.o.;(71)3283549;;
Agencja Biegłych Rewidentów TAX-2 Sp. z o.o.;(71)3771719;;
Agencja HetMan;(58)3446792;;
Agencja HetMan;(58)3446792w.19;;
Agencja Informacji Gospodarczej Sp. z o.o.;(74)8659434-36;;
Agencja Ratingu Społecznego Sp. z o.o.;(22)6960040;;
Agencja Ratingu Społecznego Sp. z o.o.;(22)6960041;;
AK Audyt Sp. z o.o.;(22)3252100;;
AK Audyt Sp. z o.o.;(22)3252101;;
AKCEPT Biuro Biegłych Rewidentów Sp. z o.o.;(63)2438208;;
AKCEPT Biuro Biegłych Rewidentów Sp. z o.o.;608124496;;
ANP Audyt Nadzór Projektowanie;698020900;;
AS-INSTAL Maciej Łukawski;502373438;;
AT AUDIT Sp. z o.o.;(22)4077457;;
AT AUDIT Sp. z o.o.;(22)4077452;;
ATAC Audytorzy i Partnerzy Sp. z o.o.;(32)7209599;;
ATAC Audytorzy i Partnerzy Sp. z o.o.;(22)3797631;;
ATEST Sp. z o.o.;(58)7812713;;
ATEST Sp. z o.o.;(58)7812716;;
ATEX Wolff i Wspólnicy Sp.j.;(12)6328141;;
ATEX Wolff i Wspólnicy Sp.j.;602332300;;
Audit and Tax Group Sp. z o.o.;785501701;;
Audit and Tax Group Sp. z o.o.;(85)6529130;;
Audit Consult Sp. z o.o.;(22)8517001;;
Audit Consult Sp. z o.o.;(22)8517002;;
Audit Consulting Municipal Sp. z o.o.;(32)2414719;;
Audit Consulting Municipal Sp. z o.o.;664422405;;
Audit Consulting PAJĄK i PARTNERZY;(67)2148558;;
Audit Services Sp. z o.o.;(22)6162318-19;;
Audit Services Sp. z o.o.;(22)6162316;;
Auditing & Consulting WESSLY Sp.z o.o.;(22)8269612;;
Auditing & Consulting WESSLY Sp.z o.o.;(22)8263278;;
AuditSolutions Sp. z o.o.;6083469­76;;
AuditSolutions Sp. z o.o.;696476797;;
Audyt i Consulting Biuro Biegłych Rewidentów Sp. z o.o.;(061)8489170;;
AUDYT Kancelaria Biegłych Rewidentów Sp. z o.o.;(61)8488223;;
AUDYT Plus S.c.;(71)3472540;;
AUDYT Plus S.c.;(71)3472541;;
AUDYT@FINANSE;511724093;;
AUDYTOR Anna Paciorek;(71)7950822;;
AUDYTOR Anna Paciorek;604540354;;
AUDYTOR Biuro Rachunkowo-Audytorskie;602394301;;
AUDYTOR Biuro Rachunkowo-Audytorskie;509499091;;
AUDYTOR Doradztwo Podatkowe i Finansowe Biegły Rewident Jacek Wegner;502615987;;
AUDYTOR Doradztwo Podatkowe i Finansowe Biegły Rewident Jacek Wegner;(68)3253356;;
AUDYTOR S.A.;(71)3324781;;
AUDYTOR S.A.;(71)3324721;;
AUDYTOR Zespół Biegłych Rewidentów Sp. z o.o.;(85)6520467;;
AUDYTOR Zespół Biegłych Rewidentów Sp. z o.o.;(85)6520463;;
Audytor-Calisia Sp. z o.o.;(62)7536921;;
Audytor-Calisia Sp. z o.o.;603601667;;
audytor.net;(32)3010401;;
Audytorskie Biuro Rachunkowe OPINION Henryk Michalski;(22)7570074;;
AUDYTORZY I DORADCY Sp. z o.o.;(32)2072712-15;;
AUDYTORZY I DORADCY Sp. z o.o.;603109409;;
Auxilium Audyt Sp. z o.o. Sp.komandytowa;(12)4177800;;
Auxilium Audyt Sp. z o.o. Sp.komandytowa;(12)4177800w.825;;
Avanta Audit Sp. z o.o. Sp.komandytowa;(71)3342960;;
Avanta Audit Sp. z o.o. Sp.komandytowa;(71)3342970;;
AVIS Usługi Audytorskie;(61)8529117;;
AVIS Usługi Audytorskie;601920098;;
AZET Audyt-Zarządzanie-Ekspertyzy Sp. z o.o.;(022)6221017;;
Badanie Bilansów i Usługi Księgowe Stanisław Malinowski;(32)2855830;;
Badanie Bilansów i Usługi Księgowe Stanisław Malinowski;608103045;;
Baltic Accountants and Consultants Kurt Iversen;(22)8690666;;
Baltic Accountants and Consultants Kurt Iversen;(22)8690660;;
BDO Polska Sp. z o.o.;(22)5431600;;
BDO Polska Sp. z o.o.;(22)5431601;;
BENEOR Piotr Cebulak;503917276;;
BIAL-FIN Biuro Biegłego Rewidenta Barański Jerzy;504272329;;
BIAL-FIN Biuro Biegłego Rewidenta Barański Jerzy;(83)3442542;;
Biegli Rewidenci FINANS-LEX Sp. z o.o.;(61)4242218;;
Biegli Rewidenci FINANS-LEX Sp. z o.o.;608130658;;
Biegły Rewident Maria Zielona;(65)5350074;;
Biegły Rewident Maria Zielona;782555050;;
Bilans Sp. z o.o. Sp.komandytowa;(62)7364325;;
Bilans Sp. z o.o. Sp.komandytowa;(62)7355146;;
BILANS-AUDYT Sp. z o.o.;(22)7818682;;
BILANS-AUDYT Sp. z o.o.;609217837;;
BILANS-REWID-STANDARD Biegli Rewidenci i Doradcy Finansowi Sp. z o.o.;(22)8133381;;
BILANS-REWID-STANDARD Biegli Rewidenci i Doradcy Finansowi Sp. z o.o.;604270467;;
BinCode Marek Wierzbicki;502457389;;
Biuro Audytorskie SADREN Sp. z o.o.;(22)6217216-18;;
Biuro Audytorskie SADREN Sp. z o.o.;(22)6216232-33;;
Biuro Audytorskie Wojciech Sadowski;(81)7437140;;
Biuro Audytorskie Wojciech Sadowski;(81)7437143;;
Biuro Audytorsko-Księgowe BAKAM;(22)6987311;;
Biuro Audytorsko-Księgowe BAKAM;502852738;;
Biuro Audytorsko-Księgowe Barbara Rafalska;(22)8401289;;
Biuro Audytorsko-Księgowe Barbara Rafalska;509674290;;
Biuro Audytorsko-Rachunkowe EUROKONSULTING Sp. z o.o.;(22)6687083;;
Biuro Audytorsko-Rachunkowe EUROKONSULTING Sp. z o.o.;(22)8237708;;
Biuro Audytorsko-Rachunkowe T&W Sp. z o.o.;(58)3425807;;
Biuro Audytorsko-Rachunkowe T&W Sp. z o.o.;601784616;;
Biuro Biegłego Rewidenta AKCEPT;(58)5584333;;
Biuro Biegłego Rewidenta AKCEPT;502303615;;
Biuro Biegłego Rewidenta Jolanta Tchórzewska;(58)6991010;;
Biuro Biegłego Rewidenta Jolanta Tchórzewska;602321153;;
Biuro Biegłego TAWBEK-KONTO;(71)3292212;;
Biuro Biegłego TAWBEK-KONTO;(71)3434172;;
Biuro Biegłych Rewidentów AUDYT-BIL Sp. z o.o.;(42)6373933;;
Biuro Biegłych Rewidentów AUDYT-BIL Sp. z o.o.;601695115;;
Biuro Biegłych Rewidentów EKO-BILANS Sp. z o.o.;(42)6319536;;
Biuro Biegłych Rewidentów EKO-BILANS Sp. z o.o.;(42)6319866;;
Biuro Biegłych Rewidentów EKSPERT Sp. z o.o. Grupa FINANS-SERVIS;(34)3634091;;
Biuro Biegłych Rewidentów EKSPERT Sp. z o.o. Grupa FINANS-SERVIS;(34)3660911;;
Biuro Biegłych Rewidentów INFO-RON;(43)8439069;;
Biuro Biegłych Rewidentów REW-BI Sp. z o.o.;(12)6326749;;
Biuro Biegłych Rewidentów REW-BI Sp. z o.o.;(12)6326750;;
Biuro Doradztwa Ekonomicznego i Prawnego BUSINESS CONSULTANTS Sp. z o.o.;(058)3417611;;
Biuro Doradztwa Ekonomicznego i Prawnego BUSINESS CONSULTANTS Sp. z o.o.;(058)3418392;;
Biuro Doradztwa i Usług HERA Sp. z o.o.;(32)7824444;;
Biuro Doradztwa i Usług HERA Sp. z o.o.;(32)7824435;;
Biuro Ekspertów Księgowych AUDYTOR Sp. z o.o.;(71)3615840;;
Biuro Ekspertyz Księgowych Mark-Audit Sp. z o.o.;(22)6160593;;
Biuro Ekspertyz Księgowych Mark-Audit Sp. z o.o.;(22)6161139;;
Biuro Rachunkowe Biegłych Rewidentów Maria Fic;(13)4635040;;
Biuro Rachunkowe Biegłych Rewidentów Maria Fic;602744393;;
Biuro Rachunkowe GEOINWEST;(12)4212898;;
Biuro Rachunkowe GEOINWEST;(12)4237770;;
Biuro Rachunkowe HEWMAR;504046839;;
Biuro Usług Audytorskich B.J.Szafrańscy Sp. z o.o.;(22)6516942;;
Biuro Usług Audytorskich i Rachunkowych PERFEKT Zofia Jabłońska;(61)8427235;;
Biuro Usług Audytorskich i Rachunkowych PERFEKT Zofia Jabłońska;605677954;;
Biuro Usług Finansowo Księgowych DOBRA RADA;(46)8159202;;
Biuro Usług Finansowo Księgowych DOBRA RADA;508265115;;
Biuro Usług Finansowo-Księgowych i Podatkowych BANKFIRM Sp. z o.o.;(32)2307981;;
Biuro Usług Finansowo-Księgowych i Podatkowych BANKFIRM Sp. z o.o.;603069574;;
BOOK-KEEPER Kancelaria Biegłych Rewidentów Sp. z o.o.;(33)8115589;;
BOOK-KEEPER Kancelaria Biegłych Rewidentów Sp. z o.o.;(33)8115587;;
BOOKING SERVICE Sp. z o.o. Towarzystwo Audytorskie;(58)3466621;;
BOOKING SERVICE Sp. z o.o. Towarzystwo Audytorskie;(58)3465966;;
BPG Polska Audyt Sp. z o.o.;(22)2460170;;
BPG Polska Audyt Sp. z o.o.;(22)2460171;;
BTFG Audit Sp. z o.o.;(22)6274005;;
BTFG Audit Sp. z o.o.;(22)6274004;;
BUD-AUDYT;791050856;;
BUD-AUDYT;722185400;;
Business Audit Biuro Usług Audytorskich Sp. z o.o.;(61)4351945;;
Capital Audyt Sp. z o.o.;(22)4128022;;
Carrywater Group S.A.;(22)6306655;;
Carrywater Group S.A.;(22)6306656;;
CBS-Audyt Biuro Biegłego Rewidenta;(58)7134994;;
Centralne Biuro Biegłych Rewidentów Jolanta Przybylska;(61)8994350;;
CENTRE OF AUDIT QUALITY ASSESSMENT Rafał Szymański;601289848;;
CERTBIURO;503063122;;
CGS-AUDYTOR Sp. z o.o.;(61)2234531;;
CGS-AUDYTOR Sp. z o.o.;692064813;;
CNNG AUDYTOR Sp. z o.o.;(22)6662128;;
CONSULTIM AUDIT Sp. z o.o.;(22)8704356;;
CONTINUUM Consulting Group Poland Sp. z o.o.;509920456;;
CONTROLLING Kancelaria Biegłych Rewidentów Kaczmarek, Adamczyk Sp.j.;(63)2743750;;
CONTROLLING Kancelaria Biegłych Rewidentów Kaczmarek, Adamczyk Sp.j.;606852527;;
CORRECTIO Biuro Korekty i Adiustacji;784187756;;
CSWP Audyt Sp. z o.o. Sp.komandytowa;(22)1012001;;
CSWP Audyt Sp. z o.o. Sp.komandytowa;(22)1005994;;
D P Consulting;(77)4418388;;
DARMA Grzegorz Sitniewski;(52)3314511;;
DARMA Grzegorz Sitniewski;600050847;;
DB Energy Sp. z o.o.;(71)3371325;;
DB Energy Sp. z o.o.;(71)3371326;;
DELTA Systemy Zarządzania;(41)3443526;;
DGA Audyt Sp. z o.o.;(61)6435502;;
DGA Audyt Sp. z o.o.;(61)8595920;;
DORADCA AUDITORS Sp. z o.o.;(058)5581394;;
DORADCA AUDITORS Sp. z o.o.;(058)5538158;;
Double Check Sp. z o.o.;(22)2087422;;
E-audit S.c.;669937333;;
E-audit S.c.;669243222;;
EAGLE Auditors;(22)2050150;;
EAGLE Auditors;667763223;;
EKO AUDYTOR Marek Mickaniewski;(32)2325443;;
EKO AUDYTOR Marek Mickaniewski;691426900;;
Eko-Futura Sp. z o.o.;(42)6309635;;
Eko-Futura Sp. z o.o.;(42)6307052;;
Elektropol Sp. z o.o.;(22)7697556;;
Elektropol Sp. z o.o.;(22)4979622;;
EMS Energy Engineering & Management Systems;(32)3316515;;
EMS Energy Engineering & Management Systems;600925030;;
ENERGETYCZNA FIRMA INŻYNIERSKA ENERGO Sp. z o.o.;(42)6826173;;
ENERGETYCZNA FIRMA INŻYNIERSKA ENERGO Sp. z o.o.;605035225;;
EQUINUM BROKER Sp. z o.o.;(32)2963311;;
EQUINUM BROKER Sp. z o.o.;(32)2904385;;
Erigo Sp. z o.o.;(22)3237394;;
Erigo Sp. z o.o.;(22)3237395;;
ERNST & YOUNG;(22)5577000;;
ERNST & YOUNG;(22)5577001;;
ESO Audit S.c.;(58)3252555;;
ESO Audit S.c.;502184583;;
ESPIN S.c.;(12)3415916;;
ESPIN S.c.;(12)3414311;;
Europejskie Centrum Audytu ECA;(32)3764182;;
Europejskie Centrum Audytu ECA;600815871;;
EVALUATION Polska;(61)6248286;;
EVALUATION Polska;(61)6248287;;
FIN-EKSPERT Sp. z o.o.;(94)3425330;;
FIN-EKSPERT Sp. z o.o.;(94)3462269;;
Firma Audytorska EL-MA;(52)3221863;;
Firma Audytorska EL-MA;(52)3228051;;
Firma Audytorska INMEDEX Sp. z o.o.;(12)4116454;;
Firma Audytorska INMEDEX Sp. z o.o.;501793167;;
Firma Audytorska Multiman Sp. z o.o.;(22)7588766;;
Firma Audytorska Multiman Sp. z o.o.;(22)7598286;;
Firma Audytorsko-Consultingowa DEBET/CREDIT;(12)4181899;;
Firma Audytorsko-Consultingowa DEBET/CREDIT;502685296;;
Firma Audytorsko-Konsultingowa BO Stanisława Perkowska;(85)6524593;;
Firma Audytorsko-Konsultingowa Bożena Trzeciakiewicz;(43)8860953;;
Firma Biegłych Rewidentów MAZUR i PARTNERZY Sp. z o.o.;(85)7171228;;
Firma Biegłych Rewidentów MAZUR i PARTNERZY Sp. z o.o.;(85)7175275;;
FORAUDIT Bujnowicz Pożyczka i Partnerzy Biegli Rewidenci Sp.partnerska;(42)6340001;;
FORAUDIT Bujnowicz Pożyczka i Partnerzy Biegli Rewidenci Sp.partnerska;500009791;;
Fundacja imienia Alexisa de TOCQUEVILLEA;(22)8275679;;
Fundacja imienia Alexisa de TOCQUEVILLEA;(22)8275676;;
Gabriel Miczka Przedsiębiorstwo;(32)4011580;;
Gabriel Miczka Przedsiębiorstwo;(32)2319678;;
Galach Consulting;(22)4903612;;
Galach Consulting;602410759;;
GC Audit & Consulting;693778377;;
GEM Biuro Certyfikacji S.c.;(22)7538762;;
GEM Biuro Certyfikacji S.c.;(22)7234153;;
GFA Małgorzata Grześkowiak;(61)6707860;;
GFA Małgorzata Grześkowiak;(61)6707835;;
Grupa Audyt Sp. z o.o.;(71)3472540;;
Grupa Audyt Sp. z o.o.;(71)3472541;;
Grupa Audytorska CONSILIUM Sp. z o.o.;(91)4889327;;
Grupa Audytorska CONSILIUM Sp. z o.o.;601526495;;
Grupa Audytorsko-Podatkowa PARTNER;(61)8436462;;
Grupa Audytorsko-Podatkowa PARTNER;(61)8629221;;
Grupa Gumułka - Euroedukacja Sp. z o.o.;(32)7212063;;
Grupa Gumułka Audyt Sp. z o.o. Sp.komandytowa;(32)7212062;;
Grupa Gumułka Audyt Sp. z o.o. Sp.komandytowa;(32)2011765;;
Grupa Gumułka Sp. z o.o.;(32)7212065;;
Grupa Gumułka Sp. z o.o.;(32)2011765;;
Grupa Gumułka Sp. z o.o. Oddział Kraków;(12)3505015;;
Grupa Gumułka Sp. z o.o. Oddział Kraków;(12)6325024;;
Grupa Gumułka Sp. z o.o. Oddział Warszawa;(22)4808090;;
HANDIKAP AUDYT;(22)8330447;;
HANDIKAP AUDYT;(22)4905600;;
Hartwich Audytor Sp. z o.o.;(52)5825200;;
Hartwich Audytor Sp. z o.o.;606964665;;
Hazards Control;(22)3781399;;
Hazards Control;505546508;;
IBC Auditoría Sp. z o.o.;606126751;;
IBC Auditoría Sp. z o.o.;606126748;;
IDEA AUDYT Sp. z o.o.;(61)8793361;;
Independent Bar Audits;519765797;;
InfoAudit Sp. z o.o.;(22)8940875;;
InfoAudit Sp. z o.o.;(22)8940876;;
Instytut Analizy Ryzyka Sp. z o.o.;(17)8661267;;
Instytut Analizy Ryzyka Sp. z o.o.;601885820;;
Interfin Sp. z o.o.;(12)4224986;;
Interfin Sp. z o.o.;(12)4227858;;
IT AUDITOR Sp. z o.o.;725810616;;
ITC Independent Telecommunications Consulting Sp. z o.o.;(22)8300403;;
ITC Independent Telecommunications Consulting Sp. z o.o.;(22)8300524;;
IWNiSE Sp. z o.o.;(22)6200333;;
Izba Doradczo-Rewizyjna Sp. z o.o.;601799880;;
Izba Doradczo-Rewizyjna Sp. z o.o.;(76)7216060;;
J&P Audyt Kancelaria Biegłych Rewidentów Sp. z o.o.;(58)7135587;;
J&P Audyt Kancelaria Biegłych Rewidentów Sp. z o.o.;606330930;;
JASNY Sp. z o.o.;(32)7008859;;
JASNY Sp. z o.o.;(32)7008440;;
KAiR Konsulting Audyt i Rachunkowość;(61)2841012;;
KAiR Konsulting Audyt i Rachunkowość;(61)8817767;;
KAMIŃSKI I WSPÓLNICY Biegli Rewidenci i Konsultanci Podatkowi Sp. z o.o.;(22)7528430-33;;
KAMIŃSKI I WSPÓLNICY Biegli Rewidenci i Konsultanci Podatkowi Sp. z o.o.;(22)7528410;;
Kancelaria Auditingu i Podatków ALFA;(48)6642781;;
Kancelaria Auditingu i Podatków ALFA;(48)6642357;;
Kancelaria Audytorska Anna Pyra;(15)8230872;;
Kancelaria Audytorska Anna Pyra;609404109;;
Kancelaria Audytorska Dudek i Partnerzy Biegli Rewidenci;(33)8111124;;
Kancelaria Audytorska Dudek i Partnerzy Biegli Rewidenci;(33)4451744;;
Kancelaria Audytorska LKM Finance Sp. z o.o.;(71)3736508;;
Kancelaria Audytorska LKM Finance Sp. z o.o.;502509241;;
Kancelaria Audytorska Paweł Filaber;506073950;;
Kancelaria Audytorska Paweł Filaber;502039293;;
Kancelaria Audytorska PER-SALDO;(54)4112728;;
Kancelaria Audytorska PER-SALDO;501265938;;
Kancelaria Audytorska Re-NOMA Sp. z o.o.;(71)7879726;;
Kancelaria Audytorska Re-NOMA Sp. z o.o.;(71)3557154;;
Kancelaria Badania Sprawozdań Finansowych Sp. z o.o.;(12)6220760-78;;
Kancelaria Badania Sprawozdań Finansowych Sp. z o.o.;(12)6220779;;
Kancelaria Biegłego Rewidenta Anna Jędrzejewska;(22)7697236;;
Kancelaria Biegłego Rewidenta Anna Jędrzejewska;(22)6730435;;
Kancelaria Biegłego Rewidenta Anna Kuza i Wspólnicy Sp.komandytowa;(12)6309898;;
Kancelaria Biegłego Rewidenta Anna Kuza i Wspólnicy Sp.komandytowa;(12)6309899;;
Kancelaria Biegłego Rewidenta Anna Łaszkiewicz;605350606;;
Kancelaria Biegłego Rewidenta AUDYT FK Renata Stelmach;(18)4426728w.20;;
Kancelaria Biegłego Rewidenta MAGNET;663366494;;
Kancelaria Biegłego Rewidenta MAGNET;690026724;;
Kancelaria Biegłego Rewidenta Sp. z o.o. mgr Halina Rabczak;(71)7959257;;
Kancelaria Biegłych Rewidentów AKTYWA Sp. z o.o.;(71)3323835;;
Kancelaria Biegłych Rewidentów AKTYWA Sp. z o.o.;(71)3384165;;
Kancelaria Biegłych Rewidentów BULSKA-PAŃCZYK Sp.j.;(32)6702149;;
Kancelaria Biegłych Rewidentów BULSKA-PAŃCZYK Sp.j.;(32)6702150;;
Kancelaria Biegłych Rewidentów Konto Sp. z o.o.;506082767;;
Kancelaria Biegłych Rewidentów Konto Sp. z o.o.;604186914;;
Kancelaria Biegłych Rewidentów KSIĘGA Sp. z o.o.;(32)7829147;;
Kancelaria Biegłych Rewidentów KSIĘGA Sp. z o.o.;(32)7810321;;
Kancelaria Biegłych Rewidentów Matuszek, Minczanowski, Szkarłat, Tomica Sp.partnerska;(33)4742245;;
Kancelaria Biegłych Rewidentów Matuszek, Minczanowski, Szkarłat, Tomica Sp.partnerska;(33)8525696;;
Kancelaria Księgowo-Audytorska Sp. z o.o.;(32)3313063;;
Kancelaria Księgowo-Audytorska Sp. z o.o.;(32)3313064;;
Kancelaria Podatkowa AbakWM;(12)6260013;;
Kancelaria Podatkowa AbakWM;(12)6260014;;
KBR Kancelaria Biegłego Rewidenta Izabela Olejnik;693437751;;
Kodeks-Consult Kancelaria Księgowa i Audytorska Sp. z o.o.;(71)3557154;;
Komplet Inwest Sp.j.;(95)7356251;;
Komplet Inwest Sp.j.;(95)7356252;;
KONRAD PRZEDPEŁSKI Kancelaria Biegłego Rewidenta;(22)8143937;;
KONRAD PRZEDPEŁSKI Kancelaria Biegłego Rewidenta;785002290;;
KONSULT AUDYTOR Beata Pietraszko - Kancelaria Biegłego Rewidenta;(22)8778618;;
KONSULT AUDYTOR Beata Pietraszko - Kancelaria Biegłego Rewidenta;694695533;;
KTB Biuro Usług Audytorskich i Rachunkowych Sp. z o.o.;(22)4480310;;
KTB Biuro Usług Audytorskich i Rachunkowych Sp. z o.o.;(22)4480320;;
KZWS;(22)3562484;;
KZWS;(22)3562488;;
LARGO CAPITAL Sp. z o.o.;723400014;;
LARGO CAPITAL Sp. z o.o.;723400034;;
LEBRANT Audit & Consulting;(42)2992810;;
LEBRANT Audit & Consulting;(42)2094545;;
LEX URSULUS Sp. z o.o.;661247076;;
LEX URSULUS Sp. z o.o.;609148237;;
LEX-FIN Sp. z o.o.;601434353;;
LEX-FIN Sp. z o.o.;601481412;;
LEXUS-AUDIT Sp. z o.o.;(12)6388863;;
LH Audyt;605656005;;
LOGNET Solutions Sp. z o.o.;(81)5369426;;
LOGNET Solutions Sp. z o.o.;515700077;;
MAC Auditor Sp. z o.o.;(22)6492765;;
MAC Auditor Sp. z o.o.;(22)6492768;;
MBJK AUDYT Benedykt Serwus;(61)8141437;;
MBJK AUDYT Benedykt Serwus;507193402;;
MD QUALITY;511244015;;
MD QUALITY;(33)8171083;;
Memex Consulting;(22)3577744;;
MERITUM Centrum Pomiarowo-Dydaktyczne;(58)5229193;;
MERITUM Centrum Pomiarowo-Dydaktyczne;(58)7327484;;
MG Kancelaria Biegłego Rewidenta Małgorzata Górska;(18)4416645;;
MG Kancelaria Biegłego Rewidenta Małgorzata Górska;603549099;;
Międzynarodowy Sąd Arbitrażowy Sp. z o.o.;(71)3482682-83;;
Międzynarodowy Sąd Arbitrażowy Sp. z o.o.;(71)3459041;;
MM Audyt i Doradztwo Sp. z o.o.;(22)2012791;;
MM Audyt i Doradztwo Sp. z o.o.;(22)2012793;;
MM Consulting Group;602332069;;
MM Consulting Group;698932069;;
Modus Sp. z o.o.;(22)8108019;;
Modus Sp. z o.o.;604272605;;
MOLL TELECOM SERVICE Sp. z o.o.;(22)8298415;;
MOLL TELECOM SERVICE Sp. z o.o.;(22)8298419;;
MS Rewident;504029532;;
MS Rewident;(22)6656602;;
MultiCert S.c.;508354190;;
MultiCert S.c.;(22)3988003;;
NEOMEDIA;(77)5430585;;
NEOMEDIA;697724147;;
NOWA ENERGIA Doradcy Energetyczni Sp.j.;(32)2095546;;
NOWA ENERGIA Doradcy Energetyczni Sp.j.;506153988;;
OPTIMO Audyt i Konsulting Sp. z o.o.;(12)4182972;;
OPTIMO Audyt i Konsulting Sp. z o.o.;(12)4137143;;
PARTNER Zespół Biegłych Rewidentów i Doradców Gospodarczych Sp. z o.o.;(34)3611960;;
PARTNER-REWIKS Sp. z o.o.;(94)3403020;;
PB Audyt Przemysław Biniak;(61)2921198;;
PB Audyt Przemysław Biniak;(61)2922869;;
Perfect b2b Zbigniew Czekalski;602318367;;
Petra-Edward Życki;(91)4072524;;
Petra-Edward Życki;502025192;;
PG Audyt Sp. z o.o.;(22)4011214;;
PG Audyt Sp. z o.o.;(22)4011215;;
PHU BIO-TRANS Michał Maciszewski;666599005;;
Podkarpackie Centrum Doradztwa Logistycznego ProRes;531716006;;
Podlaskie Centrum Auditingu i Doradztwa AUDYT Sp. z o.o.;(85)8684718;;
Podlaskie Centrum Auditingu i Doradztwa AUDYT Sp. z o.o.;(85)6747398;;
POL-KON;(25)6338450;;
POLAUDIT Sp. z o.o.;(22)6338739;;
POLAUDIT Sp. z o.o.;(22)6338780;;
POLESPERT Sp. z o.o.;(12)6305380;;
POLESPERT Sp. z o.o.;600722872;;
Poprawska i Kasztelan Biegli Rewidenci Sp.partnerska;(61)6629203;;
Poprawska i Kasztelan Biegli Rewidenci Sp.partnerska;(61)6629200;;
Pracownia Audytu;(22)4285883;;
PRB DUO-FACH;505183433;;
PRESTIGE Kancelaria Audytorska;605187914;;
Pro Bilans J.K. Sp. z o.o.;(58)6611669;;
Pro Bilans J.K. Sp. z o.o.;(58)7193519;;
PROFESSIONAL AUDITING J.Świątek Sp.j.;606132943;;
PROFESSIONAL AUDITING J.Świątek Sp.j.;516583982;;
Professional Auditing Services Małgorzata Ślebzak;504186756;;
PROFIT-TAX AUDIT Sp. z o.o.;(58)6832471;;
PROFIT-TAX AUDIT Sp. z o.o.;(58)6835383;;
Promex S.c. Teresa Czekierda, Zdzisław Czekierda;(71)3250543;;
PTE-PROFIT Sp. z o.o.;(22)8486042;;
PTE-PROFIT Sp. z o.o.;(22)8486190;;
PWB Sp. z o.o.;(61)8501151;;
PWB Sp. z o.o.;(61)8501151w.24;;
PwC Polska;(22)7464000;;
PwC Polska;(22)7424040;;
Q-AUDYT Audyt i Doradztwo Księgowe Włodzimierz Kusiak;(58)3479172;;
Q-AUDYT Audyt i Doradztwo Księgowe Włodzimierz Kusiak;600922260;;
Quality Watch Sp. z o.o.;(22)2050370;;
Quality Watch Sp. z o.o.;(22)2050379;;
RE-PROFIT Piotr Ora - Sklep Internetowy PIXELADS.PL;662078359;;
RE-PROFIT Piotr Ora - Sklep Internetowy PIXELADS.PL;665663808;;
REWIDO Sp. z o.o. Sp.komandytowa;(32)7821320-22;;
REWIDO Sp. z o.o. Sp.komandytowa;(32)2599413;;
RUBISCO AUDIT;(22)2240088;;
Saks Audit Sp. z o.o.;(56)6210624;;
Saks Audit Sp. z o.o.;(56)6550258;;
SANA CONSULTING badania i szkolenia;(22)6222800;;
Satelles Audit & Advisory Sp. z o.o.;(12)4441270;;
Satelles Audit & Advisory Sp. z o.o.;(12)4441273;;
SECURITUM Sp. z o.o.;(12)3613337;;
SECURITUM Sp. z o.o.;(12)3953374;;
Skalski i Skalski Sp. z o.o.;(12)2671141;;
Skalski i Skalski Sp. z o.o.;(12)2676899;;
SpaBiznes Consulting Jacek Głogowski;796334360;;
Staniszewski & Richter Sp. z o.o.;(22)6224198;;
Staniszewski & Richter Sp. z o.o.;(22)6212719;;
SUDER & REITER Audyt Sp. z o.o. Sp.komandytowa;(12)2900568;;
SUDER & REITER Audyt Sp. z o.o. Sp.komandytowa;(12)2900569;;
Śląska Firma Auditingu i Doradztwa AUDIT Sp. z o.o.;(32)7869616;;
Śląska Firma Auditingu i Doradztwa AUDIT Sp. z o.o.;(32)7869618;;
Techniczna Obsługa Inwestycji mgr inż. Marzena Lewandowska;666078114;;
TERMOEXPERT S.A.;(77)4836589;;
TERMOEXPERT S.A.;508091673;;
TMS Audit;513093320;;
TMS Audit;516045049;;
TPA Poland;(61)6300500;;
TPA Poland;(61)6300502;;
Trustworthy Accounting Solutions (TAS Sp. z o.o.);(22)4275061;;
UNI-RACH Sp. z o.o.;(052)3222457;;
VERUM AUDYT Sp. z o.o.;501833866;;
Web Audit;608335233;;
Wielka Czwórka Sp. z o.o.;(32)7352449;;
Wielka Czwórka Sp. z o.o.;(32)7218865;;
Wielkopolskie Centrum Audytorsko-Księgowe Sp. z o.o.;(61)8658105;;
Wielkopolskie Centrum Audytorsko-Księgowe Sp. z o.o.;(61)8659815;;
WOJTYNA - audyt, doradztwo księgowe, finansowe i ekonomiczne;(52)5819027;;
WOJTYNA - audyt, doradztwo księgowe, finansowe i ekonomiczne;509604283;;
Zachodniopomorska Kancelaria Audytorska BUR Sp. z o.o.;(91)4334053;;
Zefir Audytor Sp. z o.o.;503976098;;
Zespół Biegłych Rewidentów BUCHALTER Sp. z o.o.;(75)7326766;;
Zespół Biegłych Rewidentów BUCHALTER Sp. z o.o.;(75)7352097;;
Zespół Biegłych Rewidentów FINBAD S.c.;(71)3260243;;
Zespół Biegłych Rewidentów FINBAD S.c.;(71)3254868;;
Zespół Biegłych Rewidentów SALDO-KREDYT Sp. z o.o.;(58)6617916;;
Zespół Biegłych Rewidentów SALDO-KREDYT Sp. z o.o.;(58)6613020;;
ZIBUD-TERMO;782088851;;
ZOOM MEDIA;(61)6393183;;
ZOOM MEDIA;509434893;;
4 IT SECURITY;607603890;;
DM KONSULT Sp. z o.o.;609621601;;
DM KONSULT Sp. z o.o.;(22)5201902;;
ECC GROUP Sp. z o.o. Uczciwy Przedsiębiorca;(22)3900919;;
ECC GROUP Sp. z o.o. Uczciwy Przedsiębiorca;0801055052;;
Equipment Systems;734407773;;
Equipment Systems;735978887;;
KASYLIUS Katarzyna Skrabka Ewidencja Czasu Pracy Kierowców;517637137;;
3pro Sp. z o.o.;(22)4863342;;
3pro Sp. z o.o.;(22)4863369;;
A.K. Bona fide Sp. z o.o.;695208704;;
A.K.KLIMA;505081717;;
A.M. Jesiołowscy-Finanse Sp. z o.o.;(12)4232241;;
A.M. Jesiołowscy-Finanse Sp. z o.o.;(12)4211582;;
A&T Consulting Firm;600854752;;
AB Audyt;(42)6724348;;
AB Audyt;607722050;;
ABAK Biuro Audytorsko-Rachunkowe Jolanta Berlin-Jurek;(91)4823158;;
ABAK Biuro Audytorsko-Rachunkowe Jolanta Berlin-Jurek;605619514;;
ACCFIN Biuro Audytu i Rachunkowości;(22)8478810;;
ACCFIN Biuro Audytu i Rachunkowości;(22)8478887;;
Accord`ab Biegli Rewidenci Sp. z o.o.;(71)3490978;;
Accord`ab Biegli Rewidenci Sp. z o.o.;(71)3490960;;
AEA Expert House;(22)4623354;;
AEA Expert House;(22)4623353;;
AGBAST Jacek Gorzyński;888558508;;
Agencja Badawczo-Marketingowa Fast Solutions;536180387;;
Agencja Badawczo-Marketingowa Fast Solutions;(17)7852296;;
Agencja Bezpieczeństwa Chemicznego;(22)6330673;;
Agencja Bezpieczeństwa Chemicznego;603644263;;
AGENCJA DETEKTYWISTYCZNA TRACKER Jan Marek Kubus;(42)6795389;;
AGENCJA DETEKTYWISTYCZNA TRACKER Jan Marek Kubus;507181808;;
Agencja Konsultingowo-Audytorska i Rachunkowości AKAR Sp. z o.o.;(22)7510152;;
Agencja Promocyjna PROMODE;(71)3149819;;
Agencja Usług Audytorskich i Rachunkowych EKORA Sp. z o.o.;(022)4012207-08;;
Agencja Usług Audytorskich i Rachunkowych EKORA Sp. z o.o.;(022)6684695;;
AION Sp. z o.o. - analiza systemowa, biznesowa;600972065;;
AKANDI Sp. z o.o.;(22)4011287;;
AKANDI Sp. z o.o.;(22)2587966;;
AKint;501723202;;
AKint;(22)2434077;;
ALEGAT Biuro Rachunkowe Magdalena Pielecka;506057627;;
ALTBERGER Biuro Audytu i Tłumaczeń;(34)3681939;;
ALTBERGER Biuro Audytu i Tłumaczeń;887767777;;
ANTYGEN;(61)6243407;;
ANTYGEN;603053292;;
ARCHISPORT Sp. z o.o.;(71)3489087;;
Aristel Doradztwo Telekomunikacyjne;500100800;;
Aristel Doradztwo Telekomunikacyjne;500100900;;
ASAR Kancelaria Podatkowa Sp. z o.o.;(71)3411953;;
ASAR Kancelaria Podatkowa Sp. z o.o.;(71)3433504;;
ASPOL KONSULTING;602409656;;
ATM Energetics;502248413;;
ATM Energetics;(41)2421919;;
ATM-f Tomasz Michta;(41)3448536;;
ATUT Doradztwo Podatkowe;(76)8356701;;
ATUT Doradztwo Podatkowe;(76)7272095;;
ATUT PLUS Biuro Rachunkowo-Audytorskie;(58)6206778;;
ATUT PLUS Biuro Rachunkowo-Audytorskie;502637025;;
AUDIT Kancelaria Doradztwa Podatkowego Alicja Szymańska;602103657;;
AUDIT Kancelaria Doradztwa Podatkowego Alicja Szymańska;535103657;;
AUDITIO Sp. z o.o.;(42)6404137;;
AUDITIO Sp. z o.o.;(42)6899375;;
Audyt Acme Sp. z o.o.;(61)4241862;;
Audyt Doradztwo Rachunkowość Grażyna Filipiak;(61)8145178;;
Audyt Doradztwo Rachunkowość Grażyna Filipiak;513132030;;
AUDYT EKSPERT;604510405;;
AUDYT EKSPERT;604510603;;
Audyt i Certyfikacja Energetyczna Janusz Nowak;502679855;;
Audyt i Doradztwo Pawlik, Modzelewski i Wspólnicy Sp. z o.o.;(32)2039630;;
Audyt i Doradztwo Pawlik, Modzelewski i Wspólnicy Sp. z o.o.;(32)2069986;;
Audyt i Doradztwo Podatkowe S.c.;(94)3414925;;
Audyt i Finanse Sp. z o.o.;504615818;;
Audyt i Finanse Sp. z o.o.;608740712;;
AUDYT Przedsiębiorstwo Projektowo-Wdrożeniowe Jacek Pankowski;(71)7936739;;
AUDYT Przedsiębiorstwo Projektowo-Wdrożeniowe Jacek Pankowski;603856160;;
AUDYTEL S.A.;(22)5375050;;
AudytoEnerg;602231141;;
Audytor Energetyczny mgr inż. Edward Kopala;(91)4870510;;
Audytor Energetyczny mgr inż. Edward Kopala;608453560;;
audytor.org.pl;605949134;;
AWAL Kancelaria Biegłych Rewidentów Sp. z o.o.;(61)8700583;;
AZ-EKO Ochrona Środowiska;507199717;;
AZAS Biegli Rewidenci Sp. z o.o.;784071725;;
AZNIERS - Zarządzanie i Administrowanie Nieruchomościami;609035931;;
AZNIERS - Zarządzanie i Administrowanie Nieruchomościami;(22)8582654;;
Baker Tilly Smoczyński i Partnerzy;(22)6221922;;
Baker Tilly Smoczyński i Partnerzy;(22)6298747;;
BAU-TECHNIK Pomiary i Badania Termowizyjne;609373838;;
BBR Biuro Biegłego Rewidenta Sp. z o.o.;(81)5348207;;
BBR Biuro Biegłego Rewidenta Sp. z o.o.;(81)5348206;;
BDB AGOS Usługi Audytorskie, Finansowo Księgowe, Doradztwo Sp. z o.o.;0800801011;;
BDB AGOS Usługi Audytorskie, Finansowo Księgowe, Doradztwo Sp. z o.o.;(42)6362230;;
BENEFIT GROUP Sp. z o.o.;(58)6218630;;
Beskidzkie Biuro Consultingowe S.A.;(33)8161756;;
Beskidzkie Biuro Consultingowe S.A.;(33)8169226;;
Best Comp Dariusz Budziszewski;515244888;;
Best Comp Dariusz Budziszewski;(32)4727502;;
BHP Service s.c.;122942321;;
BHP Service s.c.;124111798;;
BHP SERWIS Aleksander Kapinos;504523569;;
Biegły Rewident Bernadeta Wenda;(12)4273893;;
Biegły Rewident Bernadeta Wenda;(12)4223666w.456;;
BILANS Sp. z o.o.;728848600;;
BILANS Sp. z o.o.;(32)4237828;;
BINK Biuro Inżynierskie Nowakowski Krzysztof;(71)3269072;;
BINK Biuro Inżynierskie Nowakowski Krzysztof;602584970;;
BITECH Tadeusz Białek;536323771;;
Biuro Audytorskie PROWIZJA Sp. z o.o.;(12)6482208;;
Biuro Audytorskie PROWIZJA Sp. z o.o.;(12)6409004;;
Biuro Audytorsko-Rachunkowe Monika Bugajny;(22)4896136;;
Biuro Audytorsko-Rachunkowe Monika Bugajny;502319988;;
Biuro Biegłego Rewidenta Pańczak-Lisowska;516146730;;
Biuro Biegłego Rewidenta Pańczak-Lisowska;506164819;;
Biuro Biegłych Rewidentów BILANS Sp. z o.o.;(71)3590618;;
Biuro Biegłych Rewidentów BILANS Sp. z o.o.;604960678;;
Biuro Doradcze PROEKON Sp. z o.o.;(81)7404450;;
Biuro Doradcze PROEKON Sp. z o.o.;(81)7404451;;
Biuro Doradczo-Wydawnicze BeDeWu Michał Dorożko;(89)5332739;;
Biuro Doradztwa Energetycznego AGIFA;789486970;;
Biuro Doradztwa Energetycznego AGIFA;609567874;;
Biuro Doradztwa Podatkowego GAMA;(32)2571766;;
Biuro Inżynierskie Energia 2000 mgr inż. Dariusz Lenart;883107051;;
Biuro Konsultingowe TREZOR Sp. z o.o.;(61)8551677;;
Biuro Konsultingowe TREZOR Sp. z o.o.;691600868;;
Biuro Korekty KORTEKST;691408895;;
Biuro Księgowo-Ekonomiczne Lis Władysław;(18)4442363;;
Biuro Księgowo-Ekonomiczne Lis Władysław;606611988;;
Biuro Podatkowe mgr Dorota Kusz;793935024;;
Biuro Projektowe PROJEKT-TECHNIKA;666281280;;
Biuro Projektowe PROJEKT-TECHNIKA;886720094;;
Biuro Projektowe TermoDOM;601092052;;
Biuro Rachunkowe Audyt2Biznes Sp. z o.o.;(42)6310310;;
Biuro Rachunkowe Audyt2Biznes Sp. z o.o.;(42)2032056;;
Biuro Rachunkowe Axiom Sp. z o.o.;(22)4123752;;
Biuro Rachunkowe Axiom Sp. z o.o.;792209036;;
Biuro Rachunkowe BILLEX Irena Kołodziejczyk;793796170;;
Biuro Rachunkowe BILLEX Irena Kołodziejczyk;(22)8230161;;
Biuro Rachunkowe DUET Biegły Rewident Rak Barbara;(71)3527552;;
Biuro Rachunkowe DUET Biegły Rewident Rak Barbara;502320495;;
Biuro Rachunkowe Kancelaria Audytorska EKB;(91)4853273;;
Biuro Rachunkowe Kancelaria Audytorska EKB;(91)4826897;;
Biuro Rachunkowe KONTO;605052624;;
Biuro Rachunkowe KP Consulting sp. z o.o.;515061836;;
Biuro Rachunkowe KP Consulting sp. z o.o.;(22)3552952;;
Biuro Rachunkowe KsięgowaMielec.pl - specjaliści ds. księgowości, kadr;(17)7788750;;
Biuro Rachunkowe KsięgowaMielec.pl - specjaliści ds. księgowości, kadr;501878500;;
Biuro Rachunkowe MATEMATYKA;501827700;;
Biuro Rachunkowe MATEMATYKA;(34)3624743;;
Biuro Rachunkowe Tax-Audyt Biegły Rewident Danuta Ukleja;(94)3542526;;
Biuro Rachunkowe Tax-Audyt Biegły Rewident Danuta Ukleja;(94)3522892;;
Biuro Rachunkowe ZYSK;609405091KatarzynaLudwikowska-Cyganek;;
Biuro Rachunkowe ZYSK;(12)4151948biuro;;
Biuro Rachunkowo-Audytorskie Iwona Troka;(58)7100850;;
Biuro Rachunkowo-Audytorskie Iwona Troka;607668910;;
Biuro Rachunkowości i Rewizji Sprawozdań mgr Ryszard Szybczyński;(14)6557261;;
Biuro Rachunkowości i Rewizji Sprawozdań mgr Ryszard Szybczyński;607394417;;
BIURO TECHNICZNE mgr inż. Lechosław Suder;605139619;;
Biuro Techniczno-Handlowe FORMAT;(32)6237916;;
Biuro Techniczno-Handlowe FORMAT;(32)6110557;;
Biuro Usług Budowlanych Stanisław Pokrywa;608481267;;
Biuro Usług Finansowo-Księgowych DEBET Sp. z o.o.;(68)3243629;;
Biuro Usług Finansowo-Księgowych DEBET Sp. z o.o.;(68)3250622;;
Biuro Usług Komputerowych D.O.S. S.c.;(91)5734599;;
Biuro Usług Komputerowych D.O.S. S.c.;601726312;;
Biuro Usług Księgowych Badanie Sprawozdań Finansowych Maciej Kubica;609290036;;
Biuro Usług Księgowych i Audytorskich Barbara Czuchaj;(22)6722814;;
Biuro Usług Księgowych i Audytorskich Barbara Czuchaj;601279280;;
BIURO USŁUG RACHUNKOWYCH Zenon Pawlak;(22)7840338;;
BIURO USŁUG RACHUNKOWYCH Zenon Pawlak;(22)7840101;;
Biuro Wycen Majątkowych Rzeczoznawca 24 Piotr Figiel;691503203;;
Biuro Wycen Majątkowych Rzeczoznawca 24 Piotr Figiel;(12)4158730;;
Biurotax Kancelaria Księgowa;(22)7157047;;
Biurotax Kancelaria Księgowa;(22)7201666;;
BiznesPro Sp. z o.o.;(71)3476440;;
BiznesPro Sp. z o.o.;(71)3476441;;
BKK INWEST;(065)5203224;;
Blue Idea Sp. z o.o.;600900906;;
Blue Idea Sp. z o.o.;533868900;;
BSO Outsourcing;(71)3467070;;
BSO Outsourcing;(71)3467080;;
BSO Prawo & Podatki;(71)3467070;;
BSO Prawo & Podatki;(71)3467090;;
BT&A Holding Sp. z o.o.;(61)6460450;;
BTC Sp. z o.o.;(91)4331880;;
BTC Sp. z o.o.;(91)4331890;;
BUCHALTER Władysław Kaczmarek;(61)8135772;;
BUCHALTER Władysław Kaczmarek;(61)8134633;;
Business Marketing Consulting Studio;502856253;;
Business Solutions - rozwiązania dla biznesu;693255633;;
CAD-production;(56)4779612;;
CAD-production;692705028;;
CAT Energo inż. Adam Włodarski;501803431;;
CEB.COM.PL - Charakterystyka Energetyczna Budynków;787583988;;
Centrum FK;(71)7854305;;
Centrum FK;502595134;;
Centrum Usług Finansowo-Księgowych Jarosław Kózka;(42)2132535;;
Centrum Usług Finansowo-Księgowych Jarosław Kózka;501284051;;
Centrum Usług i Analiz Specjalistycznych 4S Arkadiusz Kostorz;791184200;;
Centrum Wspierania Przedsiębiorczości SIGMA;609505233;;
CERT-ENERGIA;(22)7765150;;
CERT-ENERGIA;604900978;;
CERTUM Jakub Kasperczyk;510353053;;
Certyfikaty Energetyczne Audyty Energetyczne mgr inż. Marek Grodziński;(43)8239256;;
Certyfikaty Energetyczne Audyty Energetyczne mgr inż. Marek Grodziński;601277454;;
CIEPŁY DOM Pracownia Inżynierska;504686235;;
City Consulting Institute;(32)7249809;;
City Consulting Institute;501328174;;
CITYHOME Arkadiusz Wyrzykowski;791563555;;
COMAC Sp. z o.o.;(22)7999414;;
COMAC Sp. z o.o.;604076000;;
Connected Process;601306620;;
CONSILIUM Żywność & Pasze;510245727;;
CONSILIUM Żywność & Pasze;(71)3155612;;
Consulting Finansowo Inwestycyjny URBI Sp. z o.o.;(29)7451999;;
Contract Consulting Sp. z o.o.;502627687;;
Cosmetosafe Consulting;606101356;;
COWENT;508322800;;
CSMS Consulting & Software;(32)2108521;;
CYBER.PL Sp. z o.o.;(83)3111217;;
CYBER.PL Sp. z o.o.;601073527;;
Cyrul Dom Brokerski Sp. z o.o.;(12)6617850;;
Cyrul Dom Brokerski Sp. z o.o.;(12)6617851;;
DAN-KOR Danuta Koral Edukacja BHP;(22)7921221;;
DAN-KOR Danuta Koral Edukacja BHP;501138872;;
DANPOL Grzegorz Dankowski;519765250;;
DANPOL Grzegorz Dankowski;(33)8154266;;
DASTORE;600078580;;
DEEL Świadectwa Energetyczne Budynków D.Lewandowska;604446579;;
DEEL Świadectwa Energetyczne Budynków D.Lewandowska;(34)3619035;;
Deloitte Audyt Sp. z o.o.;(22)5110811-12;;
Deloitte Audyt Sp. z o.o.;(22)5110813;;
DGSoft Sp. z o.o.;(32)7202543;;
DOBIS Doradztwo, Oprogramowanie, Bezpieczeństwo Informacji, Systemy Tadeusz Kifner;(58)7421086;;
DOBIS Doradztwo, Oprogramowanie, Bezpieczeństwo Informacji, Systemy Tadeusz Kifner;(58)7421087;;
Doradztwo Finansowo Księgowe KACZYŃSKA Milena Kaczyńska;(61)8201386;;
Doradztwo Finansowo Księgowe KACZYŃSKA Milena Kaczyńska;503004461;;
Doradztwo Samorzadowe i Gospodarcze Sp. z o.o.;(33)8472029;;
Doradztwo Samorzadowe i Gospodarcze Sp. z o.o.;(33)8474610;;
Doradztwo-Szkolenia-Audyt Wojciech Podlaski;605121651;;
DOSSIER Sp. z o.o.;(22)6521850-53;;
DOSSIER Sp. z o.o.;(22)6521854;;
DPKA Audyt;691917748;;
DuoTherm;517773733;;
ECCOM Sp. z o.o.;(22)8180355;;
ECCOM Sp. z o.o.;501093815;;
ECDDP;(12)6228628;;
ECDDP;(12)6228666;;
eGmina, Infrastruktura, Energetyka Sp. z o.o.;(77)4167084;;
eGmina, Infrastruktura, Energetyka Sp. z o.o.;662389472;;
EIDOS Sp. z o.o.;881500901;;
EIDOS Sp. z o.o.;(12)4431850;;
EKO-AGA Agnieszka Buczek;503734774;;
EKO-BUILD S.c. Certyfikaty i Audyty Energetyczne mgr inż. Zbigniew Kozłowski;601597159;;
EKO-CHEM-LAB Maciej Owczarek;600044227;;
EKOLIFE;791498779;;
EKONOMIST Sp. z o.o. Sp.komandytowa;(32)2540418;;
Ekoprodet;(61)8740681;;
Ekoprodet;(61)6496960;;
EKOS Ochrona Środowiska;(32)2128242;;
EKOS Ochrona Środowiska;(32)2101670;;
Elanor Polska Sp. z o.o.;(32)3522410;;
Elanor Polska Sp. z o.o.;(32)3522411;;
Elma PolAudit Sp. z o.o. Biuro Biegłych Rewidentów;(42)6308989;;
Elma PolAudit Sp. z o.o. Biuro Biegłych Rewidentów;(42)6308686;;
EM Serwis;604687898;;
EMPLOY Polska Sp. z o.o. Ochrona Danych Osobowych;(22)2139281;;
EMPLOY Polska Sp. z o.o. Ochrona Danych Osobowych;533047749;;
ENCERTYFIKATOR mgr inż. Franciszek Szyszka;(55)2329844;;
ENCERTYFIKATOR mgr inż. Franciszek Szyszka;605075700;;
ENE.CO Paweł Ziółkowski;502504244;;
Energetyczna Pracownia Inżynierska ERG S.c.;(81)5245040;;
Energetyczna Pracownia Inżynierska ERG S.c.;602729178;;
EnergiPas;660585817;;
ENERGO EXPERT mgr inż. Mariusz Woźniak;668155968;;
ENERGO-INVEST Rafał Kołodziej;793320058;;
Energo-Vantage Marek Katarzyński;609579886;;
ENERGOAUDYT;605462990;;
ENERGOAUDYT;606785827;;
ENERGY PARTNER Bogdan Grala;(68)3479967;;
ENERGY PARTNER Bogdan Grala;602199547;;
ENF Energooszczędność-Nieruchomości-Finanse;(71)3241731;;
ENF Energooszczędność-Nieruchomości-Finanse;692169759;;
ENSI European Network Security Institute Sp. z o.o.;(22)6201200;;
ENSI European Network Security Institute Sp. z o.o.;(22)2431598;;
Enterprise Support Sp. z o.o.;(42)6367620;;
Enterprise Support Sp. z o.o.;(42)6306107;;
EPHEMERIS Biuro Rachunkowe Sp. z o.o.;516120701;;
EPHEMERIS Biuro Rachunkowe Sp. z o.o.;(61)2235209;;
ERBUD INDUSTRY Spółka z o.o.;(56)3067600;;
ERBUD INDUSTRY Spółka z o.o.;(56)3067601;;
ERES Sp. z o.o. Spółka Doradztwa Podatkowego;(71)3417476;;
ERES Sp. z o.o. Spółka Doradztwa Podatkowego;(71)3423983;;
ETL POLSKA Sp. z o.o.;(22)6321550;;
EURO PROJEKT Katarzyna Wolska;606289540;;
EUROCONSULTING;601860012;;
EUROCONSULTING;(62)5977512;;
EUROFIN Doradztwo i Szkolenia Sp. z o.o.;(12)4124412;;
EUROSPEKTRUM S.c.;(71)7336995;;
EUROSPEKTRUM S.c.;(71)7336992;;
Eurotronic Sp. z o.o.;(22)6661082;;
Eurotronic Sp. z o.o.;(22)6659036;;
EXPERT Usługi Projektowe i Wycena Nieruchomości Danuta Jezienicka;(32)2700152;;
EXPERT Usługi Projektowe i Wycena Nieruchomości Danuta Jezienicka;(32)2701809;;
F.H.U. Bart;698616848;;
F.H.U. Bart;(87)4281998;;
F.H.U. DAMZET;880829922;;
F.H.U. DAMZET;888724822;;
F.H.U. EXPERT Tomasz Kowal;(16)6715225;;
F.H.U. EXPERT Tomasz Kowal;510340339;;
FEBES;608681856;;
Feuer Sp. z o.o.;(22)6186435;;
Feuer Sp. z o.o.;733777110;;
Firma Quercus;(61)8116268;;
Firma Quercus;(61)8116663;;
Firma Szkoleniowa Factotum;(12)2650005;;
Firma Szkoleniowa Factotum;(12)2650006;;
FISKAR Sp. z o.o. Zespół Biegłych Rewidentów;(71)3460883;;
FISKAR Sp. z o.o. Zespół Biegłych Rewidentów;(71)3418870;;
FK Audyt Klementyna Łucka;(41)3434345;;
FK Audyt Klementyna Łucka;693647930;;
FUEGO;(22)6331139;;
FUEGO;(22)6339022;;
FULSERV;(22)3980601;;
FULSERV;(22)3980566;;
GDF IT Consulting Sp. z o.o.;(22)8439404;;
GEMISOFT Maciej Gruszczyński;503633896;;
Gostcomp;(71)7181788;;
Gostcomp;544202044;;
Greenlynx Paweł Ryś;608764462;;
Ground Frost;(22)8182666;;
Ground Frost;(22)8182600;;
Grupa Doradztwa Finansowego i Audytu Casa.pl;(58)5545973;;
Grupa Doradztwa Finansowego i Audytu Casa.pl;601662718;;
Grupa Inżynierii Sanitarnej NEMO;509400903;;
GRUPA KAMARO-Kamaro Sp. z o.o.;(12)6377248;;
GRUPA KAMARO-Kamaro Sp. z o.o.;512447475;;
Grupa Księgowo Audytorska Tobie Sp. z o.o.;787793887;;
Grupa Księgowo Audytorska Tobie Sp. z o.o.;796336380;;
HLB Sarnowski & Wiśniewski Sp. z o.o.;(61)8666788;;
HLB Sarnowski & Wiśniewski Sp. z o.o.;(61)8666821;;
HOFFMAN A.D. Sp. z o.o.;(71)3560339;;
HOFFMAN A.D. Sp. z o.o.;(71)3540266;;
HSE Advisor Piotr Wierzba;791925452;;
HSE BHP SECURITY;(024)2648810;;
IDEATRONIC;(61)6416508;;
IDEATRONIC;(61)6491225;;
IFT-SYSTEMS;501424500;;
IN PLUS Biuro Audytorsko-Księgowe;(12)6483845;;
IN PLUS Biuro Audytorsko-Księgowe;602222416;;
IN-PLUS Biuro Audytorsko-Rachunkowe Małgorzata Marzęcka Sp.komandytowa;(91)4889327;;
IN-PLUS Biuro Audytorsko-Rachunkowe Małgorzata Marzęcka Sp.komandytowa;607888200;;
INCERT;(91)4694553;;
INPACO Roland Kałużniacki;(94)3477812;;
INQUISIO;(12)6325813;;
INSTALSAN E.M.Kalisz Sp.j.;(22)6652188;;
INSTALSAN E.M.Kalisz Sp.j.;(22)6659858;;
Instytut Audytu i Ewaluacji Sp. z o.o.;(22)8261079;;
Instytut Audytu i Ewaluacji Sp. z o.o.;(22)8261652;;
Instytut Procesów Biznesowych Sp. z o.o.;(22)6669281;;
Instytut Procesów Biznesowych Sp. z o.o.;513654321;;
INTEGO GROUP Doradztwo Techniczne;513127468;;
INTEGRA EKO INWESTMENT Sp. z o.o.;(22)6229660;;
INTEGRA EKO INWESTMENT Sp. z o.o.;(22)6229665;;
INTEGRAL AUDIT Sp. z o.o.;(42)6631100;;
INTEGRAL AUDIT Sp. z o.o.;(42)6631111;;
Inter Med Consulting S.c.;(85)7321418;;
Inter Med Consulting S.c.;502195194;;
Intertek Poland Sp. z o.o.;(22)8739045;;
Intertek Poland Sp. z o.o.;(22)8633315;;
INTRA-ITS;665233217;;
INTRA-ITS;665262089;;
InvestDOM Sp. z o.o.;(33)8453090;;
InvestDOM Sp. z o.o.;(33)8464907;;
INWEST SYSTEM;(12)4447008;;
INWEST SYSTEM;(12)4447089;;
IRVIS;502185837;;
ISOMED SYSTEMS;608440372;;
IT ONE Sp. z o.o.;(32)2401317;;
Jacert - certyfikacja energetyczna;601458608;;
JDM CONSULTING;782526999;;
Justan Audytor Sp. z o.o.;(22)8635025;;
Justan Audytor Sp. z o.o.;(22)8635026;;
KAD7 Kancelaria Audytorsko-Doradcza;(22)8264714;;
KAD7 Kancelaria Audytorsko-Doradcza;(22)8275059;;
KaISO;(12)3736374;;
KaISO;607984502;;
KAIZEN COACH;535087629;;
KAIZEN COACH;(62)7631126;;
Kancelaria Adwokacka Tomasz Kaszuba;535382267;;
Kancelaria Adwokacka Tomasz Kaszuba;(22)5564000;;
Kancelaria Audytorsko-Rachunkowa ANNA ROTTER;(91)4843464;;
Kancelaria Audytorsko-Rachunkowa ANNA ROTTER;(91)8812643;;
Kancelaria Biegłego Rewidenta Dariusz Ochalik;606355795;;
Kancelaria Biegłego Rewidenta Lucyna Przeniosło;604426643;;
Kancelaria Biegłego Rewidenta Lucyna Przeniosło;(12)2665718;;
Kancelaria Biegłego Rewidenta Usługi Ksiegowe i Audytorskie;605130024;;
Kancelaria Biegłych Rewidentów Helena Pacewicz-Bejnarowicz, Jadwiga Konieczna Sp.partnerska;(94)3410175;;
Kancelaria Biegłych Rewidentów Helena Pacewicz-Bejnarowicz, Jadwiga Konieczna Sp.partnerska;602450278;;
Kancelaria Biegłych Rewidentów Sp. z o.o.;(32)2025702;;
Kancelaria Biegłych Rewidentów Sp. z o.o.;(32)2058110;;
Kancelaria Biegłych Rewidentów Urszula Piszczorowicz;(61)8288590;;
Kancelaria Biegłych Rewidentów Urszula Piszczorowicz;603134594;;
Kancelaria Brokerska PACT;(42)6721293;;
Kancelaria Brokerska PACT;502491369;;
Kancelaria Doradców i Audytorów Biuro Rachunkowe Sp. z o.o.;(61)8728850;;
Kancelaria Doradców i Audytorów Biuro Rachunkowe Sp. z o.o.;(61)8728861;;
Kancelaria Doradztwa Gospodarczego HORUS Sp. z o.o.;(71)3326806;;
Kancelaria Podatkowa Jurgielewicz;792524368;;
Kancelaria Podatkowa Jurgielewicz;(89)6521700;;
Kancelaria Porad Finansowo-Księgowych dr Piotr Rojek Sp. z o.o.;(32)7837400;;
Kancelaria Porad Finansowo-Księgowych dr Piotr Rojek Sp. z o.o.;(32)7500677;;
Kancelaria Porad Finansowo-Księgowych i Podatkowych KSIĘGA Jadwiga Wójcik;601933947;;
Kancelaria Porad Finansowo-Księgowych i Podatkowych KSIĘGA Jadwiga Wójcik;(32)7202863;;
Kancelaria Prawnicza LEX ARTIST;(22)2532818;;
Kancelaria Prawnicza LEX ARTIST;(22)2442749;;
Kancelaria Radcy Prawnego Joanna Gabriela Król;(34)3683168;;
Kancelaria Radcy Prawnego Joanna Gabriela Król;504704137;;
Kancelaria Usług Księgowych AUDITEX;(33)8101157;;
Kancelaria Usług Księgowych AUDITEX;501574186;;
KATANDA Andrzej Sicko Sp.j.;(22)4903782;;
KATANDA Andrzej Sicko Sp.j.;600008353;;
KC Consulting;(61)8273800;;
KC Consulting;(61)8273810;;
KDA Kancelaria Doradców i Audytorów Spółka Doradztwa Podatkowego Sp. z o.o.;(61)8666593;;
KDA Kancelaria Doradców i Audytorów Spółka Doradztwa Podatkowego Sp. z o.o.;(61)8663255;;
KMJ Pharma Sp. z o.o.;513415902;;
KOB Sp.j.;(22)4636404;;
KOB Sp.j.;(22)4636408;;
KONSTRUKTORZY.pl;(87)4281277;;
KONSTRUKTORZY.pl;606304973;;
Konsult-Med;(12)3994082;;
Konsult-Med;(12)3994096;;
Konsulting Konrad Tuszewski;791404038;;
Kontafin Sp. z o.o.;(25)6407092-94;;
Kontafin Sp. z o.o.;(25)6445535;;
KP Konsultant Konrad Pluciński;508100523;;
KPMG Polska;(22)5281100;;
KPMG Polska;(22)5281009;;
Krajowa Agencja Poszanowania Energii S.A.;(22)6260910;;
Krajowa Agencja Poszanowania Energii S.A.;(22)2345242;;
Krakowska Korporacja Finansowa Sp. z o.o.;(12)6309898;;
Krakowskie Centrum Bezpieczeństwa Sp.j.;(12)3573645;;
Krakowskie Centrum Bezpieczeństwa Sp.j.;(12)6342457;;
Leszek Maksoń - SYSTEMY ZARZĄDZANIA;664285626;;
LMB IT Consulting;(22)4659025;;
LMB IT Consulting;609344900;;
Logis Consulting;731377180;;
LST-NET Sp. z o.o.;(61)6585444;;
LST-NET Sp. z o.o.;(61)6585440;;
LUMAL Ludmiła Malicka;691341579;;
M-Investment;508436556;;
M-Investment;(12)6500126;;
M&M KOMPLEKS Marian Modzelewski;(22)7246095;;
M&M KOMPLEKS Marian Modzelewski;602239329;;
Maculewicz Finance;(22)7387160;;
Maculewicz Finance;(22)7387161;;
MAWA-TERM Małgorzata Wasik;691087291;;
MAZARS;(22)2555200;;
MAZARS;(22)2555299;;
MDDP;(22)3226888;;
MDDP;(22)3226889;;
MIST;(22)6789600;;
MIST;(22)2111266;;
Moore Stephens Central Audit Sp. z o.o.;(22)5865700;;
Moore Stephens Central Audit Sp. z o.o.;(22)3236550;;
MOORE STEPHENS Trzemżalski, Krynicki i Partnerzy Kancelaria Biegłych Rewidentów Sp. z o.o.;(58)3009800;;
MOORE STEPHENS Trzemżalski, Krynicki i Partnerzy Kancelaria Biegłych Rewidentów Sp. z o.o.;(58)3009804;;
MORISON FINANSISTA grupa spółek doradczych;(61)6544102;;
MORISON FINANSISTA grupa spółek doradczych;(61)8752950;;
MTAX Sp. z o.o.;(22)8324737;;
MTAX Sp. z o.o.;(22)6636838;;
myCONSULT Spółka z o.o.;(71)7833019;;
NDFK Sp. z o.o.;(22)8250175;;
NEO-BUD;607356555;;
NET-FORCE Rozwiązania Energooszczędne i Telekomunikacja;(22)2450800;;
Net10;504114395;;
NETARC;660402460;;
NETARC;(91)8851812;;
NETMEDIA S.A. Ubezpieczenia.com, Audyt.com;(22)5673100;;
NETMEDIA S.A. Ubezpieczenia.com, Audyt.com;(22)5673101;;
NETSOFT CONSULTING;603692276;;
NETSOFT CONSULTING;(22)8314590;;
Nomag Audit Sp. z o.o.;(22)8615511;;
Nomag Audit Sp. z o.o.;(22)8615510;;
NOVA LIGHT Sp. z o.o.;(42)6366311;;
NOVA LIGHT Sp. z o.o.;(42)6367859;;
NTR-AUDIT;(58)3461243;;
NTR-AUDIT;(58)3414011;;
Open Profit Sp.j.;(22)5951490;;
Open Profit Sp.j.;(22)5951499;;
OPUS PV sp. z o.o;(68)4521500;;
OPUS PV sp. z o.o;(68)4549862;;
Ośrodek Doskonalenia Kadr - ERGON - Zakład Doradztwa Bezpieczeństwa Pracy;602348088;;
Ośrodek Doskonalenia Kadr - ERGON - Zakład Doradztwa Bezpieczeństwa Pracy;504010044;;
OTM - Odbiory Techniczne Mebli;603756565;;
P.H.U. ZIBEX;500007776;;
P.H.U. ZIBEX;500007775;;
P.P.H. FLORIN S.c. K.K.Świgoń;601673839;;
P.P.H. FLORIN S.c. K.K.Świgoń;(52)5610960;;
P.U. FOCUS P;(58)5545352;;
Payroll Consulting Sp. z o.o. Sp.komandytowa;(22)2577180;;
Payroll Consulting Sp. z o.o. Sp.komandytowa;(22)8480945;;
PB Consulting;515166852;;
Perfecta Audit Services Sp. z o.o.;(22)8221368;;
Perfecta Audit Services Sp. z o.o.;(22)8239462;;
PKF Consult Sp. z ograniczoną odpowiedzialnością Sp.k.;(22)5607650;;
PKF Consult Sp. z ograniczoną odpowiedzialnością Sp.k.;(22)5607663;;
PKGT (Blackstones) Audit and Consulting;(22)3908477;;
PKGT (Blackstones) Audit and Consulting;(22)3908476;;
POL-TAX Sp. z o.o.;(22)6165511;;
POL-TAX Sp. z o.o.;(22)6165512;;
POLINVEST AUDIT Sp. z o.o.;(12)3575516;;
POLINVEST AUDIT Sp. z o.o.;(12)3575517;;
Polska Federacja Pest Control;(22)8582435;;
Polska Federacja Pest Control;(22)8423244;;
Polskie Centrum Audytu i Rachunkowości Sp. z o.o.;(022)6287294;;
Polskie Centrum Audytu i Rachunkowości Sp. z o.o.;(022)6287296;;
Polskie Centrum Audytu i Rachunkowości VERTO-AUDIT Sp. z o.o.;(58)3000064-69;;
Polskie Centrum Audytu i Rachunkowości VERTO-AUDIT Sp. z o.o.;(58)3000068;;
PPHU ELEKTROHURT Jacek Połczyński;(61)6404853;;
PPHU ELEKTROHURT Jacek Połczyński;(61)6404860;;
Prime Project Sp. z o.o.;(71)3443513;;
Prime Project Sp. z o.o.;(71)3418506;;
Pro-Consult Sp. z o.o.;(12)2622580;;
Pro-Consult Sp. z o.o.;604561315;;
PRODOCEO Księgowość i Finanse Katarzyna Kowalczyk Sp.komandytowa;(22)2568686;;
PRODOCEO Księgowość i Finanse Katarzyna Kowalczyk Sp.komandytowa;(22)2568687;;
PROKSEN Sp. z o.o.;(56)6626100;;
PROKSEN Sp. z o.o.;(56)6626110;;
Proximus S.A.;(32)2000134;;
Proximus S.A.;(32)2552519;;
Przedsiębiorstwo Doradztwa i Wdrożeń ARCANUM Sp. z o.o.;(71)3426641;;
Przedsiębiorstwo Doradztwa i Wdrożeń ARCANUM Sp. z o.o.;(71)3426644;;
Przedsiębiorstwo ORDESA;502239455;;
Przedsiębiorstwo ORDESA;515336656;;
Qltech T.Man Sp.j.;(58)7646006;;
Qltech T.Man Sp.j.;(58)7646007;;
Quality Systems;603798816;;
QUALITY SYSTEMS S.c.;(61)6706773;;
QUALITY SYSTEMS S.c.;609514719;;
QUESTUS;(42)6620007;;
QUESTUS;(42)6620008;;
QWANTUM - Systemy Zarządzania sp. z o.o.;(58)5551926;;
QWANTUM - Systemy Zarządzania sp. z o.o.;(58)5512855;;
RACH-MISTRZ Biuro Biegłego Rewidenta Alicja Saładonis;(87)5652219;;
RACH-MISTRZ Biuro Biegłego Rewidenta Alicja Saładonis;(87)5630984;;
Rado Radosław Zasada;667120559;;
RATRI Florian Marzejewski;509969040;;
Regnitum Sp. z o.o.;501170684;;
Renergy RES Sp. z o.o.;505685365;;
REVISION-RZESZÓW Józef Król Sp. z o.o. Sp.komandytowa;(17)8522238;;
REVISION-RZESZÓW Józef Król Sp. z o.o. Sp.komandytowa;(17)8534474;;
RJS Sp. z o.o.;(22)7517264;;
RJS Sp. z o.o.;501084028;;
Roswell Sp. z o.o.;781850849;;
Roswell Sp. z o.o.;(22)8461269;;
S.A.W.;509867325;;
S.A.W.;(46)8323233;;
S&G Biuro Audytorskie i Rachunkowe;660748258;;
S&G Biuro Audytorskie i Rachunkowe;695991914;;
Salvis;669267490;;
Salvis;693252142;;
San-Projekt S.c.;(25)6322266;;
San-Projekt S.c.;(22)3981782;;
Sands Service and Support Sp. z o.o.;(22)2141921;;
Sands Service and Support Sp. z o.o.;(22)2578587;;
SAVENER;507476843;;
Sebby Sales Cosulting Sebastian Szymański;509360728;;
Sedlak & Sedlak;(12)6255910;;
Sedlak & Sedlak;(12)6255920;;
Skand ENERGIA mgr inż. Krzysztof Jarnot;506099732;;
SmartEnergy;(71)3475750;;
SmartEnergy;(71)3475749;;
SmartNet Research & Solutions Sp. z o.o.;(22)4152333;;
SOLISTECH Nowoczesne Systemy Grzewcze;(12)6530189;;
SOLISTECH Nowoczesne Systemy Grzewcze;502537984;;
STAMARZ;609755615;;
Strycharz Audyt Finanse;(18)2649255;;
Strycharz Audyt Finanse;601896492;;
Symbiot Dominik Gołdyn;505997005;;
Synergia;604074569;;
TAX EXPERT Biuro Rachunkowe;(91)8201739;;
TAX EXPERT Biuro Rachunkowe;510676946;;
Team Prevent Poland Sp. z o.o.;(32)3263008;;
Team Prevent Poland Sp. z o.o.;(32)4470918;;
TEMIDA CESSIO Sp. z o.o.;(17)8532046;;
TEMIDA CESSIO Sp. z o.o.;(17)8532048;;
Termatech S.c.;880003661;;
TERMO PROJECT – Robert Musztyfaga;696611462;;
Termo-Kompleks;(32)4453460;;
Termo-Kompleks;(32)4453461;;
TERMO-PROFIT;606336139;;
TERMO-PROFIT;(91)8122570;;
Termocert - Certyfikaty, Świadectwa Energetyczne;885243771;;
TERMOEFEKT Świadectwa i Audyty Energetyczne Ewa Molska;601415441;;
TermoEkspert Jacek Borowy;696133918;;
TermoEkspert Jacek Borowy;(22)8315988;;
U-FIN Biuro Audytorskie i Rachunkowe Sp. z o.o.;(42)6301410;;
U-FIN Biuro Audytorskie i Rachunkowe Sp. z o.o.;(42)6397871;;
UpGreat Systemy Komputerowe Sp. z o.o.;(61)6641620;;
UpGreat Systemy Komputerowe Sp. z o.o.;(61)6641621;;
VERSUS;(32)3528461;;
VERSUS;(32)3528460;;
VIDEO-FOTO-KRIS;664993659;;
VIDEO-FOTO-KRIS;(18)4457182;;
VISSUM Sp. z o.o.;717763681;;
W-ART Centrum Zabezpieczenia Budowli;(89)5359792;;
W-ART Centrum Zabezpieczenia Budowli;(89)5245292;;
Wektory Z.S.E.;(22)6696728;;
Wektory Z.S.E.;(22)8662297-98;;
Wieliterm;698656047;;
Wieliterm;606471235;;
WIGE Consulting S.c.;(22)4671932;;
WIGE Consulting S.c.;515114100;;
Wisdom Consulting Klimczyk i Morawik Sp.j.;602315641;;
Wisdom Consulting Klimczyk i Morawik Sp.j.;509259329;;
WOLTOM Świadectwa Energetyczne;513997865;;
WOLTOM Świadectwa Energetyczne;(12)2681744;;
Work Max Doradztwo Personalne i BHP;(34)3735341;;
Work Max Doradztwo Personalne i BHP;(34)3735342;;
WW Consulting;609441096;;
Zachodni Instytut Audytingu i Doradztwa Podatkowego KOMSTA;(68)3234980;;
Zachodni Instytut Audytingu i Doradztwa Podatkowego KOMSTA;(68)3236100;;
Zakład Usług Budowlanych Roman Maćek;604868711;;
Zakład Usług Księgowych i Doradztwo EKSPERT-FIN Sp. z o.o.;(89)5332560;;
Zakład Usług Księgowych i Doradztwo EKSPERT-FIN Sp. z o.o.;(89)5344084;;
ZARKO;507975960;;
ZEFiR-HLX Zespół Ekspertów Finansowych i Rachunkowości Sp. z o.o.;(17)8642164;;
ZEFiR-HLX Zespół Ekspertów Finansowych i Rachunkowości Sp. z o.o.;(17)8623910;;
