Księgarnia i Hurtownia Taniej Książki;(63)2407777;;
Księgarnia i Hurtownia Taniej Książki;(63)2204467;;
Księgarnia Internetowa booknet.net.pl;(43)8431991(Wieluń);;
Księgarnia Internetowa booknet.net.pl;(62)7831852(Wieruszów);;
DOM KSIĄŻKI Sp. z o.o.;533300971;;
DOM KSIĄŻKI Sp. z o.o.;(22)6711285;;
Księgarnia Francuska EDUKATOR;(12)4215317;;
Księgarnia Francuska EDUKATOR;502614626;;
Księgarnia Warszawska;(22)6201288;;
Podręczniki Mirosław Najbar;(32)2192393;;
Animos Katarzyna Muriasz;535089188;;
E-skapada.pl Księgarnia Podróżnicza;602839396;;
EDYP Hurtownia Książek Tomasz Pudełko;(29)7451849;;
EDYP Hurtownia Książek Tomasz Pudełko;519141914;;
Księgarnia ATENA;(75)7442248;;
Księgarnia ATENA;(75)7444668;;
Księgarnia im. K.K.Baczyńskiego;(22)8640864;;
Księgarnia im. K.K.Baczyńskiego;882155590;;
Księgarnia Sztuki CSW;(56)6109725;;
Księgarnia Sztuki CSW;(56)6210724;;
Księgarnia Św. Jacka Sp. z o.o.;519546075;;
Księgarnia Św. Jacka Sp. z o.o.;519546071;;
KSIĘGARNIE NOVA DUO Sp. z o.o.;(17)8605351;;
LIBER Księgarnia Uniwersytecka;(22)8263091-KsięgarniaLiber;;
LIBER Księgarnia Uniwersytecka;(22)8491265-KsięgarniaNike;;
PARK EDUKACJA Sp. z o.o.;0801000642;;
PARK EDUKACJA Sp. z o.o.;(22)3499085;;
Tak Czytam;(22)7823134;;
Tak Czytam;(22)7935291;;
Agencja Wydawnicza EGROS S.c.;(22)8234878;;
BOOKER Aleksandr Owramko - Księgarnia Rosyjska;(22)8261736;;
BOOKER Aleksandr Owramko - Księgarnia Rosyjska;504015457;;
Erato F.H.;509364660;;
GANDALF Sp. z o.o.;(42)2523923;;
HexBin Piotr Krystek Sklep Internetowy Teksto.pl;781456441;;
Krakowska Księgarnia Kultury Fizycznej - Sklep Internetowy SPORTY.pl;(12)6813622;;
Księgarnia Budowlana FERT;(12)2947399;;
Księgarnia CONRAD;(81)4457500;;
Księgarnia CONRAD;(81)4457499;;
Księgarnia Friendly Books-Antykwariat;(58)7750899;;
Księgarnia Friendly Books-Antykwariat;(58)7753115;;
Księgarnia KSIĄŻKOWY RAJ;534018444;;
Księgarnia Medyczna MedLibri;(22)5021960;;
Księgarnia Medyczna MedLibri;608320632;;
Księgarnia MERKURY;(32)2352161;;
Księgarnia MONOGRAM Jolanta Mączka;(81)8866866;;
Księgarnia MONOGRAM Jolanta Mączka;602871700;;
KSIĘGARNIA NA KOLEJOWEJ;(65)5720163;;
Księgarnia Odkrywcy Historyczno-Militarna;(42)6307141;;
Księgarnia Odkrywcy Historyczno-Militarna;(42)6311097;;
Księgarnia OSIEDLOWA S.c. Maciej i Bohdan Wieczorkiewicz, Księgarnia Internetowa osiedlowa.osdw.pl;(68)3746650;;
Księgarnia OSIEDLOWA S.c. Maciej i Bohdan Wieczorkiewicz, Księgarnia Internetowa osiedlowa.osdw.pl;(68)3710585;;
Księgarnia PAN TADEUSZ;(42)7161944;;
Księgarnia POCIĄG DO BAJECZKI Warsztaty Młodego Artysty;(71)3198080;;
Księgarnia POCIĄG DO BAJECZKI Warsztaty Młodego Artysty;603999858;;
Księgarnia Prawnicza;(32)2068996;;
Księgarnia PSYCHE;(22)5179630;;
Księgarnia Sentencja;(81)5347753;;
Księgarnia Sentencja;607816708;;
Księgarnia Uniwersytetu Ekonomicznego w Poznaniu Sp. z o.o.;(61)8543148;;
Księgarnia Uniwersytetu Ekonomicznego w Poznaniu Sp. z o.o.;(61)8543147;;
LITERADO;500520238;;
LITERADO;(32)3004360;;
Przedsiębiorstwo Handlowe KSIĘGARNIA OBJAZDOWA;(33)8110035;;
Przedsiębiorstwo Handlowe KSIĘGARNIA OBJAZDOWA;605437032;;
Warmińska Księgarnia Diecezjalna HOSIANUM Sp. z o.o.;(89)5273528;;
Wydawnictwo Znaki Czasu-Księgarnia Internetowa;(22)3319800;;
Wydawnictwo Znaki Czasu-Księgarnia Internetowa;(22)3319801;;
Księgarnia Turystyczna MAPY;(85)7451561;;
Księgarnia Turystyczna MAPY;601850446;;
JEDNOŚĆ Wydawnictwo;(41)3681110;;
JEDNOŚĆ Wydawnictwo;(41)3682144;;
Norbertinum Wydawnictwo-Drukarnia-Księgarnia Sp. z o.o.;(81)7441158;;
Norbertinum Wydawnictwo-Drukarnia-Księgarnia Sp. z o.o.;(81)7441148;;
AMBULANS - literatura i sprzęt medyczny;(81)5342400;;
AMBULANS - literatura i sprzęt medyczny;607860185;;
Moje Bambino Sp. z o.o. Sp.komandytowa;0801577544;;
Moje Bambino Sp. z o.o. Sp.komandytowa;(42)6300130;;
Ośrodek Konsultacyjno-Edukacyjny i Wsparcia Rodziny;(89)5195760;;
Ośrodek Konsultacyjno-Edukacyjny i Wsparcia Rodziny;509344562;;
Wydawnictwo Marpress Sp. z o.o.;(58)3014700;;
Wydawnictwo SKRZAT;(12)4142851;;
Wydawnictwo SKRZAT;(12)4143154;;
Bielski Antykwariat Naukowy Małgorzata Malczewska;(33)8228494;;
Cafe Tej i Księgarnia Przy Rynku;(61)2830614;;
Cafe Tej i Księgarnia Przy Rynku;(61)6706135;;
GRUPA INCO S.A. Instytut Wydawniczy PAX;(22)5865100;;
GRUPA INCO S.A. Instytut Wydawniczy PAX;(22)5865187;;
ORVITA Sp. z o.o.;502515180;;
paganini S.c. Małgorzata Kotarba, Weronika Stuczyńska;(12)4234277;;
paganini S.c. Małgorzata Kotarba, Weronika Stuczyńska;(12)6237181;;
Podkarpacki Instytut Książki i Marketingu;(17)8578662;;
Podkarpacki Instytut Książki i Marketingu;519637062;;
VIP S.D.Pikul Sp.j.;(56)6634213;;
VIP S.D.Pikul Sp.j.;602460273;;
Wydawnictwo eMPi2 Mariana Pietraszewskiego S.c.;(61)8517661;;
Wydawnictwo eMPi2 Mariana Pietraszewskiego S.c.;(61)8560098;;
Wydawnictwo Koinonia;(33)8541814;;
Wydawnictwo Koinonia;(33)8544522w.20;;
Brytania School of English;(14)6703811;;
TD MAPY Wydawnictwo Turystyczne;601850446;;
TD MAPY Wydawnictwo Turystyczne;609606692;;
LOBIS Magdalena Kwasucka Sklep Internetowy Edurion.pl Edukacja;607787748;;
3kropek Audio Publishing S.c. Piotr Klimek, Celina Muza-Visser;(91)5788210;;
ABC Księgarnia;(22)6767244;;
ABE-IPS Sp. z o.o.;(22)6540675;;
ABE-IPS Sp. z o.o.;(22)6520767;;
ADALA Sp. z o.o.;504624431;;
AdventureBook Sp. z o.o.;797491001;;
AGADE BIS;(22)7018395;;
AGAMAG;510099200;;
Agencja Handlowo-Usługowa Katarzyna Abramek - Księgarnia Internetowa UKRYTE w SŁOWACH;787518062;;
Agencja Nolpress S.c.;(85)6535511;;
Agencja SGK Internetowa Księgarnia Savoir-vivre.com.pl;(22)6518817;;
Agencja SGK Internetowa Księgarnia Savoir-vivre.com.pl;601519847;;
AGROŚWIAT Internetowa Księgarnia Rolnicza;(22)2266776;;
AGROŚWIAT Internetowa Księgarnia Rolnicza;(22)4346068;;
AJAKS;(22)6196051;;
Akademicka Księgarnia KODEKS;(54)2324866;;
Akademicka Księgarnia KODEKS;792431886;;
Akrybia Sp. z o.o;(14)6300669;;
AKWARELA S.c. Księgarnia Internetowa 3TELNIA.pl;(61)8537570;;
ALLIANCE PRESS;888649638;;
AMBELUCJA Księgarnia Internetowa;662243663;;
AMBELUCJA Księgarnia Internetowa;606620161;;
Antykwariat EP.Publishing S.c.;(81)8592147;;
Antykwariat EP.Publishing S.c.;505166533;;
ANTYKWARNIA-Księgarnia Niezależna;(34)3249467;;
Apricot FOTOSZOP.PL;604124466;;
Arystoteles.pl - BACZYŃSKI BOOKS Księgarnia Internetowa;(12)3454720;;
ASPA Księgarnia Artystyczna;(51)6572503;;
ATENEUM Sp. z o.o. S.K.;(12)2637373;;
ATENEUM Sp. z o.o. S.K.;(12)2637070;;
ATRA;696610827;;
ATTESA;(42)7179208;;
ATTESA;509022567;;
Audea;(12)4441351;;
Audea;504303970;;
Audio books Zdzisław Sawa;694352394;;
Avalon Dariusz Filar;(12)2905345;;
Avalon Dariusz Filar;602429286;;
B.Marczyński Księgarnia Marek Andrzej;(33)8752858;;
BACO Sp. z o.o.;(33)8752620;;
BACO Sp. z o.o.;602647130;;
BASTION-IWONA;508084674;;
Bellona S.A.;(22)6202044;;
Bellona S.A.;(22)6522695;;
Bestsellery.pl;(22)4284218;;
BETAFENGA.pl Beata Strąk;883978178;;
Bibliopunkt.pl;(61)2212763;;
Bibliopunkt.pl;609143470;;
BIBLIOS Wydawnictwo;(81)7502756;;
BIBLIOS Wydawnictwo;(81)7502767;;
Biuro Doradczo Usługowe MEDIATOR2;(071)7242875;;
Biuro Rachunkowe - Księgarnia ANALFABETA;(12)2733711;;
BOHUN Tania I Dobra Książka;694477781;;
Bona Media Sp. z o.o.;(12)4305222;;
Bona Media Sp. z o.o.;(12)4305223;;
Bonusmedia Księgarnia Internetowa;(022)8145308;;
Book Shop Grzegorz Bzdak;609720476;;
Bookador.pl - Przyjazna Księgarnia Internetowa;507611972;;
BOOKAREST;(61)8596125;;
Bookland.net Sp. z o.o.;(22)6322343;;
Bookland.net Sp. z o.o.;(22)6322352;;
Booklist.pl;600898686;;
BookMaster.pl Księgarnia Internetowa;(22)4282564;;
BookMaster.pl Księgarnia Internetowa;(22)4904171;;
Booksnet Belmir Alispahić;792661571;;
Booksnet Belmir Alispahić;502998296;;
BOOKTRAIL;516912713;;
BORGIS Sp. z o.o.;(22)8369669;;
BTC Korporacja Księgarnia Internetowa MARGINES.pl;(22)7673620;;
BTC Korporacja Księgarnia Internetowa MARGINES.pl;(22)7673633;;
Cafe Bajarka;(56)6402896;;
CAPITAL S.c.;533496436;;
Catholicus.pl;505702902;;
Cenraj;792684177;;
Centrum Chrześcijańskie Woda Życia;(94)3450805;;
Centrum Chrześcijańskie Woda Życia;(94)3413995;;
Centrum Książki Psychologicznej PSYCHE;(22)8138868;;
Centrum Książki Szkolnej Księgarnia BASZTA;(23)6928274;;
Centrum Książki Szkolnej Księgarnia BASZTA;692334354;;
Centrum Książki Wiedza;(41)3662266;;
Centrum Książki Wiedza;(41)3473410;;
Centrum Oświatowo Dydaktyczne;(87)6216837;;
Centrum Podręczników S.c.;605960060;;
Cień Wiatru;509681943;;
Coolshop.pl;(22)3720392;;
CREATIVE-IT Księgarnia Internetowa Techbook;(22)2430956;;
Cursor Media Sp. z o.o.;(22)4878923;;
Cursor Media Sp. z o.o.;(22)2454385;;
CYCERO.PL Jan Ciesielski;(66)1922949;;
CZEC Księgarnia Kaszubsko-Pomorska;(51)6572503;;
CZEMPIONI - Sklep Internetowy MANGANIME.pl;606229457;;
Czuły Barbarzyńca;(22)8263294;;
czyTANIOmania Elżbieta Oraczko;501590628;;
CZYTULISKO Emilia Ekiel;(42)2091683;;
DANTE G. Baran, G. Fugiel Sklep Internetowy Poczytaj.pl;(12)6264804;;
DANTE G.Baran, G.Fugiel Sklep Internetowy Poczytaj.pl;(12)6264804;;
DANTE G.Baran, G.Fugiel Sklep Internetowy Poczytaj.pl;(12)6264824;;
DE AGOSTINI Polska Sp. z o.o.;(22)4886201;;
DE AGOSTINI Polska Sp. z o.o.;(22)4886251;;
DGiS ABARD Grzegorz Sobczyński;(42)6735443;;
DGiS ABARD Grzegorz Sobczyński;603064040;;
Diamente - Internetowy Antykwariat SZYBKA KSIĄŻKA;796129357;;
DICTUM Sp. z o.o. Księgarnia Internetowa Prolibri.pl;(22)6639813w.39;;
DiscoveryPlanet.pl;792761374;;
DOBRA 28 Sp. z o.o.;(22)4448694-96;;
DOBRA 28 Sp. z o.o.;(22)6354560;;
Dobre Ksiązki Jarosław Dolinski;(012)4253013;;
Dom Handlowo-Wydawniczy Co-Liber Sp. z o.o.;(22)8274420;;
Dom Handlowo-Wydawniczy Co-Liber Sp. z o.o.;(22)8280588;;
Dom Książki S.A. Księgarnia Techniczna;(61)8534492;;
DOM KSIĄŻKI Sp. z o.o.;(85)6751144;;
Dom Księgarski MJL;(67)2156353;;
Dorinek.pl;(22)2012824;;
Dorinek.pl;(58)7322501;;
DYNAMIK;(71)3491145;;
ECONOMICUS;(91)4340603;;
EDU-KSIĄŻKA Sp. z o.o.;(22)7253318;;
Eduarena.pl Księgarnia Językowo-Edukacyjna;(81)7187487;;
EDUKACJA;607240616;;
Edukacyjna.pl;(12)4294974;;
ELITE Księgarnia Hiszpańska;(22)6688348;;
Elmas Stępień Ewa;600815454;;
Emka Plus Księgarnia Internetowa podrecznikido.pl;(22)4905703;;
Emka Plus Księgarnia Internetowa podrecznikido.pl;889598639;;
Emmanuel Czesław Mauer;(32)2048700;;
Emmanuel Czesław Mauer;(32)2568124;;
EMPIK Sp. z o.o.;(22)4627250;;
ENERGASEL Sp. z o.o. Księgarnia Internetowa XeXe.pl;801000783;;
ENERGASEL Sp. z o.o. Księgarnia Internetowa XeXe.pl;(61)6226490;;
EPILOG Daniel Jaworowicz-Księgarnia MAKLERSKA.pl;513160320;;
ESSE Sp. z o.o.;(42)6764959;;
ESSE Sp. z o.o.;(42)6764959w.38;;
EUREKA;792621024;;
EWA Hurtownia Książki Technicznej Sp.j.;(32)2811818;;
EWA Hurtownia Książki Technicznej Sp.j.;502102232;;
Ezosfera.pl;(22)6413610;;
Ezosfera.pl;793173383;;
F.H. Libellus;(12)6589320;;
F.H. SFINKS Filip Topczewski;(34)3655955;;
F.H. SFINKS Filip Topczewski;(34)3655965;;
F.H.Comenius mgr Florian Janowiak;692695162;;
F.H.Comenius mgr Florian Janowiak;(18)2652719;;
F.H.U. ET TOI;(12)3832494;;
F.H.U. ET TOI;(12)3965867;;
F.H.U. NOVA Edyta Mucha;(74)6452899;;
F.H.U. WITMIR Witold Zawko Hurtownia Książki Technicznej;(22)3960817;;
F.H.U. WITMIR Witold Zawko Hurtownia Książki Technicznej;606629729;;
FABUŁA - Jarmark BASNIE.PL;694331601;;
FANTASTYCZNE ŚWIATY;(85)8110262;;
FELMAR S.c. Księgarnia ŚWIAT UCZNIA;(32)2044161;;
FELMAR S.c. Księgarnia ŚWIAT UCZNIA;693059501;;
FHU JOTES Joanna Tylka-Suleja - Księgarnia Internetowa ZMRUŻ OCZY.com;603991309;;
FHU JOTES Joanna Tylka-Suleja - Księgarnia Internetowa ZMRUŻ OCZY.com;(12)2708270;;
FHU KsiążkiNet;781265271;;
Firma Handlowa ATLAS;(56)6219650;;
Firma Handlowo-Usługowa Grzegorz Dorosławski;728541424;;
FIRMA HOPA Marek Hopa;(67)2618202;;
FIRMA HOPA Marek Hopa;663907010;;
Firma Księgarska BETA Sp. z o.o.;(71)7901191;;
Firma Księgarska BETA Sp. z o.o.;(71)7901192;;
Firma Księgarska Leszek Maruszewski S.c.;(68)3843359;;
Firma Księgarska Leszek Maruszewski S.c.;(68)3473599;;
Firma Księgarska Serwis Sp. z o.o. podrecznikowo.pl;(42)6395163;;
Firma Księgarska Serwis Sp. z o.o. podrecznikowo.pl;(42)6649754;;
Firma Księgarska Wiesława Juszczaka;(42)6306637;;
Firma Księgarska Wiesława Juszczaka;(42)6302946;;
Firma SPEK Grzegorz Giżewski;(58)3479592;;
Firma SPEK Grzegorz Giżewski;(58)7435126;;
Firma STACHURSKI;(41)3424176;;
Firma STACHURSKI;(41)3449252;;
Firma VIRTUS - Księgarnia POD HERMESEM;(68)4549752;;
FK Rawski;(22)8220607;;
FK Rawski;(22)6322921;;
FKM Brokers - Arik.pl Księgarnia Internetowa;(12)2636940;;
FKM Brokers - Arik.pl Księgarnia Internetowa;510092753;;
FRAZA S.c. Centrum Dystrybucji Nut;792524314;;
Fundacja LORGA;791169666;;
Fundacja Na Rzecz Kultury i Edukacji im. Tymoteusza Karpowicza - Café Księgarnia Tajne Komplety;(71)7142380;;
Fundacja Na Rzecz Kultury i Edukacji im. Tymoteusza Karpowicza - Café Księgarnia Tajne Komplety;666951823;;
Fundacja UAM Księgarnia Uniwersytecka;(61)8470281;;
GILDIA Prószyński Media;(22)2781761;;
Gloria24.pl;(12)4110866;;
Gloria24.pl;0801003380;;
Główna Księgarnia Naukowa im.Bolesława Prusa;(22)8261835;;
Główna Księgarnia Naukowa Sp.j.;(12)4223717;;
GŁÓWNA KSIĘGARNIA SZKOLNA GAJEWICZ GAWIN WIDŁAK SP. J.;(12)4293007;;
GŁÓWNA KSIĘGARNIA SZKOLNA GAJEWICZ GAWIN WIDŁAK SP. J.;(12)4211227;;
GNOM;(33)8213432;;
GNOM;604229042;;
GOTEX PLUS Sp. z o.o.;(56)4613246;;
GRAMAR Grażyna Zawadzka;(22)7713128;;
GRAMAR Grażyna Zawadzka;888889929;;
GROPAK;691845109;;
GRUPA 18;(61)8551086;;
GRUPA A5 Sp. z o.o. Dystrybucja Książek;(42)6764929;;
Harbor Point Sp. z o.o. MEDIA RODZINA;(61)8270850;;
Harbor Point Sp. z o.o. MEDIA RODZINA;(61)8270860;;
HATTERIA.PL;(12)3577973;;
HATTERIA.PL;664377740;;
HICKS S.c. Sklep Internetowy ART & DESIGN37;519161752;;
HICKS S.c. Sklep Internetowy ART & DESIGN37;519161761;;
HiSCO Przedsiębiorstwo Wielobranżowe S.c.;(71)3446593;;
HiSCO Przedsiębiorstwo Wielobranżowe S.c.;(71)3555769;;
HISTORYTON Księgarnia Historyczno-Militarna;(22)6756943;;
HISTORYTON Księgarnia Historyczno-Militarna;660615861;;
Horyzont;508156391;;
HORYZONT Grzegorz Szczerba CzytajTanio.pl;(29)7420982;;
HORYZONT S.c.;(42)6842584;;
HORYZONT S.c.;(42)6401929-31;;
House of Albums;(12)4291363;;
Hurnex;(12)2965005;;
Hurnex;(12)2965006;;
Hurtownia GROPAK;(22)2990716;;
Hurtownia Ksiażek i Dewocjonaliów św. Paweł;(58)5548526;;
Hurtownia Książek Anna Moczulska;(025)7879087;;
Hurtownia Książek MILO Sp.j. A.T.Stryszawscy;(12)2607902;;
Hurtownia Książek MILO Sp.j. A.T.Stryszawscy;(12)2607900;;
Hurtownia Książek Power;(58)7279979;;
Hurtownia Książek Power;607640478;;
Hurtownia książek WOLUMEN Sp.j.;(22)6319436;;
Hurtownia Taniej Książki ANDOR S.c.;(22)6314656;;
Hurtownia Taniej Książki ANDOR S.c.;609702930;;
ICHTIS;(15)6426036;;
IFC PRESS Sp. z o.o.;(12)4132410;;
InBook S.A.;(32)2686404;;
InBook S.A.;(32)4457217;;
Instytut Teatralny im. Zbigniewa Raszewskiego;(22)5017001;;
Instytut Teatralny im. Zbigniewa Raszewskiego;(22)5017026;;
INTEGRA Sp. z o.o.;(32)2582544;;
INTER-HEK P.P.H.U.;600935412;;
Internetowa Księgarnia Edukacyjna - Książki Edukacyjne.pl;(056)6394411;;
Internetowa Księgarnia Edukacyjna - Książki Edukacyjne.pl;(056)6394313;;
Internetowa Księgarnia Ekonomiczna i Prawnicza Wrzeszcz Business Group Grzegorz Wrzeszcz;(71)7334022;;
Internetowa Księgarnia Ekonomiczna i Prawnicza Wrzeszcz Business Group Grzegorz Wrzeszcz;(71)7334030;;
Internetowa Księgarnia Kaszubsko-Pomorska CZEC;516572503;;
INVEST COOK Dawid Adamczyk;783332914;;
INVEST COOK Dawid Adamczyk;502498977;;
Iwona Nawrocka NAWI;(32)3481329;;
Iwona Nawrocka NAWI;888728111;;
jack.pl;(33)8544444;;
jack.pl;(33)8551387;;
JAFI Sp. z o.o.;(17)8542076;;
JMD Marcin Dobrzański;602412166;;
Joanna Nowak Hurt-Detal;793396999;;
KAKAEL INTERNET MEDIA;664945151;;
KAPITAŁKA Sp. z o.o.;(61)8519321;;
KAPITAŁKA Sp. z o.o.;(61)8519320;;
KAPRYS;(32)2109009;;
KAPRYS;507041620;;
KF Sp. z o.o. Sklep Internetowy kfshop.pl;600945398;;
KF Sp. z o.o. Sklep Internetowy kfshop.pl;501009626;;
KFI Sp.j.;(33)4997676;;
KIERUS Sp.j.;(85)6743619;;
KIRJA.pl Księgarnia Artur Ziomek;782358185;;
Kluboksięgarnia Rodzinna i Klub Gier Planszowych Hobbiton24 Marcin Demkowski;668838184;;
KluboKsięgarnia Za Rogiem;506378361;;
KluboKsięgarnia Za Rogiem;606144858;;
KMS S.c.;(33)8104065;;
KNK Księgarnia Lingwistyczna;(22)4255137;;
KNK Księgarnia Lingwistyczna;(22)4688870;;
Kodeks 2002 Sp. z o.o.;881954074;;
KODEKS Księgarnia;(56)6518667;;
KOHASSO;(12)6374594;;
KOLIGRAF Marta Gulińska - Księgarnia Internetowa GODRYK.pl;505915705;;
KOMIXY;603414717;;
Kompendium S.c. Księgarnia i Wydawnictwo;(22)8258315;;
Kompendium S.c. Księgarnia i Wydawnictwo;512208140;;
Koobe Sp. z o.o.;(12)3454394;;
Korporacja ha!art;(12)4228198;;
Korporacja ha!art;728363275;;
KSIĄŻKOWE KLIMATY S.c.;728113093;;
KsiegarniaBiznesowa.pl Wydawnictwo LIDER;600500368;;
KsiegarniaBiznesowa.pl Wydawnictwo LIDER;(22)4906441;;
ksiegarniazwb.pl kaziki.pl;505991652;;
Księgarnia;(32)6233432;;
Księgarnia;(32)7541161;;
Księgarnia;(81)5326048;;
Księgarnia;(81)5340422;;
Księgarnia - Antykwariat AMBARAZ;607763127;;
Księgarnia ABC;(68)3743461;;
Księgarnia ABC;(14)6274363;;
KSIĘGARNIA ABC Mirosław Warda;(22)6317814;;
Księgarnia ACADEMICON;603072530;;
Księgarnia ADA;604288998;;
Księgarnia Agora;(84)6644697;;
Księgarnia AKABAR;606200146;;
Księgarnia Akademicka;(48)3617452;;
Księgarnia Akademicka Anna Bzdawska;(52)3400805;;
Księgarnia Akademicka MARATON;(83)3428798;;
Księgarnia Akademicka MARATON;516124266;;
Księgarnia AKADEMICKA S.c. M.Włodarczyk, I.Trylińska;(71)3283389;;
Księgarnia Akademicka.Com;(22)8238918;;
Księgarnia AKCENT;(34)3132594;;
Księgarnia ALFA;(86)2726404;;
Księgarnia ALFA;604416241;;
Księgarnia Amerykańska American Bookstore;(22)5413652;;
Księgarnia Amerykańska American Bookstore;(22)5413653;;
Księgarnia ANNAŁ;(77)5474308;;
Księgarnia ANNAŁ;666866348;;
Księgarnia Antyk-Wariat Gabriela Jakubiak;(94)3744617;;
Księgarnia Archidiecezjalna;(61)4264966;;
Księgarnia ARKONA;(22)4483922;;
Księgarnia ARSENAŁ;(61)8480425;;
Księgarnia ARSENAŁ;(61)6421221;;
Księgarnia Artystyczna Bookoff;(22)2536286;;
Księgarnia Artystyczna Bookoff;503058126;;
Księgarnia AS;660327195;;
Księgarnia Atena;(87)6435542;;
Księgarnia ATENA S.c.;(42)6804455;;
Księgarnia ATLAS S.c.;(61)8172851;;
Księgarnia ATLAS S.c.;601839364;;
Księgarnia ATUT;(91)4341423;;
Księgarnia AVALON.pl;(81)8253029;;
Księgarnia AVALON.pl;(81)8845207;;
Księgarnia BAGATELLA;(022)6217036;;
Księgarnia BAJKA Sp.j.;(18)3520432;;
Księgarnia BAJKA Sp.j.;(18)3538775;;
Księgarnia Belferki;(95)7597459;;
Księgarnia Belferki;661474037;;
Księgarnia BIBLIOFIL;(14)6703067;;
Księgarnia BOOKSELLER K.Ostrowska i Spółka Sp.j.;(61)8560279;;
Księgarnia BOOKSELLER K.Ostrowska i Spółka Sp.j.;(61)8537977;;
Księgarnia BULLERBYN;690604140;;
Księgarnia CENTRUM KSIĄŻKI;(89)5273044;;
Księgarnia CENTRUM KSIĄŻKI;(89)5274420;;
Księgarnia Czesława Dudziak;(32)4562281;;
Księgarnia DANIEL;(95)7203758;;
Księgarnia Dębickich S.c.;(017)5864273;;
Księgarnia DH Śliwa;662239470;;
Księgarnia dla Dzieci Za Rogiem;508017668;;
Księgarnia Domini-Canes;(71)3410409;;
Księgarnia DOMOWA S.c.;(94)3547939;;
Księgarnia DOMOWA S.c.;(42)6804455;;
Księgarnia Dziecięca Badet.pl;(22)2584647;;
Księgarnia Dziecięca Badet.pl;(22)4993717;;
Księgarnia e-Libro Ewa Chałabis;508114103;;
Księgarnia e-Libro Ewa Chałabis;600830677;;
Księgarnia E.Stompel;(42)6399961;;
Księgarnia Educatio;601779105;;
Księgarnia EDUKACJA;(58)3415119;;
Księgarnia Edukacyjna;(32)6707090;;
Księgarnia Edukacyjna - Sklep Internetowy EDUTOK.pl;(85)7436180;;
Księgarnia Edukacyjna BELFER;(48)3604550;;
Księgarnia Edukacyjna BELFER;605431071;;
Księgarnia Edukacyjna SUPPLITE;504245535;;
Księgarnia Edukacyjna SUPPLITE;602482085;;
Księgarnia Edukacyjno-Językowa ebookshop.pl;(32)2716703;;
Księgarnia Edukacyjno-Językowa TUMSKA;(24)2627391;;
Księgarnia Edukacyjno-Językowa TUMSKA;502637130;;
Księgarnia EDUKOM;(81)8880078;;
Księgarnia EDYP;(29)6432943;;
Księgarnia EDYP;(29)7451849;;
Księgarnia Efka;609800381;;
Księgarnia Ekonomiczna 4Books;(22)3961500;;
Księgarnia Ekonomiczna 4Books;(22)8273889;;
KSIĘGARNIA EKONOMICZNA Kazimierz Leki;(22)8236467;;
KSIĘGARNIA EKONOMICZNA Kazimierz Leki;(22)8229041;;
Księgarnia EKSLIBRIS;(32)3845646;;
Księgarnia eMKa;(75)7750750;;
Księgarnia EUREKA;(46)8324291;;
Księgarnia EUREKA;(71)3436612;;
Księgarnia EXLIBRIS Wadowice;(33)8235673;;
Księgarnia Ezoteryczna AURA;(94)3433615;;
Księgarnia Fachowa EKOBIS;(58)3052853;;
Księgarnia Fachowa EKOBIS;(58)3410314;;
Księgarnia FENIKS;(58)6726856;;
Księgarnia FENIKS;(76)8354166;;
Księgarnia FENIKS;(76)8354454;;
Księgarnia FENIX;(94)3734702;;
Księgarnia FENIX;602665932;;
Księgarnia Globtrotera;731304303;;
Księgarnia Grandy;(32)2412302;;
Księgarnia Grandy;(32)2540703;;
Księgarnia Hetmańska S.c.;(12)4302453;;
Księgarnia i Antykwariat Internetowy NiT-ek;696037674;;
Księgarnia i Biuro Tłumaczeń ITALICUS;(12)6380807;;
Księgarnia i Biuro Tłumaczeń ITALICUS;694611309;;
Księgarnia i Hurtownia Lingwistyczna POWER;(52)3210347;;
Księgarnia i Hurtownia Lingwistyczna POWER;(52)3213171;;
Księgarnia i Sklep Muzyczny DŻINN Elżbieta Pazur;(41)3722347;;
Księgarnia ICHTIS;(58)3058438;;
Księgarnia IDENA Sławomir Szymula;(55)2733705;;
Księgarnia im. Jana Pawła II SURSUM CORDA;(61)8650820;;
Księgarnia im. Jana Pawła II SURSUM CORDA;501232187;;
Księgarnia Informatyczna COMPLAN;(12)4311094;;
Księgarnia INTER BOOK;(12)6321008;;
Księgarnia Internetowa Agnieszka Wesoła;(61)6660050;;
Księgarnia Internetowa Albertus.pl;(61)6229779;;
Księgarnia Internetowa AmericanBooks.pl;516487555;;
Księgarnia Internetowa ARWENA;(32)7264631;;
Księgarnia Internetowa ARWENA;504080900;;
Księgarnia Internetowa AURELUS;501041929;;
Księgarnia Internetowa BIAŁY KRUK;(42)6804400;;
Księgarnia Internetowa BIAŁY KRUK;(42)6804403;;
Księgarnia Internetowa Bonito.pl S.c.;(12)2100902;;
Księgarnia Internetowa Bractwo Trojka;696965195;;
Księgarnia Internetowa Czytam.pl;(61)6514495;;
Księgarnia Internetowa Czytam.pl;(61)6425926;;
Księgarnia Internetowa DOBRY SKARBIEC;(22)7724568;;
Księgarnia Internetowa DOBRY SKARBIEC;608498505;;
Księgarnia Internetowa Drops.pl-M-Partner Elżbieta Perzyńska;(22)3920040-42;;
Księgarnia Internetowa Drops.pl-M-Partner Elżbieta Perzyńska;0801055355;;
Księgarnia Internetowa Erynek.pl;(22)6445572;;
Księgarnia Internetowa Erynek.pl;601431830;;
Księgarnia Internetowa EVENTUS;880635141;;
Księgarnia Internetowa KANON24;(22)6517802;;
Księgarnia Internetowa KLIO;(22)7558404;;
Księgarnia Internetowa KLIO;(22)8366736;;
Księgarnia Internetowa KsiazkiNieGryza.pl;(91)4344481;;
Księgarnia Internetowa Książki przy Herbacie;515642906;;
Księgarnia Internetowa Książki Zoologiczno-Ogrodnicze;(63)2458336;;
Księgarnia Internetowa Książki Zoologiczno-Ogrodnicze;603948477;;
Księgarnia Internetowa Ksiegarnia-Najtaniej LITERAT;(56)6539387;;
Księgarnia Internetowa Ksiegarnia-Najtaniej LITERAT;663933207;;
Księgarnia Internetowa KTO;(074)8672457;;
Księgarnia Internetowa Lideria.pl;(42)6804487;;
Księgarnia Internetowa MediBooks Sp. z o.o.;(22)2035880;;
Księgarnia Internetowa mm;783377135;;
Księgarnia Internetowa MOTODANE-MOTOHELP Konrad Płachta;606630773;;
Księgarnia Internetowa MOTODANE-MOTOHELP Konrad Płachta;(48)6123444;;
Księgarnia Internetowa Nala.pl;(17)8548130;;
Księgarnia Internetowa Naszaszkolna.pl;(43)8263444;;
Księgarnia Internetowa OPSACH.pl;602280075;;
Księgarnia Internetowa POCZYTAĆ.pl, Księgarnia Szkolna POUCZYĆ.pl;664729699;;
Księgarnia Internetowa SOLDI.com.pl;530530184;;
Księgarnia Internetowa Taurus;(32)2802666;;
Księgarnia Internetowa Taurus;(32)2802367;;
Księgarnia Internetowa Tolle.pl - PROFECT Paweł Królak;(81)3115006;;
Księgarnia Internetowa Tolle.pl - PROFECT Paweł Królak;661128006;;
Księgarnia Internetowa U Hieronima;(81)5287418;;
Księgarnia Iuris Prudentia;(81)5375475;;
Księgarnia Iwona;507201547;;
Księgarnia Iwonka;(58)6788167;;
Księgarnia Iwonka;503398059;;
Księgarnia Izajasz;602581402;;
Księgarnia Jarosław Gąska;(22)7842524;;
Księgarnia Jarosław Gąska;782456699;;
Księgarnia JAŚ I MAŁGOSIA;(25)6327097;;
Księgarnia JAŚ I MAŁGOSIA;532404973;;
Księgarnia Jedynka A.Kawecki Sp.j.;(61)8525305;;
Księgarnia Jedynka A.Kawecki Sp.j.;(61)8560848;;
Księgarnia Językowa AKADEMIA;(22)6330174;;
Księgarnia Językowa Albion;(32)4230737;;
Księgarnia Językowa GREG - F.H.U. GREG mgr Grzegorz Górnik;(32)4225806;;
Księgarnia Językowa LAMAR;(17)8533518;;
Księgarnia Językowa MULTI;(61)8641048;;
Księgarnia Językowa MULTI;605850210;;
Księgarnia Jolanta Okuniewska - Sklep Internetowy KOMIKSIARNIA;515266704;;
Księgarnia Jolanta Stankiewicz;(52)3732681;;
Księgarnia Kaliska;(62)5998000;;
Księgarnia KAMERON.PL;(12)4210872;;
Księgarnia KATARZYNKA;(41)3000036;;
Księgarnia KATARZYNKA;606113437;;
Księgarnia Katolicka AmmaSara;(44)7247033;;
Księgarnia Katolicka Jeremiasz.pl;603190513;;
Księgarnia Katolicka Łukasz Broma;606484902;;
Księgarnia Katolicka RHEMA;(12)4294672;;
Księgarnia Katolicka Syjon.pl;885773777;;
Księgarnia Kawiarnia Kij i Marchewka;668661346;;
Księgarnia Kawiarnia Kij i Marchewka;662326155;;
Księgarnia KAWKA Katarzyna Sypek;665294418;;
Księgarnia Klimczok;(33)8165748;;
Księgarnia Koziołek;(87)4283109;;
Księgarnia Koziołek;(87)4283783;;
Księgarnia Książka Dla Ciebie;501495553;;
Księgarnia Kwant;(71)3434620;;
Księgarnia LARIX;(81)4411107;;
Księgarnia LARIX;607052842;;
Księgarnia LEGOLAS;(12)6339253;;
Księgarnia LEKTURA - Kamena Wojciech Sternik;500570798;;
KSIĘGARNIA LIBER S.c.;795415510;;
KSIĘGARNIA LIBER S.c.;(61)8434979;;
Księgarnia Libri Selecti;601313375;;
Księgarnia Lingwistyczna Books;(56)6455437;;
Księgarnia LITERA;(42)6370899;;
Księgarnia LITERA;693654322;;
Księgarnia LITERACKA;(12)4453169;;
Księgarnia Luna;607501576;;
Księgarnia MAKAMA S.c.;(77)4661469;;
Księgarnia MAKAMA S.c.;(77)4664888;;
KSIĘGARNIA MAPA;(22)6736694;;
KSIĘGARNIA MAPA;501163681;;
Księgarnia Maria Wojczek;515125638;;
Księgarnia Marina;(95)7634620;;
Księgarnia Maryja;720580900;;
Księgarnia MEDYCEUSZ Sp.j.;(58)5243290;;
Księgarnia Mercurius;(32)7508419;;
Księgarnia Mercurius;(32)2304722;;
Księgarnia MIESZKO;(18)3536768;;
Księgarnia MIESZKO;(18)3522000;;
Księgarnia Muza;(58)3011207;;
Księgarnia Muza;609987282;;
Księgarnia Muzyczna KURANT;(12)4229859;;
Księgarnia Muzyczna Świat Muzyki;(22)8281760;;
Księgarnia Muzyczna Świat Muzyki;(22)6200901;;
Księgarnia NA BISKUPIEJ GÓRCE;(58)5234991;;
Księgarnia na Miodowej;(22)5317213;;
Księgarnia na Miodowej;(22)5317217;;
Księgarnia Na Pięterku;(61)8795861;;
Księgarnia Na Rocha Piotr Miejłuk;512862831;;
Księgarnia Na Zapleczu Krystian Tyrała;(77)4364090;;
Księgarnia na Żabkach;(32)6701833;;
Księgarnia NaMatecznym.pl;531151389;;
Księgarnia Naukowa ARCHE;(58)5232806;;
Księgarnia Naukowa Kazimierz Leki;(22)8501020;;
Księgarnia Naukowa Kazimierz Leki;(22)8460410;;
Księgarnia Naukowa Olsztyn-Kortowo;(89)5233718;;
Księgarnia Nestor;(012)4219294;;
Księgarnia NOWA;(23)6624491;;
Księgarnia NOWELA;(61)8474040;;
Księgarnia NOWY ŚWIAT;(91)4022333;;
Księgarnia OMEGA;883281291;;
Księgarnia ORBITA;(32)4236065;;
Księgarnia ORBITA;533330707;;
Księgarnia Pan Tadeusz;(14)6223861;;
Księgarnia Pan Tadeusz;605088078;;
Księgarnia Papirus;(22)6487711;;
Księgarnia Papirus;(22)6494421;;
Księgarnia PARAGRAF;(71)3417544w.20-21;;
Księgarnia PARAGRAF;(71)3417544w.25;;
Księgarnia Patriotyczna ANTYK;(22)7580359;;
Księgarnia Pedagogiczna ACADEMICUS;(12)6227305;;
Księgarnia Pedagogiczna ACADEMICUS;(12)6626129;;
Księgarnia Pedagogiczna SZÓSTKA;(33)8164387;;
Księgarnia Pedagogiczo-Szkolna;(52)3221673;;
Księgarnia Pegaz;(24)7217086;;
Księgarnia PELTA;(42)6804455;;
Księgarnia PELTA;(22)8276614;;
Księgarnia Pępek Sztuki;(22)4879035;;
Księgarnia Pępek Sztuki;(22)6281271w.201;;
Księgarnia PĘtlaCzasu.pl Firma Handlowa 15 Tadeusz Doligalski;(55)2421413;;
Księgarnia PĘtlaCzasu.pl Firma Handlowa 15 Tadeusz Doligalski;0801000563;;
Księgarnia Pielgrzym;(95)7364888;;
Księgarnia PIM S.c.;519101288;;
Księgarnia PINOKIO;(61)6515521;;
Księgarnia Pinokio Wiesława Szuba;500180426;;
Księgarnia Pod Arkadami;(71)3434231;;
Księgarnia Pod Arkadami;508224035;;
Księgarnia pod Globusem;(12)4221739;;
Księgarnia pod Globusem;600009203;;
Księgarnia POD SOWĄ;539012013;;
Księgarnia POD SOWĄ;(59)8104567;;
Księgarnia Podatnika LEKSYKON;(59)8447370;;
Księgarnia Podręczna.pl;724244994;;
Księgarnia Podróżnicza S.c.;(71)7923065;;
Księgarnia Podróżnicza S.c.;(71)3460071;;
Księgarnia Prawnicza Dariusz Michasiów;(33)8123716;;
Księgarnia PRO Veritas;502614913;;
Księgarnia Quo Vadis;(55)2325791;;
Księgarnia Quo Vadis;(55)2328812;;
Księgarnia Quo-Vadis;(055)2325791;;
Księgarnia Quo-Vadis;(055)2328812;;
Księgarnia Religijna BOGULANDIA;603072828;;
Księgarnia S.c. Bytom;(032)2814839;;
Księgarnia S.c. Bytom;(032)2860117;;
Księgarnia SEZAM Podkowa Leśna;532068350;;
Księgarnia SIGMA;(22)7883909;;
Księgarnia SIGMA;603947258;;
Księgarnia Skarbnica;(12)6445429;;
Księgarnia Skarbnica;(12)6448518;;
Księgarnia Słoneczna;(91)4643743;;
Księgarnia Słoneczna;603134134;;
Księgarnia Solaris;(089)5413117;;
Księgarnia Sportowo-Medyczna.pl;(71)3473054;;
Księgarnia Stanisław Przybyszewski Art. Papiernicze i Szkolne;692365790;;
Księgarnia Stańczyk;(15)8446551;;
Księgarnia STREFA KSIĄŻKI;601245498;;
Księgarnia STREFA KSIĄŻKI;(67)2162812;;
Księgarnia Strefa Książki;603510206;;
Księgarnia SUPLEMENT;(77)4537982;;
Księgarnia SUPLEMENT;695396639;;
KSIĘGARNIA SYLABUS Piotr Krzemiński;(22)6651379;;
KSIĘGARNIA SZKOLNA;(95)7226257;;
Księgarnia Szkolna AS Sp.j.;(12)6442351;;
Księgarnia Szkolna S.c.;(81)7476929;;
Księgarnia św. Jakuba;795563669;;
Księgarnia św. Mikołaja;(32)6233686;;
Księgarnia św. Mikołaja;502567819;;
Księgarnia Światowid;(42)6322450;;
Księgarnia Światowid;(42)6304913;;
Księgarnia Świętej Rodziny;605079965;;
Księgarnia Świt;793157241;;
Księgarnia Tania Książka;(44)7102275;;
Księgarnia Tania Książka;510300121;;
Księgarnia Techniczna;(22)6287758;;
Księgarnia Techniczna;(75)7125078;;
Księgarnia Techniczna;603430340;;
Księgarnia Techniczna;(91)3070020;;
Księgarnia Techniczna;(91)4344544;;
KSIĘGARNIA TECHNICZNA Kazimierz Leki;(22)6669801;;
Księgarnia Techniczna NOT;(42)6320968;;
Księgarnia Trzy Pasje Jankowiak Mirosława;501678159;;
Księgarnia Turystyczna Obieżyświat;604487561;;
Księgarnia Turystyczna Obieżyświat;506470983;;
Księgarnia Uniwersytecka Sp. z o.o.;(81)5375413;;
Księgarnia VADEMECUM;(58)6611541;;
Księgarnia WERONIKA;(58)5510948;;
Księgarnia Weterynaryjna Vetbooks.pl;(71)3473054;;
Księgarnia Wierzymy.pl;(22)5120096;;
Księgarnia Wieszcz.pl;(42)2980261;;
Księgarnia Wieszcz.pl;516288981;;
Księgarnia Wspólnotowa Ruchu Światło-Życie;502521624;;
Księgarnia Wspólnotowa Ruchu Światło-Życie;512438197;;
Księgarnia Współczesna;(14)6221820;;
Księgarnia WSPÓŁCZESNA;(17)2428131;;
Księgarnia Wydawnictwa Uniwersytetu Łódzkiego;(42)6655863;;
Księgarnia Wydawnictwa Uniwersytetu Łódzkiego;(42)6655862;;
Księgarnia Wydawnictwo PROKOP;(22)7735667;;
Księgarnia Wysyłkowa ARKADY.INFO Dobra 28 Sp. z o.o.;(22)4448697;;
Księgarnia Wysyłkowa ARKADY.INFO Dobra 28 Sp. z o.o.;(22)4448687;;
Księgarnia Wysyłkowa CUD;(12)4212313;;
Księgarnia Wysyłkowa Damar;694476296;;
Księgarnia Wysyłkowa KRAKINFORM Sp. z o.o.;(12)2662331;;
Księgarnia Wysyłkowa KRAKINFORM Sp. z o.o.;(12)2690226;;
Księgarnia Z BAJKI;(61)8263050;;
Księgarnia ZACZYTANIE;(22)7793488;;
Księgarnia ZaRogiem.pl-Millinowa WFM Sp. z o.o.;728529082;;
Księgarnia Zła Buka;694466309;;
Księgarnia-Antykwariat ASTEX Sp.j.;(18)4407322;;
Księgarnia-Antykwariat MAXIMUS;731226270;;
Księgarnia-Antykwariat PAPIRUS S.c.;787008225;;
Księgarnia-Galeria NIEZNANY ŚWIAT;(22)8279349;;
Księgarnia-Galeria NIEZNANY ŚWIAT;506063920;;
Księgarnie Elektronika M. Bińczyk Sp.j. Sklep elektronika.lodz.pl;(42)6377414;;
Księgarz Sp.j.;(41)3444537;;
KUBICZ Book Center;(71)3221477;;
KUBICZ Book Center;(71)3278906;;
KUMIKO Księgarnia Internetowa;662087262;;
KUMIKO Księgarnia Internetowa;692440419;;
Kwiaciarnia BRYLANCIK Danuta Rogozińska;(65)5496164;;
Kwiaciarnia BRYLANCIK Danuta Rogozińska;604298771;;
Kwiaciarnia MARYLA Płudowska Maria;(76)8452881;;
Lanius-Books;883935340;;
Legalsupport Sp. z o.o.;(12)2984170;;
Legalsupport Sp. z o.o.;(12)3953427;;
Lektor24.pl;(81)5343940;;
Lektor24.pl;605231437;;
LEKTURKA - Księgarnia Beata Kowalińska;(71)3221685;;
LETRA Księgarnia Językowa;502385025;;
LETRA Księgarnia Językowa;(58)5510032;;
LIBRA Sp. z o.o. - Księgarnia Akademicka;(17)8621316wydawnictwo;;
LIBRA Sp. z o.o. - Księgarnia Akademicka;(17)8533530księgarnia;;
Lukar.NET Księgarnia Internetowa BookCity;(22)2411156;;
Lukar.NET Księgarnia Internetowa BookCity;(22)2411187;;
MAGRAM - Sklep Internetowy ANELIO;530300150;;
Maklero.pl-Księgarnia Ekonomiczna i Portal inwestorów;790370096;;
Maksyma Elżbieta Myrcha;(22)6593938;;
MANON;797150500;;
MANON;797150900;;
MATMAR-Księgarnia Budowlana;(77)4747879;;
MATMAR-Księgarnia Budowlana;602570924;;
Matras S.A.;(22)2043000;;
Matras S.A.;0801628727;;
Medicon - Polskie Księgarnie Specjalistyczne S.c.;(58)3462014;;
Medicon - Polskie Księgarnie Specjalistyczne S.c.;(58)3460706;;
MENEDŻER Sp. z o.o.;(61)8481018;;
MERIKOM Ośrodek Języków Obcych, Zespół Tłumaczy Przysięgłych;(91)8125525;;
MERIKOM Ośrodek Języków Obcych, Zespół Tłumaczy Przysięgłych;(91)8128275;;
Merlin.pl S.A.;(22)3219191;;
Merlin.pl S.A.;(22)3219192;;
miastoksiazek.pl Marek Stelmaszyk;668174406;;
MK Communications - Księgarnia Internetowa FABRYKA KSIĄŻKI;690024288;;
MORGANA Książki Dla Kobiet M.B. Płosińska;693613693;;
MOTOHELP Konrad Płachta;(48)6123444;;
Motoksiega.pl;(034)3720678;;
MPX;(22)8134614;;
MPX;600008466;;
Muza Marketing Sp. z o.o.;(22)6286360;;
Muza Marketing Sp. z o.o.;(22)6293201;;
MYKCYK;535109101;;
Na Plantach Księgarnia Edukacyjna;601665409;;
Na Plantach Księgarnia Edukacyjna;(62)7642745;;
NetPress Digital Sp. z o.o.;(32)7281548;;
Notabene Polska Sp. z o.o.;(022)8385613;;
Nuteusz;(22)3982283;;
Nuteusz;(22)3001557;;
Oficyna MM Wydawnictwo Prawnicze;(61)6536430;;
Onepress.pl Helion S.A.;(32)2309863;;
P.H. ARISA Joanna Franciszkowska;(52)3874686;;
P.H. ARISA Joanna Franciszkowska;507568984;;
P.H.U. DEDORS;(48)6672130;;
P.H.U. DEDORS;602172304;;
P.H.U. JANDA Andrzej Dięcioł;(24)2601160;;
P.H.U. JANDA Andrzej Dięcioł;601648913;;
P.H.U. Księgarz Sp.j. Księgarnia Alfabet;(18)4438057;;
P.H.U. STANDARD Daniel Nowak;(22)6314834Warszawa;;
P.H.U. STANDARD Daniel Nowak;(22)6317393;;
P.H.W. FENIX;(44)6348626;;
PATEFON.pl;512133555;;
PATEFON.pl;(61)2810666;;
Paulistki Księgarnia;(22)8287521;;
Pawłowski Mieczysław Sprzedaż Ksiażek;602682684;;
PAX Księgarnia - Sklep Papierniczy;(32)6421095;;
Pegaz Radomsko-Księgarnia Internetowa;(44)6832322;;
PH FAMA Tadeusz Heliś;(32)2871270;;
PH FAMA Tadeusz Heliś;(32)2845397;;
PH Skarbiec;607611374;;
PHU Białasik - Internetowa Księgarnia Szkolna IKSZ.pl;(61)2920039;;
PHU Białasik - Internetowa Księgarnia Szkolna IKSZ.pl;507192175;;
PHU ELPAT S.c.;(22)7813694;;
PHU Glob Books;(89)5345303;;
PHU Glob Books;(89)5338888;;
PHU HORYZONT;(52)3436842;;
PHU HORYZONT;509196891;;
PHU Templum Sklep Internetowy Średniowieczna.com;(32)4556147;;
PHU Templum Sklep Internetowy Średniowieczna.com;604910603;;
PHU Zeta Tadeusz Zawada;(32)7302207;;
PHU Zeta Tadeusz Zawada;(32)7302215;;
PICART INTERNATIONAL;(59)8443474;;
PIOMAR - Księgarnia Historyczna;(22)6521959;;
PIOMAR - Księgarnia Historyczna;602612251;;
Platon Sp. z o.o.;(22)6310815;;
Platon Sp. z o.o.;(22)3295000;;
PMN-Internetowa Księgarnia Katolicka Sanctus;(74)6649644;;
Podręczniki Nowe i Używane;696280296;;
POLANGLO Sp. z o.o.;(22)5351740;;
POLANGLO Sp. z o.o.;(22)5351746;;
POLNORM Sabina Wojtysiak - Księgarnia Techniczna i Sprzedaż Wydawnictw Normalizacyjnych;(32)2536464;;
POLNORM Sabina Wojtysiak - Księgarnia Techniczna i Sprzedaż Wydawnictw Normalizacyjnych;(32)7810680;;
Polski Dom Książki S.A.;(22)8871880;;
Polski Dom Książki S.A.;792536825;;
Polskie Księgarnie Specjalistyczne S.c.;(58)3414981;;
Polskie Księgarnie Specjalistyczne S.c.;(58)3404594;;
Poznańska Księgarnia Akademicka Anna Ziętek;(61)6652324;;
Poznańska Księgarnia Akademicka Anna Ziętek;(61)6282072;;
PRESS Import Wydawnictw Naukowych;(22)8750448;;
PRESS Import Wydawnictw Naukowych;(22)8253145;;
PRODOKS.pl;(12)4111452;;
PROFIL Cezary Wiciński - Księgarnia FAMA;664325753;;
PROFIT Sp.j. Sklep Internetowy ksiegarnia.IT;604234494;;
PROMETEUSZ;(42)2270992;;
PROMETEUSZ;504292694;;
Przedsiębiorstwa Hurtowo-Detalicznego Książnica Polska Sp. z o.o. Sklep Internetowy czytay.pl;506689996;;
Przedsiębiorstwo Handlowe CONRAD Jarosław Wójcik;(81)4441455;;
Przedsiębiorstwo Handlowe CONRAD Jarosław Wójcik;(81)4457500;;
Przedsiębiorstwo Handlowe KOROB;(42)2313901;;
Przedsiębiorstwo Handlowe Marek Kaszuba;(22)6496667;;
Przedsiębiorstwo Handlowe Marek Kaszuba;691538758;;
Przedsiębiorstwo Wielobranżowe BESAWA Sp. z o.o.;(85)7435516;;
Przedsiębiorstwo Wielobranżowe BESAWA Sp. z o.o.;601724296;;
PRZYRODNICZE.pl;609773794;;
PW AVA;510042315;;
PW AVA;(22)4237098w.25;;
PW PAKT Sp. z o.o.;(22)8714866;;
PW PAKT Sp. z o.o.;(22)7409070;;
RADOŚĆ ŻYCIA;(22)6765206;;
RADOŚĆ ŻYCIA;609382458;;
RAVELO Sp. z o.o.;(42)6804479;;
Reader`s Digest;(22)5197777;;
Reader`s Digest;(22)5197788;;
RedKey;(22)8330292;;
RedKey;601959118;;
REJTAN Sp. z o.o. Księgarnia Gazety Polskiej;(22)2900090;;
REMA Agencja Handlowa Anetta Kietlińska, Paweł Kietliński Sp.j.;(42)2920100;;
RMPOINT;668157825;;
ROOT-TRADE;(22)7726373;;
ROOT-TRADE;660517166;;
Sanctus Katarzyna Papiernik;501363003;;
SAPIENTIA Paweł Słabuszewski;885443676;;
SAWART;(22)8262378;;
SAWART;(22)8265690;;
SELKAR Michał Stypułkowski;(85)6526893;;
Sell-Net Mariusz Kabziński;801011067;;
Sell-Net Mariusz Kabziński;796467753;;
SENDSPORT - Księgarnia Kibica;(25)6820404;;
Seventh Sea Wydawnictwo Eduksiegarnia.pl;(22)6662002;;
Sfera Sp. z o.o.;(71)7830026;;
Silva Rerum Księgarnia Antykwariat;(42)6362812;;
SIMIA Michał Stopczyk;(42)6301888;;
SIMIA Michał Stopczyk;505442241;;
Sklep Internetowy Fabryka.pl;(22)4249227;;
Sklep Solenizant;605575509;;
Sklep Solenizant;601771785;;
Sklep z Kulturą;(22)4033605;;
Skup i Sprzedaż Podręczników Używanych Dom Handlowy ŁADA;(71)7312911;;
Skup i Sprzedaż Podręczników Używanych Dom Handlowy ŁADA;607601910;;
Stereo.pl S.A. Księgarnia MARENO.pl;(22)2058181;;
Studencka Księgarnia Językowa;(32)3640950;;
Studencka Księgarnia Językowa;501477409;;
STUDIO GRAFREK;507027067;;
Super Siódemka Lucjan Wypych Sp.j.;(61)6397924;;
Super Siódemka Lucjan Wypych Sp.j.;(61)6397690;;
SZARON;503792766;;
Śląska Księgarnia Kultury Fizycznej S.c. Błaza Małgorzata, Błaza Marcin;505943217;;
Śląska Księgarnia Kultury Fizycznej S.c. Błaza Małgorzata, Błaza Marcin;723500535;;
Świstak S.c.;691382313;;
Świstak S.c.;605544077;;
Tadzimir;(61)6772909;;
Tadzimir;793879130;;
TANIEPODRĘCZNIKI.PL K.Bożek Sp.j.;(22)8623820;;
TARABUK;(22)8270814;;
TeleKsięgarnia.pl Sp. z o.o.;(71)7193049;;
TESPIS PH Zbigniew Zieliński;(22)6684053;;
TESPIS PH Zbigniew Zieliński;668047653;;
the bookshop;533954417;;
TKV-Media;697072970;;
TMC Księgarnia Wysyłkowa;(12)4217649;;
TOBI Centrum Tanich Podręczników;(15)6421515;;
Tomir S.c.;(58)6766981;;
Tomir S.c.;(58)6604691;;
Towarzystwo im. Fryderyka Chopina;(22)8266549;;
Towarzystwo im. Fryderyka Chopina;(22)8283873;;
Tradebooks Sp. z o.o.;(71)7175245;;
Tradebooks Sp. z o.o.;(71)7336791;;
Tradebooks Sp. z o.o.;(71)7175245;;
Tradebooks Sp. z o.o.;(71)7336791;;
TRADEXIM Sławomir Marcinkowski - Księgarnia Lingwistyczna eCYRYLICA;503489924;;
Traffic Club S.A.;(22)6921600;;
Traffic Club S.A.;(22)6921602;;
TRIPLET Ośrodek Usług Edukacyjnych;519141425;;
TRIPLET Ośrodek Usług Edukacyjnych;(71)7986735;;
TROY Dystrybucja;(32)2589579;;
TROY Dystrybucja;(32)2031206;;
TwojaKsiążka.pl;(42)6821326;;
TwojaKsiążka.pl;801000799;;
U Karola Karol Kiełczewski;887241062;;
United Express Sp. z o.o. Polska Księgarnia Narodowa;(22)3390541;;
Usługi Handlowe Artur Maciejewski-Podręczniki;503029505;;
USŁUGI RYNKOWE Beata i Zbigniew Wośkowiak;(33)8513586-88;;
USŁUGI RYNKOWE Beata i Zbigniew Wośkowiak;(33)8513589;;
VOLUMEN księgarnia internetowa;608616426;;
VOLUMEN księgarnia internetowa;693269234;;
Weltbild Polska Sp. z o.o.;(22)5175000;;
Wirualny Sklep;(032)2706407;;
Wirualny Sklep;691772440;;
Wrocławska Księgarnia Archidiecezjalna;(71)3225368;;
Wrocławska Księgarnia Archidiecezjalna;(71)3227211;;
Wydawnictwo ALEKSANDRIA Tomasz Witkowski - Księgarnia Internetowa AUDIOBOOK;(32)7850220;;
Wydawnictwo DOBRA LITERATURA;668765822;;
Wydawnictwo DYWIZ;(22)6595717;;
Wydawnictwo DYWIZ;697062020;;
Wydawnictwo Edukacyjne Grażyna Koba;(12)2020498;;
Wydawnictwo Edukacyjne Grażyna Koba;692774727;;
Wydawnictwo i Drukarnia NOVA SANDEC S.c.;(18)5474545;;
Wydawnictwo i Drukarnia NOVA SANDEC S.c.;(18)4410288;;
Wydawnictwo i Hurtownia Rubikon;(12)3981842;;
Wydawnictwo i Hurtownia Rubikon;(12)3981843;;
Wydawnictwo KaBe Krosno S.c.;(013)4321652;;
Wydawnictwo Karakter S.c.;511630317;;
Wydawnictwo Księgarnia Akademicka Sp. z o.o.;(12)4221033;;
Wydawnictwo Księgarnia Akademicka Sp. z o.o.;(12)4312743;;
Wydawnictwo Naukowe SUB LUPA;(22)6540161;;
Wydawnictwo Naukowe SUB LUPA;603689808;;
Wydawnictwo PINLP;(22)8320104;;
Wydawnictwo VON BOROWIECKY;(22)6314393;;
Wydawnictwo VON BOROWIECKY;(22)3742770;;
Wydawnictwo Wiedza i Praktyka Sp. z o.o.;(22)5182929;;
Wydawnictwo Wiedza i Praktyka Sp. z o.o.;(22)6176010;;
WYGODNA KSIĘGARNIA Jakub Szlapański;(22)4651274;;
WYGODNA KSIĘGARNIA Jakub Szlapański;798839309;;
Wysylkowa.pl S.c.;(42)6745935;;
Wysylkowa.pl S.c.;(42)2093282;;
Wysyłkowa Ksiegarnia Techniczna AUTOINFO.waw.pl;(22)4098840;;
Wysyłkowa Ksiegarnia Techniczna AUTOINFO.waw.pl;(22)3579303;;
Wysyłkowy Dom Książki Sp. z o.o. - Księgarnia Mr. Book;(75)3030111;;
Wysyłkowy Dom Książki Sp. z o.o. - Księgarnia Mr. Book;884776991;;
X-Trade;506164101;;
XLM.pl;(22)8365445;;
XLM.pl;(22)8365444;;
Z.H.P.U. Dynamis Księgarnia Św. Jerzego;(85)6652444;;
Z.H.P.U. Dynamis Księgarnia Św. Jerzego;(85)6652407;;
Zakład Oprogramowania Komputerowego PROGMAR Księgarnia Internetowa www.ksiazki-medyczne.eu;601486654;;
Zakład Oprogramowania Komputerowego PROGMAR Księgarnia Internetowa www.ksiazki-medyczne.eu;663222345;;
Zielonogórska Ksiegarnia Akademicka;(68)3247046;;
ŹRÓDŁO i ŹRÓDEŁKO;(12)6565527;;
ŹRÓDŁO i ŹRÓDEŁKO;(12)6560011;;
Przystanek Sklep Hobbystyczny;790285088;;
1 A Tradovium Antykwariat;694132364;;
4K PHUP Sp. z o.o.;695933098;;
Agencja Reklamowo-Wydawnicza ILLUSTRIS Damian Halmer;507827426;;
Agencja Wydawnicza Jerzy Mostowski;(22)7203490;;
Agencja Wydawnicza Jerzy Mostowski;(22)7203599;;
Antykwariat i Księgarnia Tezeusz;(18)3313613;;
Antykwariat i Księgarnia Tezeusz;604331847;;
Antykwariat Internetowy MINERWA;519652145;;
Antykwariat MIT;(42)6310711;;
Antykwariat MIT;514113128;;
Antykwariat MUNERA;570970725;;
Antykwariat Podkarpacki;(13)4366598;;
Antykwariat Szkolny-Księgarnia z Podręcznikami MARMAG;604135100;;
Antykwariat Toruński;667663320;;
APLAUZ Centrum Edukacji;(91)4500364;;
APLAUZ Centrum Edukacji;(91)4232384;;
Ars Dewocjonalia;798488388;;
AUTYZM TERAZ;505808046;;
AVO Centrum Obsługi Podmiotów Edukacyjnych;(23)6727094;;
AVO Centrum Obsługi Podmiotów Edukacyjnych;(23)6728201;;
Baśniowa Kawiarenka;(42)6322121;;
Baśniowa Kawiarenka;601704299;;
BESTOM Dentonet.pl Sp. z o.o.;(42)6762827;;
BESTOM Dentonet.pl Sp. z o.o.;(42)6762825;;
Biblioteka Analiz Sp. z o.o.;(22)8283631;;
Biblioteka Analiz Sp. z o.o.;(22)8279350;;
BIBLOS Wydawnictwo Diecezji Tarnowskiej;(14)6212777;;
BIBLOS Wydawnictwo Diecezji Tarnowskiej;(14)6214404;;
BINGOedu-time Anna Wieczorek;(22)6622419;;
BINGOedu-time Anna Wieczorek;530802803;;
Biuro Turystyczne QUAND;(84)6658990;;
Biuro Turystyczne QUAND;(84)6642137;;
Centrala Handlu Zagranicznego ARS POLONA S.A.;(22)5098609;;
Centrala Handlu Zagranicznego ARS POLONA S.A.;(22)5098600;;
CKH Wydawnictwo;501089041;;
CKH Wydawnictwo;(94)3643303;;
D.B.S.N.P.D. Grażyna Kupińska - Dolnośląskie Biuro Sprzedaży Nowoczesnych Pomocy Dydaktycznych;(71)3373535;;
D.B.S.N.P.D. Grażyna Kupińska - Dolnośląskie Biuro Sprzedaży Nowoczesnych Pomocy Dydaktycznych;(71)3370089;;
Daniel Skotnicki;(22)4063145;;
Dom Wydawniczy OSTOJA Andrzej Siekierżycki;(12)2826301;;
Dom Wydawniczy OSTOJA Andrzej Siekierżycki;(12)2581481;;
Drukarnia i Księgarnia Św. Wojciecha Sp. z o.o.;(61)8523746;;
Drukarnia i Księgarnia Św. Wojciecha Sp. z o.o.;(61)8529186;;
DWA ŚLIMAKI S.c. Ewa Wybieralska, Grażyna Jarzombek;(61)8225031;;
DWA ŚLIMAKI S.c. Ewa Wybieralska, Grażyna Jarzombek;608041885;;
Dzieciuszek Joanna Borowska;(71)3151657;;
Dzieciuszek Joanna Borowska;501105219;;
E-inspiracje.pl S.c.;513915118;;
e-księgarnia i antykwariat PARALALA;606692520;;
e-księgarnia i antykwariat PARALALA;(56)6484085;;
EC BREC Instytut Energetyki Odnawialnej Sp. z o.o.;(22)8254652;;
EC BREC Instytut Energetyki Odnawialnej Sp. z o.o.;(22)8758678;;
EMAR Sp.j. Marek Rutkowski i Spółka;0801011168;;
EMAR Sp.j. Marek Rutkowski i Spółka;(85)6512404;;
EURO-GLOSSA Centrum Języków Obcych;606335131;;
EURO-GLOSSA Centrum Języków Obcych;(52)3977294;;
F.H. Milewscy;(58)7745636Księgarnia;;
F.H. Milewscy;(58)7745872Rowery;;
F.H.U. Napoleon V Dariusz Marszałek;602511192;;
FAMIGA;534998655;;
FAMIGA;668158912;;
FIRMA POPIEL Paweł Łukasz Popiel;603190513;;
FORNAX S.c. Sklep Internetowy Wysylkowo.pl;(42)6613500;;
Fundacja NADwyraz;(12)6860606;;
Fundacja NADwyraz;(12)6440588;;
GALAKTYKA Sp. z o.o.;(42)6395018;;
GALAKTYKA Sp. z o.o.;(42)6395017;;
Galeria Mito Sp. z o.o.;(22)6290815;;
Galeria Mito Sp. z o.o.;509464757;;
Gaudium Wydawnictwo Archidiecezji Lubelskiej;(81)4421909;;
Grupa INFORIS;(71)3070191;;
Grupa INFORIS;792248410;;
GWP.PL Sp. z o.o. Gdańskie Wydawnictwo Psychologiczne;(58)5511101;;
GWP.PL Sp. z o.o. Gdańskie Wydawnictwo Psychologiczne;(58)5516104;;
HIGH TIME Centrum Języków Obcych;505403020;;
HiPU BS Studio Graficzne - Sklep Internetowy KLIK24h.pl;722560925;;
HiPU BS Studio Graficzne - Sklep Internetowy KLIK24h.pl;503175031;;
Hokus-Pokus;(22)8950328;;
Infohelp;(48)6123134;;
Infohelp;695819669;;
Instytut Wydawniczy LATARNIK im. Zygmunta Kałużyńskiego;(22)6142834;;
International House Integra Opole;(77)4546655;;
International House Integra Opole;(77)4546309;;
Jawi Sp. z o.o.;(22)6368013;;
Jawi Sp. z o.o.;(22)8388507;;
KAGRA;(61)8423391;;
KARTPOL S.c. Leszek Grzechnik, Wioletta Kałamucka;(81)5272952;;
KawoKsięgarnia TAJEMNICA POLISZYNELA;(89)5195680;;
KredKafe;(22)6221561;;
KredKafe;502683246;;
Księgarnia Religijna NEPTUN i Dewocjonalia Jerzy Motyka;(74)8673187;;
Księgarnia Religijna NEPTUN i Dewocjonalia Jerzy Motyka;(74)8658455;;
Ludowa Spółdzielnia Wydawnicza;(22)6205424;;
Ludowa Spółdzielnia Wydawnicza;(22)6205718;;
MAC Edukacja S.A.;(041)3463636;;
MAC Edukacja S.A.;(041)3463103;;
MAX HOBBY;512059073;;
MAX HOBBY;(32)7409173;;
Meble.pl S.A.;(17)2838100;;
Meble.pl S.A.;(17)2838101;;
Między Słowami Księgarnia & Kawiarnia;508217014;;
Mimbla Magiczny Świat ZABAWEK;(22)6293065;;
NALANDA Księgarnia, Kawiarnia, Vegedajnia i Warsztatownia;508330079;;
OFICYNA IN PLUS;(91)4832734;;
OFICYNA IN PLUS;501081693;;
Oficyna Wydawnicza POLCEN Sp. z o.o.;(22)6222962;;
Oficyna Wydawnicza POLCEN Sp. z o.o.;605730696;;
Oficyna Wydawnicza REWASZ Spólka Jawna;(22)7983384;;
Oficyna Wydawnicza REWASZ Spólka Jawna;(22)3579784;;
Oficyna Wydawnicza VOCATIO;(22)6485450;;
Oficyna Wydawnicza VOCATIO;(22)6480378;;
Oskar Sp. z o.o.;(58)7105811;;
Ośrodek Informacyjny i Wydawnictwo MW;(22)7570294;;
Ośrodek Informacyjny i Wydawnictwo MW;602489649;;
P.H.U ASPOL;(41)2741212;;
P.H.U ASPOL;506500111;;
PHU CEZAR - Sklep Internetowy Multiteka.pl;505902515;;
PHU PARTNER - MariolaFruwa.pl;(12)6430410;;
PHU PARTNER - MariolaFruwa.pl;(12)6430411;;
Poltax S.c.;(22)6323838;;
Projekt Mama - Sklepoksięgarnia;607170773;;
Przedsiębiorstwo Wydawnicze ARS BONI ET AEQUI Michał Rozwadowski;(61)8688323;;
Przedsiębiorstwo Wydawnicze ARS BONI ET AEQUI Michał Rozwadowski;(61)8671827;;
Przedsiębiorstwo Wydawniczo-Księgarskie RES POLONA;(42)6371433;;
Przedsiębiorstwo Wydawniczo-Księgarskie RES POLONA;(42)2302560;;
R&R Inwestycje - Antykwariat Szkolny;500205637;;
R&R Inwestycje - Antykwariat Szkolny;508399443;;
RHYTMOS Wilgocki Jerzy, Loba-Wilgocka Urszula;(61)8257840;;
Rozmaitości;601203671;;
SKARBCZYK Sklep Internetowy;(61)2224901;;
SKARBCZYK Sklep Internetowy;696475482;;
SKLEP JAPOŃSKI w Muzeum MANGGHA Iwona Zielińska;(12)2672703;;
SKLEP JAPOŃSKI w Muzeum MANGGHA Iwona Zielińska;607455444;;
Sklep Modelarski-Księgarnia Hobbystyczna PHANTOM;(12)4294464;;
SoftBooks;(12)4174222;;
SPEAKEASY Księgarnio-Kawiarnia Kryminalna;510222333;;
Społeczne Stowarzyszenie Prasoznawcze STOPKA;(86)2164261;;
Społeczne Stowarzyszenie Prasoznawcze STOPKA;(86)2151151;;
Staufen Polska Doradztwo Akademia. Inwestycje Sp. z o.o.;(71)3561270;;
Staufen Polska Doradztwo Akademia. Inwestycje Sp. z o.o.;(71)3561275;;
STORYBOX. PL Heraclon International;(22)7501110;;
STORYBOX. PL Heraclon International;(22)7366127;;
Systemy Kontroli Jakości;(22)8245328;;
Systemy Kontroli Jakości;(22)6790692;;
ŚWIATY KULTURY;693463182;;
tCHu;(22)6359998;;
tCHu;609569651;;
Toruński Antykwariat Księgarski;607768375;;
Towarzystwo Autorów i Wydawców Prac Naukowych UNIVERSITAS;(12)4232605;;
Towarzystwo Autorów i Wydawców Prac Naukowych UNIVERSITAS;(12)4220208;;
UNI-DRUK Wydawnictwo i Drukarnia Dolata, Malchrowicz, Przymusinski Sp.j.;(61)8994949-52;;
UNI-DRUK Wydawnictwo i Drukarnia Dolata, Malchrowicz, Przymusinski Sp.j.;(61)8139331;;
VISART - Sklep DWA KOTY;(22)6178989;;
VM Media Sp. z o.o., VM Group Sp.komandytowa;(58)3209494;;
VM Media Sp. z o.o., VM Group Sp.komandytowa;(58)3209460;;
Wydawnictwo ARKADY Sp. z o.o.;(22)4448650;;
Wydawnictwo ARKADY Sp. z o.o.;(22)4448654;;
Wydawnictwo ARS MACHINA;608284182;;
Wydawnictwo AVALON Sp.j.;606750749;;
Wydawnictwo Betezda;668695963;;
Wydawnictwo BIS Sp. z o.o.;(22)8772705;;
Wydawnictwo BIS Sp. z o.o.;(22)8371084;;
Wydawnictwo BTC;(22)7673620;;
Wydawnictwo BTC;(22)7673633;;
Wydawnictwo Czelej Sp. z o.o.;(81)4469812;;
Wydawnictwo Czelej Sp. z o.o.;(81)4709304;;
Wydawnictwo David - sklepezo.abc24.pl Adam Ziółkowski;(95)7372410;;
Wydawnictwo David - sklepezo.abc24.pl Adam Ziółkowski;508923338;;
Wydawnictwo Diecezjalne i Drukarnia w Sandomierzu;(15)6440400;;
Wydawnictwo Diecezjalne i Drukarnia w Sandomierzu;(15)8327787;;
Wydawnictwo Dla szkoły;(33)8166308;;
Wydawnictwo Dla szkoły;603070354;;
Wydawnictwo EDITION 2000;(12)6351500;;
Wydawnictwo EDITION 2000;601521315;;
Wydawnictwo EneDueRabe S.c.;(58)3223859;;
Wydawnictwo EneDueRabe S.c.;502749977;;
Wydawnictwo eSPe boskieksiążki.pl;(12)4131921;;
Wydawnictwo eSPe boskieksiążki.pl;(12)4131921w.104;;
Wydawnictwo EUTERPE;(12)2668651;;
Wydawnictwo Franciszkanów Bratni Zew;(012)4283240;;
Wydawnictwo Franciszkanów Bratni Zew;(012)4283241;;
Wydawnictwo Help-Med S.c.;(12)2703161;;
Wydawnictwo Help-Med S.c.;(12)2703165;;
Wydawnictwo i Księgarnia AKURACIK;(22)4582686;;
Wydawnictwo i Księgarnia AKURACIK;692421494;;
Wydawnictwo i Księgarnia EkoPress;(85)7421113;;
Wydawnictwo i Księgarnia EkoPress;(85)7460497;;
Wydawnictwo i Księgarnia Internetowa ARMORYKA;(15)8332141;;
Wydawnictwo i Księgarnia Internetowa ARMORYKA;601967177;;
Wydawnictwo i Księgarnia Internetowa ASPEKT;(32)2635593;;
Wydawnictwo i Księgarnia Internetowa ASPEKT;513099292;;
Wydawnictwo JASNE Andrzej Chludziński;(58)3017257;;
Wydawnictwo JASNE Andrzej Chludziński;606443928;;
Wydawnictwo KOREPETYTOR;(24)2685315;;
Wydawnictwo Literatura;(42)6302517;;
Wydawnictwo Literatura;(42)6302381;;
Wydawnictwo M Sp. z o.o.;(12)4312550;;
Wydawnictwo M Sp. z o.o.;(12)4312575;;
Wydawnictwo Marek Derewiecki;(33)8454149;;
Wydawnictwo Marek Derewiecki;603931607;;
Wydawnictwo MEDIUM Sp. z o.o.;(22)7546216;;
Wydawnictwo MEDIUM Sp. z o.o.;600315463;;
Wydawnictwo Poligrafia AD REM;(75)7522215;;
Wydawnictwo Poligrafia AD REM;(75)7526210;;
Wydawnictwo Polskiej Prowincji Dominikanów W DRODZE Sp. z o.o.;(61)8504713;;
Wydawnictwo Polskiej Prowincji Dominikanów W DRODZE Sp. z o.o.;(61)8523962;;
Wydawnictwo Prawnicze LexisNexis Polska Sp. z o.o.;(22)5729577;;
Wydawnictwo Prawnicze LexisNexis Polska Sp. z o.o.;(22)5729514;;
Wydawnictwo REGION;(58)6295947w.22;;
Wydawnictwo REGION;586295947w.25;;
Wydawnictwo Serafin;(12)6238058;;
Wydawnictwo Sic! S.c.;(22)8400753;;
Wydawnictwo ŚWIAT BAŚNI Księgarnia Internetowa WELL-COM Kamil Paszkiewicz;509689120;;
Wydawnictwo Te Deum Sp. z o.o.;(22)6152860;;
Wydawnictwo Uniwersytetu Marii Curie-Skłodowskiej;(81)5375304;;
Wydawnictwo Uniwersytetu Marii Curie-Skłodowskiej;(81)5375302;;
Wydawnictwo WAM;(12)6293200;;
Wydawnictwo WAM;(12)4295003;;
Wydawnictwo WITANET;601356675;;
Wydawnictwo ZAKAMARKI Sp. z o.o.;(61)8534141;;
Wydawnictwo ZAKAMARKI Sp. z o.o.;501216549;;
ZamKor spółka z ograniczoną odpowiedzialnością Spółka komandytowo-akcyjna;(12)6232500;;
ZamKor spółka z ograniczoną odpowiedzialnością Spółka komandytowo-akcyjna;(12)6232524;;
