ANTYKI skup sprzedaż komis Marta Laskowska;(58)5551464;;
ANTYKI skup sprzedaż komis Marta Laskowska;602375241;;
Akant Renowacja Mebli i Stolarki Budowlanej;(71)3443783;;
Akant Renowacja Mebli i Stolarki Budowlanej;(71)3448836;;
ANTIKSAWA Sawa Sawaszkiewicz;512352331;;
ANTIKSAWA Sawa Sawaszkiewicz;505098426;;
ArtSakr;(24)2771322;;
ArtSakr;(24)2775494;;
Decoris Recreo;506511326;;
Felipe Aranżacje Sławomir Jahns;504202345;;
Firma Roka;(56)6635402;;
Firma Roka;509725538;;
Galeria Dynasy;606200668;;
Konserwacja Obrazów i Dzieł Sztuki Grażyna Hattowska;889591156;;
Renowacja Mebli Antycznych Robert Kudełko;(12)2852185;;
Renowacja Mebli Antycznych Robert Kudełko;609515588;;
Zakład Renowacji Antyków i Stolarstwa Artystycznego Retro-Paweł Dereń;502462163;;
Zakład Renowacji Antyków i Stolarstwa Artystycznego Retro-Paweł Dereń;(77)4356533;;
GEM-ART Aukcje Sp. z o.o.;(61)8518810;;
GEM-ART Aukcje Sp. z o.o.;727590500;;
NAUTILUS Galeria i Dom Aukcyjny Sp. z o.o. Sp.komandytowa;(12)4229160;;
NAUTILUS Galeria i Dom Aukcyjny Sp. z o.o. Sp.komandytowa;(12)4329440;;
Usługi Grawerskie Jacek Preiss;(91)5732723;;
Usługi Grawerskie Jacek Preiss;600677551;;
Antique&Art;(22)8284545;;
Antyki Kozłowski;600236362;;
AR Projekt Pracownia Witraży i Szkła Artystycznego;725007247;;
AR Projekt Pracownia Witraży i Szkła Artystycznego;(58)5548724;;
ARGENTUM Renowacje;(24)2771832;;
ARGENTUM Renowacje;(24)2772943-45;;
ARMA - CCS Silesia sp. z o.o.;(32)2824866;;
ART STYL Jerzy Tomkowiak;508171699;;
ART STYL Jerzy Tomkowiak;512225101;;
FHUP New Art;(32)6776916;;
FHUP New Art;503790811;;
FORM STUDIO Pracownia Rzeźbiarska Marek Stankiewicz;602112166;;
FORM STUDIO Pracownia Rzeźbiarska Marek Stankiewicz;(12)3935383;;
Galeria Edyty Wittchen;601991991;;
Galeria Edyty Wittchen;601886886;;
Galeria Sztuki Współczesnej BWA;(32)2599040;;
Galeria Sztuki Współczesnej BWA;(32)2599324;;
Konserwacja Dzieł Sztuki;600896308;;
Krakowski Gabinet Numizmatyczny Piotr Skawiński, Andrzej Fischer Sklep Numizmatyczny, Skup Sprzedaż i Wycena;(12)4219788;;
Krakowski Gabinet Numizmatyczny Piotr Skawiński, Andrzej Fischer Sklep Numizmatyczny, Skup Sprzedaż i Wycena;609674606;;
Muzeum im. Jerzego Dunin-Borkowskiego;(24)2523347;;
Muzeum im. Jerzego Dunin-Borkowskiego;(24)2524496;;
PHU Tapicerstwo;(46)8339076;;
PHU Tapicerstwo;509934534;;
PIMAX Introligatornia Artystyczna;(94)3416983;;
PIMAX Introligatornia Artystyczna;509177782;;
Pracownia Architektury Wnętrz i Mebli Barbara Siwczyńska;601546654;;
Pracownie Konserwacji Dzieł Sztuki S.c. K.Białkiewicz, K.Dzienniak;(32)2632991;;
Pracownie Konserwacji Dzieł Sztuki S.c. K.Białkiewicz, K.Dzienniak;609181058;;
ANTIQUE BEAUTY;600644555;;
Antyki, Meble z Holandii i Belgii;661850526;;
Galeria Srebra i Światła R&R;730600553;;
Galeria Srebra i Światła R&R;(42)2073472;;
MALARSTWO Sylwia Cybulska-Wilkoń;506838770;;
Odessa Meble;513610310;;
AB Antyki i Sztuka;(52)3461133;;
AB Antyki i Sztuka;(52)3485229;;
AKON Galeria Antyków;(22)6352080;;
AKON Galeria Antyków;508136468;;
ALICJA Alicja Śmiarowska;601611076;;
ALICJA Alicja Śmiarowska;(58)5731600;;
An24is;(22)4733728;;
ANTIK;605060662;;
Antik Mobel Kała Zbigniew Kała;(34)3524377;;
Antik Mobel Kała Zbigniew Kała;602616370;;
ANTIK-BAZAR Meble Antyczne Stanisław Wojtachnio;(22)6224070;;
ANTIK-BAZAR Meble Antyczne Stanisław Wojtachnio;601237827;;
ANTIQUES;(32)2814653;;
ANTIQUES;602270277;;
ANTIQUES A& B Matłosz;508153223;;
Antiques Galeria Antyki;(91)4336009;;
Antiques Handel Dziełami Sztuki;(61)8532875;;
Antiques&Art Jan Leszczyłowski;(058)5517855;;
Antiquo;795400097;;
Antoni Zapała Renowacja mebli i antyków;(41)3622362;;
Antoni Zapała Renowacja mebli i antyków;515848779;;
Antyczne Klimaty;(89)5276105;;
Antyczne Klimaty;607611000;;
ANTYCZNY SALONIK;609362331;;
ANTYCZNY SALONIK;(62)7366844;;
ANTYK Andrzej Malewicki;(85)7433844;;
ANTYK Andrzej Malewicki;602308065;;
ANTYK DECO;(77)4420200;;
Antyk Mebel Przemysław Ćwiek;(68)3554723;;
Antyk Mebel Przemysław Ćwiek;698658037;;
Antyk-Styl Jan Kaczmarek;606812658;;
Antyki;(32)2493203;;
Antyki;502670037;;
ANTYKI;(42)6406960;;
ANTYKI - Kopalnia Marzeń S.c.;(22)6797728;;
ANTYKI - Kopalnia Marzeń S.c.;607606400;;
ANTYKI - Renowacja Mebli Władysław Pleśniak;(75)7646051;;
ANTYKI - Renowacja Mebli Władysław Pleśniak;692426572;;
Antyki - Starocie - Porcelana ANTIKS;663855567;;
Antyki & Retro Zegarmistrz Krystian Macegoniuk;607590081;;
ANTYKI + Cięcie ploterem CNC;(32)4470929;;
ANTYKI + Cięcie ploterem CNC;500088085;;
Antyki Angielskie;601356265;;
Antyki AR;(71)3410297;;
ANTYKI ARLO;(22)6200872;;
ANTYKI ARLO;601379535;;
Antyki Bolesław Duraj;504078966;;
Antyki d`Raculi;(68)3275214;;
Antyki d`Raculi;(68)3275127;;
Antyki Dąbrowa Górnicza Sp.komandytowa;(32)2624788;;
Antyki Dąbrowa Górnicza Sp.komandytowa;501411605;;
Antyki GABI;668423304;;
Antyki GABI;601769829;;
Antyki GALERIA Stanisław Łojniewski;604377610;;
ANTYKI Galeria-Pracownia;(22)8397174;;
ANTYKI Galeria-Pracownia;606607449;;
ANTYKI Gniezno Jerzy Kaźmierczak;(61)4258202;;
ANTYKI Gniezno Jerzy Kaźmierczak;602799723;;
Antyki Gostyń Wielkopolski;(65)5722417;;
Antyki Gostyń Wielkopolski;695201517;;
Antyki Halka;694725209;;
Antyki Hermes Maria Cichowska;668183679;;
Antyki Home Decor Katarzyna Sosenko;(12)4232246;;
ANTYKI I DZIEŁA SZTUKI Grażyna Niezgoda;(16)6785479;;
Antyki i Militaria;(12)4212802;;
ANTYKI i STAROCIE;602342769;;
Antyki Jacek Przymęcki;602641779;;
ANTYKI Jan Komecki;(91)4850345;;
ANTYKI Jan Komecki;604513610;;
Antyki Koneser;(32)2454683;;
Antyki Kupno Sprzedaż Art-Retro Andrzej Godecki;(042)6748546;;
Antyki Kupno Sprzedaż Art-Retro Andrzej Godecki;695296668;;
Antyki L.S. Sijka;(52)3988833;;
Antyki L.S. Sijka;602186938;;
ANTYKI Marta Łozowska, Anna Ramm;(85)7447851;;
Antyki Niemcza;503137620;;
ANTYKI POD WIEŻĄ;663897054;;
ANTYKI POD WIEŻĄ;602450071;;
Antyki Przy Świętojańskiej;(52)3225858;;
Antyki Renowacja i Sprzedaż;(22)6119833;;
Antyki Renowacja i Sprzedaż;(22)6119852;;
Antyki Renowacja Mebli Zabytkowych Marian Ulfik;(34)3576258;;
Antyki Renowacja Mebli Zabytkowych Marian Ulfik;509308977;;
Antyki Retro Design;514515221;;
ANTYKI RZESZÓW;882467550;;
ANTYKI S.c.;606171056;;
ANTYKI S.c.;604261063;;
Antyki S.c.;(16)6786665;;
Antyki S.c.;501245275;;
ANTYKI SOPOT;(58)3418968;;
ANTYKI SOPOT;506074711;;
Antyki Sprzedaż Renowacja KUCHARCZYK;(12)4231149;;
Antyki Sprzedaż Renowacja KUCHARCZYK;606227068;;
Antyki Wiedeńskie;502402534;;
Antyki Żywiec;(33)8620293;;
Antyki Żywiec;604810056;;
ANTYKI-OKAZJA Danuta Sucherska-Błachowiak, Wojciech Błachowiak;(61)4372858-59;;
ANTYKI-OKAZJA Danuta Sucherska-Błachowiak, Wojciech Błachowiak;604827110;;
Antyki-Renowacja Wojciech Dańda;888953450;;
ANTYKI-REPLIKI;609180912;;
ANTYKI-REPLIKI;609823323;;
ANTYKI24;(55)2777994;;
ANTYKS Andrzej Sobieszek;(95)7205285;;
ANTYKS Andrzej Sobieszek;(95)7263125;;
ANTYKWARIAT 3grosze;501670416;;
ANTYKWARIAT 3grosze;(43)8432837;;
Antykwariat Antyczek;(71)3169194;;
Antykwariat MEBLERETRO Marcin Dereń;(77)4333028wew.306;;
Antykwariat MEBLERETRO Marcin Dereń;502462162;;
ANTYKWARIUM;789817776;;
Antykwarownia Zbytki i Zabytki;602527288;;
Arbitel Art;606234262;;
Art Arms Antik;(42)2111532;;
Art Arms Antik;504355042;;
ART GRECO;(58)5560870;;
ART GRECO;603573422;;
Art Office;(22)6630842;;
Art Office;602344849;;
ART SERVICE;(42)2091093;;
ART SERVICE;601222048;;
ART-DECO Piotr Klucznik;(76)8181901;;
ART-DECO Piotr Klucznik;604175013;;
ART-K;609838828;;
ArtBohema;509243652;;
ARTCONS DELIMAT;601991176;;
ARTCONS DELIMAT;(71)3526609;;
Artet Małgorzata Dudkowiak;(71)3254031;;
Artet Małgorzata Dudkowiak;601729300;;
ARTIFICIUM;(17)8620195;;
ARTIGA Włodzimierz Kujawski;512484612;;
ArtNet Małgorzata Kraszewska;(89)6463093;;
ArtNet Małgorzata Kraszewska;660755420;;
ARTU - Pracownia Wnętrz;694737519;;
ARTU - Pracownia Wnętrz;694757960;;
Artystyczna Pracownia Rzeźbiarsko-Malarska Artemis;(41)3784704;;
Atelier EMERALD;500106158;;
ATELIER WOŹNIAK;(32)2068564;;
ATELIER WOŹNIAK;604889230;;
AUTO-DREWNO Sebastian Skapczyk;602195404;;
B&A Madejski;(81)7437525;;
Bałtycka Galeria Sztuki Wspolczesnej;(59)8425674;;
Barok Styl Tomasz Zając;516814555;;
BROCANTE na Mazurach Andrzej Wezdecki;(87)4232606;;
BROCANTE na Mazurach Andrzej Wezdecki;606126140;;
Brocante Skup i Sprzedaż Antyków;513675929;;
CnC-Art;500511437;;
CnC-Art;502485183;;
COBRA Bartosz Wołodzko;604249649;;
COBRA Bartosz Wołodzko;604512467;;
CONNAISSEUR Salon Antykwaryczny, Galeria;(12)4210234;;
CONNAISSEUR Salon Antykwaryczny, Galeria;503517171;;
CROWN;(89)7587197;;
CROWN;696065174;;
Czacz w Poznaniu;514818412;;
Czas Antyków;896766064;;
Czesław Klasik Renowacja Antyków;502265523;;
Czesław Klasik Renowacja Antyków;(32)2443069;;
Decostyl Journal;512182213;;
Density;693527333;;
DESA Dzieła Sztuki i Antyki Sp. z o.o.;(32)2537045;;
DESA Dzieła Sztuki i Antyki Sp. z o.o.;(32)2539922;;
DESA Dzieła Sztuki i Antyki Sp. z o.o.;(12)4310375;;
DESA Dzieła Sztuki i Antyki Sp. z o.o.;(12)4222706;;
DESA Sp. z o.o.;(32)2539470;;
DWOREK Pracownia Renowacji Mebli i Konserwacji Zegarów Piotr Łukasiński;(44)7813192;;
DWOREK Pracownia Renowacji Mebli i Konserwacji Zegarów Piotr Łukasiński;608535152;;
E-ANTYKI.com;(22)8262486;;
E-ANTYKI.com;505254755;;
E-POKA Renowacja Mebli Zabytkowych;(61)8133350;;
E-POKA Renowacja Mebli Zabytkowych;602783992;;
ECOM-Antyki;(91)4645566;;
ECOM-Antyki;(91)4313715;;
Efekt-Art;605037230;;
EKSPERT Teresa Maria Lisek;692303158;;
ELART;501640309;;
ELART;512334734;;
EPOKA Antyki-Starocie;(77)4667034;;
EPOKA Antyki-Starocie;608020280;;
Eurokomis;(12)2964505;;
Eurokomis;(12)2964506;;
Ewelina Dziubińska-Rusek Konserwacja Dzieł Sztuki;(12)2661081;;
Ewelina Dziubińska-Rusek Konserwacja Dzieł Sztuki;608068940;;
F.H. ADAM;(14)6220246;;
F.H. MEBLOSTYL W.Drzewicki, M.Szczepański;(17)2426137;;
F.H. MEBLOSTYL W.Drzewicki, M.Szczepański;(17)2425201;;
F.H.P.U. Antyk-Styl Zbigniew Chodnik;605211470;;
F.H.U Jakub Piętka;(32)7487531;;
F.H.U Jakub Piętka;512800363;;
F.H.U. Jantyk;(58)5723589;;
F.H.U. Jantyk;602671302;;
F.H.U. Krzyś;(17)2241372;;
F.H.U. Krzyś;692117817;;
F.H.U. SKRZAT;661069988;;
F.U.H. AS MEBLE Andrzej Sroka;(12)4306025;;
F.U.H. AS MEBLE Andrzej Sroka;605440091;;
Firma Antik Grek Piotr Bokuniewicz;504674886;;
Firma Marek Drobot - Sklep Internetowy ANTYKIANNY;500555510;;
Francuski Salonik;506219581;;
Galeria - Antyki - Wnętrza mgr Patrycja Gwoździewicz;501402301;;
Galeria - Antyki - Wnętrza mgr Patrycja Gwoździewicz;(32)6741582;;
GALERIA ANTICO;505487155;;
Galeria ANTYK;(58)3463182;;
Galeria ANTYK;(58)3032060;;
Galeria Antyki;(81)5257103;;
Galeria Antyki;601950788;;
GALERIA ANTYKI;(85)7404481;;
GALERIA ANTYKI;501046001;;
Galeria Antyków;(42)6330423;;
Galeria Antyków MIASTO SZTUKI;500183023;;
Galeria Antyków MIASTO SZTUKI;503191281;;
Galeria Art Rytel Mariusz Rytel;(22)6221059;;
GALERIA ART&CO;(22)6522391;;
Galeria DONNA;(42)6500594;;
Galeria DONNA;502761622;;
Galeria Glorious Antiques Sp. z o.o.;(22)7567250;;
Galeria Handlowa PATRIA;(33)8221421;;
Galeria Handlowa PATRIA;664737237;;
Galeria KONKRET;(32)2538160;;
Galeria KONKRET;601406080;;
Galeria Nostalgia;601207830;;
Galeria Pasja;(12)4291096;;
Galeria Pasja;509217117;;
Galeria Piwnica;(42)6304040;;
Galeria Porcelana-Antyki;609512612;;
Galeria Retro Gromix;660775277;;
GALERIA ROSSAR;539007564;;
Galeria STAROCIE ANTYKI;505361576;;
Galeria STARY ŚWIAT;(54)4121500;;
GALERIA STUDZIENNA;(77)4005290;;
Galeria Sztuki SECESJA Krzysztof Chmielecki;(42)6309966;;
Galeria Sztuki STARA PRAGA Filip Stanowski;(22)6194087;;
Galeria Sztuki STARA PRAGA Filip Stanowski;601214564;;
Galeria Sztuki Współczesnej KERSTEN;(12)4240849;;
Galeria Wnętrz Stylowych MARGIELA;519154644;;
Galeria Żak;(22)6423063;;
Galeria Żak;601535056;;
Gallery Store Sp. z o.o.;602600231;;
Gdański Salon Sztuki Dawnej;(58)3015121;;
Gdański Salon Sztuki Dawnej;607710163;;
GRECH RENOWACJE;503315631;;
Histor-Pol;603799988;;
IMAGICA Michał Godlewski;(22)8429123;;
IMAGICA Michał Godlewski;501269028;;
Interial24;601852272;;
Internetowa Galeria Sztuki GaleriaPegaz.pl;796707899;;
ITB Vega;507961146;;
KARABELA Antyki;(32)2589883;;
KARABELA Antyki;600393850;;
Klasyk;660764075;;
KNOR Sp. z o.o.;(32)3004079;;
KNOR Sp. z o.o.;(32)3004078;;
Komis meblowy, antyki.;226119833;;
Komis meblowy, antyki.;226119852;;
Komis Wielobranżowy-Firma Handlowa Łodzińscy Nieruchomości Sp. z o.o.;(12)6562233;;
KONKRET;513087583;;
KONKRET;513087582;;
KREFT;(55)2757513;;
KREFT;601652970;;
KS Trade Sp. z o.o. Klinika Antyków;(77)4217496;;
KS Trade Sp. z o.o. Klinika Antyków;515606766;;
LACH GALLERY;600387857;;
LAOSTIC Jacek Dziekoński;663708437;;
LAPIDARIUM Jacek Kiliński;(22)6356828;;
LAPIDARIUM Jacek Kiliński;509601894;;
LudwikStyle Salon;503137620;;
MAGNOLIA Produkcja i Renowacja Mebli Antycznych;(68)3634716;;
MAGNOLIA Produkcja i Renowacja Mebli Antycznych;(68)3634714;;
Malarstwo, Rzeźba, Rysunek Tomasz Morek;(058)6725918;;
Malarstwo, Rzeźba, Rysunek Tomasz Morek;508723266;;
Malowane Meble Tomasz Hiniewicz;506074276;;
Marblit Iwona Jędrasiak;(71)3418184;;
Marblit Iwona Jędrasiak;508890044;;
Markiz Antyki;512478555;;
MB Artconsult - Maria Banach;606744884;;
MB Artconsult - Maria Banach;(22)7228311;;
MEBELTOM;601359144;;
Meble Abra Styl;(71)3101070;;
Meble Abra Styl;602283108;;
MEBLE NICOL;(32)3273664;;
Meble Stylowe i Holenderskie;(74)8554123;;
Meble Stylowe i Holenderskie;502472307;;
MEIER Pracownia Renowacji Mebli Stylowych;(74)8196101;;
Moja Galeria - Antyki i Meble Używane Krzysztof Tomczak;601877732;;
Moja Galeria - Antyki i Meble Używane Krzysztof Tomczak;668686630;;
Naprawa i Renowacja Antyków Skup i Sprzedaż Kazimierz Bukartyk;(33)8531765;;
Naprawa i Renowacja Antyków Skup i Sprzedaż Kazimierz Bukartyk;501258122;;
Nasze Antyki S.c.;(32)7710141;;
Nasze Antyki S.c.;(32)7280313;;
Old Time;(12)2881177;;
OVO Meble Stylowe;(22)3197539;;
OVO Meble Stylowe;666029060;;
P.H. ORIENT;(71)3112326;;
P.H. ORIENT;601670587;;
P.M. SCHIFFERS Dzieła Sztuki i Antyki;693562292;;
P.U.H. WEEKEND mgr inż.Tadeusz Martin;501019060;;
P.U.H. WEEKEND mgr inż.Tadeusz Martin;512330485;;
PHU ANTYKRENOWACJA Jerzy Sułek;602317623;;
Poli Imager Wojciech Odsterczyl;602153958;;
Polski Rejestr Dzieł Sztuki;(42)6304779;;
Pozłotnictwo i Oprawa Obrazów Marek Kowalski;(22)6700755;;
PPHU HANEX Hanna Zielińska;601726170;;
Pracownia - Starerzeczy.com.pl;503767262;;
Pracownia ANTYK;(77)4662795;;
Pracownia ANTYK;510050797;;
Pracownia artA;531150120;;
Pracownia Artystyczna Art4You;535533525;;
Pracownia Brązownicza Wanda Pyciak;(12)4212305;;
Pracownia Konserwacji Mebli Dawnych Campanula;511244484;;
Pracownia Konserwatorska ART-RENO;(32)2784539;;
Pracownia Konserwatorska ART-RENO;(32)2784540;;
Pracownia Malarstwa Artystycznego Jerzy i Maria Wilk;(22)7291690;;
Pracownia Malarstwa Artystycznego Jerzy i Maria Wilk;606987568;;
Pracownia Meblarstwa Artystycznego;696255090;;
Pracownia Mebli Artystycznych antykArt;(12)6562169;;
Pracownia Mebli Artystycznych antykArt;608328360;;
PRACOWNIA MEBLI ZABYTKOWYCH Stanisław i Teresa Czepiec;(12)2808518;;
PRACOWNIA MEBLI ZABYTKOWYCH Stanisław i Teresa Czepiec;(12)4297398;;
Pracownia Renowacji Artystycznych Wyrobów z Drewna Krzysztof Chilimoniuk;(81)5345927;;
Pracownia Renowacji Artystycznych Wyrobów z Drewna Krzysztof Chilimoniuk;501223238;;
Pracownia Renowacji Mebli;505892950;;
Pracownia Renowacji Mebli ANTYKI;662128965;;
Pracownia Renowacji Mebli Stylowych i Antyków GREGORIUS Beda Szymon;664642255;;
Pracownia Renowacji Mebli Stylowych Twoje-Antyki;668981103;;
Pracownia Renowacji Mebli Stylowych Twoje-Antyki;608340451;;
Pracownia Rzeźby RETRO Anna Chojnacka;(55)6478540;;
Pracownia Rzeźby RETRO Anna Chojnacka;781070507;;
Pracownie Konserwatorskie DART S.c.;(58)3495454;;
Pracownie Konserwatorskie DART S.c.;(58)3403856;;
Przedsiębiorstwo Produkcyjno-Handlowo-Usługowe PARENS;(42)6110137;;
Przedsiębiorstwo Produkcyjno-Handlowo-Usługowe PARENS;601207830;;
RENO Sp. z o.o.;728958561;;
Reno-Art Janusz Przeradzki;(91)4847940;;
Reno-Art Janusz Przeradzki;(91)4820860;;
RENO-STYL;(22)8392466;;
RENO-STYL;605332610;;
RENOANT Ariel Wrześniewski;661166335;;
Renowacja Art;600587670;;
Renowacja Art;518508046;;
RENOWACJA MEBLI;502026141;;
Renowacja Mebli - Antyki Władysław Popiel;609034862;;
Renowacja Mebli Krzysztof Miśkiewicz;607271968;;
Renowacja Mebli w Sanoku;(13)4641532;;
Renowacja Mebli w Sanoku;664093256;;
Retro Styl;607895885;;
Retro Styl;606858899;;
RETRO-BIS Antyki, Meble Dawne Józef Szmurło;602717353;;
Salon Antyków i Galeria AKA;(12)2676263;;
Salon Antyków i Galeria AKA;502722250;;
Salon Antyków KOLEKCJONER S.c.;(18)4441676;;
Salon Antyków KOLEKCJONER S.c.;693686692;;
Salon Dzieł Sztuki;(12)4219872;;
Salon nr 2 Desa-Dzieła Sztuki i Antyki Sp. z o.o.;(12)4218987;;
Salon Sztuki ANTYKI;(71)3443415;;
Salon Sztuki ANTYKI;602277767;;
SALONIK ANTYCZNY Renowacja i Konserwacja Mebli Antycznych;693881644;;
SALONIK ANTYCZNY Renowacja i Konserwacja Mebli Antycznych;660785230;;
SALONIK Ziemowit Pierzynowski;513212331;;
SALONIK Ziemowit Pierzynowski;511407024;;
Serwantka Antyki Starocie;694844997;;
SILESIA ART Sp. z o.o.;508355125;;
Sklep Meblowy Barbara Małecka;(52)3754640;;
Sklep Meblowy Barbara Małecka;604965393;;
Sklep z Antykami ANTYKIART;(22)4655534;;
Sklep z Antykami ANTYKIART;502256832;;
Sklep z ANTYKAMI LAMUS;(12)6326293;;
Sklep z Marzeniami;668145101;;
Stary Styl;(48)3642552;;
Stowarzyszenie Pracowni Autorskich Afix;(91)4835947;;
Studio 27;(22)7567920;;
TOCADA Sprzedaż Mebli Antycznych i Porcelany;724993906;;
TUTAM S.c.;602297488;;
Usługi Stolarskie Artur Leśny;693449666;;
Usługi Stolarskie Artur Leśny;601747177;;
VENTZI ART GALLERY;501632092;;
VINTAGE antyki i renowacja;509758288;;
VINTAGE antyki i renowacja;509758277;;
Warszawskie Targi Antyków;(22)7215522;;
Warszawskie Targi Antyków;601436161;;
WERANDA S.c.;(58)6630822;;
WERANDA S.c.;(58)7174207;;
Wersalia;602238545;;
Wizja i Styl;603590056;;
Wizja i Styl;(32)2034255;;
Wyroby Artystyczne im. Andrzeja Stępkowskiego Iwona Stępkowska;(22)7248186;;
Z.U.P. Renesans;601297688;;
Z.U.P. Renesans;601307994;;
ZADURA.PL Marek Sergiusz Zadura;888882889;;
Zamek Królewski na Wawelu Państwowe Zbiory Sztuki;(12)4225155;;
Złota Rączka;(22)7892630;;
Złota Rączka;503658797;;
Bohema Design Stylowe Meble i Antyki;795805008;;
Bohema Design Stylowe Meble i Antyki;507392548;;
Pracownia Brocart Introligatorstwo-Renowacja Mebli;782616109;;
Pracownia Brocart Introligatorstwo-Renowacja Mebli;723099992;;
Prime Art - internetowa galeria obrazów i sztuki;507588341;;
Prime Art - internetowa galeria obrazów i sztuki;(42)2039464;;
ADAMIK Producent Mebli Stylowych i Artykułów Dekoracyjnych;(12)6455813;;
ADAMIK Producent Mebli Stylowych i Artykułów Dekoracyjnych;505363232;;
Ajdukiewicz Przemysław;(18)4419372;;
Ajdukiewicz Przemysław;600337782;;
AK Design;(32)4511912;;
AK Design;609581445;;
AKANT Ukleja-Nonas;(71)3448836;;
AKKART Anita Kuchta-Kurasińska;787896547;;
AKKART Anita Kuchta-Kurasińska;886489776;;
ALT-MEBEL Producent Mebli Antycznych;(32)2141488;;
ALT-MEBEL Producent Mebli Antycznych;502302170;;
ANNPOL;606730622;;
ANTART Galeria Obrazów;798974345;;
Antique Rafał Suchowiecki;(32)3824234;;
ANTIQUES DOCTOR Tadeusz Orlowicz;(22)7558813;;
ANTIQUES DOCTOR Tadeusz Orlowicz;608081884;;
ANTYGONA Dariusz Jakucy;691187056;;
ANTYK-MEBEL;(62)7572891;;
ANTYKI-POZNAN.PL;502222551;;
ANTYKWARIAT - sklep z antykami, skup antyków;504147004;;
Antykwariat Anna i Waldemar Furs;(75)7525797;;
Antykwariat Anna i Waldemar Furs;(75)7621836;;
Antykwariat ANTYKI BUKOWSKI;(91)4337761;;
Antykwariat ANTYKI BUKOWSKI;601704578;;
Antykwariat DAES Dariusz Stoces;(71)3437280;;
Antykwariat Kwadryga;(22)6221154;;
Antykwariat MIT;(42)6310711;;
Antykwariat MIT;514113128;;
Antykwariat Toruński;667663320;;
Apis Carolyn;(81)7495999;;
Apis Carolyn;(81)7442395;;
ARCHIWUM Starych Lamp i Żyrandoli;(22)8771638;;
ARCHIWUM Starych Lamp i Żyrandoli;606300909;;
Ars Vitrum pracownia witraży i fusingu;694592919;;
Art & Heaven Galeria Autorska - Inga Iwińska, Studio Portretowe;606983505;;
Art Gallery Gida;(61)8480169;;
Art Gallery Gida;(61)8141369;;
Art Sempka Marcin Sempka;511978864;;
Art Sempka Marcin Sempka;(32)2704056;;
Art-Profil S.c.;(14)6210283;;
ART-RAMA;(42)6374511;;
ART-RAMA;606707670;;
ArtDecor International;(42)7163154;;
ARTSTYL Autoryzowana Pracownia Konserwacji Mebli Zabytkowych Artur Jaworski;(22)6191555;;
ARTSTYL Autoryzowana Pracownia Konserwacji Mebli Zabytkowych Artur Jaworski;(22)6182433;;
ArtVic;(22)7578570;;
ArtVic;602767468;;
ATUN Bożena Michalik;663630961;;
CASUAL VINTAGE;(42)6171023;;
CASUAL VINTAGE;886996155;;
CRC MEBLE Sklep z Meblami;609199593;;
CRC MEBLE Sklep z Meblami;606600636;;
Criterion Antiques Poland;505109358;;
CZTERY KĄTY Sprzedaż Odrestaurowanych Mebli Stylowych;(89)5135081;;
CZTERY KĄTY Sprzedaż Odrestaurowanych Mebli Stylowych;606408645;;
DEKO-ARTE;(61)8102961;;
DEKO-ARTE;608786802;;
DESA BIŻUTERIA Sp. z o.o.;(22)8264466;;
DESA BIŻUTERIA Sp. z o.o.;664981451;;
Dzieła Sztuki Kudelski;(12)6373053;;
Dzieła Sztuki Kudelski;609370077;;
EBAN;889503223;;
EBAN;668662915;;
EBENISTA Pracownia Stolarki Artystycznej i Renowacji Antyków;(56)6602446;;
EBENISTA Pracownia Stolarki Artystycznej i Renowacji Antyków;603959191;;
ED-Wall Art;604472384;;
Ekomis;502838343;;
Ekomis;502641516;;
Elizjum pracownia sztukatorska i dekoracji wnętrz;660458174;;
F.P.H.U. DREWNOSTYL;(12)2743664;;
F.P.H.U. DREWNOSTYL;608456652;;
F.U.H. DWÓR;(14)6722990;;
F.U.H. DWÓR;604954118;;
Festiwal Otwarte Ogrody;663396866;;
FREGATA Salon Sprzedaży Mebli Stylowych z Holandii;(81)7509813;;
Galanteria Drzewna;785838700;;
Galanteria Drzewna;(65)5370274;;
GALERIA 22;(81)5629088;;
GALERIA 22;601369909;;
Galeria AGHARTA;(22)8282347;;
Galeria Antyki Militaria i Prezenty ART DECO;(61)6515253;;
Galeria Antyki Militaria i Prezenty ART DECO;600240800;;
Galeria Blue-S;(22)4987632;;
Galeria Blue-S;606613435;;
Galeria Malarstwa ATELIER;697444039;;
Galeria Malarstwa Jolanty i Tadeusza Małeckich - Obrazy Olejne;(67)3523503;;
Galeria Malarstwa Jolanty i Tadeusza Małeckich - Obrazy Olejne;662856602;;
Galeria maria 4m;724067330;;
Galeria Mebli Dawnych;(32)2970269;;
Galeria PLATER Antyki;(22)6215364;;
Galeria Pod Iglicą Sp. z o.o.;600919711;;
Galeria Pod Iglicą Sp. z o.o.;602222825;;
Galeria Pod Kaliną;603277295;;
Galeria Porcelany POMPADOUR;500135400;;
Galeria STARY MŁYN;508207557;;
Galeria Sztuki BP (galeria internetowa);602247099;;
Galeria Sztuki BP (galeria internetowa);(22)6651953;;
Galeria Sztuki SAP Salwiczek;(42)6374462;;
Introligatornia Bibliotrop-Acta TEAM;(22)6693551;;
Introligatornia Bibliotrop-Acta TEAM;(52)5110580;;
Janusz Bauman;604249364;;
JG Trade;(22)2400607;;
JG Trade;509920360;;
Kannenberg Klaudia - konserwacja i restauracja dzieł sztuki;510070757;;
Komis Gastronomiczny Witold Kochański;507261383;;
Komis Meblowy;501365369;;
Komis Meblowy;696288528;;
Komis Meblowy;(32)4762664;;
Komis Meblowy;505036837;;
Komis Meblowy;510318893;;
Komis Meblowy;510267939;;
Konserwacja Dzieł Sztuki PALUSIŃSCY S.c.;502475395;;
Konserwacja Dzieł Sztuki PALUSIŃSCY S.c.;(13)4320851;;
Konserwacja i Restauracja Zabytków Joanna Jędrzejak;790777366;;
Konserwacja Mebli i Dzieł Sztuki;(22)6796445;;
Konserwacja Mebli i Dzieł Sztuki;601267707;;
KONSERWACJA ZABYTKÓW Angelika Lament-Kosińska;695980907;;
Król Jubiler;(22)5499108;;
Król Jubiler;601310462;;
Kwiaciarnia Artystyczna MARKIZ Kaufland;(32)4738919;;
Kwiaciarnia Artystyczna MARKIZ Kaufland;667033376;;
Latająca Galeria;504071688;;
LUDWIK XV Meble Stylowe-Antyki - Roman Strelau;608309067;;
LUMARTE Galeria Sztuki Współczesnej;(22)2993991;;
Łazienki II Resort Medical & SPA;(54)2311011;;
MadraM;(12)4234719;;
MadraM;695708341;;
MAGIA ORIENTU;668798758;;
MAGIA ORIENTU;(61)8100514;;
Marvis Łukasz Bąkowski;511769669;;
MEBEL STYL Henryk Krzemiński;(89)5129186;;
Meble Gdańskie;601696444;;
Meble Holenderskie;(89)6462015;;
Meble Holenderskie;501008519;;
Meble Import Export Sp. z o.o. Sp.komandytowa;660477171;;
Meble Kolonialne York Meble;(22)7733958;;
Meble Stylowe Józef Wilczkiewicz;(33)8766984;;
Meble Stylowe Józef Wilczkiewicz;604556577;;
Meble-Renowacja;(22)7573532;;
MebleStyl;531152552;;
MEBLOSTYL Komis Meblowy;(22)8382764;;
Mirotex Studio Tapicerskie;602124907;;
Mirotex Studio Tapicerskie;606425350;;
MZBOSS Meble Stylowe;(33)8722213;;
MZBOSS Meble Stylowe;(33)8726305-06;;
Newmedia-art;502364470;;
P.P.H.U. ADDO;508065095;;
P.P.H.U. ADDO;(77)4742398;;
P.P.H.U. Center Rack;(42)2111532;;
P.P.H.U. Center Rack;(42)2115954;;
P.U.H. CRAFT;(75)7347157;;
P.U.H. CRAFT;502242882;;
Pauolla Paulina Wojdak;(81)4429263;;
Pauolla Paulina Wojdak;605313300;;
PEŁNIA Dekoracja Drewnem;608210664;;
PHU BASTION;(42)6506673;;
PHU BASTION;(42)6506676;;
PHU Zeta Tadeusz Zawada;(32)7302207;;
PHU Zeta Tadeusz Zawada;(32)7302215;;
POKUSA Kwiaciarnia, Galeria;(32)7752036;;
POKUSA Kwiaciarnia, Galeria;(32)2311377;;
POLPOSTER;(22)7372945;;
POLPOSTER;(22)7371624;;
PPHU OPRAWA;503341204;;
Pracownia Konserwacji Dzieł Sztuki Grażyna Śniadewicz;(22)7558590;;
Pracownia Konserwacji Dzieł Sztuki Grażyna Śniadewicz;502224848;;
Pracownia Renowacji Mebli Antycznych SECESJA;(12)2766004;;
Pracownia Renowacji Mebli Antycznych SECESJA;606670563;;
Pracownia Renowacji Mebli Rustiko;(74)8711432;;
Pracownia Renowacji Mebli Rustiko;507684060;;
Pracownia Stolarska Władysław Pasterak;(33)8737268;;
Pracownia Stolarsko Rzeźbiarska Jacek Bylica;(33)8772109;;
Pracownia STYL;(22)7289281;;
Pracownia STYL;(22)7588592;;
Pracownia Tapicerska RENOMEB;793197021;;
Profi-Chem Jadwiga Górska;(95)7621671;;
Profi-Chem Jadwiga Górska;600809127;;
Przedsiębiorstwo Galerie Miejskie Sp. z o.o.;(42)6371743;;
Przedsiębiorstwo Galerie Miejskie Sp. z o.o.;696419779;;
REKT Konrad Ziółkowski;536596161;;
RENEW Konserwacja Zabytków Drewnianych Marek Tarabuła;(41)3612467;;
RENEW Konserwacja Zabytków Drewnianych Marek Tarabuła;606438237;;
RENOWACJA ANTYKÓW;502271870;;
RENOWACJA ANTYKÓW;508869666;;
Renowacja Starych Mebli;(18)5474902;;
Renowacja Starych Mebli;(18)4141331;;
RODPOL;(12)4217878;;
RODPOL;888444007;;
ROKOKO Meble Antyki;(68)3836595;;
Salon Sztuki Dawnej ANTYK Anna Paschke;(81)5328625;;
Sklep Internetowy PENSIERO.PL Katarzyna Drzewiecka;604441175;;
Sklep Numizmatyczny SCHAFRAN PHU;505135124;;
Studio Artystyczne VITRAGE Kamila Okoliczna;(22)3981411;;
Studio Artystyczne VITRAGE Kamila Okoliczna;515330033;;
Studio Kreacji Plastycznych EWA-ARS;(25)7988241;;
Studio Kreacji Plastycznych EWA-ARS;506595151;;
Studio MAHOŃ;(58)5229695;;
Studio MAHOŃ;516153112;;
TEST Galeria Sztuki Współczesnej Bończa-Pióro Krystyna;790568171;;
Witczak S.c. Jerzy Witczak, Urszula Witczak-Marek;(71)3681152;;
Witczak S.c. Jerzy Witczak, Urszula Witczak-Marek;(71)3687345;;
Zakład Tapicerski Waszek Wiesław;(33)8183142;;
Zakład Tapicerski Waszek Wiesław;500222687;;
ZEGARYANTYKI.PL;602228490;;
