Lepolam Wichrowscy Sp.j.;(41)3480363;;
Lepolam Wichrowscy Sp.j.;602272979;;
AutoRadio serwis-montaż-sprzedaż;(71)7864969;;
AutoRadio serwis-montaż-sprzedaż;502209001;;
ZETO Opole Sp. z o.o.;(77)4542031;;
ZETO Opole Sp. z o.o.;(77)4543726;;
FPC Systemy Fiskalne i Komputerowe;(42)6121313;;
FPC Systemy Fiskalne i Komputerowe;(42)6121010;;
FPC Systemy Fiskalne i Komputerowe;(33)4876959Bielsko-Biała;;
FPC Systemy Fiskalne i Komputerowe;(33)8157544Bielsko-Biała;;
FPC Systemy Fiskalne i Komputerowe;(58)6611113;;
FPC Systemy Fiskalne i Komputerowe;(58)6611311;;
REDROB Serwis Tachografów;(25)6440403;;
REDROB Serwis Tachografów;601296055;;
CONNEX S.c. Systemy Elektroniki Profesjonalnej;(81)7455494;;
CONNEX S.c. Systemy Elektroniki Profesjonalnej;607217411;;
ELPOM Zakład Elektromechaniczny S.c.;(71)3619249;;
Makumba Service;604804860;;
Mechanika Precyzyjna Czeszel;(85)6649651;;
Mechanika Precyzyjna Czeszel;(85)6610262;;
PPHU TachoTronic;503033920;;
PPHU TachoTronic;510264261;;
PROKAR;(22)8362451;;
PROKAR;692496779;;
TAXI SERWIS Jerzy i Sebastian Thiel;(91)8122082;;
TAXI SERWIS Jerzy i Sebastian Thiel;607705926;;
P.H.U. GRO-STYG Mariola Styga;604298536;;
P.H.U. GRO-STYG Mariola Styga;(89)7425808;;
ALEX Sp. z o.o.;(76)8566600-01;;
ALEX Sp. z o.o.;(76)8566604;;
ASKEN Elektornika Profesjonalna;(12)6351400;;
ASKEN Elektornika Profesjonalna;(12)6352030;;
AUTO-TACHO-TAX & ZUH REMWAG;(34)3650551;;
Autoryzowany Serwis Tachografów i Webesto TACHO;(56)6783730;;
Autoryzowany Serwis Tachografów i Webesto TACHO;(56)6783825;;
CarTax S.c.;505898692;;
CB Electronics;(22)8641934;;
CB Electronics;(22)8641935;;
Euro-Tax P.P.H.U.;609689710;;
F.H.U. Pader;(22)6118776;;
F.H.U. Pader;601277417;;
Firma SOWAL;(17)8537011;;
Firma WoMaR Wojciech Marcol;606782164;;
FISCO Technology;(94)3427746;;
Infosystem PHU;(71)3427370;;
Infosystem PHU;664720827;;
Mechanika Precyzyjna Kacprzyńscy Sp.j.;(71)3360499;;
Mechanika Precyzyjna Kacprzyńscy Sp.j.;601715894;;
Multi Tax Service;(61)8499422;;
Multi Tax Service;604366273;;
Obsługa Tachografów Adam Fabisiak;501199713;;
P.U.H. Multi-PC;(41)3447415;;
ProCar S.c.;602230793;;
ProCar S.c.;602250893;;
Przedsiębiorstwo Techniczno-Handlowe GAMBIT;(32)2700537;;
Przedsiębiorstwo Techniczno-Handlowe GAMBIT;(32)2700521;;
SIMTE Dariusz Sobolewski;508622202;;
SIMTE Dariusz Sobolewski;601356378;;
SKF Systemy Kas Fiskalnych;(12)2570300;;
SKF Systemy Kas Fiskalnych;(12)2570301;;
TACHO KONTROL S.c.;662809519;;
TACHO KONTROL S.c.;668038445;;
Tacho-Tax Marek Dłuski;(22)8702671;;
Tacho-Tax Marek Dłuski;602325390;;
TACHOTRONIC S.c.;(94)3465198;;
TACHOTRONIC S.c.;(94)3465199;;
TAXITRONIC;(58)5201050;;
TaxRad;(62)7611006;;
TaxRad;601767400;;
Zakład Techniki Biurowej TECHNO-WATOR;(58)6206606;;
Zakład Techniki Biurowej TECHNO-WATOR;(58)6613334;;
